:0200000280007C
:10000000003008207D2D0800C5270800C5270800FE
:10001000C5270800C5270800C52708000000000004
:10002000000000000000000000000000C5270800DC
:10003000C527080000000000C5270800C5270800E4
:10004000C5270800C5270800C5270800C5270800E0
:10005000C5270800C5270800C5270800C5270800D0
:10006000C5270800C52708004929080059290800A4
:1000700069290800C5270800C5270800C52708000A
:10008000C5270800C5270800C5270800C5270800A0
:10009000C5270800C5270800C5270800C527080090
:1000A000C5270800C5270800C5270800C527080080
:1000B000C5270800C5340800C52708000348044BBD
:1000C000834202D0034B03B1184770472CCC080081
:1000D0002CCC0800000000000548064B1B1AD90F65
:1000E00001EBA301491002D0034B03B1184770473D
:1000F0002CCC08002CCC08000000000010B5064CE9
:10010000237843B9FFF7DAFF044B13B10448AFF388
:1001100000800123237010BD800A00200000000031
:100120002CCC080008B5054B1BB105490548AFF3B9
:100130000080BDE80840FFF7CFBF00BF000000000F
:10014000840A00202CCC08000022F0B51E4B83B09E
:10015000984204460F4601922ED01C4B984223D061
:100160001B4B984210D01B4B984215D01A4B98420B
:1001700008D11A4E01AD29462046B0470028FAD1D1
:10018000019B3B7003B0F0BD144E01AD29462046E3
:10019000B0470028FAD1F3E7104E01AD29462046BA
:1001A000B0470028FAD1EBE70C4E01AD29462046B6
:1001B000B0470028FAD1E3E7094D39462046A84761
:1001C0000028FAD103B0F0BD00060E40000009403F
:1001D000004009400080094000C009402545080052
:1001E000713008001D4B70B5984204460D4615D07D
:1001F0001B4B98421AD01B4B98421FD01A4B984267
:1002000004D01A4B984221D0002070BD184E2946C8
:100210002046B0470028FAD1012070BD154E29466E
:100220002046B0470028FAD10120F6E7104E2946B3
:100230002046B0470028FAD10120EEE70C4E2946AF
:100240002046B0470028FAD10120E6E7084E2946AB
:100250002046B0470028FAD1DEE700BF00060E4076
:1002600000000940004009400080094000C00940EA
:1002700011450800613008002DE9F04FCBB00EAFFA
:10028000BB6191469B460022002380468E4697F82C
:100290001C4107F1D00CFC62B44C97F82051C7E91F
:1002A00018230FCCACE80F0094E80F003D6397F8DB
:1002B000245104F110067D6304F1200507F1680460
:1002C0008CE80F00D7F818A1F04596E80F0084E8F5
:1002D0000F0095E80F0007F1780484E80F0000F3A1
:1002E000E7805B46C3469B000733C7E9019E23F0C6
:1002F00007053D603B686C46ADEB030D0EAB7B61C3
:10030000BB69002B40F3BB800023BB624FEA0B1399
:10031000C7E90343DFF858923B69C7F820D0BBF127
:10032000000FADEB030D0EAD11DD4FF0000807F12E
:100330003804204607F1680105EB081608F10108AA
:10034000C84794E80F00D84586E80F00F1D1894BE3
:1003500007F18800984707F1780107F19800C8472E
:1003600007F16003089307F1D003079303AB1C4622
:10037000FB6107F188030FCB84E80F0007F19C03B2
:1003800093E807008DE807007B4C5A462946D7F8CA
:10039000983007F1A800A047BAF1000F0FDDFB6A03
:1003A0000026002B40F088803B6B002B40F0D9806A
:1003B0007B6B002B40F097800136B245FCD16F4932
:1003C0006F4B704A0B60704B00241A604FF0E022B4
:1003D000DFF8B8816E4B08AEC8F80030D2F8FC3DAB
:1003E00043F08073C2F8FC3DD8F800301C600B6805
:1003F0001C60D8F80020136843F00103136007F174
:1004000060030D9307F1D0030C9307F198030FCB12
:1004100086E80F00CDF81CA0FE6907F1A8030FCBFA
:1004200086E80F00CDE9015BD7F89430594D009371
:1004300007F188030ECB07F1B800A8474F490B68B6
:10044000B96A1B68FB64D8F800301A681A60FB6C44
:100450007A6942F8213087F84B4097F8B83013B1E9
:10046000012387F84B302A23BA6A3B650132BA620E
:10047000BB69D7F820D093427FF44EAFFC68BE69C9
:100480007D693146444B2846984703467B65314693
:100490007A6D424B28469847B865786D404B98472F
:1004A0007B68F8659B44BB68A5465B45BFF622AFF9
:1004B000F437BD46BDE8F08FDFF8E88007F1380477
:1004C0000196EB682046009395E80E00C04794E83B
:1004D0000F0085E80F003B6B1BBB7B6B3BB9013604
:1004E000B245EDD16BE7DFF8BC8007F1380405F1C8
:1004F0001003C7F824B09B460196EB692046009391
:100500009BE80E000136C04794E80F00B2458BE827
:100510000F0023D0FB6AF3B93B6B002BECD0D7F86C
:1005200024B00196D7F8B4302046009307F1A80311
:100530000ECBC04794E80F0007F1A80C8CE80F0021
:100540007B6B002BD3D10136B2453FF438AFFB6A49
:10055000002BE6D0B4E7D7F824B0B1E7D7F824B041
:100560002DE7DFF8408007F13804DAE7E4C8080037
:100570008D110800BD110800811A0800A40A00208E
:10058000041000E0FCED00E09C0A0020A00A00201E
:10059000001000E0751B080089150800D915080037
:1005A000415608002D1508002DE9F0418CB01021AE
:1005B000794B08A89847DFF8E4810820C047784CB9
:1005C000784A4FF4006114604FF4E132764BCDE984
:1005D0000621764A764D1A60764A774B08201A60D3
:1005E000764B0593C04705A92046754B98472B6865
:1005F000744C98680021A0472B6800215868A047D8
:100600000122714B1A70BFF35F8F62B600204FF466
:1006100080716E4B6E4A186099806E4E90476E4B9B
:10062000984735466D4F08AC284654F8042B6C4962
:10063000B8470CABA34205F10805F5D10025092008
:10064000684C86F82050C04767492920A047664972
:100650002A20A04764492B20A04763492C20A047AB
:1006600061492D20A04760492E20A0475E492F20D8
:10067000A0475D493020A0475B493920A0475A492F
:100680003A20A04758493B20A04757493C20A04763
:1006900055493D20A04754493E20A04752493F209C
:1006A000A04752492620A0474F493320A0474E4932
:1006B0003720A0474C493420A0474C492720A04769
:1006C00049494F20A04749492820A0474649402092
:1006D000A04745494120A04743494220A0474249FD
:1006E0004320A04740494420A0473F494520A04718
:1006F0003D494620A0473C494720A0473A49482069
:10070000A04739494920A04737494A20A0473649E0
:100710004B20A04734495420A04733495520A047D7
:1007200031495620A04730495720A0472E4958202C
:10073000A0472D495920A0472B495A20A0472A49B4
:100740003520A04729462A4A2A482B4B98474FF084
:100750000C3229462748294B98474FF0101229465A
:100760002448274B984741F2030229462148254B4C
:100770009847254B9847254B9847254B9847254B3D
:10078000984701220A2310461946CDE90022224C3F
:1007900002950392A047FEE7C9270800A52C080090
:1007A00000060E4000340020FC330020E501080064
:1007B00024050020490108009033002000D8B80526
:1007C00029300800C16F080004030020983300207E
:1007D000BD2E08009C0100204D27080075710800FF
:1007E00018C70800B1290800010000080100001026
:1007F0000004040400000E40492D0800552D080097
:10080000612D08006D2D080065260800C91F08002D
:10081000D10E0800310C08007902080070B5084BB1
:10082000084A0520D3E9005490470749074A04F1D4
:10083000C0440C6015604C20BDE87040044B184764
:10084000403200201D260800B00A0020AC0A00201B
:10085000B92808002DE9F0410E4F0120D7E90045E5
:100860000D4EB04710200D4B984774B107EB040CA8
:10087000EC1F0B4DFB1DE41B0CF1070CE21813F8E9
:10088000010F296863458854F8D13346BDE8F0412B
:1008900000201847403200201D260800B928080013
:1008A0000003002010B5064A064B04205468984700
:1008B000054A10201460054BBDE81040184700BFE2
:1008C000403200201D260800A80A0020B928080090
:1008D00070B5084B084A0220D3E9005490474C20D9
:1008E000064B9847294604F1C040054A054BBDE830
:1008F00070401847403200201D260800B928080023
:10090000ED090800F530080042F2273310B5074A18
:1009100014689C4200D910BD4C20054B98472146D5
:10092000BDE81040034A0448044B184740320020F9
:10093000B9280800ED090800B80A0020F5300800C1
:1009400070B590B969B10F4D0F4A2B680F4C19441F
:10095000206812F801CB00F803C001338B42F7D1B5
:100960002B600B4B9847042807D0BDE870404FF42C
:100970008061084A0448084B1847084B00209847F4
:10098000F3E700BFA80A0020002E0020000300208B
:100990005926080041090800153108001D260800E5
:1009A0000D4A5378122B03D0152B01D0002070472D
:1009B00010B50024094B0A4819680068918109495B
:1009C00090601C608847052801D0012010BD20469A
:1009D000054B9847F9E700BFE0330020AC0A002040
:1009E000B00A0020592608001D26080000B17047F3
:1009F00010B5054B04469847022800D010BD20468C
:100A0000BDE81040014B1847592608001D26080074
:100A10002DE9F04F374A384B14681B6856681B1B8A
:100A2000B34283B003D342F227339C4202D903B0CE
:100A3000BDE8F08F4C20314B9847002E40D0304D10
:100A40006B8801339BB20020A4086B80288049D0BA
:100A50004FEA840A0127D4462A4B2B4A1B68D2E965
:100A6000004803EB060B294ED2E902E3B24600220E
:100A700083EAC32384EAD441CDE9000E5940A1465C
:100A800081EA13240BEB0001087824FA02F3DBB2AD
:100A9000984202F1080280EA030E18BF2F80202A34
:100AA0000AF801EB01F10101EED1DDE9000E04309D
:100AB0008445734606F104060FD0C646C846D5E7FE
:100AC0001349114AD1E90150C2E90150C8680968C7
:100AD00001230B4D1160D060B5E70B4BC3E9004912
:100AE000C3E9028E04220B490B4B0D601A6003B060
:100AF000BDE8F08F40320020C0010020B928080076
:100B0000B40A002000030020F02D0020B80A0020C5
:100B1000E02D0020B00A0020AC0A00202DE9F047AB
:100B2000234C1020D4E90057224B98476FB9D4E9E1
:100B30000201214A214BC2E90001C3E90001D4E9C5
:100B40000401C2E90201C3E90201AD082ED04FF051
:100B5000000CDFF864901A4C4FEA8508D9E90006CA
:100B6000D9E90252002382EAC22280EAD04A8AEA04
:100B7000020A864607EB0C018AEA122020FA03F2E9
:100B8000D4F800A00833D2B2202B0AF8012001F1DA
:100B90000101F3D10CF1040CC4452A4602D03546BC
:100BA0007646DFE7C9E9000EC9E90265BDE8F087CE
:100BB00040320020B9280800F02D0020E02D002050
:100BC0000003002008B5124A5378103B082B0AD8BE
:100BD000DFE803F00B0E1114171A090905000D4B7D
:100BE0001361012008BD002008BD0B4B1361F8E71D
:100BF0000A4B1361F5E70A4B1361F2E7094B1361E6
:100C0000EFE7094B9847ECE7084B1361E9E700BFB2
:100C1000E033002009090800D1080800A5080800F1
:100C20001D080800550808001D0B0800110A0800DF
:100C300010B5044B04489847BDE810400348044BE6
:100C4000184700BF550C0800A1090800C50B080093
:100C50007D0C080007490A780F2A01D90020704747
:100C6000034610B4044C501C087044F82230012094
:100C700010BC7047C4320020C832002007490A78EF
:100C80000F2A01D900207047034610B4044C501CB1
:100C9000087044F82230012010BC704780320020D8
:100CA00084320020004B184781260800004B18476B
:100CB000A5260800054B1B7803B9704710B5044BF7
:100CC0009847BDE81040034B184700BFC4010020FF
:100CD000B93E0800C126080038B50124044D4FF480
:100CE0008061044A044B05482C709847204638BD63
:100CF000C40100204109080015310800002E002021
:100D00000022014B1A707047C401002038B50F4B08
:100D10000F4AD9880F48402928BF4021127898608F
:100D200099818AB10C4C531EDBB2251FD31A04EBF8
:100D3000820405EB830501E0AC4205D054F8043D84
:100D400098470028F8D038BD002038BDE033002097
:100D500080320020403200208432002038B50B4B16
:100D60001A788AB10A4C531EDBB2251FD31A04EB42
:100D7000820405EB830501E0AC4205D054F8043D44
:100D800098470028F8D038BD002038BDC432002074
:100D9000C8320020044B5A78222A03BF034A01209C
:100DA0001A610020704700BFE0330020B10D080039
:100DB00010B5224B9B78013B102B0AD8DFE803F0DB
:100DC0000A161B0909090909090909090909092D4F
:100DD0003A0010BD3E201A4B98471A4CA0470028F5
:100DE000FCD0BDE810401020174B18471020BDE87C
:100DF0001040164B184701220C21154B15489847F7
:100E0000154B9847154A53689903FCD4136843F06F
:100E1000254343F005031360FEE70F4B98470F4A45
:100E200053689B03FCD4136843F0254343F0050348
:100E30001360FEE70A4BBDE810401847E03300207E
:100E4000092C08002D2C0800512B0800AD2B0800A0
:100E50007927080000080E40053E080000120E40E9
:100E60004D26080038B5144C6378172B1AD0402B48
:100E700016D14FF0200C114D114B372293E803008F
:100E8000104B85E80300104905F1090085F808C0FA
:100E9000984728460D4BA5609847A081012038BD92
:100EA000002038BD40F2011000210322034BA28133
:100EB000A36018809970F1E7E03300200032002031
:100EC00024C90800DD74080030C90800DD77080077
:100ED00010B5044B04489847BDE810400348044B44
:100EE000184700BF550C0800650E0800950D080056
:100EF0007D0C080084B0F0B505468FB00DF1540CA0
:100F00008CE80E00189B06AE00939CE80E0030465D
:100F10000D4FB8471C9B0AAC009319AB20460ECB73
:100F2000B84794E80F000DF1040C8CE80F00099B02
:100F300028460093054F96E80E00B84728460FB0A4
:100F4000BDE8F04004B070473114080025120800D5
:100F500084B02DE9F04F804693B01DA880E80E00C4
:100F6000209B0AAD009390E80E00344E2846B0470F
:100F7000249B0EAC009321AB0ECB2046B0474046DD
:100F80002F4B9847DFF8BC90DFF8BCB01BE00D9BFF
:100F90003046009395E80E00D84796E80F002B4F97
:100FA00085E80F0094E80F00B8470746119B3046CC
:100FB000009394E80E00DFF898A0D04796E80F0061
:100FC00084E80F003FB395E80F00C847E8B194E804
:100FD0000F00C847C8B195E80F001E4EB04706AED7
:100FE0000028D4D094E80F0001AFD8F80CC087E8EF
:100FF0000F00CDF800C0304698E80E00164FB847F5
:1010000096E80F0088E80F00C1E7404613B0BDE83E
:10101000F04F04B07047114B0DF1040C0FCB8CE86E
:101020000F00119B3046009394E80E000A4FB8471A
:1010300096E80F0084E80F00C5E700BF31140800F0
:10104000BD110800BD1208006D1308001D14080032
:10105000ED120800F9130800251208003CC9080029
:1010600084B02DE9F04F804693B01DA880E80E00B3
:10107000209B0AAE009390E80E00284D3046A8470A
:10108000249B0EAC009321AB0ECB2046A8474046D4
:10109000234B9847DFF88CA0DFF88C90DFF88CB0FA
:1010A00018E001AF96E80F0087E80F000D9B284677
:1010B000009396E80E00C84795E80F00119F00972F
:1010C00086E80F0094E80E002846D84795E80F0000
:1010D00084E80F0094E80F00D047C0B194E80F00F7
:1010E000134DA84706AD0028DBD096E80F0001AFEE
:1010F00087E80F00D8F80C3006AD0093284698E832
:101100000E00C84795E80F0088E80F00CAE7404680
:1011100013B0BDE8F04F04B0704700BF31140800B1
:10112000ED110800BD120800510F08006D130800F2
:10113000F913080084B0F0B506468FB015AC84E80A
:101140000E000F4B0DF1180C0AAD0FCB0D4F8CE8B4
:101150000F0061462846B84795E80F000DF1040CD2
:101160008CE80F00189B30460093074F94E80E0060
:10117000B84730460FB0BDE8F04004B0704700BF3C
:101180004CC908008D1108006110080030B5094BEA
:1011900085B01A680446002A6B4604DD6846064D91
:1011A0009200A84703460FCB84E80F00204605B005
:1011B00030BD00BF5CC90800F176080030B5094BAE
:1011C00085B01A680446002A6B4605DD0021684692
:1011D000054D9200A84703460FCB84E80F00204638
:1011E00005B030BD5CC908004174080070B50B4BF8
:1011F00084B01D680446002D6B4605DD002168465D
:10120000074EAA00B04703460FCB012684E80F0023
:101210002046013D44F8256004B070BD5CC908005B
:101220004174080084B02DE9F04391B0074619A835
:1012300080E80E001F4B08AD1E680FC8002E85E821
:101240000F0034DD0CACB6002946DFF86C90324656
:101250002046C84794E80F000DF1740C8DE80F008C
:101260009CE80F0085E80F00294632462046C84713
:1012700094E80F000DF11009EC46C846A64689E82F
:101280000F000DEB06055CF8043B58F8042B654590
:1012900083EA02034EF8043BF5D194E80F0087E897
:1012A0000F00384611B0BDE8F04304B070470CACF5
:1012B000F3E700BF5CC90800F176080084B08DE850
:1012C0000F00094B196800290CDD6A46002301E074
:1012D0008B4205D052F8040B01330028F8D00120CE
:1012E00004B070470020FBE75CC9080084B02DE91A
:1012F000F0438DB0054615A880E80E00194B04AFE9
:101300001E6808AC002E0FC887E80F001FDD3946A5
:10131000154BB2002046984794E80F004FF0000CA0
:10132000EE4627468DE80F0006F1FF395EF8043BD4
:10133000CC4518BFDEF800204FEA43030CF1010C46
:1013400018BF43EAD273664547F8043BEED194E8F0
:101350000F0085E80F0028460DB0BDE8F04304B04B
:10136000704700BF5CC90800F176080084B02DE921
:10137000F0418CB0054613A880E80E001C4B04AF6A
:101380001E6808AC002E0FC887E80F0025DD39461F
:10139000184BB2002046984794E80F004FF0000E1B
:1013A00027460EF1010E8DE80F00ADF1040C430845
:1013B000B64508930CF1040C07F104070DD0DCE9E5
:1013C00000320EF1010EDB0743EA5203B6453B60E3
:1013D0000CF1040C07F10407F1D194E80F0085E843
:1013E0000F0028460CB0BDE8F04104B0704700BFC4
:1013F0005CC90800F176080084B00DF1100C0CE90E
:101400000F00054B1B680CEB830353F8140C00F022
:10141000010004B0704700BF5CC9080084B00DF142
:10142000100C0CE90F00C043C00F04B0704700BFA0
:1014300084B030B585B00DF1240C8CE80E000A4B59
:1014400004461A686B46002A05DD61466846074D6A
:101450009200A84703460FCB84E80F00204605B052
:10146000BDE8304004B070475CC90800F176080060
:1014700030B484B08DE80F000C4B1D68002D10DDDA
:101480006A46002306A901E0AB420AD052F8044B99
:1014900051F8040B01338442F6D0002004B030BC74
:1014A0007047012004B030BC704700BF5CC9080021
:1014B00011601860704700BF0B4601461846704720
:1014C0002DE9F0438FB006AD85E80F00184695E88A
:1014D0000E000AAC114D00902046A8470026104F80
:1014E000DFF84090DFF8408002AD0EE094E80F0096
:1014F000C84784460D9B2846009394E80E00664436
:10150000C04795E80F0084E80F0094E80F00B84743
:101510000028EBD130460FB0BDE8F083311408004D
:10152000BD120800F91308006D13080084B070B5EF
:1015300082B00DF11C0C8CE80E00DDE90A35009339
:10154000104E9CE80E000446B0471F2D04DD3F2DD1
:1015500010DC0221203D00E003210122204654F846
:101560002130AA40534044F8213002B0BDE8704019
:1015700004B070475F2DD5BF01210021403D603D83
:10158000EBE700BF311408002DE9F843B1F1000882
:1015900018DD0024051FDFF830900C4F05EB88069E
:1015A00055F8040FC84701462046B847B5420446DF
:1015B000F6D14046064B9847064B014620469847D1
:1015C000BDE8F8830024F4E7F152080091510800C7
:1015D000F9520800095508002DE9F04F0B1E83B0A1
:1015E000019328DD15460024A0F1040BDFF84CA080
:1015F000DFF84C80134F144E0BEB83095BF8040F9C
:10160000D0472946C0470146B84701462046B04763
:10161000D9450446F2D101980C4B98470C4B014632
:10162000204698470B4B98470B4B98470B4B9847D6
:1016300003B0BDE8F08F0024EDE700BFF1520800D1
:101640008D510800A153080091510800F95208007B
:1016500009550800854A080091450800E550080032
:101660002DE9F04FD0F80CC00768D0F804E04669C7
:10167000026907EB0C038EEA7363D0F818E0856A01
:10168000416A06EB02088EEA7868D0F82CE005EB98
:101690000109C46B8EEA7969D0F838E0D0F830A03F
:1016A000D0F808B0A6448AEA7E6E07EB030A8BEAFC
:1016B000FA5A436053448CEAF343C0F808A09A44B2
:1016C00087EABA370760C769C36006EB080387EA91
:1016D000F353C0F81880984482EAF847C361026A5D
:1016E0003B4486EAB33605EB090382EAF352C0F8BD
:1016F0002C90914481EAF94302621A4485EAB2359A
:10170000426BC0E9093504EB0E0382EAF351836BA7
:10171000C0F830E08E4483EAFE43CA1884EAB2344B
:10172000C0E90476C463C0E90D13BDE8F08F00BFC3
:101730002DE9F04FD0F830C00768D0F810E04669C6
:10174000426807EB0C038EEA7363D0F824E0856AE5
:10175000816906EB02088EEA7868D0F838E005EB7C
:101760000109C46B8EEA7969D0F82CE0D0F80CA09E
:10177000D0F820B0A6448AEA7E6E07EB030A8BEA13
:10178000FA5A036153448CEAF343C0F820A09A4408
:1017900087EABA370760476B036306EB080387EAFB
:1017A000F353C0F82480984482EAF8474363826880
:1017B0003B4486EAB33605EB090382EAF352C0F8EC
:1017C0003890914481EAF94382601A4485EAB2353F
:1017D000C269836104EB0E0382EAF351C36AC0F865
:1017E0000CE08E4483EAFE43CA1884EAB2344661B0
:1017F00047608562C463C161C362BDE8F08F00BF0A
:101800002DE9F041051F90B0EC460C462A4652F8EF
:10181000043F1BBA4CF8043B136010AB6345F6D190
:101820000A26DFF830800C4F6846C047B847013EB3
:10183000FAD1211FADF104020FAC55F8040F52F894
:10184000043F03441BBAA24241F8043FF5D110B053
:10185000BDE8F0813117080061160800F8B51C4694
:10186000D2E9021015460C4EB047231EB8BF0F3305
:101870001E11DC173046214605F1080305F10C0264
:10188000064FB847D5E9022312BA1BBAC5E90223AD
:1018900030462146F8BD00BFB9140800B114080055
:1018A0002DE9F04F0C46A5B0D4F804C0DDF8B8A07F
:1018B000246890461F460646002100202A4D02ABB0
:1018C00003AACDF804C00094A847BAF1000F47DD81
:1018D0000024A8F10408A346A146043F0AE00DEB4A
:1018E000850558F8043F2A6D01345340A24547F856
:1018F000043F35D014F00F05F1D123465846494630
:101900006A46DFF868C0E047194B8346049303F149
:101910000E6303F53A2303F6D2730993154B8946F8
:101920000E93154B14A91393336804A80593736899
:101930000693B3680793F368089333690F93736949
:101940001093B3691193F3691293009B0A93019B5F
:101950000B93029B0C93039B0D93084B9847BEE798
:1019600025B0BDE8F08F00BFB11408005D18080075
:101970006170786579622D326B20657401180800FA
:10198000844682B02DE9F04F91469FB02C9829AD46
:10199000009029930EAC364E204608920F4695E8EB
:1019A0000E00CDF824C0B0472C9B12A8009395E8F8
:1019B0000E00B04716AE3046DFF8B8800AADC0471B
:1019C0002846C0474B46002B4CDD4FF000092A4B00
:1019D000DFF8A8A007930DF168080DF1040BD7F804
:1019E0000CC094E80F008BE80F00CDF800C097E81A
:1019F0000E004046D04798E80F008BE80F00199B77
:101A000028460093DDF81CC096E80E00E04795E8F4
:101A10000F0086E80F0012AB0FCB8BE80F00119B75
:101A20002846009394E80E00D04795E80F0084E81C
:101A30000F00089B09F101094B4507F11007CED1B2
:101A40002DAB199C0FCB8BE80F000094099C079DD0
:101A5000204696E80E00A84720461FB0BDE8F04F8C
:101A600002B07047044B0DF1040B0793E8E700BF89
:101A700031140800BD110800F50E0800510F0800D0
:101A800082B02DE9F0410E461746984690B00DF110
:101A90000C0C1BAB04460FCB8CE80F000DF1600E55
:101AA0009EE8070043468DE807000B4D3A46314655
:101AB00008A8A847DDE91F01042308AA0093074DE1
:101AC0000CABA8472046064B0CA99847204610B0FF
:101AD000BDE8F04102B0704781190800A118080064
:101AE0008D11080084B0F0B599B00DF17C0C8CE834
:101AF0000E0003AC05469CE80F0084E80F000DF1D2
:101B0000980E08AE9EE80700164F8DE80700DDE945
:101B1000242330462399B847042310AC009329AB03
:101B20000FCB114F84E80F00DDE92D01224614ABE5
:101B30000CACB847204614A90C4B984794E80F000A
:101B40000DF1040C8CE80F000B9B28460093084F06
:101B500096E80E00B847284619B0BDE8F04004B03A
:101B6000704700BF81190800A11808008D110800F6
:101B7000F50E080084B02DE9F04FB5B00EAF07F1B7
:101B8000C40585E80E0007F1680E07F1580907F152
:101B9000F006386196E80F0089E80F0095E80F001D
:101BA0008EE80F0007F15C0C0DF10C0B9EE80F00A6
:101BB0008BE80F009CE807008DE807009A4CD7E9F6
:101BC0003512BB6D07F17800A0470423009307F19D
:101BD0007802D7E94001954C07F18803A047944B60
:101BE00007F1880107F12800984707F1DC030FCBC4
:101BF0008DE80F0007F128038E4C0FCBA04700287B
:101C000040F0C680D7F8FC3007F13804009396E81E
:101C10000E00DFF82482C7F80CD082462046C04769
:101C20007B6CDFF81882009394E80E0007F14800FF
:101C3000C047D7F804310DF11C0C0C93D7F80031D4
:101C4000DFF8FC810B9307F1DC030FCB8CE80F006E
:101C500096E80F008BE80F00D7F8D830484602937B
:101C6000D7F8D4300193D7F8D030009395E80E0020
:101C7000C0476B46D7F8D820A3EB02139D46002A35
:101C80000DF1380B40F3CC80D046DFF8B8A107F156
:101C9000180601AD94E80F0085E80F007B6E0BEB92
:101CA0000810009399E80E00D04707F148030FCBC6
:101CB00085E80F007B6C3046009394E80E00D04717
:101CC00096E80F0084E80F00D7F8D830C44608F132
:101CD00001084345DED14FF0000A4FF0FF325C4669
:101CE000C7F804B0BD60D046E346DFF85C91D7F892
:101CF000EC507A6106E04FF0010AC7F81480C34542
:101D000054D0984694E80F00C847854208F1010373
:101D100004F11004F3DBBAF1000FECD0BD6807F159
:101D2000680607F1DC030FCB86E80F0007F17806A1
:101D300007F128030FCB86E80F0096E80F0085E82F
:101D40000F007B6F07F18800009307F168030ECB4B
:101D50003E4CA04707F188030FCBC847D7F8EC30BB
:101D600083424FDB01253E69D7F8D43006F10804E1
:101D7000736007F128030FCB84E80F003570D7F8A4
:101D80000CD038699C37BD46BDE8F04F04B07047B1
:101D90002F4C07F11800A0473D6905F10800A04746
:101DA000012307F188026A602B70EAE77A69D7E9B4
:101DB00001B5BAF1000FB2D0531CB0D0D7F8D4306F
:101DC0000BEB021B03EB02149BE80F0085E80F00EE
:101DD000E3683046009394E80E00DFF87080C04757
:101DE0003A69D7F8D43002F1080553600123137023
:101DF00096E80F0084E80F0007F1DC030FCB85E8BD
:101E00000F00BCE7124C07F11800A0473D6905F12F
:101E10000800A047002307F178026A602B70AEE744
:101E2000DFF8249001AD7AE781190800A1180800B5
:101E30008D110800711408003511080031140800D4
:101E4000E51A0800510F0800C1140800F50E08003B
:101E5000BD110800174B1B7833B3174B1B681B6869
:101E60001A79824220D930B5144D2B60B3F802C0E4
:101E70009C4463451BD24FF0000E06E01A784FF0E9
:101E8000010E1344634511D21C465A78042AF5D139
:101E90009A788242F2D1DA788A42EFD1BEF1000F0D
:101EA00000D02C60012030BD002070472B60002046
:101EB00030BD00BF14330020103300200C3300204D
:101EC000024A034B508800F07F001847E03300209F
:101ED000893E08002DE9F04100211A4D0446A8472B
:101EE00040B3DFF86480D8F800305B6853F82460B2
:101EF000F368984701462046A8470546D0B1134BE2
:101F0000134F1C68D8F80020237812681C445388AB
:101F10001A44A24206D808E0052B0FD023781C44AF
:101F2000A24202D96378042BF6D1736898472846F9
:101F3000BDE8F08100252846BDE8F081A078B847CB
:101F4000E0E700BF551E0800103300200C330020CE
:101F5000D53E08002DE9F041144B0546984710B3D3
:101F6000134B144E1C68144F316823780A681C44C4
:101F700053881A44A24206D808E0052B0DD02378D6
:101F80001C44A24202D96378042BF6D14B6853F863
:101F90002530BDE8F0411B681847A288E178A07899
:101FA000B8470028E0D10020BDE8F081551E0800A8
:101FB0000C3300201033002099410800014B1868B1
:101FC000704700BF0C330020004B1847413D08000C
:101FD000F8B50C4F3B787BB10B4D2B681B681B7918
:101FE00053B100242046094EB0472B6801341B68CA
:101FF000E0B21B798342F7D80023054A3B70138077
:10200000F8BD00BF1433002010330020D51E080097
:102010001633002038B50B4B1B7893B10A4D2B6853
:102020001A6812796AB100245B6853F824301B697E
:1020300003B198472B6801341968E2B209799142DB
:10204000F2D838BD143300201033002000232DE9CE
:10205000F0479C4C82B02288C4E90433B2F5E07F9B
:10206000A38100F0A58094F900202378002A0EDBDC
:1020700013F0600F6BD013F01E0F36D003F01F0368
:10208000022B00F09D80002002B0BDE8F087E188BF
:102090000029F8D013F0600FEDD113F01F0240F0CB
:1020A000CB816378062B00F03581082B00F011827C
:1020B000DBB9022919D18448844B98477CE0012A76
:1020C00000F08880022A40F089806278012A00F0BE
:1020D000F281032ACFD1E28861880A4392B2002AB2
:1020E00000F01E8213F01E0F6AD1A388022B04BFDA
:1020F0000123A380764B1B78002BC4D0754F257924
:102100003E6833681B799D423ED3227802F01F025D
:10211000022AB8D1002BB6D00024DFF8BC812546B6
:1021200004E03E6833681B79AB42ACD9736853F85E
:102130002460F368984701462846C0470028A2D08B
:10214000B36898470134E5B20028EAD09CE713F061
:102150001F02B4D16378013B082BC6D801A252F804
:1021600023F000BFF9220800EB200800F521080049
:10217000EB200800E7210800EB200800EB20080016
:10218000EB2008001722080000212846DFF84881CC
:10219000C04758B1736853F82560F3689847014603
:1021A0002846C04710B1B368984728B9237865E737
:1021B0009E214A48454B9847012002B0BDE8F08770
:1021C000434B1B78002B3FF45EAF424F3E683368B1
:1021D0001B799FE762780B2A00F0828113F01E0FB3
:1021E0007FF451AF81E7E388002B7FF47EAF3C4B57
:1021F0002361E1E7E388002B7FF477AF6388022B4C
:102200007FF473AF374B984718B12379002B00F058
:10221000E38123782FE7E388002B7FF466AF324B0E
:1022200098470028F5D0DFF8BC90C847DFF8BCA07D
:10223000A378002800F06D81DAF80820527C9A42D9
:10224000E7D3DFF88C8098F800307BB1214F3B68F2
:102250001B681B7953B100252846254EB0473B68C3
:1022600001351B68E8B21B798342F7D80022164B70
:102270001A80A37888F80030002B9DD0C84798F8C2
:10228000003003F10053013BDB00002800F06A81BD
:10229000DAF8102013441A680E4F12793B60002AB6
:1022A0008AD00025134E2B4604E03A681268127952
:1022B0009A4281D918460021B0470135EBB2002877
:1022C000F3D1A6E7E033002016330020C93E080012
:1022D0001433002010330020551E08006002002037
:1022E000C11E0800793E0800A93E08002003002016
:1022F000D51E0800551F0800E388002B7FF4F5AEBB
:102300006388012B7FF4F1AE9E4A138823F0020309
:10231000138051E76288130A013BD5B20E2B3FF6BA
:10232000E4AE01A252F823F0BF2308009523080071
:1023300087230800EB200800EB2008007B2308001F
:10234000D5230800EB200800EB200800EB20080054
:10235000EB200800EB200800EB200800EB20080031
:102360006523080021218848884B9847E388A28983
:102370009A427FF621AFA3811EE7854A834BD0683E
:1023800001789847F2E7032D3FF6AFAEDFE805F09E
:102390004C4937517F4B98477D4B002800F0D68041
:1023A0009A68527CAA427FF634AF1A69774B52F88A
:1023B0003500418898470222A3685A70D6E7754BCA
:1023C0009847002840F0D280714A704B906801789D
:1023D0009847CBE76F4B98476D4B002840F0AA8099
:1023E0009A68527CAA427FF614AF1A69674B52F87A
:1023F0003500418898470722A3685A70B6E7132131
:10240000654B664E5D18324613F8010B9D4222F86B
:10241000020FF9D14900023160485C4B3170984796
:10242000A4E715215E4BECE704215E48574B984723
:102430009CE720215C4BE4E7012A14D0022A7FF4B8
:10244000CDAE6278002A7FF44DAE02297FF44AAE09
:102450002079564B01919847024655484B4B0199BC
:1024600002809847A8E662780A2A7FF4B7AE01296D
:102470007FF4B4AE4F4A1278002A3FF4AFAE4E4A12
:102480002579166832681279AA427FF6A7AE002134
:102490002846DFF82881C04700283FF4BAAE7368A9
:1024A00053F82530DB689847024645480121374BF1
:1024B0000270984780E6E28861880A4392B2002A57
:1024C0007FF410AE20793F4B984700287FF474AE1C
:1024D0009FE601297FF409AE36482C4B98476BE6FE
:1024E000E288002A7FF47AAE324A1278002A3FF45A
:1024F00075AE2579344B28466688984700283FF406
:1025000088AE2846314BF1B2984700287FF454AE8C
:102510007FE6DAF80020527C9A42BFF492AE78E669
:1025200020792B4B98472B4B2079984700287FF434
:1025300043AE6EE61A68527CAA427FF66AAE5A68CB
:10254000124B52F835004188984754E71A68527C7C
:10255000AA427FF65EAE5A680C4B52F835004188AD
:10256000984728E7DAF80420134494E61020022163
:10257000074B064D1A689070D17018680178A8470B
:10258000F4E600BF163300203C020020C93E0800DC
:1025900020030020793E08000C020020C801002022
:1025A00020020020380200209C010020253F080066
:1025B000083300201433002010330020551E08007B
:1025C0000A330020F93F0800D51E0800551F0800F7
:1025D000B1430800593F08000B4B9847A3881B0ADA
:1025E000013B032B3FF615AEDFE803F00B080502B5
:1025F000064B2361E0E5064B2361DDE5054B2361D6
:10260000DAE5054B2361D7E5D11F080079440800BE
:10261000614408003D4408001944080038B5084BDF
:1026200004469847074B1A782AB901251C70064BB7
:102630009847284638BD0025034B9847284638BDA3
:102640001528080018330020552808000022014BE7
:102650001A70704718330020014B1878704700BF7C
:102660001833002010B51120044CA0471020A047BB
:102670002346BDE810404C20184700BF81280800C1
:1026800010B51120054CA0471020A0474C20A047B2
:10269000BDE810405320024B184700BF81280800B6
:1026A0008129080010B51120034B9847BDE8104060
:1026B0005320024B184700BFB92808009929080089
:1026C000C0F3090310B55BB1B3F5007F044603D036
:1026D000C4F308043CB110BD1120074B9847F7E73D
:1026E0001120064B9847044C1020A0472346BDE814
:1026F00010404C20184700BF81280800B928080066
:1027000010B54FF060510D4C1120A0474FF06051B3
:102710001020A0474FF060514C20A0474FF040518F
:102720005320A0475320064B9847BDE810404FF078
:1027300000624FF4C0510348034B1847B129080009
:1027400099290800000C0E40992A08004FF4004215
:1027500010B5064B064C5A650A20A0470B20A0472F
:102760000C20A047BDE81040024B184700120E4055
:10277000A52C08000127080038B5A1F10E03012B94
:1027800017D9EFF3108572B6BFF35F8F00230A4CA1
:10279000C9B22370094B03EA02221143084B41F0EE
:1027A000B441984725B901232370BFF35F8F62B608
:1027B00038BD4FF0FF3038BD0403002000FFFF009C
:1027C0008D000020FEE700BFF0B5042687B0044668
:1027D0000D460F220E210C480C4F02AB0096B84755
:1027E00070B9042D26462A46044628BF042225B186
:1027F0003046074B02A992009847204607B0F0BD2B
:102800001024204607B0F0BD00080E400100002053
:10281000F17608000C4B1A6892B9EFF3108169B990
:1028200010B472B6BFF35F8F0120084C084A2170C4
:1028300010701A6801321A6010BC704704490A709F
:102840001A6801321A6070471C330020040300200C
:1028500019330020074B1A68013A1A601B6843B904
:10286000054B1B782BB10122044B1A70BFF35F8F0D
:1028700062B670471C330020193300200403002087
:1028800070B50546094C04F118062368AB4203D025
:102890000834B442F9D170BD63682846012B044A5C
:1028A00001D09047F4E7034B9847F1E760C908006F
:1028B000812908009929080070B50546094C04F1E2
:1028C00018062368AB4203D00834B442F9D170BD76
:1028D00063682846012B044A01D09047F4E7034B74
:1028E0009847F1E760C90800992908008129080084
:1028F000F8B5124B04460E469847114B0546204644
:102900009847054019D00F4C04F160072368B34283
:1029100005D0BC4211D023691034B342F9D16168AB
:102920002942F6D0E368304698476368BC4225EAFE
:10293000030502D01034002DE8D1F8BD7929080034
:102940007D290800203300200A210148014B184747
:10295000000C0E40F12808000B210148014B1847DC
:10296000000E0E40F12808000C210148014B1847C9
:1029700000100E40F1280800C06C7047806C704752
:102980000122430903F5001303F2067300F01F0050
:102990005B0282401A6370470122430903F500136A
:1029A00003F2067300F01F005B0282405A63704717
:1029B000430903F5001301F0F04203F20673B2F18C
:1029C000205F4FEA432336D016D8B2F1006F43D0D0
:1029D000B2F1805F15D1012200F01F0082405A64DD
:1029E000186FC90740EA020018675A604FF00100EB
:1029F0004CBF5A661A66704701F0E042B2F1405F80
:102A000001D000207047012200F01F008240C8075B
:102A10005A6401F0605C4CBF5A661A6649074CBFA5
:102A20001A655A65BCF1605F0CBF1A635A630120D6
:102A30001A611A607047012200F01F008240C80727
:102A40005A644CBF5A661A6611F00A0F18D15A62BE
:102A50005A6101201A607047012210B400F01F0073
:102A600082405A64186F1C6F204020EA02001867E9
:102A7000C8075A604CBF5A661A66012010BC7047DE
:102A800088071A6248BFC3F88020E1D4090748BF0D
:102A9000C3F88420DCE700BF02F0F043B3F1205F0D
:102AA0002ED011D8B3F1006F37D0B3F1805F10D1C1
:102AB0004164036FD20743EA0103036741604CBFDF
:102AC000416601660120704702F0E043B3F1405FC8
:102AD00001D00020704712F0010F416402F06053F2
:102AE00014BF4166016652074CBF01654165B3F1F1
:102AF000605F0CBF016341630161016001207047A9
:102B0000D30741644CBF4166016612F00A0F14D12D
:102B10004162416101600120704710B44164036F5C
:102B2000046F234023EA0103D407036741604CBFCD
:102B30004166016610BC012070479307016248BFDF
:102B4000C0F88010E5D4130748BFC0F88410E0E750
:102B500015490B6B23F0030343F001030B638B6EEA
:102B60001B0758BF4FF4006302D504E0013B16D0A9
:102B70008A6E1207FAD50C490B6B23F070030343DE
:102B80000B63886E10F0080008BF4FF4006302D09A
:102B900007E0013B03D08A6E1207FAD57047012087
:102BA00070470020704700BF00040E4015490B6BB2
:102BB00023F0700303430B638B6E1B0758BF4FF466
:102BC000006302D504E0013B17D08A6E1007FAD5E6
:102BD0000C490B6B23F0030343F002030B63886E75
:102BE00010F0080008BF4FF4006302D007E0013B7B
:102BF00003D08A6E1207FAD5704701207047002073
:102C0000704700BF00040E40074A0302116A9BB2DE
:102C100021F003010B4343F45C1343F001031362FF
:102C2000936EDB07FCD5704700040E40024B986E94
:102C300000F00100704700BF00040E40024B986E88
:102C400000F48030704700BF00040E40084B1B6A40
:102C500030B1074A43F0807343F45C13136270474A
:102C6000034A23F0807343F45C131362704700BF80
:102C700000040E404FF00052014B9A62704700BFB3
:102C800000040E40024B986E00F00200704700BF37
:102C900000040E40024B986E00F04000704700BFE9
:102CA00000040E401D2809D80123054983408A6984
:102CB000002033EA020218BF0B6170470120704701
:102CC00000040E401D2809D80123054983408A6964
:102CD000002033EA020208BF4B61704701207047B1
:102CE00000040E40034BC0F312001A6F1043186724
:102CF000704700BF00040E402DE9F041A0B9002A42
:102D000090460DDD0C460A4F0A4E8D182146386854
:102D1000336801349847AC42F8D14046BDE8F081B1
:102D200080464046BDE8F0814FF0FF38F5E700BF30
:102D30000034002090330020024B187880F001000E
:102D4000704700BF9433002001EB810100EB81004C
:102D50000267704701EB810100EB81004267704719
:102D600001EB810100EB81008267704701EB81017B
:102D700000EB8100C0F88020704700BF08B51848FC
:102D8000184B83420AD0184A904207D2013A121ACD
:102D900022F0030219460432144B9847144A154B8B
:102DA000934208D2013AD21A22F0030218460021B7
:102DB000114B04329847114B114923F0604203F143
:102DC000604322F07F02B3F5404F8A6003D28B68E4
:102DD00043F000538B600B4B98470B4B9847FEE733
:102DE000000000202CCC0800800A0020F1760800AA
:102DF00018370020800A00204174080000000800F5
:102E000000ED00E011760800A90508000C4A034611
:102E100010680C4930B103448B42CCBF4FF0FF30F7
:102E20001360704710B4084C23448B421460D8BF21
:102E300013602046C8BF4FF0FF3010BC704700BF82
:102E4000A0330020FC3F0820003008204FF0FF3066
:102E5000704700BF4FF4005300204B60704700BF25
:102E60000120704700207047014608B50148024B19
:102E70009847FEE720C708008D560800704700BF3E
:102E80004FF0FF30704700BF10B53E20074B98470A
:102E9000074CA0470028FCD04FF47102054B064CAC
:102EA000DA61A0470028FCD010BD00BF092C080043
:102EB0002D2C080000040E40952C080070B5124817
:102EC000124DA8473E20124B9847124CA0470028AD
:102ED000FCD04FF08070104B9847104CA047002852
:102EE000FCD00F4B98470F4B0F4A104C9A62A047EB
:102EF0000028FCD00E4B102098470E4B98472B46CD
:102F0000BDE870400048184700D8B80531010020DE
:102F1000092C08002D2C08004D2C08003D2C080021
:102F2000752C080000040E40013F0F20852C08007E
:102F3000AD2B0800392F0800334A136B03F003034D
:102F4000012B2ED0023B012B18D8136AD9013CD596
:102F50002E482F4B03602C4A136B03F00303022B04
:102F600040D02C4B28490A6B02F07002702A12D014
:102F70000A6BC2F30212D34003607047264B5B6AB0
:102F80001A061ED520494FF400430A6B1F4802F071
:102F90007002702AECD1214AA2FB03235B08036074
:102FA0007047136ADB0109D4136A03F07003102B16
:102FB00023D0202B02D01A4B1448D3E7144B1348CC
:102FC000D0E74FF4FA431148CCE7154B0F480360A4
:102FD000136A03F07003102B12D0202BBBD10C4BC3
:102FE0000360B8E7916A0368C1F30A4101FB033348
:102FF000926AD2B2B3FBF2F3B4E70A4B0348B1E7EB
:10300000084B0360A7E700BF00040E400803002040
:10301000001BB700001C4E0E00120E40ABAAAAAA5D
:1030200000093D0000127A00AC2303600246D1E99A
:103030000030B3FBF0F34FF6FE7C1B09581E6045D1
:103040000CD830B440F20225502413628B68002063
:103050005360C2F82051146030BC704701207047A3
:1030600003464269920746BF0020D961012070479C
:103070004369DB0743BF836900200B700120704761
:10308000014B1878704700BFA4330020064B10B5E1
:103090009847064AC37813700BB1012010BD044B4A
:1030A000BDE81040184700BFBD1F0800A433002032
:1030B000D90C0800024B1B7803B17047014B18472D
:1030C000A4330020010D0800074B1B7803F06002B9
:1030D0001B0603D4402A05D000207047402AFBD1AC
:1030E000024B1847024B1847E03300205D0D0800E3
:1030F0000D0D080030B58446154683B00B46624678
:103100000021034C00958120A04703B030BD00BFD3
:10311000BD40080030B58446154683B00B46624674
:103120000021034C00950220A04703B030BD00BF32
:10313000BD40080090F814C003461CF0010F16D0E3
:1031400030B404682CF0010C80F814C06CB1084D48
:10315000084602F1080149016958090748BF42F0D1
:1031600080029968234630BC184730BC70477047CE
:1031700000400A402DE9F043431E674C03EB430136
:1031800004EBC10191F814C01CF0010F37D00246C6
:10319000D1E90250A8424FEA430632D02D1AB5F5C4
:1031A000803F4FEA421C44D80CF1402E0EF5202EF1
:1031B000DEF800812F0418F0080F7BD0DEF80081C4
:1031C0004FF0080E08F007080EFA08FE0EF1FF3E59
:1031D0001EEA050F7DD091F814E047F029072EF084
:1031E000020E81F814E037E04FF400644FF480736E
:1031F0004A48C1F804419340026913430361BDE8A2
:10320000F0834FEA421C0CF1402101F52021D1F856
:103210000001050705D5F01804EBC000007D80070C
:10322000E2D4F01804EBC0000021BDE8F0433C4BB1
:1032300018470CF1402101F52021D1F8007117F059
:10324000080731D1D1F8005105F03005102D5DD0BF
:103250004FF4803547F0350706EB030E04EBCE0E36
:10326000DEF8041008442F4901EB02114860EFF327
:10327000108872B6BFF35F8F4FF000092A4880F8BC
:103280000090D1F80C9019F0100F25D0B8F1000F74
:1032900004D101210170BFF35F8F62B6F11804EB16
:1032A000C101C8688860AEE721274FF48035D1F8A6
:1032B0000011D1E7DEF8001101F030011029C9D169
:1032C000DEF8001101F0070E082101FA0EF1A94203
:1032D000C0D247F02107BFE74FF000728F6002FABB
:1032E00003F3DEF80C20CEF810502A44CEF80C2060
:1032F0000A4A11690B431361B8F1000F7FF47FAFE5
:1033000001230370BFF35F8F62B678E74FF4803517
:10331000D1F80011DDE700BFA833002000400A40CB
:103320003531080000430A40040300202DE9F0472E
:10333000EFF3108372B6BFF35F8F00204FF480610C
:10334000594D5A4A2870C2F8081123B901232B702D
:10335000BFF35F8F62B6DFF8588198F80030032B17
:1033600065D0544F544E3B88B489E41AA4B2002C63
:1033700039D0DFF848913F2C4CD900224024B06866
:1033800089F80020EFF3108672B6BFF35F8F00223A
:103390002A70464AD2F81C2192053DD46CB11844DB
:1033A0000346C3F1005C20440CF5C01C03EB0C0287
:1033B00013F8011B98421170F8D13A884FF48061DC
:1033C00022443A804FF40062384BC3F81811C3F816
:1033D0001421C3F8041126B901232B70BFF35F8FAA
:1033E00062B6BDE8F0873649F0880A881A4492B27E
:1033F00090420A8040D0DFF8C49099F800A0BAF15A
:10340000000F39D172692AB19047002848D10122B2
:103410003B88B4E70122B2E726B901232B70BFF342
:103420005F8F62B6042388F80030BDE8F087224E33
:10343000336903B19847EFF3108372B6BFF35F8F20
:1034400000204FF48061194A2870C2F8081123B98E
:1034500001232B70BFF35F8F62B64FF40071134AE4
:103460000020C2F8181100210023C6E90401B3812D
:1034700088F80030BDE8F087042388F80030EFF3C7
:10348000108172B6BFF35F8F4FF480420020074B6C
:103490002870C3F81821C3F804210029A1D19BE7A3
:1034A0003C805346B48966E70403002000400A408C
:1034B000DC330020D8330020E0330020A533002087
:1034C000DA3300202DE9F047A24B1D209847A24B8C
:1034D000984728B9A14B5B6913F0020300F09D8067
:1034E0009E4B5A69150700F189805A69500700F10F
:1034F0008E80D3F81C215969C90521D54FF480402D
:103500004FF40041D704C3F80801C3F8081100F1D3
:10351000B180560504D5D3F80C315D0500F15B820E
:10352000940500F15381900404D54FF400518B4B66
:10353000C3F81811110400F17B81530400F1D3800A
:1035400001234FF000774FF480780224834A1569F5
:1035500003F1FF3C07FA0CF10D42804803F1010E24
:103560005FFA83F902EB431603D05569294240F014
:10357000CF80116908FA03F5294216D0D6F80C114C
:103580005B0111F4006F034405D0D6F81C1111F44F
:10359000006100F03D83D3F80C114E0305D5D3F83C
:1035A0001C1111F4402100F0F380BEF1030F4FF025
:1035B0000203CCD169494D6915F0100540F08581B1
:1035C0000B69980733D54B699A0730D520238B6157
:1035D0000B69634A23F002030B610B691D2043F062
:1035E00020030B618C6190475E4B98475E4A1378CD
:1035F000002B40F0C6820023137013E008229A616A
:103600005B69DC0710D5BDE8F047584B184704212B
:103610009961574ABDE8F047104772B6BFF35F8F14
:10362000544A1370BDE8F087514B9847EBE74B4B7A
:103630005B699B06F6D54C4A1378002B00F082821A
:10364000022401252020454B15709C6198611A6960
:10365000494922F020021A611A6922431A611A6943
:1036600042F008021A611A6942F004021A61BDE8C8
:10367000F0470847414C237813B3414E336903B1F7
:103680009847EFF3108272B6BFF35F8F00214FF4BB
:103690008060384B19703149C1F8080122B9012204
:1036A0001A70BFF35F8F62B64FF400722B4B00208D
:1036B0000021C3F818210023C6E90401B381237057
:1036C000264A304BD2F81C110B40B3F5000F00F026
:1036D000C280052020214FF480532070C2F81411BD
:1036E000C2F818319EE74FF480431C4AC2F81831E3
:1036F000D2F81C3113F4007394D1204801780129C9
:1037000000F0538204298DD12023C2F8143189E7B7
:1037100000F5407000EB0313D868C70782D4106926
:1037200020EA01011161DA68120C0ED016480CEB88
:103730004C0100EBC101C968CCF1000303F0180390
:1037400008338A1AC25003445A604846BDE8F0471D
:103750000E4B1847A52C0800392D080000400A40E0
:10376000C52C0800A50C0800F8330020B50C080093
:103770001520080004030020AD0C0800DC330020F5
:10378000E03300200000F07FA833002075310800EE
:103790004FF4802220264024C3F8082102690CEB54
:1037A0004C0C22EA05020261B24A02EBCC02107D07
:1037B00061F382001075D3F8082122F00202C3F8E9
:1037C0000821C3F81461C3F818412BE7AA4C2378E9
:1037D000012B00F00481022B00F03981042B00F052
:1037E000368105212022A54BA54E2170C3F8142156
:1037F000EFF3108272B6BFF35F8F00214FF4806049
:10380000A04B19709D49C1F8080122B901221A7014
:10381000BFF35F8F62B64FF40071984A0023C2F87D
:10382000181100200021B381C6E904012370F9E6D4
:103830004FF40042914BC3F81821D3F81C215205D4
:103840003FF5F0AE8C4A1278032A7FF4EBAE2022CB
:10385000C3F81421E6E68C4A8C4B8D481946013397
:103860000978834202F8011FF8D18A4B9847002853
:1038700000F0F4804FF48051804B814AC3F8181156
:1038800092F900100029C0F27181D288002A00F05C
:10389000AD81002201254FF480417F4825700280D0
:1038A0007E480280C3F81811EFF3108472B6BFF39C
:1038B0005F8F74480270C3F80411002C7FF4B2AE1D
:1038C0000570BFF35F8F62B6ACE61022694C237DB2
:1038D0008A6113F001020DD0256823F001032375DE
:1038E00045B1D1F82031012013F0080F18BF812213
:1038F000A168A84794F82C30DD0710D5A56923F0FE
:10390000010384F82C3055B15C4B0120D3F84031D1
:10391000216A13F0080F0CBF02228222A847604BD5
:1039200098470120554B1A6822F07F021A601A68E6
:1039300042F080021A60D3F800216FF3090242F0CE
:103940004302C3F80021C3F80401EFF3108472B6F8
:10395000BFF35F8F4FF4805200254A490D70C3F8C2
:1039600004214FF40072C3F804211A6942F48072F2
:103970001A611CB90870BFF35F8F62B6EFF3108352
:1039800072B6BFF35F8F00244FF480603B4A0C7027
:10399000C2F8080123B901230B70BFF35F8F62B631
:1039A0000026002700214FF40074354A334BC2E94A
:1039B00004673148C3F81841017091811A6942F0D7
:1039C00008021A611A6942F004021A611A6942F087
:1039D00002021A6126E6334BBDE8F0471847274B31
:1039E0002E4FD3F81C51264EB7F800C0B389C5F34B
:1039F0000A550CEB05029342B8BFA3EB0C03B26867
:103A0000B8BF9DB262447DB1204B184601330078A7
:103A1000D9B2A94202F8010BF7D3AC441FFA8CFCCF
:103A2000402DA7F800C067D07369A6F80CC0002B22
:103A30003AD09847002837D1052020214FF4007252
:103A40000E4B2070C3F81411C3F81821EAE50C4E90
:103A50003369002B3FF4CCAE9847C9E605202021FE
:103A60004FF48052054B2070C3F81411C3F818218D
:103A7000D8E500BFA8330020DC33002000400A4016
:103A8000E033002004030020DF3300200000182072
:103A9000080018204D200800DA330020D833002019
:103AA000D11F08002D3308004FF400710322684B2A
:103AB000C3F818112270EFF3108472B6BFF35F8F52
:103AC000002564484FF4806105704FF400424FF4C4
:103AD0000065C3F81811C3F81451C3F80411C3F8F2
:103AE0001821C3F80421002C7FF49CAD012303703E
:103AF000BFF35F8F62B695E5574DF2882B8863441C
:103B00009A4291DDB389634500F093804FF40071D0
:103B10004FF480424E4BC3F81811C3F81821EFF34D
:103B2000108072B6BFF35F8F00244A490C70C3F84F
:103B3000042100287FF476AD01230B70BFF35F8F63
:103B400062B66FE5EFF3108472B6BFF35F8F414842
:103B5000424903708B7801338B70002C7FF470AD79
:103B600001230370BFF35F8F62B669E50023022172
:103B7000394D3B482B80038021703A4ABDE8F0471D
:103B80001047EFF3108472B6BFF35F8F31483349AB
:103B900005708B78013B8B70002C7FF42CAD0123DA
:103BA0000370BFF35F8F62B625E503240470EFF363
:103BB000108572B6BFF35F8F264C4FF48060237080
:103BC0004FF400664FF40043C2F81801C2F81461C4
:103BD000C2F80401C2F81831C2F80431002D7FF494
:103BE00021AD2170BFF35F8F62B61BE50321217009
:103BF000EFF3108472B6BFF35F8F4FF48061154806
:103C00004FF4006502704FF40042C3F8181162E7E8
:103C10004FF400641448CCF1000303F01803C6F815
:103C20000841C6F814414A46BDE8F04718440F4B16
:103C300018477369002B3FF4FFAE984700283FF404
:103C4000FBAE00222B8839883A800B442B805DE73D
:103C500000400A4004030020DA330020983300209B
:103C6000D83300202D330800A83300203531080058
:103C70002DE9F041EFF3108672B6BFF35F8F00219C
:103C8000294B2A4C1A782170002A3BD00125284A5A
:103C90001D201D704FF00808904702274FF0040EBA
:103CA0004FF0100C2021234B1D201A6842F40062B3
:103CB0001A601A6822F400721A601A6942F010023F
:103CC0001A611A6942F002021A611A6942F020026E
:103CD0001A611A6942F008021A611A6942F0040274
:103CE0001A61C3F81880144AC3F818E0C3F818C062
:103CF0009F61996190471EB92570BFF35F8F62B6CF
:103D0000BDE8F081EFF3108072B6BFF35F8F0B490F
:103D100022708A7801328A700028B7D1012222707D
:103D2000BFF35F8F62B6B1E7F833002004030020D1
:103D3000A52C080000400A40C52C0800983300203C
:103D4000F8B5264B9847264B1D209847EFF3108671
:103D500072B6BFF35F8F00254FF0500E4FF0005743
:103D6000204A214C92F814C0204B2CF0050C82F80C
:103D700014C092F82CC025702CF0050C82F82CC0D1
:103D80001A681B4942F480721A6081F81DE30F60C3
:103D9000D3F8E0204FF4802022F00302C3F8E020A3
:103DA000144B9847144B1D70EFF3108172B6BFF39C
:103DB0005F8F124A2570D3780133D37021B9012364
:103DC0002370BFF35F8F62B60D4B984726B901236E
:103DD0002370BFF35F8F62B6F8BD00BF892E080065
:103DE000A52C0800A83300200403002000400A404E
:103DF00000E100E0E52C0800F833002098330020B3
:103E0000713C080010B5164B1D209847154B1D201E
:103E10001A68154942F400721A601A6822F40062A6
:103E20001A608847114B1A7812B900221A7010BD17
:103E3000EFF3108472B6BFF35F8F4FF0000C0C49A4
:103E40000C488A78013A8A7080F800C0002CECD1C6
:103E500001220270BFF35F8F62B600221A7010BD9C
:103E6000A52C080000400A40C52C0800F8330020AB
:103E70009833002004030020024B586900F0010031
:103E8000704700BF00400A40064B1A6822F08002CB
:103E90001A601A6860F306021A601A6842F080021B
:103EA0001A60704700400A40024B186800F07F001B
:103EB000704700BF00400A40024B5868C0F3CA0078
:103EC000704700BF00400A40014B986099817047DD
:103ED000E033002000F00F02022A00D970470121D0
:103EE000530170B503F1402505F520252B46C5F893
:103EF0000811D5F80051501E084C00EB400004EBAF
:103F0000C00425F0C005C3F800512046044EB04758
:103F1000237D23F00403237570BD00BFA833002068
:103F20003531080000F00F00430103F1402303F591
:103F30002023D3F81C319B0609D4064B00EB40002C
:103F400003EBC00313F8040CC0F38000704701209A
:103F5000704700BFA833002000F00F03022B2BD8BE
:103F600030B5234D590105EB431EDEF81C219206A6
:103F700020D4204C5A1E02EB420204EBC20C9CF8E7
:103F8000144014F0040215D114F0010F16D10206EA
:103F900016D44FF40054202001F1402303F52023D0
:103FA000D3F8082122F00202C3F80821C3F818410F
:103FB000C3F81401012030BD00207047104630BD09
:103FC000DEF81C2112F4402FE3D04FF480204FF490
:103FD000807244F004018CF8141005EB4311C1F811
:103FE0000401296902FA03F30B432B61E2E700BFE6
:103FF00000400A40A833002000F00F00022857D8E4
:1040000070B5411E2B4C01EB410304EBC3031D7D36
:104010004A006D0725D54FF480264FF4807C1D7D26
:104020000CFA00FC25F004051D75234D430105EB3A
:10403000401ECEF80861286920EA0C002861DEF8ED
:104040001C01850616D4531804EBC302117DDB0056
:10405000C80704D521F00101E358117598470120E4
:1040600070BD430103F1402000F52020D0F81C0171
:104070008006F4D503F1402000F52020D0F81C5133
:10408000AE0406D54FF40055C0F818514025C0F8CD
:104090001851202503F1402000F520200346C0F8E8
:1040A0001851D0F8040140F00200C3F80401CAE737
:1040B00000207047A833002000400A4000F00F00A5
:1040C000022860D82DE9F0414FEA401C0CF1402C49
:1040D0000CF5202CDCF80C41E50751D5DCF81C412F
:1040E000A4064DD4461E294D06EB460C05EBCC0C20
:1040F0009CF814E074001EF0040E41D1EFF3108818
:1041000072B6BFF35F8F224F87F800E09CF814E08F
:104110001EF0010F2CD19CF814E04EF0010E8CF82B
:1041200014E0B8F1000F06D14FF0010C87F800C081
:10413000BFF35F8F62B63444069E05EBC40C45F8AE
:104140003460CCF8042000246246002B08BF41F004
:10415000010142F8104FCCF8083013790D4D61F38E
:104160004103CCF80C401371A8470120BDE8F08151
:10417000B8F1000F04D101233B70BFF35F8F62B62B
:104180000020BDE8F0810020704700BFA833002068
:1041900004030020753108002DE9F04F00F00F04F2
:1041A000022C83B000F2D080650105F1402303F5B5
:1041B0002023D3F80C31DE0700F1C68001F003069E
:1041C000012E00F0C580023E012E00F2BD8002F4F7
:1041D000C0539FB2002B40F0B7803E4605F140250A
:1041E00005F52025D5F800310901C00923F47F7CAD
:1041F000B2F5806F01F030014FEAC0002CF0030CE3
:1042000080F0B780082A38BF08225300013BB3FA78
:1042100083F3C3F11C030FB141EA06214CEA00020B
:104220000A43134343F04003C5F80031D5F8003189
:10423000002B80F28980012702234FF00008594E9D
:10424000C5F8047106EB4310D0F80C115D1EC907C8
:104250004FEA431216D502F1402202F52022D2F88D
:1042600000115B00C1F38111C0F8087101FA03F37A
:1042700048EA0308D2F800311FFA88F823F0C00397
:10428000C2F80031EBB29C42DCD9474E04EB440546
:10429000012706EBC50505E00134E3B2032B05F168
:1042A000180568D004F1FF39630009EB490C48FA9E
:1042B00003F306EBCC0013F0030200F110015FFAE8
:1042C00084FB4FEACC0CE7D0007D6301824603F10A
:1042D000402303F52023D3F800E12AF0010A2EF051
:1042E000C00E4EEA8212C3F80021C3F80471D3F85D
:1042F000002100F00100002A4FEA490E81F804A0D5
:104300003DDAD3F8042142F00202C3F80421002868
:10431000C2D055E903E255F8103C55F814CC1344CB
:10432000AEEB020245F80C2C0979624455F818CC22
:104330005846CDF800C0A3EB0E03DFF870C0C1F300
:104340004001E0470028A7D1002003B0BDE8F08F6E
:1043500002F4C053002C3FF43CAFB3F5006F0CD017
:10436000B3F5805F08BF032622F4C052012792B242
:1043700034E707234FE70120E7E70226F4E756F882
:104380000C405846002CDFD0D3F80031CE441B0738
:1043900048BF4BF0800006EBCE060246F1680120D4
:1043A000A047D1E700400A40A8330020BD400800E4
:1043B0000021164B00F00F0203EB021310B49960BA
:1043C00001060AD4124C1348531E03EB430300EBBF
:1043D000C3000121234610BC1847510101F14021BF
:1043E00001F52021D1F81C3113F4402FEAD04FF40D
:1043F000007401F58A700460D1F81C319B05FBD470
:10440000D1F81C3113F4402FF5D1DBE700430A400B
:1044100035310800A8330020074AD2F8E03023F0F5
:10442000030343F00203C2F8E030D2F8E03043F077
:104430000403C2F8E030704700400A40074AD2F84F
:10444000E03023F0030343F00203C2F8E030D2F877
:10445000E03043F00803C2F8E030704700400A4003
:10446000044AD2F8E03023F0030343F00203C2F819
:10447000E030704700400A402DE9F0418EB06D46B3
:104480004FF00108EC46204E204F0FCE0FC50FCE47
:104490000FC50FCE0FC596E8030045F8040B297031
:1044A000C7F80881D7F80031CCF1005E6FF309033B
:1044B00043F06B03C7F80031C7F80481D7F8E03048
:1044C0000DF1350423F0030343F00203C7F8E03095
:1044D000D7F8E0300EF5C01E43F01003C7F8E03007
:1044E0000CEB0E031CF8012BA4451A70F8D14FF405
:1044F00080614FF40062054BC3F81811C3F8142112
:104500000EB0BDE8F08100BF78C9080000400A4045
:1045100003464269920743BFC1F308010020D961F5
:10452000012070474369DB0705D583690020C3F389
:1045300008030B6070470120704700BF431E022B29
:104540001ED82DE9F0411746C2B10D4614460E4E55
:10455000DFF8388002E0631E0CD01C463068D8F8C3
:10456000003015F8011B98470028F4DA4FF0FF30AF
:10457000BDE8F0810137381BBDE8F0811046F7E750
:104580004FF0FF30704700BF00340020FC330020A4
:10459000F8B504460D4600F023F8224606460F46BD
:1045A0002B462046294600F05FFD30B920462946BB
:1045B0000022002300F030FD10B930463946F8BD26
:1045C00003F020F800220023212101601046194643
:1045D00000F0DAFB06460F4630463946F8BD00BF0C
:1045E000734A2DE9F84F8A4306460F4600F0AC8027
:1045F00000290C46034655DD081562D0C4F31302AA
:10460000C107A0F2FF3742F4801203D4520002EB3C
:10461000D3725B00002616244FF40011B4465200FA
:1046200002EBD3727F105B000CEB010090424FEA6B
:10463000D3754FEA430303DC00EB010C121A0E445E
:10464000013C05EB42024FEA5101EDD120254FF02C
:104650000040A0460AE043D0510001EBD371013D78
:104660000A464FEA43034FEA500045D0624500EB4B
:10467000080EF0DDBEF1000F0EEB00080CDBE1468A
:10468000A2EB0C01CC469E4588BF01F1FF314900E9
:10469000A3EB0E030444E0E7B8F1000FEFDB0CF1ED
:1046A0000109EDE721F00042024344D000296ED118
:1046B000DA0A153C5B05002AFAD0D602204673D4EC
:1046C000144600226400E502114602F10102F9D508
:1046D000C2F1200523FA05F52C439340401A8DE7DB
:1046E0009E4502D94FEA4C01B7E7BEF1000F0EEB31
:1046F000000822DB0021CBE7194312D0DFF8B4A079
:10470000DFF8B4B0DAE90001DBE9002300F05AF881
:10471000DAE9008902460B464046494600F086FC2D
:10472000E0B96508731003F17F5303F5001303EB41
:10473000075145EAC670BDE8F88FB8F1000FD9DB24
:1047400000210CF1010CA3E702460B4600F0F2F940
:1047500032463B4600F038F8BDE8F88FB4F1FF3F31
:10476000DAE90001DBE900231AD0DAE9008900F078
:104770002BF802460B464046494600F04DFC88B1F6
:10478000A31C04F1020508BF01366D08CAE7024602
:104790000B4600F017F802460B4600F0F5FACAE7A0
:1047A0000136BFE70134BCE74FF0FF31144695E70F
:1047B0000000F07FB8C90800B0C9080081F00041CE
:1047C00002E000BF83F0004330B54FEA41044FEAF6
:1047D000430594EA050F08BF90EA020F1FBF54EA91
:1047E000000C55EA020C7FEA645C7FEA655C00F02D
:1047F000E2804FEA5454D4EB5555B8BF6D420CDDFE
:104800002C4480EA020281EA030382EA000083EA80
:10481000010180EA020281EA0303362D88BF30BD20
:1048200011F0004F4FEA01314FF4801C4CEA113176
:1048300002D0404261EB410113F0004F4FEA0333D5
:104840004CEA133302D0524263EB430394EA050F60
:1048500000F0A780A4F10104D5F1200E0DDB02FACF
:104860000EFC22FA05F2801841F1000103FA0EF263
:10487000801843FA05F359410EE0A5F120050EF129
:10488000200E012A03FA0EFC28BF4CF0020C43FA5A
:1048900005F3C01851EBE37101F0004507D54FF067
:1048A000000EDCF1000C7EEB00006EEB0101B1F5B7
:1048B000801F1BD3B1F5001F0CD349085FEA3000FD
:1048C0004FEA3C0C04F101044FEA445212F5800F08
:1048D00080F09A80BCF1004F08BF5FEA500C50F1A5
:1048E000000041EB045141EA050130BD5FEA4C0C88
:1048F000404141EB0101013C28BFB1F5801FE9D2E5
:1049000091F0000F04BF01460020B1FA81F308BF07
:104910002033A3F10B03B3F120020CDA0C3208DDD3
:1049200002F1140CC2F10C0201FA0CF021FA02F1AE
:104930000CE002F11402D8BFC2F1200C01FA02F11E
:1049400020FA0CFCDCBF41EA0C019040E41AA2BF43
:1049500001EB0451294330BD6FEA04041F3C1CDA0B
:104960000C340EDC04F11404C4F1200220FA04F02B
:1049700001FA02F340EA030021FA04F345EA0301D5
:1049800030BDC4F10C04C4F1200220FA02F001FA97
:1049900004F340EA0300294630BD21FA04F0294619
:1049A00030BD94F0000F83F4801306BF81F48011B2
:1049B0000134013D4EE77FEA645C18BF7FEA655C25
:1049C00029D094EA050F08BF90EA020F05D054EAF7
:1049D000000C04BF1946104630BD91EA030F1EBFFC
:1049E0000021002030BD5FEA545C05D14000494100
:1049F00028BF41F0004130BD14F580043CBF01F5F3
:104A0000801130BD01F0004545F0FE4141F47001D8
:104A10004FF0000030BD7FEA645C1ABF19461046B3
:104A20007FEA655C1CBF0B46024650EA013406BFB4
:104A300052EA033591EA030F41F4002130BD00BF73
:104A400090F0000F04BF0021704730B54FF4806430
:104A500004F132044FF000054FF0000150E700BFB1
:104A600090F0000F04BF0021704730B54FF4806410
:104A700004F1320410F0004548BF40424FF00001FD
:104A80003EE700BF42004FEAE2014FEA31014FEA40
:104A900002701FBF12F07F4393F07F4F81F060518F
:104AA000704732F07F4208BF704793F07F4F04BFDA
:104AB00041F40021704730B54FF4607401F00045B7
:104AC00021F000411CE700BF50EA010208BF704717
:104AD00030B54FF000050AE050EA010208BF704708
:104AE00030B511F0004502D5404261EB41014FF471
:104AF000806404F132045FEA915C3FF4D8AE4FF079
:104B000003025FEADC0C18BF03325FEADC0C18BF5B
:104B1000033202EBDC02C2F1200300FA03FC20FAAC
:104B200002F001FA03FE40EA0E0021FA02F11444F9
:104B3000BDE600BF70B54FF0FF0C4CF4E06C1CEA12
:104B400011541DBF1CEA135594EA0C0F95EA0C0F83
:104B500000F0DEF82C4481EA030621EA4C5123EAF6
:104B60004C5350EA013518BF52EA033541F4801125
:104B700043F4801338D0A0FB02CE4FF00005E1FBD8
:104B800002E506F00042E0FB03E54FF00006E1FB22
:104B900003569CF0000F18BF4EF0010EA4F1FF0465
:104BA000B6F5007F64F5407404D25FEA4E0E6D41A5
:104BB00046EB060642EAC62141EA55514FEAC520B6
:104BC00040EA5E504FEACE2EB4F1FD0C88BFBCF532
:104BD000E06F1ED8BEF1004F08BF5FEA500E50F1E3
:104BE000000041EB045170BD06F0004646EA0101A9
:104BF00040EA020081EA0301B4EB5C04C2BFD4EBDB
:104C00000C0541EA045170BD41F480114FF0000ED3
:104C1000013C00F3AB8014F1360FDEBF002001F041
:104C2000004170BDC4F10004203C35DA0C341BDCBB
:104C300004F11404C4F1200500FA05F320FA04F08D
:104C400001FA05F240EA020001F0004221F00041C1
:104C500010EBD37021FA04F642EB06015EEA430E34
:104C600008BF20EAD37070BDC4F10C04C4F1200564
:104C700000FA04F320FA05F001FA04F240EA020017
:104C800001F0004110EBD37041F100015EEA430EE8
:104C900008BF20EAD37070BDC4F1200500FA05F208
:104CA0004EEA020E20FA04F301FA05F243EA020387
:104CB00021FA04F001F0004121FA04F220EA020096
:104CC00000EBD3705EEA430E08BF20EAD37070BDDC
:104CD00094F0000F0FD101F00046400041EB0101BC
:104CE00011F4801F08BF013CF7D041EA060195F09E
:104CF000000F18BF704703F00046520043EB030358
:104D000013F4801F08BF013DF7D043EA0603704744
:104D100094EA0C0F0CEA135518BF95EA0C0F0CD04F
:104D200050EA410618BF52EA4306D1D181EA030195
:104D300001F000414FF0000070BD50EA410606BF8F
:104D40001046194652EA430619D094EA0C0F02D1D4
:104D500050EA013613D195EA0C0F05D152EA033619
:104D60001CBF104619460AD181EA030101F0004137
:104D700041F0FE4141F470014FF0000070BD41F080
:104D8000FE4141F4780170BD70B54FF0FF0C4CF45A
:104D9000E06C1CEA11541DBF1CEA135594EA0C0F79
:104DA00095EA0C0F00F0A7F8A4EB050481EA030EC6
:104DB00052EA03354FEA013100F088804FEA0333AD
:104DC0004FF0805545EA131343EA12634FEA02227B
:104DD00045EA111545EA10654FEA00260EF000413C
:104DE0009D4208BF964244F1FD0404F5407402D28E
:104DF0005B084FEA3202B61A65EB03055B084FEA1F
:104E000032024FF480104FF4002CB6EB020E75EB1B
:104E1000030E22BFB61A754640EA0C005B084FEA43
:104E20003202B6EB020E75EB030E22BFB61A7546C0
:104E300040EA5C005B084FEA3202B6EB020E75EB0B
:104E4000030E22BFB61A754640EA9C005B084FEA83
:104E50003202B6EB020E75EB030E22BFB61A754690
:104E600040EADC0055EA060E18D04FEA051545EA7F
:104E700016754FEA06164FEAC30343EA52734FEA28
:104E8000C2025FEA1C1CC0D111F4801F0BD141EAA1
:104E900000014FF000004FF0004CB6E711F4801F06
:104EA00004BF01430020B4F1FD0C88BFBCF5E06FE6
:104EB0003FF6AFAEB5EB030C04BFB6EB020C5FEAF6
:104EC000500C50F1000041EB045170BD0EF0004E4B
:104ED0004EEA113114EB5C04C2BFD4EB0C0541EA7D
:104EE000045170BD41F480114FF0000E013C90E67A
:104EF00045EA060E8DE60CEA135594EA0C0F08BF3E
:104F000095EA0C0F3FF43BAF94EA0C0F0AD150EA3C
:104F100001347FF434AF95EA0C0F7FF425AF1046CF
:104F200019462CE795EA0C0F06D152EA03353FF4F7
:104F3000FDAE1046194622E750EA410618BF52EA74
:104F400043067FF4C5AE50EA41047FF40DAF52EA48
:104F500043057FF4EBAE12E74FF0FF3C06E000BFE5
:104F60004FF0010C02E000BF4FF0010C4DF804CDF2
:104F70004FEA410C7FEA6C5C4FEA430C18BF7FEAB2
:104F80006C5C1BD001B050EA410C0CBF52EA430CE0
:104F900091EA030F02BF90EA020F0020704710F160
:104FA000000F91EA030F58BF994208BF90422CBFEF
:104FB000D8176FEAE37040F0010070474FEA410CE8
:104FC0007FEA6C5C02D150EA013C07D14FEA430C06
:104FD0007FEA6C5CD6D152EA033CD3D05DF8040B77
:104FE000704700BF8446104662468C4619466346A9
:104FF00000E000BF01B5FFF7B7FF002848BF10F180
:10500000000F01BD4DF808EDFFF7F4FF0CBF0120C4
:1050100000205DF808FB00BF4DF808EDFFF7EAFF40
:1050200034BF012000205DF808FB00BF4DF808EDFB
:10503000FFF7E0FF94BF012000205DF808FB00BFF0
:105040004DF808EDFFF7CEFF94BF012000205DF87A
:1050500008FB00BF4DF808EDFFF7C4FF34BF012087
:1050600000205DF808FB00BF4FEA410C7FEA6C5C52
:1050700002D150EA013C0AD14FEA430C7FEA6C5C52
:1050800002D152EA033C02D14FF0000070474FF0CA
:10509000010070474FEA410212F5001215D211D5F6
:1050A0006FF47873B3EB625212D94FEAC12343F025
:1050B000004343EA505311F0004F23FA02F018BFA7
:1050C000404270474FF00000704750EA013005D170
:1050D00011F0004008BF6FF0004070474FF0000033
:1050E000704700BF4FEA4102B2F1E04324BFB3F57D
:1050F000001CDCF1FE5C0DD901F0004C4FEAC0024F
:105100004CEA5070B2F1004F40EB830008BF20F032
:105110000100704711F0804F21D113F13872BCBFEC
:1051200001F00040704741F480114FEA5252C2F141
:105130001802C2F1200C10FA0CF320FA02F018BF8A
:1051400040F001004FEAC1234FEAD32303FA0CFCDD
:1051500040EA0C0023FA02F34FEA4303CCE77FEA6C
:10516000625307D150EA01331EBF4FF0FE4040F4B6
:105170004000704701F0004040F0FE4040F4000065
:10518000704700BF80F0004002E000BF81F00041A6
:1051900042001FBF5FEA410392EA030F7FEA226CDD
:1051A0007FEA236C6AD04FEA1262D2EB1363C1BF6D
:1051B000D218414048404140B8BF5B42192B88BFDC
:1051C000704710F0004F40F4000020F07F4018BFFF
:1051D000404211F0004F41F4000121F07F4118BF1F
:1051E000494292EA030F3FD0A2F1010241FA03FCC7
:1051F00010EB0C00C3F1200301FA03F100F00043AF
:1052000002D5494260EB4000B0F5000F13D3B0F176
:10521000807F06D340084FEA310102F10102FE2AE5
:1052200051D2B1F1004F40EBC25008BF20F0010055
:1052300040EA03007047490040EB0000013A28BFF4
:10524000B0F5000FEDD2B0FA80FCACF1080CB2EB77
:105250000C0200FA0CF0AABF00EBC25052421843F5
:10526000BCBFD0401843704792F0000F81F400019A
:1052700006BF80F400000132013BB5E74FEA41036D
:105280007FEA226C18BF7FEA236C21D092EA030FD9
:1052900004D092F0000F08BF0846704790EA010F53
:1052A0001CBF0020704712F07F4F04D1400028BF80
:1052B00040F00040704712F100723CBF00F5000062
:1052C000704700F0004343F0FE4040F40000704798
:1052D0007FEA226216BF08467FEA23630146420244
:1052E00006BF5FEA412390EA010F40F48000704757
:1052F0004FF0000304E000BF10F0004348BF4042FD
:105300005FEA000C08BF704743F0964301464FF038
:1053100000001CE050EA010208BF70474FF0000394
:105320000AE000BF50EA010208BF704711F00043D5
:1053300002D5404261EB41015FEA010C02BF8446A5
:105340000146002043F0B64308BFA3F18053A3F504
:105350000003BCFA8CF2083AA3EBC25310DB01FA4B
:1053600002FC634400FA02FCC2F12002BCF1004FCF
:1053700020FA02F243EB020008BF20F00100704760
:1053800002F1200201FA02FCC2F1200250EA4C00B4
:1053900021FA02F243EB020008BF20EADC707047FA
:1053A0004FF0FF0C1CEAD0521EBF1CEAD15392EA08
:1053B0000C0F93EA0C0F6FD01A4480EA010C4002E4
:1053C00018BF5FEA41211ED04FF0006343EA50103E
:1053D00043EA5111A0FB01310CF00040B1F5000F80
:1053E0003EBF490041EAD3715B0040EA010062F12F
:1053F0007F02FD2A1DD8B3F1004F40EBC25008BF19
:1054000020F00100704790F0000F0CF0004C08BF36
:1054100049024CEA502040EA51207F3AC2BFD2F103
:10542000FF0340EAC250704740F400004FF0000311
:10543000013A5DDC12F1190FDCBF00F0004070474B
:10544000C2F10002410021FA02F1C2F1200200FA89
:1054500002FC5FEA310040F1000053EA4C0308BF50
:1054600020EADC70704792F0000F00F0004C02BFA1
:10547000400010F4000F013AF9D040EA0C0093F01C
:10548000000F01F0004C02BF490011F4000F013B76
:10549000F9D041EA0C018FE70CEAD15392EA0C0FE4
:1054A00018BF93EA0C0F0AD030F0004C18BF31F04F
:1054B000004CD8D180EA010000F00040704790F025
:1054C000000F17BF90F0004F084691F0000F91F0C9
:1054D000004F14D092EA0C0F01D142020FD193EA8F
:1054E0000C0F03D14B0218BF084608D180EA010017
:1054F00000F0004040F0FE4040F40000704740F0F3
:10550000FE4040F4400070474FF0FF0C1CEAD052C0
:105510001EBF1CEAD15392EA0C0F93EA0C0F69D01C
:10552000A2EB030280EA010C49024FEA402037D087
:105530004FF0805343EA111143EA10130CF000407E
:105540008B4238BF5B0042F17D024FF4000C8B426E
:1055500024BF5B1A40EA0C00B3EB510F24BFA3EB4E
:10556000510340EA5C00B3EB910F24BFA3EB91031E
:1055700040EA9C00B3EBD10F24BFA3EBD10340EA78
:10558000DC001B0118BF5FEA1C1CE0D1FD2A3FF6BE
:1055900050AF8B4240EBC25008BF20F00100704773
:1055A0000CF0004C4CEA50207F32C2BFD2F1FF0316
:1055B00040EAC250704740F400004FF00003013A47
:1055C00037E792F0000F00F0004C02BF400010F4EB
:1055D000000F013AF9D040EA0C0093F0000F01F0FF
:1055E000004C02BF490011F4000F013BF9D041EA21
:1055F0000C0195E70CEAD15392EA0C0F08D1420254
:105600007FF47DAF93EA0C0F7FF470AF084676E726
:1056100093EA0C0F04D14B023FF44CAF08466EE7FF
:1056200030F0004C18BF31F0004CCAD130F00042CD
:105630007FF45CAF31F000437FF43CAF5FE700BF25
:105640004FEA4002B2F1FE4F0FD34FF09E03B3EB8F
:1056500012620DD94FEA002343F0004310F0004FCF
:1056600023FA02F018BF404270474FF00000704725
:1056700012F1610F01D1420205D110F0004008BFC4
:105680006FF0004070474FF0000070470FB400B556
:10569000074A83B004AB106853F8042B8168019368
:1056A00000F008F803B05DF804EB04B0704700BFE9
:1056B000240500202DE9F04F05460E46C3B012AF79
:1056C00092460021082238461C46AB4602960993B2
:1056D00001F0B6FE1DB16B6B002B00F01F87029A24
:1056E000536EB2F90C20DE0740F14081950400F1C1
:1056F000DB85029942F4005223F400538A814B6601
:1057000012B2160740F1BE80029B1B69002B00F00D
:10571000B98002F01A030A2B00F0C380002319AAF3
:105720009146CDE91733CDE90B3316920D930593CE
:105730005546934BD3F8E44001F006FF2A46034652
:1057400010A958460097A047002800F0C980C0F271
:10575000BF80109B252B01D00544EAE7B5EB0A0674
:10576000044640F0C18000224FF0FF33904604937E
:105770006B7805F1010A8DF83B2006920AF1010AC7
:10578000A3F120025A2A00F2FD80DFE812F0910313
:10579000FB00FB008C03FB00FB00FB006E03FB0027
:1057A000FB006B003302FB002E02A103FB009C03F5
:1057B0005B005B005B005B005B005B005B005B0011
:1057C0005B00FB00FB00FB00FB00FB00FB00FB00A1
:1057D000FB00FB00EA010903FB00FB00FB00FB00F0
:1057E000FB00FB00FB00FB00FB00FB003902FB00A1
:1057F000FB00FB00BD01FB003403FB00FB00DE05EA
:10580000FB00FB00FB00FB00FB00FB00FB00FB00C0
:10581000FB00FB00EA017B01FB00FB00FB00270310
:105820007B017600FB003204FB0023040C04BD0363
:105830007600FB00BD0173007102FB00FB000A064D
:10584000FB007300A3F13002002319461AF8013B54
:1058500001EB810102EB4101A3F13002092AF5D9E4
:1058600006918DE7099B53F8042B002A06920993B1
:10587000C0F2B8819AF8003080E79AF8003048F01A
:1058800020087BE7029D5846294601F0DDFC0028F0
:1058900040F0F387B5F90C2002F01A030A2B7FF4CD
:1058A0003DAF0299B1F90E30002BFFF637AF4B6ECA
:1058B000D80702D4920540F18787234652465846BE
:1058C000029901F013F80590059843B0BDE8F08FF8
:1058D00008220021384601F0B3FD0120054428E7E5
:1058E000B5EB0A06044611D0189BC9E900A633445B
:1058F0001893179B0133072B179311DC09F1080943
:10590000059B33440593002C7FF42DAF189B002B8F
:1059100040F066870022029B1792B3F90C3019E021
:105920005846029916AA01F023F880B90DF16409CE
:10593000E6E75846029916AA01F01AF8002800F086
:105940008C80079B1BB15846079901F0E1FF029B31
:10595000B3F90C30029A526ED00740F189805B0691
:1059600000F13C81059843B0BDE8F08F910540F10E
:105970001E8196047FF5BDAE9D047FF5C2AE25E184
:10598000B8030020002BC1D001228DF8A4300023E1
:10599000CDE90323089229AD8DF83B30079318F029
:1059A0008406DDE917C0014662462BD1069B039CA5
:1059B0001C1B002C00F320849DF83B302BB30026E9
:1059C0000A96012301320131C9F80430072A0DF18A
:1059D0003B03CDE91721C9F8003000F3A68309F194
:1059E00008090A9B73B1022301320231C9F804305D
:1059F000072A0FABCDE91721C9F8003000F38883DF
:105A000009F10809802E00F00283049B08981C1AF3
:105A1000002C00F33E83089B01321944072ACDE98C
:105A20001721C9F80050C9F8043000F3658309F163
:105A3000080918F0040F05D0069B039A9C1A002C45
:105A400000F38083DDE9053203988242ACBF9B18E6
:105A50001B18059300297FF46CAF00231793079B55
:105A60001BB15846079901F053FF0DF164095FE639
:105A70009A053FF574AF029CA06D01F0F7FDB4F9F3
:105A80000C306CE718F0200F00F04484099B0733BA
:105A900023F007031A465B6852F8084B1E4609922A
:105AA000002BC0F28E81049A002A05DB54EA06031B
:105AB00028F0800800F095840A2C76F1000380F02D
:105AC000F78004F13003DBB2049A8DF80731012A24
:105AD000B8BF01229DF83B300392002B00F0DD831C
:105AE000039B0024013303930123CDE907430DF207
:105AF000071518F08406DDE91721084694463FF49F
:105B000055AF00230A935CE70022099E8DF83B20E5
:105B100056F8042B0792002A00F02A85532B00F038
:105B2000668418F0100440F06284049A002AC0F2DF
:105B30002E862146079801F09BFD9DF83B20079D8E
:105B4000002800F07C86431B089323EAE373039349
:105B5000002A00F06B86013304940996039307949E
:105B6000C7E7099A432B02F1040403D018F0100F81
:105B700000F02D840822002114A801F061FC099A8C
:105B800029AD14AB29465846126802F053FC03466F
:105B90000133089000F03B86089B23EAE3730393EC
:105BA000002309948DF83B3007930493F7E6029D98
:105BB000A86D01F059FDB5F90C206B6E90047FF5CE
:105BC00098AD99047FF59DADDB0707D4029B9B89B7
:105BD0009F0503D4029B986D01F048FD4FF0FF3301
:105BE0000593BFE6069B5B4206939AF8003048F0A7
:105BF0000408C3E52B238DF83B309AF80030BDE54F
:105C000018F0200F48F0100000F09683099B07332E
:105C100023F007031A46596852F8083B09920022FC
:105C20008DF83B20049A002AC0F2348353EA010223
:105C300020F4906800F03C8342AD03F00702DB08DB
:105C400043EA4173C908303253EA0104284605F893
:105C5000012DF2D118F0010340F0AC82049A0793B1
:105C600042AB5B1B9A42B8BF1A460893039296E672
:105C700018F0200F40F0DA80099A18F0100652F858
:105C8000043B40F0088618F0400100F088849CB284
:105C9000049B8DF83B60002B04DB28F08008002C6F
:105CA00000F0BF800A2C76F100030992FFF409AFDF
:105CB000CDE9078A0020DDF82CA042A908F4806510
:105CC000CDF80C9025E0A319C04A43F10003A2FBD4
:105CD000032C2CF0030202EB9C024FF0CC3CA146BB
:105CE000B6469B1AE31A0CFB03F2B84C66F10006A9
:105CF00004FB0622A3FB0443B9F10A0F13444FEA45
:105D000054047EF1000E414644EAC3744FEA530640
:105D10002CD3DFF8B8E2A31943F10003AEFB032C48
:105D20002CF0030202EB9C029B1AE31AA3FB0E3237
:105D300066F1000C0EFB0C225B0843EAC27303EB16
:105D40008303A4EB43033033013001F1FF3801F842
:105D5000013C002DB7D09AF800308342B3D1FF2820
:105D6000B1D00A2C76F1000380F061844546049995
:105D700042AA521B9142B8BF11469DF83B30DDF854
:105D80000C90CDF82CA00391DDE9078A0892002B36
:105D900000F0E683039B0133039300230793A8E6F7
:105DA00018F0200F48F0100340F09B82099A04324B
:105DB000099998460C680992E6173346002BBFF6FE
:105DC00072AE2D238DF83B30049B644266EB460691
:105DD000002BFFF671AE28F080086DE69AF80030CF
:105DE000682B03BF9AF8013048F400780AF1010AE1
:105DF00048F04008C2E418F0200F48F0100116D116
:105E0000099B1A1D0026099B04981B68B0421C467A
:105E10008DF83B60C0F2C78221F08008002B7FF430
:105E200041AF049B0992DBB100244AE64146099B3D
:105E3000073323F007031A465E6800238DF83B30D2
:105E4000049B52F8084B002B0992C0F2AD8254EA31
:105E5000060321F080087FF42FAE049B002BE3D1D2
:105E600008930393079342AD99E5584601F072FBFE
:105E7000436818460D9301F0B1FC0C900446584657
:105E800001F068FB81689AF800300B91002C3FF418
:105E900075AC00293FF472AC0A78002A3FF46EAC6E
:105EA00048F480686AE49AF8003048F0010865E434
:105EB0009DF83B209AF80030002A7FF45FAC202246
:105EC0008DF83B205AE49AF8003048F0800855E4F9
:105ED000504610F8013B2A2B00F0C384A3F1300296
:105EE000092A98BF002100F2748410F8013B01EBED
:105EF000810102EB4101A3F13002092AF5D941EAFF
:105F0000E172824604923BE447F630030022099C8A
:105F1000049DADF83C3054F8043B954211461846B8
:105F20008DF83B20C0F2438228F0800242F0020844
:105F30000994002B00F027830224254A03F00F0365
:105F4000D35C03948DF80731030943EA0173080910
:105F500053EA111100F0BA840DF2071503F00F0196
:105F6000515C1B0943EA0073000905F8011D53EA5F
:105F70000001F3D1049A42AB5B1B9A42B8BF1A46A8
:105F800008931346039A002A00F08F84DDE9172155
:105F9000023318F0840608469446039300F05082BA
:105FA000002307931FE518F0200F40F0CC81099AD9
:105FB00018F0100152F8043B40F0838418F04000C0
:105FC00000F00783404609929BB228E6CDCCCCCCAA
:105FD00050C7080018F0200F00F08681099B059A31
:105FE0001B681A60D2175A60099B04330993FFF7A4
:105FF0009FBB9AF800306C2B03BF9AF8013048F031
:1060000020080AF1010A48F01008FFF7B7BB069B09
:1060100003981C1A002C7FF7F8AC102C40F3F58382
:10602000BA4B48461026C146A8461D4604E0103C1F
:10603000102C00F1080015DD01321031072AC0E9EB
:106040000056CDE91721F2DD5846029916AA00F054
:106050008FFC00287FF475ACDDE91721103C102C73
:1060600019A8E9DC2B464546C84681460132214441
:10607000072ACDE91721C9F80030C9F8044000F318
:106080005E82049B089809F108091C1A002C7FF70E
:10609000C2AC102C9D4B21DD48461026994604E0E9
:1060A000103C102C00F1080016DD0132974B103126
:1060B000072AC0E90036CDE91721F1DD58460299DB
:1060C00016AA00F055FC00287FF43BACDDE917214F
:1060D000103C102C19A8E8DC4B46814601322144C3
:1060E000072ACDE91721C9F80030C9F8044000F3A8
:1060F000C38009F108098EE45846029916AA00F0F7
:1061000037FC00287FF41DAC18990DF1640990E468
:106110005846029916AA00F02BFC00287FF411AC17
:10612000DDE917210DF164096CE45846029916AABD
:1061300000F01EFC00287FF404ACDDE917210DF10E
:1061400064094EE4102C179B40F354831025704EC5
:10615000DDF8088004E0103C102C09F1080916DD78
:1061600001331031072BC9E90065CDE91731F2DDA4
:106170004146584616AA00F0FBFB00287FF4E1AB2D
:10618000DDE91731103C102C0DF16409E8DC013316
:106190002144072BC9E90064CDE917317FF752ACE0
:1061A0005846029916AA00F0E3FB00287FF4C9AB19
:1061B000189947E4302A00F0B6813023049A023857
:1061C00005F8013C42AB1B1A9A42B8BF1A46054675
:1061D0000893039218F08406DDE9172108469446D7
:1061E00000F078839DF83B30002B00F0768300238D
:1061F00007930A93FFF7E5BB00230A93102C62462E
:1062000040F3EC8249461023C146414EA846029D08
:1062100004E0103C102C01F1080117DD01321030B0
:10622000072AC1E90063CDE91720F2DD2946584667
:1062300016AA00F09DFB00287FF483ABDDE9172050
:10624000103C102C4FF0100319A9E7DC4546C84656
:10625000894601322118072ACDE91721C9F80060C3
:10626000C9F8044000F32E819DF83B6009F108094C
:106270008EB30026FFF7A5BB5846029916AA00F078
:1062800077FB00287FF45DABDDE917210DF1640990
:10629000FFF7C1BB20F48068CEE4079301230DF221
:1062A00007150893FFF77BBB98047FF52AAA95E4AE
:1062B000049A002A7FF4C0AC10F00102039200F0AF
:1062C000FB8030238DF80731049B089207930DF271
:1062D0000715FFF764BB0A9B002B7FF484ABFFF725
:1062E00094BB9846FFF7D2BB18F0100F40F03B81EB
:1062F00018F0400F40F0468218F4007F00F0338120
:10630000099B059A1B681A706EE600BFC0C9080099
:10631000D0C90800099A18F0100F52F8044B40F049
:10632000D28218F0400F099200F05D8144F3C0362C
:10633000334624B2FFF7B4BB099B1A1D099B002109
:106340001B6809926BE4404660E4B14A18F02001F2
:1063500000F098800999073121F0070108460446AA
:1063600054F8080B4968099418F00105039571D099
:1063700050EA010440F0BD8000238DF83B30049BBF
:10638000002BC0F24B8128F4906800F0E68113786E
:106390000DF207158DF80731039B0893049B0393B7
:1063A00018E79C4AD2E709928846FFF785BB10465A
:1063B000984A03F00F01515C1B0948F002088DF860
:1063C0000711099400F0738202210391C4E5099B2F
:1063D00029AD1B688DF8A430012303930893FFF7C0
:1063E000DFBB002A00F0AE813023FFF76DBB079BB7
:1063F0000822002114A8119301F022F8049B002B1D
:10640000C0F25E810024CDF80C90254699460FE03D
:1064100014AB584629A902F00DF8431C04F10404FA
:10642000284400F0F481484506DC00F0058205466A
:10643000119B1A59002AEBD1DDF80C9004954EE11E
:10644000069C039B0796E41A002C7FF7CCAA022334
:106450000A93D3E6039B8DF83B30049B002B22DB91
:1064600050EA010328F4906854D10499002900F0FF
:10647000CB80137803918DF8073101230DF20715B6
:106480000893A7E6099C54F8040B099418F010042B
:106490007FF46AAF18F0400100F0B080214680B26E
:1064A00062E748F0020808F0020400F00F03D35C32
:1064B000039428F4806845E5049B42ADCDE9073399
:1064C000FFF76DBA5846029916AA00F051FA06462F
:1064D00000287FF436AADDE917219DF83B30002B18
:1064E00073D10A9B0DF16409002B7FF47CAAFFF79E
:1064F0008CBA8DF83D3030238DF83C3000238DF878
:106500003B30049B002BCCDB28F4906343F0020863
:106510000223039300F00F03D35C13E5284600F039
:1065200097FBFFF7DCB8049A42AB5B1B9A42B8BFFB
:106530001A460893002303920793FFF730BA584690
:10654000029916AA00F014FA00287FF4FAA9DDE9EE
:1065500017210DF16409FFF758BA079D04930996B6
:106560000793FFF71CBA099B059A1B681A603BE565
:10657000049B294D062B28BF0623099603930492FA
:106580000893FFF70CBA002D00F0EA8030230122B7
:106590008DF8073108922B460DF20715F6E418F432
:1065A000007640F0E18004991C4600298DF83B609C
:1065B000FFF678AB28F08008002B7FF473AB0B4616
:1065C000099200297FF430AC4AE40DF16409FFF729
:1065D000F8B918F4007100F0D180014609924046E4
:1065E000DBB2FFF71CBB18F4007F14BF44F3C016E6
:1065F000E617334618BF64B2FFF752BA18F40074B6
:106600000CBF2146C0B2AFE6049B42AD0893E1E562
:106610003CC7080050C7080064C7080013780895F5
:106620008DF8073128F480680DF20715D2E50C9A31
:106630000D99A8EB0209484600F050FF9AF8013086
:106640000BB10AF1010A4FF0CC310120A44AA31981
:1066500043F10003A2FB03CE2EF0030C0CEB9E0CC7
:10666000A3EB0C03E31A03FB01F166F10006A3FBA5
:10667000023402FB0611C340214443EAC17421FAEB
:1066800000F6A31943F10003A2FB031C2CF0030145
:1066900001EB9C015B1AE31AA3FB023166F1000CCB
:1066A00002FB0C12C34043EAC27303EB8303A4EB67
:1066B0004303303309F1FF3809F8013CFFF74BBBC6
:1066C00014AB009300235846194611AA01F0D8FED6
:1066D00003460133049000F09A80079B1193049BBA
:1066E0002BB3632B68DC002329AD0793082200211C
:1066F00014A800F0A5FE049C14AB00932946234681
:10670000584611AA01F0BCFE844240F0C780002325
:10671000049A22EAE271AB54039111469DF83B20A2
:10672000002A69D1CDE908160492FFF738B99DF81F
:106730003B30079D003B18BF01230393049B099640
:10674000089347E59DF83B303BB1049B42ADCDE952
:10675000073301230393FFF7CCB9049BFFF780BBFA
:10676000049B42AD089311E4DCB2049B0E46002B5F
:106770008DF83B10BFF691AAFFF794BA40460992F4
:10678000FFF74DBA099B059A1B681A802CE4079DF8
:10679000284601F023F89DF83B3020EAE07208908B
:1067A0000392002B3FF4D9AE1346013304940996AB
:1067B00003930794FFF79DB95846591C01F0A4F9BB
:1067C000054620B3079091E7886D00F04FFFFFF773
:1067D00074B8002282460492FEF7D2BF414E38E5DB
:1067E0005846029916AA00F0C3F800283FF492A870
:1067F000FFF7ADB83B4ECAE4049A0493039BCDE97E
:10680000082601330393FFF774B9374B2EE402983F
:10681000B0F90C30426E43F04001D50781813FF55D
:10682000DDA999053FF5DAA9FFF725B9079D04927F
:1068300009960792FFF7B3B8DDF80C904FE742B125
:10684000049A099608920132CDE903200790FFF7D8
:1068500050B9049B0792CDE9033209960893FFF7DC
:106860009EB8099A9AF8013052F8041B82460992A0
:1068700041EAE1720492FEF781BF029A536EDD078E
:106880003FF5ACA993899C053FF5A8A9906D00F050
:10689000EDFEFFF7A3B94146FFF7B4BA029A938918
:1068A00043F040039381FFF74CB8039392E4012235
:1068B000049B0892012BB8BF01230DF20715FFF7C7
:1068C00065BB40463AE54346FFF772BA0DF207153D
:1068D000FFF750BB0796FFF769B80793FFF792B829
:1068E000CDCCCCCCD0C90800C0C908002DE9F041FE
:1068F0004FF480650027ADF58D6D1AAECDE90557D3
:10690000984607460096049616468B8916A823F0EB
:106910000203ADF80C304B6E02951993CB890D46EE
:10692000ADF80E30CB696C4607934B6A099300F0C3
:1069300097FE3246434669463846FEF7BBFE061EC2
:1069400007DB6946384600F0B5F8002818BF4FF05D
:10695000FF36A3895B0603D5AB8943F04003AB81C7
:10696000A06D00F07FFE30460DF58D6DBDE8F08125
:10697000936810B514461BB918460023636010BD18
:1069800000F090F90023A3600023636010BD00BFF6
:10699000B1F90C20F8B513070C46074648D44968EE
:1069A00042F400630029A3815FDDA66A002E3DD07A
:1069B000002112F480523D68396062D101233846CB
:1069C000E169B047461C024668D0B4F90C30A66AAB
:1069D000580705D56368D21A236B0BB1E36BD21A43
:1069E0000023E1693846B047411CB4F90C304AD164
:1069F00039681D293FD82E4ACA40D2073BD500220C
:106A000062602269DE04226023F40062A28101D563
:106A1000002941D0216B3D6041B104F1400399420E
:106A200002D0384600F074FF002323630020F8BD35
:106A30000E69002EFAD0920718BF00230D6808BF18
:106A40004B690E60AD1B8B600CE02B463246D4F8D0
:106A500024C03846E169E047B0F1000CA5EB0C0515
:106A6000664406DD002DF0DCE0E7E16B00299CDCEC
:106A7000DCE7B4F90C3043F040034FF0FF30A38162
:106A8000F8BD226DA4E7002262602269226023F42F
:106A90000062DB04A281BDD52065BBE73B68002B0B
:106AA00093D01D2B01D0162BE3D13D60BEE700BF74
:106AB0000100402038B505460C4608B1436B03B3CE
:106AC000B4F90C0088B1636EDB0701D481050FD5E2
:106AD00028462146FFF75CFF636E0546DA0702D4BD
:106AE000A3899B0508D5284638BD0546284638BDEC
:106AF000A06D00F0B9FDEBE7A06D00F0B7FD2846F2
:106B000038BD00F0A5F8DBE7024A0349034800F06E
:106B100035BA00BFAC03002041A7080028050020BB
:106B20000C4B416810B59942044601D003F008FEB1
:106B3000A168094B994202D0204603F001FEE168AA
:106B4000064B994204D02046BDE8104003F0F8BD42
:106B500010BD00BF043400206C340020D434002069
:106B60002DE9F84300250423304C314A3149DFF840
:106B7000C890DFF8C880324F324E116004F15C00DB
:106B800029460822C4E90335C4E90055C4E905557E
:106B9000A560656600F054FC04F15800C4E907499B
:106BA000C4E90987E66200F05BFD274B294608220D
:106BB00004F1C4006367C4E91A55C4E91E5525678A
:106BC000C4F8CC50C4F8805000F03AFC04F16803DB
:106BD00004F1C000C4F88430C4E92298C4E92476E2
:106BE00000F03EFD194B294604F596700822C4F8C2
:106BF000DC30C4E93455C4E93855C4F8D850C4F879
:106C00003451C4F8E85000F01BFC04F1D003C4E98F
:106C10003D87C4F8F09004F59470C4F8FC60C4F8A3
:106C2000EC30BDE8F84300F01BBD00BF0434002089
:106C30003C350020096B0800B9710800DD710800BF
:106C40001D720800417208000900010012000200D4
:106C500010B504460A4800F007FD636B23B9094BE1
:106C6000094A1B68626323B1BDE81040044800F084
:106C7000FDBCFFF775FFBDE81040014800F0F6BC11
:106C80004C3500203C350020216B0800014800F005
:106C9000EBBC00BF4C350020014800F0E7BC00BF52
:106CA0004C3500209368002B00F0B2802DE9F04FA6
:106CB000B1F90CC017461CF0080F80460C4683B093
:106CC00025D00B691BB31CF002033D682BD04FF09D
:106CD000000B5E46DFF8A0A2002E00F0888056452B
:106CE00033465A4628BF53464046E169D4F824C08B
:106CF000E047002840F38480BB6883441B1A361A9F
:106D0000BB60002BE8D1002003B0BDE8F08F214626
:106D1000404600F099FA002877D1B4F90CC03D68DC
:106D20001CF00203D3D11CF0010973D14E46002E92
:106D300059D01CF4007F2068D4F808B000F0AD8072
:106D4000B3455A4600F2DC801CF4906F32D02369C0
:106D50006269A0EB030A02EB420202EBD2720AF173
:106D6000010152103144914292BF93468B460A462C
:106D70001CF4806F00F0E2801146404600F0C4FE33
:106D8000002800F0F28052462169019000F0B0FC2A
:106D9000A289019B22F4906242F08002A28103EB5F
:106DA0000A002361C4F814B0ABEB0A033246B346C1
:106DB000A3602060B24600264946019200F0C2FA64
:106DC000A368019AA3EB0B012368A160134423601D
:106DD000BB68D144A3EB0A03BB60002B93D0B4F98A
:106DE0000CC0002EA5D1D5E9009608359FE7D5E95E
:106DF00000B6083570E721464046FFF75BFE68B3F2
:106E0000B4F90C3043F04003A3814FF0FF307BE72F
:106E1000002070471E46BA46994618461F465EB384
:106E200080B34A4620682169B24228BF3246884270
:106E3000636904D9A16803EB010B5A4570DC9342E6
:106E400061DC3A464046E169D4F824C0E047B0F13D
:106E5000000BD5DDB9EB0B09CDD00120DAF80830F5
:106E60005F44A3EB0B03A6EB0B06CAF80830002B1C
:106E70003FF449AF002ED3D16E682B460835002E63
:106E8000FAD01F6832460A21384600F0F1FB00288C
:106E900068D00130A0EB0709C3E72369834217D309
:106EA0006369B34214D86FF0004CB44528BFB446B0
:106EB0009CFBF3FC4A4603FB0CF34046E169D4F823
:106EC00024C0E047B0F1000A9ADDA6EB0A067FE78E
:106ED000B345DA4628BFB2464946524600F032FA78
:106EE000A3682268A3EB0A035244A3602260002B2C
:106EF000EBD121464046FFF7DDFD0028E5D07FE7D6
:106F0000B346324656E73946019200F01BFA019A21
:106F1000A36893469B1AA36023681344236099E7F0
:106F200039465A4600F00EFA236821465B44404633
:106F30002360FFF7BFFD00288CD061E7194640466B
:106F400001F0C2F8034600287FF429AF40462169CA
:106F500000F0DEFC0C22B4F90C30C8F8002023F05D
:106F600080034FE7721C91465CE70C22B4F90C30A9
:106F7000C8F8002046E700BF00FCFF7F2DE9F8437A
:106F80004FF0000980460F461646D6E90154013DF0
:106F900010D4A389012B08D9B4F90E30013304D0E1
:106FA00021464046B84749EA0009013D6B1C04F1FF
:106FB0006804EED13668002EE7D14846BDE8F88374
:106FC000B1FA81F252094FF48063520000F000B828
:106FD0002DE9F041664C0E46D4F800801746044671
:106FE0001D4684B0B8F1000F04D0D8F83430002B1F
:106FF00000F0A680022F05D0012F00F2A580002D01
:10700000C0F2A280636EDB073DD521464046FFF704
:1070100051FD216B41B104F14003994202D0404639
:1070200000F076FC002323630022B4F90C30A26147
:107030001906626057D423F44A6323F00303022F36
:10704000A3815DD003AB2146404602AA03F040FC79
:10705000A3891843A081EDB1EEB1D8F8343043B321
:10706000029AB4F90C30AA421CBF43F40063A38116
:10707000012F22D01807C4E90465266027D5D90757
:1070800053D4A56025E0A3899805BED4A06D00F077
:10709000EBFABAE7029D284600F02EFD06460028CE
:1070A00055D0A38943F08003A381D8F83430002B56
:1070B000D6D14046FFF7CCFDD2E743F00102C4E948
:1070C000046512B226601E07A2812FD41346002247
:1070D000A260626ED20701D49B052DD500252846FB
:1070E00004B0BDE8F0814046216900F011FCB4F91C
:1070F0000C30022F23F44A6323F00303A381A1D1B0
:1071000000250020012104F1430222602261626E09
:1071100043F00206D207A681A0606161DFD49F051B
:10712000DDD4A06D00F0A2FAD9E71A4600216D4225
:107130001346A561A160CCE7A06D00F097FACDE7FA
:107140004046FFF785FD55E74FF0FF35C7E7029B47
:10715000AB4208D01846019300F0CEFC019B0646D6
:107160001D4600289DD14FF0FF35B4F90C30C8E71B
:10717000240500200EB470B504466FF000460025CB
:107180009DB00B4A21AB0B49106853F8042B0591B5
:1071900002A9CDE90134049607961B95069401F0E7
:1071A0007BF9029B1D701DB0BDE8704003B07047B5
:1071B000240500200802FFFF10B50C46B1F90E109F
:1071C00000F0F4F9002803DB236D0344236510BDB0
:1071D000A38923F48053A38110BD00BF2DE9F041A2
:1071E0000C46B1F90C101F46CB05054616460BD4CC
:1071F00021F48051A1813B4632462846B4F90E1055
:10720000BDE8F04100F0E8B9B4F90E100223002205
:1072100000F0B6F9B4F90C10EAE700BF10B50C465F
:10722000B1F90E1000F0ACF9B4F90C30421C0EBFED
:1072300023F4805343F480532065A38110BD00BF25
:10724000B1F90E1000F08AB938B53D4B05461B6800
:107250000C4613B15A6B002A5AD0B4F90C301907F6
:107260000BD522699AB113F0010221D19B0756BFB9
:107270006369A260A360002038BDDA0658D55807BC
:107280001CD4226943F00803A381002AEBD199059D
:1072900028D5180603F0800124D4D80741D49D07CF
:1072A0003CD5A2600029E6D043F04003A38144E02E
:1072B00000226369A2605B42A361DCE7216B51B1EC
:1072C00004F14002914204D0284600F021FBB4F9B9
:1072D0000C30002222630021226923F02403C4E938
:1072E0000021CFE72146284603F08AFAB4F90C3092
:1072F000226913F001010FD000206169A0604942AA
:10730000A161002AB7D103F080010029B3D0CBE7F7
:107310001846FFF79DFCA0E7980700D46169A160BB
:10732000EFE76069A2604042A0610029A3D0BBE7FB
:10733000092243F040032A60A3814FF0FF3038BD9B
:107340002405002088420DD98B1883420AD900EB0E
:10735000020C5AB3624613F801CD994202F801CDEE
:10736000F9D170470F2A0DD802F1FF3CF2B10CF1B0
:10737000010C431E8C4411F8012B614503F8012FC9
:10738000F9D1704740EA01039B07F0B50C460ED0D7
:10739000034602F1FF3C0CF1010C013B8C4411F857
:1073A000012B614503F8012FF9D1F0BD7047A2F11F
:1073B000100525F00F0501F1200E01F11003AE4478
:1073C00000F1100C53F8106C10334CF8106C53F89B
:1073D0001C6C0CF1100C4CF81C6C53F8186C4CF82D
:1073E000186C53F8146C73454CF8146CEAD101EB2B
:1073F000050C0CF11001054412F00C0F05F11003FF
:107400008E4602F00F0518D0043D25F00305AC446C
:107410000CF1140C041B0F460E193F680431614532
:107420003760F8D12C1D04EB0E01234402F0030257
:1074300002F1FF3C002AAED1F0BD2A46F8E700BFBA
:10744000830730B546D08446841805E0634603F8C8
:10745000011B9D0703D09C46A445F7D130BD013ADE
:107460000244A2EB0C02032A29D9CCB204EB042477
:107470000F2A04EB04442FD9A2F1100C2CF00F0CAE
:1074800003F11005AC44C3E90044C3E902441033DE
:107490006345F8D112F00C0F02F00F0E18D01A4607
:1074A0002EF0030C9C44AEF1040542F8044B6245F7
:1074B000FBD125F0030404330EF003022344002A19
:1074C000CCD0C9B21A4403F8011B9342FBD130BDA2
:1074D0007246F4E70346C6E79646E0E740EA010352
:1074E0009B0710B524D1032A22D98E468446DEF8A4
:1074F00000407146A4F1013323EA040313F0803FF6
:107500000EF1040E15D1043A032A4CF8044BEED8C0
:10751000714601F1FF3E52B163461EF8011F541E31
:1075200003F8011B41B122469C46002AF4D110BD4C
:10753000844601F1FF3EEEE79444002CF7D003F8B7
:10754000011B6345FBD110BD014B93F82801704727
:10755000B803002000487047A8040020002238B576
:10756000064D044608462A60FBF770FC431C00D019
:1075700038BD2B68002BFBD0236038BD4035002080
:1075800038B50C46114600228446074D20462A6035
:107590001A466446FBF766FC431C00D038BD2B68D6
:1075A000002BFBD0236038BD4035002038B50C4699
:1075B000114600228446074D20462A601A4664463A
:1075C000FBF79AFB431C00D038BD2B68002BFBD087
:1075D000236038BD4035002038B50C4611460022E6
:1075E0008446074D20462A601A466446FCF7A6FFEB
:1075F000431C00D038BD2B68002BFBD0236038BD66
:1076000040350020014B1868704700BF240500205A
:1076100070B50F4B0F4DAB42A3EB050607D000240E
:10762000B61055F8043B01349847A642F9D805F046
:10763000E7FA094D094B5E1BAB424FEAA60606D09E
:10764000002455F8043B01349847A642F9D870BD90
:107650000CCC08000CCC08000CCC080014CC0800A2
:10766000704700BF704700BF704700BF704700BF42
:1076700030B586468007CCB215D0F4460EEB020535
:1076800007E0634613F8011BA14206D0990705D015
:107690009C4665456046F4D1002030BD013A7244F5
:1076A0009E46A2EB0C02032A0CD8002AF4D07346A3
:1076B000724401E09A42EFD0184613F8011BA14230
:1076C000F8D130BD714604EB042505EB05458E4627
:1076D00051F8043B6B40A3F1013020EA030313F09F
:1076E000803FE4D1043A032AF1D88E46DDE700BF9B
:1076F000844641EA000313F0030349D1403A23D3FF
:107700000B6803604B6843608B688360CB68C36021
:107710000B6903614B6943618B698361CB69C36109
:107720000B6A03624B6A43628B6A8362CB6AC362F1
:107730000B6B03634B6B43638B6B8363CB6BC363D9
:1077400040304031403ADBD230320BD30B6803601B
:107750004B6843608B688360CB68C3601030103126
:10776000103AF3D20C3205D351F8043B40F8043BF5
:10777000043AF9D2043208D0D2071CBF11F8013BF9
:1077800000F8013B01D30B8803806046704700BFBF
:10779000082A13D38B07B1D010F00303AED0C3F186
:1077A0000403D21ADB071CBF11F8013B00F8013BB0
:1077B000A4D331F8023B20F8023B9FE7043AD9D327
:1077C000013A11F8013B00F8013BF9D20B78037044
:1077D0004B7843708B7883706046704720F00301CC
:1077E00010F00300C0F1000051F8043B00F1040C5C
:1077F0004FEACC0C6FF000021CBF22FA0CF21343CC
:107800004FF0010C4CEA0C2C4CEA0C4CA3EB0C0294
:1078100022EA030212EACC1204BF51F8043B0430FE
:10782000F4D0C2F1000102EA0102B2FA82F2C2F11E
:107830001F0200EBD2007047024B13B1024800F068
:1078400005B8704700000000A1A908000023014608
:107850001A46184603F0FCB82DE9F84306460820FE
:10786000894603F0B1F80546DFF89880304600F00D
:107870001FFCD8F808305F6827F00307A7F1110450
:10788000A4EB09042C44B4FBF5F4013C05FB04F41F
:10789000A54208DC0021304603F070F8D8F8083023
:1078A0003B44984205D0304600F008FC0020BDE87B
:1078B000F8833046614203F061F801300FD0124A7C
:1078C000D8F808303F1B47F001075F601368304667
:1078D0001B1B136000F0F2FB0120BDE8F8830021C0
:1078E000304603F04BF8D8F80820831A0F2BDADD66
:1078F00043F001035360054B03491B68C01A08603D
:10790000D1E700BF78060020543500206C06002027
:1079100000295AD0F8B50C46074600F0C9FB54F8C8
:1079200004CC724DA4F108022CF00103D118A86810
:107930004E68884226F003060CF0010E7CD04E60A3
:107940008819406800F00100BEF1000F2ED154F8F4
:10795000084C05F1080C121B23449468644560D060
:10796000D2F80CE0C4F80CE0CEF8084000287DD036
:1079700043F0010050600B60B3F5007F2ED2580930
:10798000D908012383406868013103436B6055F8CF
:10799000310005EBC103083BC2E9020345F8312081
:1079A000C2603846BDE8F84000F088BB70B9334487
:1079B00005F1080C886843F0010460456ED0C96881
:1079C000C16088605460D350D6E770474CF0010125
:1079D000B3F5007F44F8041CD350D0D3B3F5206F27
:1079E0004FEA532144D2990901F1390001F13804D9
:1079F000C100681869580838884203D155E0896881
:107A0000884204D04C6824F003049C42F7D8C8682C
:107A1000C2E9021082603846BDE8F840CA6000F052
:107A20004DBB80BB1E44D1E90213CB60996046F088
:107A3000010353609651B4E71E44BEF1000F07D115
:107A400054F8083CD21A1E44D2E90213CB60996064
:107A500046F001035360264BAA601B68B342A0D8CE
:107A6000244B38461968FFF7F7FE9AE73344A1E73D
:107A700014290DD954291FD8190B01F16F0001F1F8
:107A80006E04C100B5E743F0010050600B6088E769
:107A900001F15C0001F15B04C100AAE7C5E9042221
:107AA000C2E902CC5460D3507BE70123A410A34069
:107AB0006C6823436B60ABE7B1F5AA7F06D8D90B9E
:107AC00001F1780001F17704C10092E740F25450CF
:107AD000814206D8990C01F17D0001F17C04C100BE
:107AE00087E74FF47E717E2483E700BF780600208D
:107AF0007006002084350020024B0146186800F013
:107B000003B800BF240500202DE9F04F01F10B055B
:107B1000162D064683B024D8102900F2AE8000F05E
:107B2000C7FA102518234FF0020CC04F3B445C6885
:107B3000A3F10802944200F05F8130466368E26876
:107B4000A16823F00303CA60234491605A68083493
:107B500042F001025A6000F0B1FA204603B0BDE8DD
:107B6000F08F35F0070500F18880A94200F285808A
:107B700000F09EFAB5F5FC7FC0F0B1816B0A00F011
:107B80008380042B00F26E81AB0903F1390C03F101
:107B9000380E4FEACC00A54F384444680838A0425C
:107BA00007D10DE0002AE16880F22081884207D0E9
:107BB0000C46636823F003035A1B0F2AF2DDF446D8
:107BC000DFF86C823C69444500F0FD80636823F077
:107BD0000309A9EB05030F2B00F38681002BC7E9EE
:107BE000048880F27081B9F5007FD7F804E080F056
:107BF0000A8101234FEAD9014FEA5919194403FABE
:107C000009F357F831204EEA030E07EBC103083B96
:107C1000A260E360C7F804E047F83140D460012077
:107C20004FEAAC039840704535D810EA0E0F07D1E3
:107C30002CF0030C400010EA0E0F0CF1040CF9D0EC
:107C400007EBCC0AD646E146DEF80C300BE059686B
:107C50001C4621F003014A1B0F2ADB6800F30F8149
:107C6000002A80F223819E45F1D109F1010919F022
:107C7000030F0EF1080EE7D160E10C2333600024FE
:107C8000204603B0BDE8F08F4FF400704FF0400C79
:107C90004FF03F0E7FE7BC68636823F00309A945F6
:107CA00004D3A9EB05030F2B00F39080614B082050
:107CB0001B6803F1100804EB0903009302F084FE33
:107CC0005D4A83461368A844013305D008F1FF38A4
:107CD0008044434203EA08084146304602F04EFE23
:107CE000B0F1FF3F8246544A00F0198104EB0903CA
:107CF000834200F21281514B0BF1FF3C1868404463
:107D0000186000F068811168013100F0708104EBA7
:107D10000902AAEB020202441A601AF00702CDE936
:107D2000002300F02A81C2F108029244D04408EAFC
:107D30000C015A44521A02EA0C0B5946304602F022
:107D40001DFE421C019B00F06F81A0EB0A0000EBBE
:107D50000B08186848F001025844BC42C7F808A054
:107D60001860CAF8042017D0B9F10F0F40F2428111
:107D70004FF0050C6168A9F10C0222F0070201F036
:107D80000101114361600F2A04EB0201C1E901CC3A
:107D900000F25281DAF804205446294B19688142D6
:107DA00038BF1860274B1968814238BF186022F02D
:107DB0000308A845A8EB050301D30F2B06DC3046CA
:107DC00000F07CF95BE7D7F804E028E7621943F09C
:107DD000010345F0010565603046BA600834536020
:107DE00000F06CF9204603B0BDE8F08FA268304681
:107DF000D16023448A60A9E6DC68A3427FF49DAE8B
:107E00000CF1020CDCE6B9F5206F4FEA59227DD364
:107E1000142A00F2C58002F15C03DB005B32F91822
:107E2000FB580839994212D19EE000BF7806002025
:107E300080060020843500206C0600205435002088
:107E4000803500207C3500209B68994204D05A6818
:107E500022F003024A45F7D8D968C4E902318C60A0
:107E6000DC60DCE6142B5DD9542B00F2A2802B0BD6
:107E700003F16F0C03F16E0E4FEACC008BE6D4F8E1
:107E800008C03046661945F001056560CCF80C3035
:107E9000C3F808C042F00103C7E90466C6E90288D6
:107EA0007360625000F00AF90834E9E621444A6838
:107EB000304642F001024A6054F8082FD3609A60BD
:107EC00000F0FCF8DCE6A144D9F80430304643F079
:107ED0000103C9F8043000F0F1F80834D0E64FEAA5
:107EE000D50C05F1080320E6621943F0010145F0C5
:107EF000010565603046C7E90422C2E90288516085
:107F000044F8093000F0DAF80834B9E64FEA99127B
:107F100002F13903DB00383281E7BC4254D0BC683F
:107F2000626844E703F15C0C03F15B0E4FEACC009E
:107F300031E65AF80839534540F09F801CF0030F92
:107F40000CF1FF3CF5D17B6823EA00037B60400025
:107F500098423FF6A0AE18B99DE6400009F1040929
:107F60001842FAD0CC466BE60120921000FA02F2D9
:107F70004EEA020EC7F804E06FE70AEB080202EAD5
:107F80000C02ABEB020202EA0C0B5946304602F03F
:107F9000F5FC431C019B7FF4D8AEDDF800B0D8E6B9
:107FA000542A2BD84FEA193202F16F03DB006E32EC
:107FB00035E7B3F5AA7F2BD8EB0B03F1780C03F16F
:107FC000770E4FEACC00E6E52D4B0BF1FF3C18682D
:107FD0004044186097E61AEA0C0F7FF494AED7F885
:107FE00008A0C84448F00102CAF80420D4E6C2F848
:107FF00000A092E60123CAF80430E0E6B2F5AA7FB9
:1080000025D84FEAD93202F17803DB00773206E750
:1080100040F25452934225D8AB0C03F17D0C03F18E
:108020007C0E4FEACC00B6E5009A4FF0000B083A00
:108030009044A8EB0A088CE6304604F1080100934E
:10804000FFF766FC009BD7F808A01868A2E640F28C
:1080500054539A420DD84FEA994202F17D03DB0056
:108060007C32DCE64FF47E704FF07F0C4FF07E0EDA
:1080700091E54FF47E737E22D1E67B6867E700BF0F
:108080005435002082B049B15AB16BB113780B60FE
:108090001278101E18BF012002B0704701A9002AF3
:1080A000F3D1104602B070476FF00100F4E700BF53
:1080B0000148FFF7D9BA00BF443500200148FFF757
:1080C000D5BA00BF443500202DE9F84F16460029E7
:1080D00000F098800C46804606F10B05FFF7E8FF9C
:1080E00054F8041C162DA4F1080921F0030758D8F0
:1080F0001025AE4258D8AF4262DAC04B09EB070CEC
:108100009A68DCF80400624500F0928020F00103D8
:1081100063445B68DB076AD420F003003B189D4290
:1081200049DDCB0712D454F8083CA9EB030BDBF86C
:10813000043023F00302104400EB070A554540F3D6
:10814000F88007EB020A554540F3CE8031464046A1
:10815000FFF7DAFC0646002800F0238154F8043CBF
:10816000A0F1080223F001034B44934200F0B680D3
:108170003A1F242A00F2D980132A00F2A480034671
:108180002246116819605168596092689A602146C8
:108190004046FFF7BDFB4046FFF790FF3046BDE885
:1081A000F88F35F00705A4D50C23C8F80030002659
:1081B0003046BDE8F88F1F46DCE90223D3609A60A1
:1081C000D9F804307A1B0F2A03F0010309EB0700EA
:1081D0001DD83B43C9F80430436843F001034360B2
:1081E0004046FFF76BFF26463046BDE8F88FC907CB
:1081F000ACD454F8083CA9EB030BDBF8043023F0B3
:1082000003029EE71146BDE8F84FFFF77DBC2B4304
:1082100009EB050142F00102C9F804304A604368E5
:10822000083143F0010343604046FFF771FBD7E795
:1082300020F00300C21905F1100C624580F2928013
:10824000CA0783D454F8082CA9EB020BDBF80420EE
:1082500022F00302104400EB070AD4453FF771AF48
:108260005E46DBF80C1056F8080F3A1F242AC1604E
:10827000886000F2B080132A40F2AB8021681B2A8C
:10828000CBF808106168CBF80C1000F2AA80083413
:108290000BF110022168116061685160A168916062
:1082A000AAEB05020BEB050142F0010299604A605E
:1082B000DBF80430404603F001032B43CBF80430D5
:1082C000FFF7FCFE90E723681B2A036063684360A6
:1082D0003DD804F1080200F1080352E750F8043CCD
:1082E00023F003031F446BE75E463A1FDBF80C30B4
:1082F00056F8081F242ACB60996023D8132A1FD967
:1083000023681B2ACBF808306368CBF80C303CD8C4
:1083100008340BF1100322681A6062685A60A26880
:108320009A6034465746D9464AE72146FFF70AF88D
:108330002DE7DCE902135E46CB603A1F9960D5E772
:108340003346E8E721463046FEF7FCFFE9E7A3683D
:10835000242A8360E368C36027D004F1100200F18F
:1083600010030EE7521B09EB050142F00102996070
:108370004A6054F8043C404603F001032B4344F8A0
:10838000043CFFF79BFE26462EE7A368242ACBF881
:108390001030E368CBF8143010D010340BF1180310
:1083A000B9E74046FFF78AFE01E7236904F11802A6
:1083B00003616369436100F11803E2E6236918343D
:1083C000CBF8183054F8043CCBF81C300BF12003E8
:1083D000A1E732465EE721463046FEF7B3FF074B82
:1083E0005EE7A168242ACBF81010E168CBF81410DE
:1083F00006D010340BF118024CE700BF78060020BD
:1084000022691834CBF8182054F8042CCBF81C201F
:108410000BF120023EE700BF034649B1FF2A02D814
:1084200001200A7070478A224FF0FF301A607047AF
:108430000846704770B5054684B05BB11C460F4BCB
:10844000D3F8E060234669B12846B047431C0FD0FB
:1084500004B070BD094B00F58274D3F8E060234688
:108460000029F1D10A46284601A9B047431CEFD1A3
:1084700000228A2322602B6004B070BDB803002064
:1084800010B51C4682B0049B009401934FF0FF335B
:1084900004F01CF802B010BD2DE9F04FDBB00C4623
:1084A00015460A910E938346FFF754F80368184661
:1084B0001793FFF793F90822169000212AA8FEF7D8
:1084C000BFFFA3891B0603D52369002B01F0A980F8
:1084D000002300249E46CDE92F33002331AACDE9A5
:1084E00012342F461446CDE91AEE2E92CDF860E0F4
:1084F000CDF864E0CDF820E0CDF844E03D466E4B89
:10850000D3F8E460FFF720F80DF1A80C03462A46E3
:10851000584626A9CDF800C0B047002800F09F803B
:10852000C0F29580269B252B01D00544E7E7B5EBEB
:108530000708064640F0978000224FF0FF3392462E
:10854000079301352B788DF88F20099299460135D4
:10855000A9F120035A2B00F2B180DFE813F03A02B0
:10856000AF00AF003602AF00AF00AF001902AF009E
:10857000AF006A00F301AF00EF01FC01AF00F801AA
:108580005B005B005B005B005B005B005B005B0013
:108590005B00AF00AF00AF00AF00AF00AF00AF00B7
:1085A0002301AF007901F702230123012301AF006A
:1085B000AF00AF00AF00F302AF00AF004402AF0066
:1085C000AF00AF00B601AF009902AF00AF00B70730
:1085D000AF00AF00AF00AF00AF00AF00AF00AF0023
:1085E0002301AF0079016401230123012301180352
:1085F00064017400AF003103AF00220366033B0344
:108600007400AF00B6017200D202AF00AF002908BB
:10861000AF0072000022A9F1300315F8019B02EBB4
:10862000820203EB4202A9F13003092BF5D909922A
:108630008EE70E9B53F8042B002A09920E93C0F28A
:108640007A812B7882E72B784AF0200A7EE708228D
:1086500000212AA8FEF7F4FE012005444FE7B5EB00
:108660000708064610D02F9A309B01324344072A50
:10867000C4E9007830932F9215DC0834089B4344FA
:108680000893002E7FF458AF309B002B41F05883A5
:108690000A9B9B8903F04003002B41F0F087089868
:1086A0005BB0BDE8F08F58460A992EAA02F01CF87C
:1086B0000028EDD131ACE1E7B8030020B9F1000F9B
:1086C000E2D0002301228DF804910C9241AF8DF885
:1086D0008F300B93CDE90623CDE90F331493309EF1
:1086E0001AF08403314600F0E2809DF88F20FAB141
:1086F0004FF000082F9801220130013662600728F0
:108700000DF18F02CDE92F06226000F3FB830834C0
:10871000B8F1000F0CD02F980222013002366260AF
:10872000072824AACDE92F06226000F3DF8308344E
:10873000802B00F0E482079B0C9AA3EB0208B8F1AF
:10874000000F00F324831AF4807F40F081820C9B99
:1087500027601E4463602F9B30960133072B2F93B5
:1087600000F36D8308341AF0040F05D0099B069AB4
:108770009F1A002F00F3D483DDE9083206998A425C
:10878000ACBF9B185B180893002E40F03883002381
:108790002F930B9B1BB158460B99FFF7B9F82F4647
:1087A00031ACABE60E9B073323F00701F1E802235F
:1087B000CDE91223139B1E9223F000431F930E91C9
:1087C0004FF0FF32DDE91E01AE4BFCF74DFC0028F7
:1087D00040F02186DDE91E014FF0FF32A94BFCF786
:1087E00025FC0646002840F01686DDE9120100222D
:1087F00000232AF0800AFCF70FFC002841F04B818F
:108800009DF88F30B9F1470FCCBF9F4F9F4F002B82
:1088100041F021860322CDE90F330B930C9207938D
:10882000149306925BE71AF0200F40F0A5850E9A8C
:108830001AF0100F52F8046B41F026871AF0400F1F
:108840000E9201F01C8146F3C038434636B28EE1E9
:108850000E9BB9F1430F03F1040603D01AF0100F79
:1088600000F0B886082200212CA8FEF7E9FD0E9A38
:1088700041AF2CAB394658461268FFF7DBFD034683
:1088800001330C9001F0F6860C9B23EAE373069308
:1088900000230E96309ECDE90F338DF88F300B9369
:1088A000079314931AF0840331467FF41EAF099A9C
:1088B0000698A2EB0008B8F1000F00F32B849DF896
:1088C0008F20002A3FF437AF12E70023DDF838800D
:1088D0008DF88F3058F8047B002F00F09186B9F1A5
:1088E000530F01F012801AF010030F9341F00D8026
:1088F000079B002BC1F236821A4638460F99FEF7C5
:10890000B7FE9DF88F300B90002801F08F850B9AF1
:10891000CDF83880D21B0C9222EAE272069213B193
:108920001346013306930F9B4FF07309079314937B
:1089300010930B93D3E6099B5B4209932B784AF083
:10894000040A03E62B238DF88F302B78FEE52B7875
:108950004AF0800AFAE5294611F8019BB9F12A0F7D
:1089600001F07586A9F13003092B98BF002201F2AE
:108970002C8411F8019B02EB820203EB4202A9F165
:108980003003092BF5D942EAE2730D460793DFE580
:108990005846FEF7DFFD436818461993FEF71EFFA1
:1089A0001B9006465846FEF7D5FD81682B781A9134
:1089B000002E3FF4CBAD00293FF4C8AD0A78002A61
:1089C0003FF4C4AD4AF4806AC0E52B784AF0010A4E
:1089D000BCE59DF88F202B78002A7FF4B7AD2022CC
:1089E0008DF88F20B2E51AF0200F4AF0100000F049
:1089F000BB840E9B073323F007031A46596852F8CD
:108A0000083B0E9200228DF88F20079A002A18DB6F
:108A100053EA010220F4906A15D1079A9AB910F02E
:108A200001031A46069300F04B8730238DF8673117
:108A3000079B0C92CDE90F3314930B930DF267173C
:108A40004DE620F4806A5AAF03F00702DB0843EAE0
:108A50004173C908303253EA0106384607F8012D40
:108A6000F2D11AF001010F9140F02383079A5AAB1B
:108A7000DB1B9A42B8BF1A460C93069214911091D0
:108A80000B912CE6FFFFEF7FB8C70800B4C70800C2
:108A90001AF0200F4AF0100138D10E9B1A1D4FF02A
:108AA00000080E9B07981B6840451E468DF88F8076
:108AB000C0F2808521F0800A002B00F089840E929C
:108AC0000A2E78F1000380F0B78306F13003DBB2A1
:108AD0008DF86731079B0DF26717012BB8BF012393
:108AE000069301230C939DF88F30002B01F0A9858C
:108AF000069B013306930023CDE90F330B931493A8
:108B0000EDE51AF0200F00F04C8451460E9B073320
:108B100023F007031A46D3F8048000238DF88F3022
:108B2000079B52F8086B002B0E92C0F2448556EA60
:108B3000080321F0800AC3D1079B002B00F04D846D
:108B40000026C2E72B784AF0080AFFE41AF0200F4B
:108B50004AF0100100F01A840E9B8A46073323F076
:108B600007031A465B6852F8086B98460E92002B72
:108B7000C0F25183079A002AA2DB56EA08032AF0C2
:108B8000800A9DD1002A01F059803023A0E72B787C
:108B9000682B03BF6B784AF4007A01354AF0400A2B
:108BA000D4E40E9A1AF0200F02F1040300F01E84A0
:108BB000126808991160C91751602F460E939DE401
:108BC0002B786C2B03BF6B784AF0200A01354AF0F2
:108BD000100ABBE4002647F630030E9A079F52F8AE
:108BE000041BB742ADF890308DF88F600B46C0F291
:108BF000E5842AF0800040F0020A002940F0D58682
:108C0000002F01F0228030238DF867310123069771
:108C10004FF078098C46CDE90B1310910E92149108
:108C20000F910DF2671700F0A6BC1AF0200F40F06C
:108C3000EF830E9A1AF0100152F8043B41F02A8596
:108C40001AF0400000F00B8750460E929BB2D9E616
:108C5000B9F1650F40F3FD80DDE912010022002328
:108C6000FCF7D0F9002800F0A081012363602F9B5E
:108C7000B24A01330136072B30962F93226000F35E
:108C800038860834259B119A934280F26483169BA0
:108C9000179A1E44C4E900232F9B30960133072BFB
:108CA0002F9300F3A1840834119B5F1E002F7FF7E0
:108CB0005AAD102F2F9B41F35384A14932464FF0F8
:108CC00010080E46DDF82890159104E00834103F96
:108CD000102F40F3A98001331032072BC4E900683C
:108CE000CDE92F32F2DD494658462EAA01F0FCFCB0
:108CF000002840F08C80DDE92F3231ACE7E7099B9A
:108D0000069AA3EB0208B8F1000F7FF714ADB8F193
:108D1000100F2F9A41F32C83DFF824C221463046EE
:108D200010232E4664460A9DCDF854C006E0A8F1F3
:108D30001008B8F1100F01F1080118DD01321030F0
:108D4000072AC1E90043CDE92F20F0DD2946584626
:108D50002EAA01F0C9FC002859D1DDE92F20A8F185
:108D60001008B8F1100F4FF0100331A9E6DC3546BA
:108D70000C4606460132159B4644072ACDE92F26AC
:108D80002360C4F8048000F3FE850834D3E46C4B00
:108D9000B8F1100F2F9A159324DD214610230A9C59
:108DA00006E0A8F11008B8F1100F01F1080118DD74
:108DB000013263481036072AC1E90003CDE92F26A6
:108DC000EFDD214658462EAA01F08EFCF8B9DDE908
:108DD0002F26A8F11008B8F1100F4FF0100331A999
:108DE000E6DC0C460132159B4644072ACDE92F26C6
:108DF0002360C4F8048000F302820834A3E45846D8
:108E00000A992EAA01F070FC00283FF4C0AC0B9B1D
:108E1000002B3FF43DAC58460B99FEF779FD0A9BB9
:108E20009B8903F0400337E41646159A01333E440C
:108E3000072B22606760CDE92F367FF793AC584649
:108E40000A992EAA01F050FC0028E0D1309E31ACE6
:108E500089E42F9B013603F10108119B04F10809F5
:108E6000012B40F33D810123B8F1070FCDE92F8697
:108E70002760636000F36282169B08F10108179A6D
:108E80001E44B8F1070FC9E90023CDE92F8600F38E
:108E9000488209F10809119B0022DDE912015C1EDC
:108EA0000023FCF7AFF8002840F07E8108F10108AC
:108EB00001372644B8F1070FCDE92F86C9F80070B5
:108EC000C9F8044000F3198109F10809189A08F15A
:108ED00001031644C9F80420072B28AACDE92F3630
:108EE000C9F80020ABDC09F108043CE458460A99B3
:108EF0002EAA159301F0F8FB002888D1309E159B0F
:108F000031AC15E458460A992EAA159301F0ECFBF2
:108F100000287FF47CAF309E159B31ACFFF7F8BB87
:108F2000102F2F9B41F39481064AAA464FF0100858
:108F30001546DDF8289015920BE000BFC4C7080065
:108F4000E4CA0800F4CA0800103F102F04F1080416
:108F500015DD01331036072BC4E90058CDE92F3653
:108F6000F2DD494658462EAA01F0BEFB00287FF4E8
:108F70004EAFDDE92F36103F102F31ACE9DC5546FE
:108F80000133159A3E44072BC4E90027CDE92F365B
:108F90007FF7F2AB58460A992EAA01F0A5FB0028EC
:108FA0007FF435AF309EFFF7E7BB2599002940F3EA
:108FB0004C84DDF83C90119B9945A8BF9946B9F1C6
:108FC000000F0ADD2F9B4E440133072BC4E90079C3
:108FD00030962F9300F38C870834DDF83C80B9F18C
:108FE000000FA8BFA8EB0908B8F1000F00F3288311
:108FF0000F9B1AF4806F3B4440F04B83259A1199E4
:109000008A4203DB1AF0010F00F032861699179896
:109010000E44C4E900012F993096013107292F91A0
:1090200001F382800834119907EB0108A8EB0308CB
:109030008F1AB845A8BFB846B8F1000F0BDD236002
:109040002F9B46440133072BC4F8048030962F939E
:1090500001F3EF800834B8F1000FA8BFA7EB0807B1
:10906000002F7FF780AB102F2F9B41F37982C449EB
:1090700032464FF010080E46DDF82890159104E0B6
:109080000834103F102F7FF7CFAE01331032072B7B
:10909000C4E90068CDE92F32F2DD494658462EAAD0
:1090A00001F022FB00287FF4B2AEDDE92F3231ACB3
:1090B000E7E7302A00F0538430230238002207F813
:1090C000013C07465AAB1B1A0B920C930799CDE94A
:1090D0000F229942B8BF194614920691FFF7FFBAC2
:1090E0001AF0010F7FF4BFAE0123B8F1070FCDE9ED
:1090F0002F86276063607FF7E9AE58460A992EAA4B
:1091000001F0F2FA00287FF482AEDDE92F860DF13E
:10911000C409DBE62F9AB8F1100F41F35280DFF853
:1091200064C220462095102665460A9CCDF854C09E
:10913000219306E0A8F11008B8F1100F00F1080023
:1091400017DD01321031072AC0E90056CDE92F2181
:10915000F0DD214658462EAA01F0C6FA00287FF419
:1091600056AEDDE92F21A8F11008B8F1100F31A893
:10917000E7DC0446209D219B159808EB0106206042
:10918000501C0728CDE92F06C4F8048000F3828321
:109190009DF88F200834002A40F0E280002B3FF435
:1091A000CAAA1346FFF7B8BA119B012B7FF78EAE00
:1091B000112B41F35B8272493246434610270E461B
:1091C000DDF82880159105E009F10809103C102C04
:1091D00040F31D8401331032072BC9E90067CDE944
:1091E0002F32F1DD414658462EAA01F07DFA0028C3
:1091F0007FF40DAEDDE92F320DF1C409E6E75846E4
:109200000A992EAA01F070FA00287FF400AE309E71
:1092100031ACFFF798BA2D238DF88F30079B76423B
:1092200068EB4808002BFFF64BAC0A2E78F10003E0
:109230002AF0800AFFF449AC0AF48063CDE90B49B7
:109240004FF0000C1C46DDF868905AA9069526E000
:1092500016EB08034C4843F10003A0FB032020F069
:10926000030202EB90029B1A4FF0CC32B646454601
:10927000F31A02FB03F2444868F1000800FB0822DD
:10928000A3FB0063BEF10A0F13444FEA560675F1C3
:109290000005394646EAC3764FEA53082DD33A4DC6
:1092A00016EB080343F10003A5FB032020F00302A3
:1092B00002EB90029B1AF31AA3FB053268F100003F
:1092C00005FB00225B0843EAC27303EB8303A6EBB2
:1092D000430330330CF1010C4F1E01F8013C002C0C
:1092E000B6D099F800306345B2D1BCF1FF0FAFD0D2
:1092F0000A2E78F1000380F0EF83079A5AABDB1B4C
:109300009A42B8BF1A46069DCDF868900B9CDDF8CE
:109310003090CDF844C00C9306929DF88F30FFF743
:10932000E4BB58460A992EAA01F0DEF900287FF422
:109330006EADDDE92F860DF1C409ACE558460A99FA
:109340002EAA01F0D1F900287FF461ADDDE92F8666
:109350000DF1C40990E51AF0010F3FF404AA96E458
:1093600098460023FFF7C7B90E9B1A1D0E9B0021DC
:109370001B680E92FFF746BB5146FFF7EDBB00BFDF
:10938000E4CA0800F4CA0800CDCCCCCC0E9B1A1D50
:109390000E9B8A461E680E924FEAE6784346FFF718
:1093A000E6BB0E9A1AF0100852F8043B41F06F81A8
:1093B0001AF0400100F03D839EB2079B8DF88F802C
:1093C000002BFFF67CAB2AF0800A002E7FF477ABEF
:1093D000079B0E92002B7FF4B3ABCDE90F330C93B8
:1093E000149306930B935AAFFFF779B91AF0100F45
:1093F00040F0D5821AF0400F40F09C841AF4007FB0
:1094000000F0CD820E9A089912681170FFF7D5BB53
:109410005046FFF7EEBADDE9120102460B46FBF7B4
:1094200023FE0646002841F01D80B9F1610F00F0CF
:109430009985B9F1410F00F0CD86079B013300F00B
:10944000C484B9F1670F139B4AF4807800F09C87BD
:10945000B9F1470F00F098870B90DDE91212002A4E
:109460001346C0F2898700231593DDE91223CDE965
:109470001C23A9F14103252B00F21584DFE813F02A
:109480003F07130413041304B0041C05130413044E
:109490001304130413041304130413041304130414
:1094A0001304130413041304130413041304130404
:1094B00013041304130413041304130413041304F4
:1094C0003F07130413041304B0041C05B8481AF032
:1094D000200600F075810E9B073323F007031A4620
:1094E0005E6852F8083B0E921AF0010200F0778194
:1094F00053EA060200F0ED8130228DF89020002220
:109500008DF88F20079A8DF89190002AC0F29381F0
:109510002AF4906242F0020A03F00F02825C0AF021
:1095200002011B0943EA06738DF86721320953EAE9
:1095300016160DF267170BD003F00F06865D1B0998
:1095400043EA0273120907F8016D53EA0206F3D1E8
:10955000079A5AAB4FF0000CDB1B9A42B8BF1A4671
:10956000CDE90FCC0C930692CDF82CC0CDF850C0AD
:1095700000293FF4B4A8DDE92F06069B31460233EB
:1095800006931AF08403024608D1DDF824E0DDF8E2
:109590001880AEEB0808B8F1000F07DCBCF1000F33
:1095A0003FF4BAA84FF00208FFF7A5B80223B2E5CE
:1095B00080488CE70E928A46FFF782BA0E927D4A67
:1095C00003F00F07104602214FF07809D25D4AF0F0
:1095D000020AA6E70E9B41AF1B688DF804310123F8
:1095E00006930C93FFF754B958460A992EAA01F036
:1095F0007BF800287FF40BAC309E31ACFFF754BBF6
:10960000079B3A46062B28BF062307970B97CDE901
:109610000F22694F0693CDF838800C931492FFF710
:109620005EB840215846FEF76FFA0A9B1860186131
:10963000002801F0518040230A9A5361FEF748BF89
:10964000B8F1100F2F9B41F30D805C482246314644
:109650004FF0100906460A9C159006E00832A8F162
:109660001008B8F1100F40F3BD8201331031072B01
:10967000C2E90069CDE92F31F0DD214658462EAA16
:1096800001F032F800287FF4C2ABDDE92F3131AAB6
:10969000E5E7119A3146BA18079222461C46109BFC
:1096A000DDF85080002BCDF854A0DDF868901B9EAB
:1096B000DDF828A00F95149731DDB8F1000F40F3C5
:1096C000128108F1FF382F98199B01303144072887
:1096D000C2E9003630912F9000F3A2800832079B38
:1096E00099F800001F1B8742A8BF0746002F0CDD1A
:1096F0002F98394401300728C2E9004730912F9054
:1097000000F3348199F800000832002FB4BF0546F9
:10971000C51B002D15DC0444109B002BCDDCB8F1DB
:10972000000FCEDC2346149F1446119A0E46BA1839
:10973000934228BF13460F9DDDF854A0CDF86890E2
:109740005CE4102D2F981D4B23DD0C9410272C4624
:109750001D4604E0103C102C02F1080216DD013019
:10976000164B10310728C2E90037CDE92F01F1DD92
:10977000514658462EAA00F0B7FF00287FF447ABA9
:10978000DDE92F01103C102C31AAE8DC2B462546E0
:109790000C9C013029440728CDE92F011360556046
:1097A00000F3988399F8000008320444B4E700BF3E
:1097B0003CC7080050C7080064C70800E4CA080096
:1097C0000E9A52F8043B0E921AF010027FF48CAEFF
:1097D0001AF0400100F04D8116469BB284E68DF8E8
:1097E0008F20079A002A28DB53EA06022AF4906A9F
:1097F0007FF492AE079A002A00F0E080012AB8BFF9
:109800000122037806928DF86731012200230C9221
:10981000CDE90F330B930DF267171493FEF75FBF7B
:10982000514658462EAA00F05FFF00287FF4EFAAA9
:10983000309931AA53E74AF0020A03F00F020AF006
:109840000201825C2AF4806A6BE6012363602F9B2D
:109850009E4A01330136072B30962F93226000F386
:10986000E1810834002940F0AB80119A0AF001032D
:1098700013433EF478AF169B179A1E44C4E90023A5
:109880002F9B30960133072B2F9300F3918204F125
:109890000802A6E058460A992EAA159300F024FF64
:1098A00000287FF4B4AA9DF88F20309E159B002AD3
:1098B00000F0A580984631AC03462F98FEF71BBFF9
:1098C000079B5AAFCDE90F330C9314930B93FEF71C
:1098D00006BF0021079B8DF88F108B42C0F2EE80EF
:1098E0002AF4906A86E7109B09F1FF39013B109337
:1098F000E9E658460A992EAA00F0F6FE00287FF401
:1099000086AA309E31ACFFF7BDB9082200212CA8F1
:109910002797FDF795FD079B002BC0F228810026B5
:109920000695CDF82C80354698460FE02CAB58466E
:1099300041A9FEF77FFD431C06F10406284400F010
:109940004285404506DC00F0A8850546279B9A59CC
:10995000002AEBD10C95DDF82C80069D15E1002244
:109960005AABDB1B0B920C93FFF7B0BB514658462A
:109970002EAA00F0B9FE00287FF449AA99F8000049
:10998000309931AAC1E658460A992EAA00F0ACFED9
:1099900000287FF43CAA309E31ACFEF7CCBE0E9A74
:1099A000089912681160FFF708B949480E9201F052
:1099B0000F024FF078090221825CB2E5079B0CE5AB
:1099C000169B179A1E44C4E900232F9B309601333F
:1099D000072B2F9300F3EC8104F108020029C0F259
:1099E0003B84119901330E44072BCDE92F361760C4
:1099F00051603FF724AA02F10804FEF7B4BE002B21
:109A000000F0408113462F9831ACFEF785BE164614
:109A1000984608F10108159B2644B8F1070FCDE9D7
:109A20002F86C9F80030C9F804407FF74DAAFFF728
:109A300064BB1AF4007840F0288107991E4600297B
:109A40008DF88F80FFF63BA82AF0800A002B7FF468
:109A500036A80B460E9200297FF472A8BDE41AF4D2
:109A6000007100F01C8101460E925046DBB2FEF7F9
:109A7000C9BF1AF400761CBF0E46DBB234E51AF4F7
:109A8000007F14BF46F3C0184FEAE678434618BF7C
:109A900076B2FFF76CB82D238DF88F3003230C932B
:109AA0000423B9F1470F0B96069300F35481CDE9D7
:109AB0000F66084F07961496FEF711BE03782AF436
:109AC000806A8DF867310DF2671741E5C4C7080059
:109AD00050C70800B4C708001B9A1999BD1A284638
:109AE000FDF7FCFC99F801300BB109F101094FF0C9
:109AF000CC314FF0010CB84A16EB080343F10003D8
:109B0000A2FB030E2EF0030000EB9E001B1AF31ABB
:109B100003FB01F168F10008A3FB023002FB08110E
:109B200023FA0CF3014443EAC17621FA0CF816EB50
:109B3000080343F10003A2FB031020F0030101EB33
:109B400090015B1AF31AA3FB023168F1000002FBDB
:109B5000001223FA0CF343EAC27303EB8303A6EB70
:109B6000430330336F1E05F8013CFFF7BABB2CAB43
:109B7000009300235846194627AAFEF781FC0346A6
:109B800001330C9000F01F8427970C9B002B39D0D9
:109B9000632B00F3F780002341AF0B9308220021D1
:109BA0002CA8FDF74DFC0C9E2CAB00933946334698
:109BB000584627AAFEF764FC864240F087850023BA
:109BC0000C9ABB5422EAE2719DF88F200691002A7C
:109BD00040F07683CDE90F220792CDF838801492B9
:109BE000FEF77DBD14460E460133159A4644072BF9
:109BF000CDE92F362260C4F8048000F3CD8008340C
:109C0000FFF7F6B99DF88F30CDF83880003B18BFCC
:109C1000012306930C9BCDE90F33079314930B9309
:109C2000FEF75DBD58460A992EAA00F05DFD00289A
:109C30007FF4EDA82599309E31AC13E69DF88F3066
:109C400006920C925AAFFEF750BFDDF81CC04FF0E1
:109C500078090E92CDF840C0CDF850C0CDF830C094
:109C6000CDF83CC0CDF818C05AAFCDF82CC082E476
:109C700007EB0108A8EB03088F1AB845A8BFB84640
:109C8000FFF7E9B931ACFEF756BDDEB2079B884657
:109C9000002B8DF88F10BFF696ABFEF710BF504625
:109CA0000E92FEF7AFBE079B584601930223009326
:109CB0002CAB049327AB039325AB0293DDE91C2364
:109CC00000F0A6FF07461AF0010F40F0AD82259A7A
:109CD0002C9BD11CA3EB070311930F92C0F233828C
:109CE00007999142C0F22081934200F3F4820F9BC6
:109CF0000C931AF4806F03D00F9B002B00F3DB83CF
:109D0000C2464FF067090C9B23EAE37306930023D6
:109D100014931093159B0AF00201002B00F0D080E1
:109D20004FF02D0C8DF88FC0069B01330693002356
:109D300007931DE40E9A089912681180FEF73DBF43
:109D40000A9C584621462EAA00F0CEFCA38903F0B7
:109D50004003FEF7A1BCCDE90F66204F079614968D
:109D6000FEF7BDBC3846FDF739FD9DF88F3020EA7F
:109D7000E0720C900692CDF83880002B3EF4D3AD03
:109D8000FEF7CEBD5846591CFDF7BEFE074600281B
:109D900000F08E840B9001E758460A992EAA00F035
:109DA000A3FC00287FF433A8309E31ACFFF720B924
:109DB00058460A992EAA00F097FC00287FF427A89D
:109DC000DDE92F36259931AA08E606230B90079383
:109DD0004AF48078FFF741BBCDCCCCCCB8C70800A3
:109DE0000223079A0132119200932CAB119E049327
:109DF00027AB039325AB019602935846DDE91C235C
:109E000000F006FF29F02003462B07460693064480
:109E100000F05581DDE91C0100220023FBF7F2F878
:109E2000002840F015832C9B9E4240F20F83452270
:109E3000069230215A1C2C9219702C9BB342F9D3F4
:109E4000DB1B1193259B0F93069B472B64D0069B2E
:109E5000462B00F04F810F9B8DF8A090013B002B0B
:109E60002593C0F277812B22092B8DF8A12000F3D6
:109E70007A8130228DF8A2200DF1A302303302F84E
:109E8000013B28ABD31A1893119B189A012B1A4443
:109E90000C9240F3A3820C9B169A13440C932AF461
:109EA000806343F4807A00230C9ACDE90F3322EAD1
:109EB000E272149306922DE7079B1193032393E715
:109EC0009DF88FC0BCF1000F7FF42EAF159B079358
:109ED000FFF74EBB514658462EAA00F005FC00285D
:109EE0007EF495AF99F80000309931AA044413E448
:109EF00058460A992EAA00F0F7FB00287EF487AF97
:109F0000309E31ACFFF769B8259B0F93F31B11937B
:109F1000069B472B40F0EE800F9B0333C0F213816A
:109F2000079B0F9A93420FDA0F9BA9F10209013B9D
:109F3000002B8DF8A090259395DA2D220F9B8DF89C
:109F4000A120C3F1010394E7119B0F9A934200F300
:109F5000C2811AF0010F0F9B00F00683169A13447A
:109F60000C93C6E647F63003ADF89030079B4AF0F5
:109F7000020A632B00F3DF81DDE91212002AC0F22E
:109F8000B581DDE9120125AA00F02CFD00224FF079
:109F90007F53FAF7CFFD02460B46CDE90C23002391
:109FA0000022FBF72FF80346002800F0E08201238F
:109FB000159625930B9641AFAD4B0693079BB8467C
:109FC000591E07950F94CDF8409014978946DDE906
:109FD0000C45069FCDF844A007E000220023FBF7C4
:109FE00011F8002840F00C82D1460022A14B2046F7
:109FF0002946FAF79FFD0D460446FBF74BF8064647
:10A00000FAF72EFD02460B4620462946FAF7DAFB00
:10A01000BB5DB9F1FF3F424604460D4609F1FF3AE8
:10A0200008F8013BD9D1CDE90C45DDE9109A079D2F
:10A03000914B079200220F9C149FFBF70BF840B93D
:10A04000DDE90C0100228C4BFAF7DCFFE0B1F007F0
:10A050001AD5079B2C93069B18F8012CD97B4346F5
:10A06000914209D1302003F8010C2C9B5A1E2C92EE
:10A0700013F8012C8A42F6D0392A0BBF069A013216
:10A08000927AD2B203F8012C259AA8EB0703119318
:10A09000B9F1610F02F1FF33259300F09282502154
:10A0A0004FF04109002B8DF8A010C0F271822B22D5
:10A0B000092B8DF8A12056DC0DF1A202DEE63B78DB
:10A0C000302B00F09081259B1E440022DDE91C010D
:10A0D0000023FAF797FF00287FF416AF2C9B9E42CF
:10A0E0003FF6A7AEDB1B1193259B0F93069B472BD7
:10A0F0003FF412AF0F99079A0AF00103002943EACF
:10A10000020340F37582002B40F0CE814FF06609C8
:10A110000F9B0C931AF4806F40F0CF810C9BC246CA
:10A1200023EAE3730693F2E558460A992EAA0793A9
:10A1300000F0DAFA00287EF46AAE259A309E079B7A
:10A1400031ACFEF770BF0F9BA9F10209013B8DF8FE
:10A15000A09025932D220F9B8DF8A120C3F1010320
:10A16000092B7FF786AE0DF1B70C6246DFF80CE1E4
:10A170001E461046AEFB0321C90801EB8102A3EB8A
:10A1800042023032632E00F8012C0B4600F1FF3200
:10A19000EEDC303302F8013C831E634580F04E82D2
:10A1A0000DF1A10213F8011B634502F8011FF9D15B
:10A1B00003F5B4736B44C43B1B1A28AA9B1A18936B
:10A1C00062E62F481590FEF7D7BF00230D46079390
:10A1D000FEF7BEB945F63003ADF89030079B4AF064
:10A1E000020A632B00F3A780DDE91212002A7DDB4F
:10A1F000DDE9120125AA00F0F5FB00224FF07F53A4
:10A20000FAF798FC02460B46CDE90C230022002306
:10A21000FAF7F8FE08B1012325930023194A159394
:10A22000069241AF0B93C9E647230693079BFE189E
:10A230004BE758460A992EAA00F056FA00287EF4F9
:10A24000E6AD259F119B309E31ACDF1BFEF703BFAF
:10A250000B4A1592FEF794BEC1F10008103180F24E
:10A2600032820948314610240646159014E000BF9A
:10A2700050C70800000030400000E03FCDCCCCCCFF
:10A28000F4CA08003CC70800E4CA08000832A8F174
:10A290001008B8F1100F5CDD01331031072BC2E953
:10A2A0000064CDE92F31F1DD58460A992EAA00F05D
:10A2B0001BFA00287EF4ABADDDE92F3131AAE6E7C9
:10A2C000069ACDE90F3301320793CDF83880069214
:10A2D0001493FEF704BA119B169A9A180F9B0C92CE
:10A2E000002B40F311814FF0670913E713461C91CF
:10A2F0002D2103F100430B96159141AF1D9325AA23
:10A30000DDE91C0100F06EFB00224FF07F53FAF7ED
:10A3100011FC02460B46CDE90C2300220023FAF77C
:10A3200071FE08B101232593B9F1610F3FF444AEEA
:10A33000AA4B069342E6079B5846591CFDF7E4FBDF
:10A340000746002800F096810B904AF48078FFF7CA
:10A3500084B80E46013315994644072BCDE92F36B4
:10A360001160C2F8048000F3DB800832FFF739BBCC
:10A370009B4B1593FEF7FEBC1C912D2103F100436E
:10A3800015911D93FFF775B8079A002A00F0F58024
:10A39000002BC0F24A81DDE91223CDE91C2315967A
:10A3A000079B58460193022300932CAB049327ABE1
:10A3B000039325AB0293DDE91C2300F029FC002365
:10A3C00007460B937FE400220A9B0B92B3F90C30F3
:10A3D00043F040030A9A9381FEF719BD1AF0010F6A
:10A3E0003FF45DAD57E50022DDE91C010023FAF7DB
:10A3F00009FE002800F0D580259B0F931E4485E5BB
:10A400004946DDE9109A0029079D0F9C149FFFF62D
:10A410003BAE424630204B1C434402F8010B9A42AB
:10A42000FBD108EB010303F101082DE6CDF83880DC
:10A43000002B00F0BB80079B4FF073090C93013396
:10A440000693079014901090FEF749B9DB1B119307
:10A45000259B0F93FFE403220023CDE90B32042256
:10A46000FEF738B9139B2AF0800A13F000430F93CC
:10A4700063D02D2303228DF88F300023CDE90B32DA
:10A480000422B9F1470F069240F3C880CDE90F339B
:10A49000544F07931493FEF722B9079B069DDDF8EE
:10A4A0002C800C93FFF771BB169B0A44D3184FF016
:10A4B00066090C932EE64FF067091A990B78FF2B6B
:10A4C00000F0FD8000260F9A304603E00130013194
:10A4D000FF2B08D0934206DAD21A4B78002BF5D125
:10A4E0000B780136F4E7CDE90F201A911496109AF3
:10A4F000149B1B9913440C9AC24601FB03230C9333
:10A5000023EAE373069305E4C3F101031A4422EA44
:10A51000E273C2464FF067090C920693FFF7F7BB50
:10A5200058460A992EAA00F0DFF800287EF46FAC96
:10A53000DDE92F3631AAFFF754BA9DF88F30B9F113
:10A54000470FCCBF274F284F002B40F0A680032297
:10A5500007930C92149310930B930692FEF7BFB8D7
:10A560001F4A1592FEF761BC0C93FFF7C2BB1F4A4E
:10A570001593069241AF0B9320E5002B23DB079B3D
:10A58000159301230793DDE91223CDE91C2307E787
:10A59000C2F101032D22092B8DF8A1203FF7E3AD75
:10A5A0008AE5119BC3F1010325938DE5079B4FF0CD
:10A5B00073090C9306930B9B149310930793FEF768
:10A5C0008EB870216EE52D21DDE912231591012150
:10A5D00003F100431C9207911D93E1E63CC708007C
:10A5E000E4CA0800C0C70800BCC7080050C708007C
:10A5F000C24633B901234FF0660906930C93FFF767
:10A6000086BB169B03F10109079B4B440C9323EA7D
:10A61000E3734FF066090693FFF779BBCDE90F337B
:10A620002F4F07931493FEF75AB82D21DDE912231B
:10A6300003F100431C9215911D93B1E60223189378
:10A6400022E4CDE90F330B931493FEF748B80E9A2A
:10A650006B780D4652F8041B0E9241EAE1720792A4
:10A66000FDF774BF1F4A1592FFF7BEBA1D4B159335
:10A67000FFF7CFB90A9A938943F0400393814FF0D3
:10A68000FF330893FEF70BB85146FEF781BE5146E3
:10A69000FEF705BA5046FEF769BE032200230C926E
:10A6A000042207930692149310930B93FEF717B8A6
:10A6B0000A9B0B90B3F90C3043F040038AE6002369
:10A6C0001493109313E70749159143E60A9BB3F9D6
:10A6D0000C3043F040037DE60C23CBF80030CEE78E
:10A6E000BCC70800E4CA08002DE9F041154692688D
:10A6F0002C68FAB107468846083402E0134608344D
:10A70000C3B16B685E1E002B6E6013DD54F8046CE1
:10A71000002EF3D033464146384654F8082C01F059
:10A72000E7FE431C07D0AA680834921B1346AA60B0
:10A73000002BE6D100200023C5E90133BDE8F081FC
:10A7400070B500293FD006460C4610B1436B002B74
:10A750003CD0636EB4F90C20DD0732D4900538D5B7
:10A7600021463046FCF714F9E36A054633B130461A
:10A77000E16998470028B8BF4FF0FF35A3891A0652
:10A7800039D4216B41B104F14003994202D03046E3
:10A79000FDF7BEF800232363616C21B13046FDF75D
:10A7A000B7F800236364FCF771FA0022636EA2819C
:10A7B000DB071CD5A06DFCF755FFFCF76DFA2846AA
:10A7C00070BD002ACCD10025284670BDFCF740FAA8
:10A7D000BFE7A06DFCF748FFB4F90C30002BBFD1E8
:10A7E000636ED907EFD4A06DFCF740FFEBE7A06DD7
:10A7F000FCF73CFFDEE730462169FDF789F8C0E74A
:10A8000070B5B1F90C300C46990796B007D5012206
:10A8100004F14303C4E90432236016B070BDB4F9F7
:10A820000E10054600292BDB6A4600F081F800284F
:10A8300024DB4FF480612846019EFDF765F9B4F9E9
:10A840000C30A0B34FF4806206F4704643F08003EE
:10A85000B6F5005FA38120602061626135D1284692
:10A86000B4F90E1000F078F8B4F90C3068B323F0A6
:10A8700003034FF4006243F0010314E0B4F90C3019
:10A8800013F0800F0CBF4FF48066402628463146F7
:10A89000FDF73AF9B4F90C3048B10022C4E90406D6
:10A8A00043F0800320601343A38116B070BD9A0566
:10A8B000B3D4012123F0030304F1430243F0020364
:10A8C000C4E90421A3812260A7E74FF40062EAE70C
:10A8D00070B50C46B1F90E10154600291E4696B00B
:10A8E00014DB6A4600F024F800280FDB01994FF4CE
:10A8F000806301F47041A1F50051B1FA81F14FF488
:10A900000060490931602B6016B070BDA18911F05B
:10A91000800106D000214023084631602B6016B02C
:10A9200070BD4FF48063084631602B6016B070BD77
:10A9300070B50026074D0446084611462E60F8F70C
:10A9400089FA431C00D070BD2B68002BFBD023601C
:10A9500070BD00BF40350020002238B5064D0446CA
:10A9600008462A60F8F77CFA431C00D038BD2B68F3
:10A97000002BFBD0236038BD40350020002238B5C5
:10A98000064D044608462A60F8F740FA431C00D0FA
:10A9900038BD2B68002BFBD0236038BD403500202C
:10A9A00038B5074D074C2C1BA41005D0013C55F8B9
:10A9B000043D9847002CF9D1BDE8384002F02AB98F
:10A9C00024CC080020CC0800082802D14FF4805085
:10A9D000704708B5FCF716FE162203464FF0FF300D
:10A9E0001A6008BDF8B50027DFF858C021F0004311
:10A9F000634504460D46176021D8844653EA0C0C83
:10AA00001DD0DFF844C0164601EA0C0C0A46BCF122
:10AA1000000F09D100220D4BFAF78CF86FF03507C3
:10AA200004460A4621F000431B156FF31E52A3F2A1
:10AA3000FE333B4442F07F55336045F40015204619
:10AA40002946F8BDFFFFEF7F0000F07F0000504374
:10AA50002DE9F8431B4D0646286898460F46914657
:10AA6000FCF702FE184B1C681CB3286865681F2D94
:10AA700022DC4EB96B1C0235636044F82570FCF78C
:10AA8000F5FD0020BDE8F883012304EB8501C1F842
:10AA90008890D4F88821AB401A43022EC4F888214C
:10AAA000C1F80881E6D1D4F88C211A43C4F88C216E
:10AAB000E0E7064C1C60D8E7FCF7D8FD4FF0FF300C
:10AAC000E0E700BF680600205035002088350020F0
:10AAD0002DE9F04F03690C6985B0A342C0F2918063
:10AAE0008146013C01F1140509F1140855F82430A0
:10AAF00058F824C001339C45BCFBF3F64FEA8400B0
:10AB000005EB840708EB840243D34FF0000CAA4600
:10AB1000CDE90105C646634665469346CDF80C80EF
:10AB20005AF8040BDEF800201FFA80FC06FB0C55D7
:10AB30004FEA10484FEA154C06FB08CCADB290B274
:10AB4000401B18441FFA8CF3C3EB204303EB124362
:10AB500080B240EA034057454EF8040B4FEA1C45CB
:10AB60004FEA2343DCD2DDE90105DDF80C8058F81B
:10AB7000003073B9ABF10402904504D307E090456F
:10AB800004F1FF3403D252F80439002BF7D0C9F88E
:10AB90001040484601F0F4FA00282EDB414600221E
:10ABA00055F8040BD1F800C01FFA80FE1FFA8CF391
:10ABB000A3EB0E031344020CC2EB234202EB1C4234
:10ABC0009BB243EA0243AF4241F8043B4FEA2242C0
:10ABD000E6D258F8242008EB84036AB9043B4345C5
:10ABE00004D807E0984504F1FF3403D253F8042950
:10ABF000002AF7D0C9F810400136304605B0BDE84C
:10AC0000F08F002005B0BDE8F08F00BF000000000D
:10AC10002DE9F04F16461F46816B9FB00446CDE9E3
:10AC200004672B9D41B10123C26B93408B604A6046
:10AC300001F02CF80023A363B7F10009B4BF01238E
:10AC400000232B60B44BBCBF29F00049CDF8149011
:10AC500033EA090300F0A480DDE904231046194615
:10AC600000220023CDE90201FAF7CCF9824668B14F
:10AC700001232A9A13602C9B13B1A84B2C9A1360C2
:10AC8000A74B079307981FB0BDE8F08F1CAB01934B
:10AC90001DAB00932046DDE9022301F043FB5FEA90
:10ACA0001955DDF87080099040F090801D9D454455
:10ACB00005F23243202B40F32D82C3F1400309FA01
:10ACC00003F905F2124326FA03F349EA0300F9F700
:10ACD000B7FE0123013D1093A1F1F873194600223C
:10ACE000904BF9F76FFD86A3D3E90023F9F722FF14
:10ACF00085A3D3E90023F9F767FD064628460F46EA
:10AD0000F9F7AEFE82A3D3E90023F9F713FF024659
:10AD10000B4630463946F9F757FD06460F46FAF717
:10AD2000B9F9002281460890002330463946FAF7E7
:10AD300073F9002840F01581A8EB0508089D08F17B
:10AD4000FF3B162D00F2F880DDE90201764A02EBA6
:10AD5000C503D3E90023FAF75FF9002840F0D48156
:10AD6000B8F1000F0D9040F38A85AB440C950A9022
:10AD700000230B93289B092B3CD8052BC4BF043B15
:10AD80002893289BC8BF0025A3F10203D8BF012543
:10AD9000032B31D8DFE813F0ED02EA02DF02C7012E
:10ADA00042F20F732A9AC9F3130959EA060913608C
:10ADB00019D12C9B002B00F02E875C4B0793083396
:10ADC0002C9A079813601FB0BDE8F08FDDE90201EF
:10ADD000C1F3130343F07F53CDF840A0A5F2FF3534
:10ADE00043F440137AE72C9B002B40F09881504BA2
:10ADF000079347E700232893002520462946E5636B
:10AE000000F01EFF0790002800F0AE86079BA363AA
:10AE10001D9B002BC0F2B380089A0E2A00F3AF806E
:10AE2000DDE90289404B404603EBC203D3E90067EA
:10AE3000494632463B46CDE90467F9F7A5FFFAF7E4
:10AE400029F90546F9F70CFE32463B46F9F772FE42
:10AE50004FF0FF3A0B46024649464046F9F7B2FC2E
:10AE600005F13003079D05F8013B02944FF00109FD
:10AE70005446DDE904AB1DE052465B463046394698
:10AE8000F9F782FFFAF706F98046F9F7E9FD52462D
:10AE90005B46F9F74FFE09F101090B4602463946B8
:10AEA0003046F9F78FFC08F13003A14505F8013B66
:10AEB00000F0428500221F4BF9F73CFE00220023E0
:10AEC00006460F46FAF79EF80028D5D0AB46089FF5
:10AED000029C01372046099900F0D8FE00238BF828
:10AEE00000302A9B1F602C9B002B3FF4CBAE0798B1
:10AEF000C3F800B01FB0BDE8F08F00BFAFF3008013
:10AF000061436F63A787D23FB3C8608B288AC63F6F
:10AF1000FB799F501344D33F0000F07FC5C7080062
:10AF2000C4C708000000F83F38CB0800C8C70800B5
:10AF3000D4C708000000244001230D93BBF1000F8B
:10AF4000C0F2DC8000230A93089B002B80F2D380A0
:10AF50000A9A089BD21A0A9200225B420C920B9327
:10AF600008E74846F9F77CFD32463B46FAF74AF8CF
:10AF700000287FF4E1AE09F1FF330893DCE64FF0DF
:10AF8000FF3A2995CDF850A0109A002A40F0F4819C
:10AF90001C9B0B9FC3F136030A9A01212046D5184A
:10AFA0009B4400F037FF0A9A0646002A40F082834D
:10AFB0000B9B002B00F0F683002F40F0DA83204635
:10AFC0000B9A099901F008F8012309900B930121CC
:10AFD000204600F01FFF0C9B0290002B40F00483E2
:10AFE000289B012B40F38C830120584410F01F0054
:10AFF00000F0CA81C0F12003042B40F39A830A9B1E
:10B00000C0F11C00034405440A938344002D05DD70
:10B010002A462046099901F03FF80990BBF1000F3C
:10B0200005DD5A462046029901F036F802900D9B44
:10B03000002B40F0EF82BAF1000F40F3B0820B9B7F
:10B04000002B40F0FC81089F01370125DDF81C80B2
:10B05000DDF824B0DDF8089007E0594600230A2205
:10B06000204600F01DFE8346013549465846FFF74D
:10B070002FFD554500F1300008F8010BEDDBBAF16A
:10B08000000F0AF1FF35D8BF0025079B81465A1CE7
:10B0900005EB020A0025CDF824B0012209992046CB
:10B0A00000F0FAFF0299099001F06AF8002840F3D5
:10B0B0007C83079A02E0924500F082831AF8013CF3
:10B0C000D346392B0AF1FF3AF5D001338AF8003024
:10B0D0002046029900F0DAFD002E3FF4FBAE2DB1C0
:10B0E000B54203D02946204600F0D0FD3146204627
:10B0F00000F0CCFDEEE69B440C9339E6C8F1010369
:10B100004FF0000B0A931FE7089B013B08930023B5
:10B110000D9313E7C3F1200306FA03F0D7E59E4B26
:10B12000079303334CE601231293299B089A134497
:10B1300003F1010A5646012EB8BF01261493172EBB
:10B1400040F36085012204235B0003F11400B04248
:10B15000114602F10102F7D9E163204600F070FDCB
:10B160000790002800F00085BAF10E0FA06300F2EE
:10B170002181002D00F01E81089A002A40F3568399
:10B18000864902F00F0301EBC303D1054FEA2215F4
:10B19000D3E9006740F1EE83DDE90201804B4FF017
:10B1A0000309D3E90823F9F7EFFDCDE90E0105F016
:10B1B0000F0585B1DFF8E881EA0740F1E180F8E8A2
:10B1C000022330463946F9F7B5FC6D1006460F46A6
:10B1D00009F10109F0D1DDE90E0132463B46F9F7EC
:10B1E000D3FDCDE90E010D9B53B1DDE90E670022C1
:10B1F000304639466B4BF9F70FFF002840F06E845C
:10B200004846F9F72DFCDDE90E23F9F793FC0022FF
:10B21000654BF9F7D9FA0646A1F15077BAF1000F5C
:10B2200000F0E182089BCDF854A01B935B4B15996D
:10B230001A9303EBC10353E90212CDE91867DDE964
:10B240000E56CDE9161228463146F9F723FF00F1D4
:10B2500030035FFA83F8F9F703FC0B4602463146E8
:10B260002846F9F7AFFA079B0F4612995D1C064670
:10B270000E95002900F0B183DDE9162300204B492B
:10B28000F9F782FDDDE91823F9F79CFA02460B462F
:10B29000DDF81CC0CDE912238CF8008032463B4615
:10B2A000F9F7D8FE002840F06D84DDF85480CDF821
:10B2B00058B0CDF854A04FF00009DDE912AB0E9460
:10B2C0002BE009F10109C14580F2D0815046594671
:10B2D0000022374BF9F72EFC0022354B82468B4675
:10B2E00030463946F9F726FC0F460646F9F7D2FEF6
:10B2F0000446F9F7B5FB02460B4630463946F9F7E6
:10B3000061FA303452465B4605F8014B06460F465B
:10B31000F9F782FE002840F0348432463B46002094
:10B320002049F9F74FFA52465B46F9F775FE0028B7
:10B33000C7D01B9E0E9C079A013602E0954200F092
:10B34000F583AB4615F8013D392BF7D00133DBB25D
:10B3500037462B70BEE501231293299B002B40F347
:10B36000B881299B9A461E461493E8E6002312935F
:10B37000DBE600231293F0E70B9F03F233430BE667
:10B380006D1008F1080817E71C230A9A1D441A4497
:10B390000A929B443AE600BFD4C7080038CB0800A5
:10B3A00010CB08000000F03F00001C400000E03F10
:10B3B000000024401D9B002BC0F24881089A0E2AF1
:10B3C00000F34481A74B1A93089A1A9B03EBC2031C
:10B3D000D3E90023CDE90423299B002B80F2D182FD
:10B3E000BAF1000F00F3CD8240F01682DDE90401CE
:10B3F00000229D4BF9F79EFB02460B46DDE9020158
:10B40000F9F714FE5146002840F007823123DDF899
:10B410001CB020460BF8013B00F038FC089F0237B7
:10B4200058E5314600230A22204600F039FC149BDF
:10B430000646002B40F3E083DDF850A008950A9BF8
:10B44000002B05DD31461A46204600F025FE064653
:10B450000C9B002B40F05982B046079B03F1FF3B49
:10B460001D460BEB0A030A93049BDDF824B003F09E
:10B4700001030B9302995846FFF72AFB3146824697
:10B48000584600F07DFE029907464246204600F0ED
:10B4900097FEC36801460AF13009002B36D10990A6
:10B4A000584600F06DFE09990990204600F0EEFB29
:10B4B000099B002B58D1289B1BB90B9B002B00F03C
:10B4C0008483002FC0F24D83AA460A9B0AF8019B91
:10B4D0009D4200F07A82594600230A22204600F05D
:10B4E000DFFB4645834631464FF000034FF00A022A
:10B4F000204633D000F0D4FB414600230A22064602
:10B50000204600F0CDFB55468046B3E72046CDF8F7
:10B5100024B000F0BBFB002F06DB049B03F001020C
:10B52000289B1F433A432CD101220999204600F061
:10B53000B3FD0299099000F023FE002840F329830F
:10B54000B9F1390F00F0F5820AF13109AB46089FD5
:10B550003546013746460BF8019BB9E500F0A0FBE4
:10B5600055460646804685E7002FC0F20483289A98
:10B5700017430B9A174300F0FE82002BA4DDCDF891
:10B5800024B0B9F1390F00F0D482AB46089F09F11D
:10B5900001033546013746460BF8013B98E5289BE9
:10B5A000022B7FF74CADBAF1000F40F0908153466B
:10B5B00005220299204600F073FB0146029009988B
:10B5C00000F0DEFD002840F382813123DDF81CB05D
:10B5D000204602990BF8013B00F058FB089F023708
:10B5E000002E7FF483AD75E41A460146204600F034
:10B5F000F3FC289B0290012B40F37A8100230C93EB
:10B60000029A136902EB8303186900F09BFBC0F1F7
:10B610002000EAE40299099800F0B2FD0028BFF684
:10B620000AAD00230A2220460999089D00F038FB44
:10B630000B9B013D0990002B7FF4F3AE149B002B74
:10B6400040F3CF82089FDDF850A0FEE4129ABAB909
:10B650000A9B002B72D10B9B002B40F080801D4673
:10B660001E46B4E438CB0800000014401D9B0E9C1D
:10B67000002BDDE915AB03DB089A0E2A7FF7A4AE99
:10B68000289A012A7FF780AC0B9B0AF1FF37BB4257
:10B69000C0F2FD80BAF1000FA3EB070780F29E8293
:10B6A000012120460A9D00F0B5FB0646A5EB0A08DD
:10B6B000CDF82880BBF1000F7FF77AAC0A9A5A4583
:10B6C0001346A8BF5B46D21AED1A0A92ABEB030BE6
:10B6D0006EE400212046E16300F0B2FA07900028F2
:10B6E00000F04282079BA363002D40F0FD801D9B6C
:10B6F000002BC0F2638201229246149229925DE6E9
:10B70000049B002B7FF470AC059BC3F31303002B49
:10B710007FF46AAC059B23F000431B0D1B05002B37
:10B720003FF462AC0123013518460BF1010B0C9379
:10B730005BE43FF46BACC0F13C0326E6BBF1000FC9
:10B7400000F0B3810A9A0B9E5A451346A8BF5B4688
:10B75000D51AABEB030B0A95002E3FF438AC20460C
:10B760000B9A099900F038FC002609900B960A9D67
:10B770002DE431463A46204600F02EFC0646DDF820
:10B78000248031464246204600F072FB4146804606
:10B79000204600F07BFA0B9BCDF82480DB1B0B933B
:10B7A0007FF40DAC01230B9311E403D119F0010FC9
:10B7B0007FF47FACD3461AF8013D302BFAD087E4F2
:10B7C0003123079A0137137082E44846F9F748F9A4
:10B7D000DDE90E23F9F7AEF90022B64BF8F7F4FFD6
:10B7E0000646A1F150770022DDE90E01B24BF8F7D1
:10B7F000E9FF32463B4680468946F9F72BFC002894
:10B8000040F0A28140464946324607F10043F9F72D
:10B8100003FC00283FF4CEAD0021204600F036FAAC
:10B82000299BDDF81CB05F42FFF754BB00F04E814E
:10B83000DDE90201089BA14A5D4205F00F0302EB1E
:10B84000C303D3E90023F9F775F92D114FF002096D
:10B85000CDE90E013FF4C7AC994EEB070CD5DDE9FD
:10B860000E01F6E80223F9F765F96D10CDE90E0136
:10B8700009F10109F1D1B6E46D100836EDE7C8F120
:10B8800001030A93089B9B460C93FFF771BA0B9B2D
:10B890000C9ADDF82880FB1A1A44012120460C92EC
:10B8A00000F0B8FA43460646D34408EB0A050B9766
:10B8B000002B3FF484AB0A9A5A451346A8BF5B4657
:10B8C000D21AED1A0A92ABEB030BFFF778BB2046B6
:10B8D000029900F0DBF9299BDDF81CB05F42002ED5
:10B8E0007FF404ACFFF7F6BAAA461495299543E411
:10B8F000049B002B7FF482AEDDE90412C2F3130334
:10B90000002B00F04D810C917AE62046716800F022
:10B9100097F90546002800F08281336906F10C0191
:10B9200002339A000C30FBF7E3FE01222946204641
:10B9300000F0B2FB804690E5029C02460B46F8F709
:10B9400043FFDDE90423089F824601378B463E46CC
:10B95000F9F780FB48B9DDE9042350465946F9F769
:10B9600051FB20B118F0010F01D0079AE9E4AB4672
:10B97000FFF7B0BADDE902234FF00209CDE90E234B
:10B9800017E4079B01330E93DDE90256DDE904233A
:10B9900028463146F9F7F8F9F9F77CFB8046F9F7C4
:10B9A0005FF8DDE90423F9F7C5F802460B4628469F
:10B9B0003146F8F707FF079A08F13003BAF1010F93
:10B9C0000E9D13707FF451AAB7E7089F3546CDF856
:10B9D00024B046460137FFF760BBDDE91823DDE9F7
:10B9E0001601F9F7A7F8079BCDE9100183F800804D
:10B9F000159B012B23D0079B159ADDF8388003EBAC
:10BA0000020900222F4B30463946F9F793F80F46CA
:10BA10000646F9F73FFB0546F9F722F802460B46C2
:10BA200030463946F8F7CEFE303508F8015BC84598
:10BA300006460F46E5D10E9B5D1E159B1D44002258
:10BA4000DDE91089204B40464946F8F7BDFE3246F5
:10BA50003B46F9F7E1FA002840F0968042464B4613
:10BA600000201949F8F7AEFE32463B46F9F7F2FAE4
:10BA700080B91D9B002BFFF6EBAD089B0E2B3FF70B
:10BA8000E7AD1A9B089A03EBC207D7E90023CDE97B
:10BA9000042379E715F8013CAB46302B05F1FF355F
:10BAA000F8D01B9F0137FFF715BA0B9E002E7FF4CD
:10BAB00056AE5CE600001C400000144038CB080085
:10BAC00010CB0800000024400000E03FDDE9022325
:10BAD0004FF00209CDE90E23FFF785BBBAF1000F45
:10BAE0003FF473AE149D002D7FF764AC089B304685
:10BAF000013B394600221B934C4BF9F71BF80246D9
:10BB00000F46164609F10100CDE90E67F8F7A8FFC8
:10BB100032463B46F9F70EF80022454BF8F754FE43
:10BB200015950646A1F15077FFF780BB312301360A
:10BB30000EE4AA463923089F3546079A4646013740
:10BB40000AF8013BFFF7BABA3123DDF81CB0002137
:10BB500020460BF8013B00F099F8089F0237FFF7E9
:10BB6000B9B9CDF824B0F1E4002240F2AF11314B65
:10BB7000314800F01DFD002BCDF824B03FF7D4ACC8
:10BB8000E4E40E9CAB468CE71B9E079A0136FFF758
:10BB9000D8BB7FF4DBAC19F0010F7FF4D1ACD5E456
:10BBA000059B23F000431B0D1B05002B3FF427AD25
:10BBB000012301350BF1010B0C9321E5129B2BBBEB
:10BBC00001239A461493299342E5B9F1390FCDF830
:10BBD00024B0AED0002F3FF7B7ACB7E45346FFF721
:10BBE000DBB9289A022A03DC9A46089FFFF72DBA90
:10BBF0000895DDF850A0D6E4289A0895022AF8DCCA
:10BC00009A461CE40021E163FFF7A7BA129B9A460B
:10BC10002993149338E5094B0793FFF733B802468D
:10BC200040F2EF21034B044800F0C2FC0000244026
:10BC300000001C40D8C70800ECC70800C8C70800AF
:10BC400038B5436C05460C464BB153F8240080B11F
:10BC5000026843F824200023C0E9033338BD2122C1
:10BC6000042100F0C5FC034668640028EDD10020E3
:10BC700038BD0121284601FA04F56A1D920000F042
:10BC8000B7FC0028F3D0C0E90145E4E731B1436CCB
:10BC90004A6853F82200086043F82210704700BF3A
:10BCA0002DE9F0414FF0000E0E461C460D69074687
:10BCB00001F1140001680EF1010E8BB202FB034387
:10BCC000090C4FEA134C02FB01CC9BB203EB0C4373
:10BCD000754540F8043B4FEA1C44EBDC3CB1B368CB
:10BCE000AB4207DD06EB850301355C61356130460B
:10BCF000BDE8F081716838460131FFF7A1FF804649
:10BD0000A8B1326906F10C01023292000C30FBF747
:10BD1000EFFC7B6C726853F82210316043F82260AC
:10BD2000464606EB850301355C613561DFE7024677
:10BD3000BA21024B024800F03BFC00BFD8C7080004
:10BD400048C80800B0F5803F03463ABF1020834042
:10BD50000020B3F1807F3CBF1B020830B3F1805F4D
:10BD600006D3B3F1804F0FD29A0012D4033070473C
:10BD70001A01B2F1804F00F1040006D29B0108D4F1
:10BD80005B00F3D4202070471A46002AFBDB013009
:10BD900070470230704700BF03680246590709D058
:10BDA000D8071FD499074BBF5B089B0801200220CE
:10BDB0001360704799B279B91B0CD9B2A1B11020A8
:10BDC000190701D104301B09990712D0D90701D4F2
:10BDD00001305B0813607047D9B241B1180714D124
:10BDE0000420F0E70020704718201B0AE8E708202D
:10BDF000FBE713F0040F4FEA930102D00B46023029
:10BE0000E8E7DB0804D1202070470320C340E1E7C6
:10BE10000330DFE738B5436C04460D464BB1586834
:10BE2000B0B102685A60002201234561C0E90323D2
:10BE300038BD2122042100F0DBFB034660640028AA
:10BE4000EDD1002240F24511074B084800F0B0FB4D
:10BE50001C220121204600F0CBFB0028F1D001225A
:10BE60000223C0E90123DEE7D8C7080048C808005C
:10BE70002DE9F04FD1F8108015690E46A84592467D
:10BE800085B005DB2A46534645468A4690461E46FF
:10BE9000DAF80830DAF8041005EB0804A342B8BF5A
:10BEA0000131FFF7CDFE002800F08A8000F1140771
:10BEB00007EB840E774505D23B46002243F8042B5E
:10BEC0009E45FBD8143606EB88080AF1140946454E
:10BED00009EB850567D2A5EB0A03153B0AF1150AA4
:10BEE00023F00303AA4594BF9B464FF0000BCDF807
:10BEF00008E08246AE46039405E0090C2BD1B0451C
:10BF000007F104074CD956F8041B8DB2002DF4D06C
:10BF1000CC463C46002301965CF8040B216886B2AF
:10BF20008AB205FB0622000C090C05FB00111A441D
:10BF300001EB124192B242EA0142E64544F8042B79
:10BF40004FEA1143E8D8019E07EB0B02536056F805
:10BF5000041C090CD3D000223B6848461D463C46D1
:10BF6000944602889BB201FB02C202EB154243EAEF
:10BF7000024344F8043B50F8043B25684FEA134C55
:10BF8000ABB201FB0C33864503EB12434FEA134C73
:10BF9000E7D807EB0B02B045536007F10407B2D8AE
:10BFA000DDE902E45046002C02DC05E0013C03D050
:10BFB0005EF8043D002BF9D0046105B0BDE8F08FB8
:10BFC00002464FF4B171024B024800F0F1FA00BF93
:10BFD000D8C7080048C8080012F003032DE9F04153
:10BFE0001446074632D10E46A4102CD03D6C002DCD
:10BFF00035D004F001034FF0000864103BB9286805
:10C00000B8B1054604F001036410002BF7D02A46AE
:10C0100031463846FFF72CFF36B17B6C716853F818
:10C020002120326043F8216074B106462868002858
:10C03000E7D12A4629463846FFF71AFF2860054609
:10C04000C0F80080DEE73046BDE8F0810F4A013BD2
:10C0500052F823200023FFF723FE0646C4E7012100
:10C060003846FFF7EDFD054640B140F2712301224D
:10C07000C0E90423002338640360BAE7024640F2B3
:10C080004511034B034800F093FA00BF04CB0800AE
:10C09000D8C7080048C808002DE9F0470C462769B2
:10C0A000A36807EB62177D1C9D42904606464968CF
:10C0B0004FEA621904DD5B009D4201F10101FADCE7
:10C0C0003046FFF7BDFD00284ED0B9F1000F00F15A
:10C0D00014010CDD0B464FF0000C09F1050200EBDA
:10C0E000820243F804CB9342FBD101EB8901226920
:10C0F00004F1140318F01F0803EB820C2CD08E46B9
:10C100004FF0000AC8F120091A6802FA08F242EA60
:10C110000A024EF8042B53F8042B9C4522FA09FA24
:10C12000F2D8ACEB0403153B23F0030304F1150232
:10C13000944538BF0023043341F803A0BAF1000F3F
:10C1400000D13D46736C6268056153F8221021608E
:10C1500043F82240BDE8F087043953F8042B9C458E
:10C1600041F8042FF9D8ECE702464FF4EF71024B87
:10C17000024800F01DFA00BFD8C7080048C80800F0
:10C1800084460B690069C01A15D10CF1140C1431E6
:10C190000CEB830210B401EB830301E0944508D259
:10C1A00052F8044D53F8041D8C42F7D004D24FF0DE
:10C1B000FF3010BC70477047012010BC704700BFB3
:10C1C0002DE9F04F13690D698946ED1A002D1446CB
:10C1D00083B012D101F11407143202EB830207EB92
:10C1E000830301E09F427BD253F8046D52F8041D93
:10C1F0008E42F7D07FD2012503E0FCDB00250C4600
:10C2000091466168FFF71CFD00287FD000F1140102
:10C2100088464FF0000C2769D9F8103004F1140B50
:10C22000C56009F1140504F1100205EB830A0BEB5C
:10C23000870ECDF804B055F8044B52F8046F1FFA7E
:10C2400084FBB3B2A3EB0B03240C6344C4EB16448E
:10C2500004EB23449BB243EA0443AA4548F8043B59
:10C260004FEA244CE7D8AAEB0902153A22F0030260
:10C2700009F11509CA4538BF0022DDF804B00BEBFF
:10C28000020504350A44AE452C4602F104061DD9C8
:10C29000A1EB0B01E24604EB010954F8042B93B225
:10C2A00063444FEA124808EB234802EB0A039BB2AF
:10C2B00043EA0843A6454FEA284CC9F80030E9D8BC
:10C2C0000EF1FF32521B22F00302324423B952F81E
:10C2D000043D013F002BFAD0076103B0BDE8F08FA9
:10C2E0000021FFF7ADFC50B101220023C0E9042377
:10C2F00003B0BDE8F08F23464C46994681E70246DD
:10C3000040F23721054B064800F052F9024640F250
:10C310004521024B024800F04BF900BFD8C7080086
:10C3200048C80800F0B5012183B016461F46FFF744
:10C3300087FC0546002845D0C7F30A54C7F313030A
:10C340000CB143F48013002E019314D101A8FFF720
:10C3500023FD0121019B20306B61296114B3089BEF
:10C36000A4F2334404441C60099BC0F135001860FA
:10C37000284603B0F0BD68460096FFF70DFDDDE9E5
:10C38000002330B1C0F1200103FA01F1C3400A4398
:10C390000193002B0CBF012102216A61AB6129616D
:10C3A000002CDCD105EB8102A0F232431069089A1F
:10C3B0001360FFF7C7FC099BC0EB411018602846CB
:10C3C00003B0F0BD024640F20F31024B024800F0CC
:10C3D000EFF800BFD8C7080048C808002DE9F04FA3
:10C3E00089B01C46DDE912780346DDF85090B8F1BB
:10C3F000000F51D00029C34608BF4FF0FF3700257A
:10C4000092468846CDE90031166805E056F8040BDF
:10C41000013C002832D06546AF4239D9002C37D0D4
:10C42000DBF8003000980293DBF8043032680393A5
:10C43000D9F8E0C05B4604A9E047431C2FD000EBCD
:10C44000050CBC4536D8019B002BDFD000280BDD46
:10C4500008F1FF3204A902EB000E11F8013B02F8CB
:10C46000013F7245F9D18044DAF8002056F8040BF8
:10C470000432CAF80020013C0028CCD10199D846EA
:10C4800009B1CAF8000000220CF1FF35C8F80020FD
:10C49000284609B0BDE8F08F00F58678AAE7054682
:10C4A0008A2100222846009B1960CBF8002009B0A1
:10C4B000BDE8F08FD8462846DDF808A0DDF80CB0BE
:10C4C000C8E900AB09B0BDE8F08F00BF10B584B07B
:10C4D0000698054C00900798019004480068029463
:10C4E000FFF77CFF04B010BDB80300202405002036
:10C4F0002DE9F0471D468F680C46AF4216460B6883
:10C5000036D8B1F90CC01CF4906F0ED13D461846D8
:10C5100031462A46FAF716FF0020A368DF1B23687E
:10C52000A7602B442360BDE8F0874A69096902EBE4
:10C5300042025F1A02EBD2726B1C52103B449342D0
:10C5400092BF914699461A461CF4806F804611D0DE
:10C550001146FBF7D9FA824600B33A462169FBF748
:10C56000C7F8A38923F4906343F08003A38105E017
:10C570002F46CCE7FBF7A8FD824658B10AEB07032C
:10C58000A9EB0707A760C4F810A02F46C4F81490C1
:10C590002360BCE740462169FBF7BAF90C22A38966
:10C5A0004FF0FF3043F04003C8F80020A381BAE702
:10C5B000144600B51A460A4B0D461B6885B0DE6866
:10C5C00003464CB107490191304607490294009552
:10C5D00000F044F800F056F804490C46F3E700BFB9
:10C5E00024050020A4C80800B4C8080038C7080003
:10C5F00038B5A1FB021454BBFBF786FA054650B3CD
:10C6000050F8042C22F00302043A242A10D8132AEA
:10C6100013D91B2AC0E9004416D9242AC0E90244D0
:10C620000ABFC0E9044400F1100200F1180205E05D
:10C630002146FAF705FF284638BD02460023284662
:10C64000C2E90033936038BD00F10802F6E7FAF75B
:10C65000D9FF0C2303600025284638BD0EB400B571
:10C66000074A82B003AB0146106853F8042B0193CC
:10C67000F9F720F802B05DF804EB03B0704700BF93
:10C6800024050020062008B500F004F80120F6F784
:10C69000EBFB00BF38B5144B1F281D681ED8D5F81A
:10C6A0003821044662B152F820304BB1012B05D03D
:10C6B000591C0FD0002142F820109847002038BDA7
:10C6C000284600F027F8224601462846BDE83840B3
:10C6D00000F00CB8162301202B6038BD16234FF054
:10C6E000FF302B6038BD00BF2405002070B5002648
:10C6F000074D0446084611462E60F6F7BFFB431C63
:10C7000000D070BD2B68002BFBD0236070BD00BF34
:10C7100040350020F6F7B4BB253038780000000023
:10C7200045786974696E67207769746820737461ED
:10C730007475732025642E0A0000000030313233F6
:10C74000343536373839414243444546000000000D
:10C750003031323334353637383961626364656677
:10C7600000000000286E756C6C2900002E0000008F
:10C770004C435F434F4C4C41544500004C435F4396
:10C7800054595045000000004C435F4D4F4E4554F6
:10C79000415259004C435F4E554D455249430000AC
:10C7A0004C435F54494D45004C435F4D4553534105
:10C7B00047455300494E4600696E66004E414E00A3
:10C7C0006E616E0030000000496E66696E697479B2
:10C7D000000000004E614E0042616C6C6F6320737C
:10C7E0007563636565646564000000002F646174AF
:10C7F000612F6A656E6B696E732F776F726B7370E2
:10C800006163652F474E552D746F6F6C6368616966
:10C810006E2F61726D2D31342F7372632F6E6577B9
:10C820006C69622D63796777696E2F6E65776C69C5
:10C83000622F6C6962632F7374646C69622F647415
:10C840006F612E63000000002F646174612F6A65C0
:10C850006E6B696E732F776F726B73706163652F88
:10C86000474E552D746F6F6C636861696E2F6172EE
:10C870006D2D31342F7372632F6E65776C69622D65
:10C8800063796777696E2F6E65776C69622F6C6963
:10C8900062632F7374646C69622F6D707265632EAE
:10C8A000630000002C2066756E6374696F6E3A2019
:10C8B00000000000617373657274696F6E20222539
:10C8C0007322206661696C65643A2066696C652034
:10C8D000222573222C206C696E6520256425732522
:10C8E000730A0000EDECEBEAF1F0EFEEF5F4F3F291
:10C8F000F9F8F7F6FDFCFBFA0100FFFE0504030260
:10C90000090807067856341290EFCDAB21436587AE
:10C91000BADCFE09FFFFFFFFFFFFFFFFFFFFFFFF86
:10C92000FFFFFFFF31373A30343A34320000000065
:10C930004D61722031382032303235000000000065
:10C94000000000000000000087000000FFFFFFFF64
:10C95000FFFFFFFFFFFFFFFFFEFFFFFF04000000E0
:10C9600011000000010000001000000001000000A4
:10C970004C0000000100000000000000000000006A
:10C9800000AAAAAAAAAAAAAAAAEEEEEEEEEEEEEED5
:10C99000EEFEFFFFFFFFFFFFFFFFFFFFFF7FBFDF99
:10C9A000EFF7FBFDFC7EBFDFEFF7FBFD7E00000035
:10C9B00059F3F8C21F6EA501000000000000F03F0F
:10C9C0003030303030303030303030303030303067
:10C9D0002020202020202020202020202020202057
:10C9E000002020202020202020202828282828203F
:10C9F0002020202020202020202020202020202037
:10CA0000208810101010101010101010101010109E
:10CA1000100404040404040404040410101010108E
:10CA20001010414141414141010101010101010158
:10CA300001010101010101010101010110101010AA
:10CA4000101042424242424202020202020202022A
:10CA5000020202020202020202020202101010107E
:10CA600020000000000000000000000000000000A6
:10CA700000000000000000000000000000000000B6
:10CA800000000000000000000000000000000000A6
:10CA90000000000000000000000000000000000096
:10CAA0000000000000000000000000000000000086
:10CAB0000000000000000000000000000000000076
:10CAC0000000000000000000000000000000000066
:10CAD0000000000000000000000000000000000056
:10CAE0000000000030303030303030303030303006
:10CAF00030303030202020202020202020202020F6
:10CB00002020202005000000190000007D0000000A
:10CB10000080E03779C34143176E05B5B5B8934639
:10CB2000F5F93FE9034F384D321D30F94877825A05
:10CB30003CBF737FDD4F1575000000000000F03F23
:10CB400000000000000024400000000000005940E8
:10CB50000000000000408F40000000000088C3403B
:10CB600000000000006AF8400000000080842E41B0
:10CB700000000000D01263410000000084D79741FC
:10CB80000000000065CDCD41000000205FA0024202
:10CB9000000000E876483742000000A2941A6D4277
:10CBA000000040E59C30A2420000901EC4BCD6426A
:10CBB00000003426F56B0C430080E03779C3414315
:10CBC00000A0D8855734764300C84E676DC1AB438B
:10CBD000003D9160E458E143408CB5781DAF1544A9
:10CBE00050EFE2D6E41A4B4492D54D06CFF0804484
:10CBF000F64AE1C7022DB544B49DD9794378EA4499
:10CC0000F8B500BFF8BC08BC9E46704739780800EC
:10CC100025010800F8B500BFF8BC08BC9E46704767
:04CC2000FD0008000B
:08CC2400CCAAFF7F0100000013
:10CC2C0030B5204C83B0A04214BF4FF4801C4FF49D
:10CC3C00002C069D93B386460068C9B241F0B441FE
:10CC4C0040F48030CEF80000CEF80410DEF8081066
:10CC5C000191019810F00100F8D165B10CEB85053C
:10CC6C00ACF10401043BA5F1040C51F8044F6145EF
:10CC7C0043F8044FF9D1D2B242F0B442CEF80420BA
:10CC8C00DEF808300193019BDB07F9D5DEF80030A4
:10CC9C0023F48033CEF8003003B030BD022003B053
:10CCAC0030BD00BF00080E400160704782B041608B
:10CCBC0083680193019BDB07FAD5019800F006000D
:10CCCC0002B070474FF4806319481A491A4A03603E
:10CCDC000B60136ADB0104D4184B1362936ED807F4
:10CCEC00FCD5154A164B1362936ED903FCD5136B06
:10CCFC00114823F0030343F001031363836E1B07F6
:10CD0C00FCD5104B0C4983628B6E9807FCD5112314
:10CD1C00094A0B63936E1907FCD51223064913635A
:10CD2C008B6E1B07FCD5084B084A1A60704700BF76
:10CD3C0000080E40000A0E4000040E40090837009F
:10CD4C0009083701013F0F200803002000D8B8055F
:10CD5C00144B984205D200231349144A0B601360FC
:10CD6C007047134B984206D24FF480730E490F4A0A
:10CD7C000B60136070470F4B984206D84FF400734A
:10CD8C0009490A4A0B60136070470B4B06499842DD
:10CD9C0094BF4FF440734FF48063044A0B601360EC
:10CDAC00704700BF00366E0100080E40000A0E40AE
:10CDBC00005A6202FFA14A04FFBC0105303030303A
:10CDCC0030303030303030304445414442454546B7
:10CDDC000000000000000000000000000000000047
:10CDEC0000004000010000000003000000000000F3
:10CDFC000000000000000000000000000000000027
:10CE0C000000000000000000000000000000000016
:10CE1C000000000000000000000000000000000006
:10CE2C0000000000000000000000000042616C6C7B
:10CE3C0069737469632047656C2043573532310040
:10CE4C004E6577414520546563686E6F6C6F6779EA
:10CE5C0020496E632E00000004030904050F210015
:10CE6C00011C100500DF60DDD88945C74C9CD265DC
:10CE7C009D9E648A9F000003069E00010000000036
:10CE8C000A000000000003069E001400030057492E
:10CE9C004E555342000000000000000000008000CE
:10CEAC000400070028004400650076006900630058
:10CEBC00650049006E007400650072006600610038
:10CECC0063006500470055004900440000004E0017
:10CEDC007B0030004100430045003200420033002B
:10CEEC0045002D0032004200330045002D00320079
:10CEFC004200330045002D00320042003300450053
:10CF0C002D00340035003200310030004100430068
:10CF1C00450032004200330045007D000000000057
:10CF2C00000000600100000000093D008D30080089
:10CF3C00B5300800C930080081300800000000003E
:10CF4C009803002040030020980300208C0300204D
:10CF5C0038030020000000004C0300204803002090
:10CF6C006C030020480300200C0300200902200061
:10CF7C0001010080FA0904000002FFFFFF00070511
:10CF8C0081020002000705020200020009022000D3
:10CF9C0001010080FA0904000002FFFFFF000705F1
:10CFAC008102400000070502024000000A06000250
:10CFBC0000000040010000001201000200000040CF
:10CFCC003E2B21C5000201020301000000000000FD
:10CFDC0003000000043400204300000000000000A7
:10CFEC000000000000000000000000000000000035
:10CFFC0000000000000000004300000000000000E2
:10D00C000000000000000000000000000000000014
:10D01C0000000000000000004300000000000000C1
:10D02C0000000000000000000000000000000000F4
:10D03C0000000000000000004300000000000000A1
:10D04C0000000000000000000000000000000000D4
:10D05C000000000000000000430000000000000081
:10D06C0000000000000000000000000000000000B4
:10D07C000000000000000000430000000000000061
:10D08C000000000000000000000000000000000094
:10D09C000000000000000000430000000000000041
:10D0AC000000000000000000000000000000000074
:10D0BC0000000000000000001984080085800800B2
:10D0CC0000000000E0C908006CC7080038C7080061
:10D0DC0038C7080038C7080038C7080038C7080028
:10D0EC0038C7080038C7080038C7080038C7080018
:10D0FC00FFFFFFFFFFFFFFFFFFFFFFFFFFFF000032
:10D10C0001004153434949000000000000000000A9
:10D11C000000000000000000000000000000000003
:10D12C00000041534349490000000000000000008A
:10D13C0000000000000000000000000000000000E3
:10D14C00000000002805002000000000043400202E
:10D15C006C340020D43400200000000000000000DB
:10D16C0000000000000000000000000000000000B3
:10D17C0000000000000000000000000000000000A3
:10D18C000000000000000000000000000000000093
:10D19C000000000000000000000000000000000083
:10D1AC000000000000000000000000000000000073
:10D1BC000000000000000000000000000000000063
:10D1CC000000000000000000000000000000000053
:10D1DC000000000000000000000000000000000043
:10D1EC0001000000000000000E33CDAB34126DE6E0
:10D1FC00ECDE05000B000000000000000000000049
:10D20C000000000000000000000000000000000012
:10D21C000000000000000000000000000000000002
:10D22C0000000000000000000000000000000000F2
:10D23C0000000000000000000000000000000000E2
:10D24C0000000000000000000000000000000000D2
:10D25C0000000000000000000000000000000000C2
:10D26C0000000000000000000000000000000000B2
:10D27C0000000000000000000000000000000000A2
:10D28C00000000000000000048350020FFFFFFFFF9
:10D29C000000020000000000000000000000000080
:10D2AC0078060020780600208006002080060020EA
:10D2BC00880600208806002090060020900600209A
:10D2CC009806002098060020A0060020A00600204A
:10D2DC00A8060020A8060020B0060020B0060020FA
:10D2EC00B8060020B8060020C0060020C0060020AA
:10D2FC00C8060020C8060020D0060020D00600205A
:10D30C00D8060020D8060020E0060020E006002009
:10D31C00E8060020E8060020F0060020F0060020B9
:10D32C00F8060020F8060020000700200007002067
:10D33C000807002008070020100700201007002015
:10D34C0018070020180700202007002020070020C5
:10D35C002807002028070020300700203007002075
:10D36C003807002038070020400700204007002025
:10D37C0048070020480700205007002050070020D5
:10D38C005807002058070020600700206007002085
:10D39C006807002068070020700700207007002035
:10D3AC0078070020780700208007002080070020E5
:10D3BC008807002088070020900700209007002095
:10D3CC009807002098070020A0070020A007002045
:10D3DC00A8070020A8070020B0070020B0070020F5
:10D3EC00B8070020B8070020C0070020C0070020A5
:10D3FC00C8070020C8070020D0070020D007002055
:10D40C00D8070020D8070020E0070020E007002004
:10D41C00E8070020E8070020F0070020F0070020B4
:10D42C00F8070020F8070020000800200008002062
:10D43C000808002008080020100800201008002010
:10D44C0018080020180800202008002020080020C0
:10D45C002808002028080020300800203008002070
:10D46C003808002038080020400800204008002020
:10D47C0048080020480800205008002050080020D0
:10D48C005808002058080020600800206008002080
:10D49C006808002068080020700800207008002030
:10D4AC0078080020780800208008002080080020E0
:10D4BC008808002088080020900800209008002090
:10D4CC009808002098080020A0080020A008002040
:10D4DC00A8080020A8080020B0080020B0080020F0
:10D4EC00B8080020B8080020C0080020C0080020A0
:10D4FC00C8080020C8080020D0080020D008002050
:10D50C00D8080020D8080020E0080020E0080020FF
:10D51C00E8080020E8080020F0080020F0080020AF
:10D52C00F8080020F808002000090020000900205D
:10D53C00080900200809002010090020100900200B
:10D54C0018090020180900202009002020090020BB
:10D55C00280900202809002030090020300900206B
:10D56C00380900203809002040090020400900201B
:10D57C0048090020480900205009002050090020CB
:10D58C00580900205809002060090020600900207B
:10D59C00680900206809002070090020700900202B
:10D5AC0078090020780900208009002080090020DB
:10D5BC00880900208809002090090020900900208B
:10D5CC009809002098090020A0090020A00900203B
:10D5DC00A8090020A8090020B0090020B0090020EB
:10D5EC00B8090020B8090020C0090020C00900209B
:10D5FC00C8090020C8090020D0090020D00900204B
:10D60C00D8090020D8090020E0090020E0090020FA
:10D61C00E8090020E8090020F0090020F0090020AA
:10D62C00F8090020F8090020000A0020000A002058
:10D63C00080A0020080A0020100A0020100A002006
:10D64C00180A0020180A0020200A0020200A0020B6
:10D65C00280A0020280A0020300A0020300A002066
:10D66C00380A0020380A0020400A0020400A002016
:10D67C00480A0020480A0020500A0020500A0020C6
:10D68C00580A0020580A0020600A0020600A002076
:10D69C00680A0020680A0020700A0020700A002026
:0400000380002D7DCF
:00000001FF
