
cw521.elf:     file format elf32-littlearm

Sections:
Idx Name          Size      VMA       LMA       File off  Algn
  0 .text         0000cb74  00080000  00080000  00001000  2**3
                  CONTENTS, ALLOC, LOAD, READONLY, CODE
  1 .ARM.exidx    00000008  0008cb74  0008cb74  0000db74  2**2
                  CONTENTS, ALLOC, LOAD, READONLY, DATA
  2 .relocate     00000a80  20000000  0008cb7c  0000e000  2**3
                  CONTENTS, ALLOC, LOAD, CODE
  3 .bss          00002c98  20000a80  0008d600  0000ea80  2**3
                  ALLOC
  4 .stack        00003000  20080000  20080000  0000f000  2**0
                  ALLOC
  5 .ARM.attributes 00000029  00000000  00000000  0000ea80  2**0
                  CONTENTS, READONLY
  6 .comment      00000045  00000000  00000000  0000eaa9  2**0
                  CONTENTS, READONLY
  7 .debug_info   0001b4c8  00000000  00000000  0000eaee  2**0
                  CONTENTS, READONLY, DEBUGGING, OCTETS
  8 .debug_abbrev 00005920  00000000  00000000  00029fb6  2**0
                  CONTENTS, READONLY, DEBUGGING, OCTETS
  9 .debug_loclists 00009dd8  00000000  00000000  0002f8d6  2**0
                  CONTENTS, READONLY, DEBUGGING, OCTETS
 10 .debug_aranges 00001120  00000000  00000000  000396ae  2**0
                  CONTENTS, READONLY, DEBUGGING, OCTETS
 11 .debug_rnglists 0000205b  00000000  00000000  0003a7ce  2**0
                  CONTENTS, READONLY, DEBUGGING, OCTETS
 12 .debug_macro  0001add0  00000000  00000000  0003c829  2**0
                  CONTENTS, READONLY, DEBUGGING, OCTETS
 13 .debug_line   000215a0  00000000  00000000  000575f9  2**0
                  CONTENTS, READONLY, DEBUGGING, OCTETS
 14 .debug_str    0005e6f1  00000000  00000000  00078b99  2**0
                  CONTENTS, READONLY, DEBUGGING, OCTETS
 15 .debug_frame  00004644  00000000  00000000  000d728c  2**2
                  CONTENTS, READONLY, DEBUGGING, OCTETS
 16 .debug_line_str 000001a8  00000000  00000000  000db8d0  2**0
                  CONTENTS, READONLY, DEBUGGING, OCTETS

Disassembly of section .text:

00080000 <exception_table>:
   80000:	00 30 08 20 d1 2c 08 00 19 27 08 00 19 27 08 00     .0. .,...'...'..
   80010:	19 27 08 00 19 27 08 00 19 27 08 00 00 00 00 00     .'...'...'......
   80020:	00 00 00 00 00 00 00 00 00 00 00 00 19 27 08 00     .............'..
   80030:	19 27 08 00 00 00 00 00 19 27 08 00 19 27 08 00     .'.......'...'..
   80040:	19 27 08 00 19 27 08 00 19 27 08 00 19 27 08 00     .'...'...'...'..
   80050:	19 27 08 00 19 27 08 00 19 27 08 00 19 27 08 00     .'...'...'...'..
   80060:	19 27 08 00 19 27 08 00 9d 28 08 00 ad 28 08 00     .'...'...(...(..
   80070:	bd 28 08 00 19 27 08 00 19 27 08 00 19 27 08 00     .(...'...'...'..
   80080:	19 27 08 00 19 27 08 00 19 27 08 00 19 27 08 00     .'...'...'...'..
   80090:	19 27 08 00 19 27 08 00 19 27 08 00 19 27 08 00     .'...'...'...'..
   800a0:	19 27 08 00 19 27 08 00 19 27 08 00 19 27 08 00     .'...'...'...'..
   800b0:	19 27 08 00 19 34 08 00 19 27 08 00                 .'...4...'..

000800bc <deregister_tm_clones>:
   800bc:	4803      	ldr	r0, [pc, #12]	@ (800cc <deregister_tm_clones+0x10>)
   800be:	4b04      	ldr	r3, [pc, #16]	@ (800d0 <deregister_tm_clones+0x14>)
   800c0:	4283      	cmp	r3, r0
   800c2:	d002      	beq.n	800ca <deregister_tm_clones+0xe>
   800c4:	4b03      	ldr	r3, [pc, #12]	@ (800d4 <deregister_tm_clones+0x18>)
   800c6:	b103      	cbz	r3, 800ca <deregister_tm_clones+0xe>
   800c8:	4718      	bx	r3
   800ca:	4770      	bx	lr
   800cc:	0008cb7c 	.word	0x0008cb7c
   800d0:	0008cb7c 	.word	0x0008cb7c
   800d4:	00000000 	.word	0x00000000

000800d8 <register_tm_clones>:
   800d8:	4805      	ldr	r0, [pc, #20]	@ (800f0 <register_tm_clones+0x18>)
   800da:	4b06      	ldr	r3, [pc, #24]	@ (800f4 <register_tm_clones+0x1c>)
   800dc:	1a1b      	subs	r3, r3, r0
   800de:	0fd9      	lsrs	r1, r3, #31
   800e0:	eb01 01a3 	add.w	r1, r1, r3, asr #2
   800e4:	1049      	asrs	r1, r1, #1
   800e6:	d002      	beq.n	800ee <register_tm_clones+0x16>
   800e8:	4b03      	ldr	r3, [pc, #12]	@ (800f8 <register_tm_clones+0x20>)
   800ea:	b103      	cbz	r3, 800ee <register_tm_clones+0x16>
   800ec:	4718      	bx	r3
   800ee:	4770      	bx	lr
   800f0:	0008cb7c 	.word	0x0008cb7c
   800f4:	0008cb7c 	.word	0x0008cb7c
   800f8:	00000000 	.word	0x00000000

000800fc <__do_global_dtors_aux>:
   800fc:	b510      	push	{r4, lr}
   800fe:	4c06      	ldr	r4, [pc, #24]	@ (80118 <__do_global_dtors_aux+0x1c>)
   80100:	7823      	ldrb	r3, [r4, #0]
   80102:	b943      	cbnz	r3, 80116 <__do_global_dtors_aux+0x1a>
   80104:	f7ff ffda 	bl	800bc <deregister_tm_clones>
   80108:	4b04      	ldr	r3, [pc, #16]	@ (8011c <__do_global_dtors_aux+0x20>)
   8010a:	b113      	cbz	r3, 80112 <__do_global_dtors_aux+0x16>
   8010c:	4804      	ldr	r0, [pc, #16]	@ (80120 <__do_global_dtors_aux+0x24>)
   8010e:	f3af 8000 	nop.w
   80112:	2301      	movs	r3, #1
   80114:	7023      	strb	r3, [r4, #0]
   80116:	bd10      	pop	{r4, pc}
   80118:	20000a80 	.word	0x20000a80
   8011c:	00000000 	.word	0x00000000
   80120:	0008cb7c 	.word	0x0008cb7c

00080124 <frame_dummy>:
   80124:	b508      	push	{r3, lr}
   80126:	4b05      	ldr	r3, [pc, #20]	@ (8013c <frame_dummy+0x18>)
   80128:	b11b      	cbz	r3, 80132 <frame_dummy+0xe>
   8012a:	4905      	ldr	r1, [pc, #20]	@ (80140 <frame_dummy+0x1c>)
   8012c:	4805      	ldr	r0, [pc, #20]	@ (80144 <frame_dummy+0x20>)
   8012e:	f3af 8000 	nop.w
   80132:	e8bd 4008 	ldmia.w	sp!, {r3, lr}
   80136:	f7ff bfcf 	b.w	800d8 <register_tm_clones>
   8013a:	bf00      	nop
   8013c:	00000000 	.word	0x00000000
   80140:	20000a84 	.word	0x20000a84
   80144:	0008cb7c 	.word	0x0008cb7c

00080148 <usart_serial_getchar>:
 * \param data   Data to read
 *
 */
static inline void usart_serial_getchar(usart_if p_usart, uint8_t *data)
{
	uint32_t val = 0;
   80148:	2200      	movs	r2, #0
{
   8014a:	b5f0      	push	{r4, r5, r6, r7, lr}

	/* Avoid Cppcheck Warning */
	UNUSED(val);

#ifdef UART
	if (UART == (Uart*)p_usart) {
   8014c:	4b1e      	ldr	r3, [pc, #120]	@ (801c8 <usart_serial_getchar+0x80>)
{
   8014e:	b083      	sub	sp, #12
	if (UART == (Uart*)p_usart) {
   80150:	4298      	cmp	r0, r3
{
   80152:	4604      	mov	r4, r0
   80154:	460f      	mov	r7, r1
	uint32_t val = 0;
   80156:	9201      	str	r2, [sp, #4]
	if (UART == (Uart*)p_usart) {
   80158:	d02e      	beq.n	801b8 <usart_serial_getchar+0x70>
		while (usart_read(p_usart, &val));
		*data = (uint8_t)(val & 0xFF);
	}
#else
# ifdef USART0
	if (USART0 == p_usart) {
   8015a:	4b1c      	ldr	r3, [pc, #112]	@ (801cc <usart_serial_getchar+0x84>)
   8015c:	4298      	cmp	r0, r3
   8015e:	d023      	beq.n	801a8 <usart_serial_getchar+0x60>
		while (usart_read(p_usart, &val));
		*data = (uint8_t)(val & 0xFF);
	}
# endif
# ifdef USART1
	if (USART1 == p_usart) {
   80160:	4b1b      	ldr	r3, [pc, #108]	@ (801d0 <usart_serial_getchar+0x88>)
   80162:	4298      	cmp	r0, r3
   80164:	d010      	beq.n	80188 <usart_serial_getchar+0x40>
		while (usart_read(p_usart, &val));
		*data = (uint8_t)(val & 0xFF);
	}
# endif
# ifdef USART2
	if (USART2 == p_usart) {
   80166:	4b1b      	ldr	r3, [pc, #108]	@ (801d4 <usart_serial_getchar+0x8c>)
   80168:	4298      	cmp	r0, r3
   8016a:	d015      	beq.n	80198 <usart_serial_getchar+0x50>
		while (usart_read(p_usart, &val));
		*data = (uint8_t)(val & 0xFF);
	}
# endif
# ifdef USART3
	if (USART3 == p_usart) {
   8016c:	4b1a      	ldr	r3, [pc, #104]	@ (801d8 <usart_serial_getchar+0x90>)
   8016e:	4298      	cmp	r0, r3
   80170:	d108      	bne.n	80184 <usart_serial_getchar+0x3c>
   80172:	4e1a      	ldr	r6, [pc, #104]	@ (801dc <usart_serial_getchar+0x94>)
   80174:	ad01      	add	r5, sp, #4
		while (usart_read(p_usart, &val));
   80176:	4629      	mov	r1, r5
   80178:	4620      	mov	r0, r4
   8017a:	47b0      	blx	r6
   8017c:	2800      	cmp	r0, #0
   8017e:	d1fa      	bne.n	80176 <usart_serial_getchar+0x2e>
		*data = (uint8_t)(val & 0xFF);
   80180:	9b01      	ldr	r3, [sp, #4]
   80182:	703b      	strb	r3, [r7, #0]
		*data = (uint8_t)(val & 0xFF);
	}
# endif
#endif /* ifdef USART */

}
   80184:	b003      	add	sp, #12
   80186:	bdf0      	pop	{r4, r5, r6, r7, pc}
   80188:	4e14      	ldr	r6, [pc, #80]	@ (801dc <usart_serial_getchar+0x94>)
   8018a:	ad01      	add	r5, sp, #4
		while (usart_read(p_usart, &val));
   8018c:	4629      	mov	r1, r5
   8018e:	4620      	mov	r0, r4
   80190:	47b0      	blx	r6
   80192:	2800      	cmp	r0, #0
   80194:	d1fa      	bne.n	8018c <usart_serial_getchar+0x44>
   80196:	e7f3      	b.n	80180 <usart_serial_getchar+0x38>
   80198:	4e10      	ldr	r6, [pc, #64]	@ (801dc <usart_serial_getchar+0x94>)
   8019a:	ad01      	add	r5, sp, #4
		while (usart_read(p_usart, &val));
   8019c:	4629      	mov	r1, r5
   8019e:	4620      	mov	r0, r4
   801a0:	47b0      	blx	r6
   801a2:	2800      	cmp	r0, #0
   801a4:	d1fa      	bne.n	8019c <usart_serial_getchar+0x54>
   801a6:	e7eb      	b.n	80180 <usart_serial_getchar+0x38>
   801a8:	4e0c      	ldr	r6, [pc, #48]	@ (801dc <usart_serial_getchar+0x94>)
   801aa:	ad01      	add	r5, sp, #4
		while (usart_read(p_usart, &val));
   801ac:	4629      	mov	r1, r5
   801ae:	4620      	mov	r0, r4
   801b0:	47b0      	blx	r6
   801b2:	2800      	cmp	r0, #0
   801b4:	d1fa      	bne.n	801ac <usart_serial_getchar+0x64>
   801b6:	e7e3      	b.n	80180 <usart_serial_getchar+0x38>
   801b8:	4d09      	ldr	r5, [pc, #36]	@ (801e0 <usart_serial_getchar+0x98>)
		while (uart_read((Uart*)p_usart, data));
   801ba:	4639      	mov	r1, r7
   801bc:	4620      	mov	r0, r4
   801be:	47a8      	blx	r5
   801c0:	2800      	cmp	r0, #0
   801c2:	d1fa      	bne.n	801ba <usart_serial_getchar+0x72>
}
   801c4:	b003      	add	sp, #12
   801c6:	bdf0      	pop	{r4, r5, r6, r7, pc}
   801c8:	400e0600 	.word	0x400e0600
   801cc:	40090000 	.word	0x40090000
   801d0:	40094000 	.word	0x40094000
   801d4:	40098000 	.word	0x40098000
   801d8:	4009c000 	.word	0x4009c000
   801dc:	00084479 	.word	0x00084479
   801e0:	00082fc5 	.word	0x00082fc5

000801e4 <usart_serial_putchar>:
	if (UART == (Uart*)p_usart) {
   801e4:	4b1d      	ldr	r3, [pc, #116]	@ (8025c <usart_serial_putchar+0x78>)
{
   801e6:	b570      	push	{r4, r5, r6, lr}
	if (UART == (Uart*)p_usart) {
   801e8:	4298      	cmp	r0, r3
{
   801ea:	4604      	mov	r4, r0
   801ec:	460d      	mov	r5, r1
	if (UART == (Uart*)p_usart) {
   801ee:	d015      	beq.n	8021c <usart_serial_putchar+0x38>
	if (USART0 == p_usart) {
   801f0:	4b1b      	ldr	r3, [pc, #108]	@ (80260 <usart_serial_putchar+0x7c>)
   801f2:	4298      	cmp	r0, r3
   801f4:	d01a      	beq.n	8022c <usart_serial_putchar+0x48>
	if (USART1 == p_usart) {
   801f6:	4b1b      	ldr	r3, [pc, #108]	@ (80264 <usart_serial_putchar+0x80>)
   801f8:	4298      	cmp	r0, r3
   801fa:	d01f      	beq.n	8023c <usart_serial_putchar+0x58>
	if (USART2 == p_usart) {
   801fc:	4b1a      	ldr	r3, [pc, #104]	@ (80268 <usart_serial_putchar+0x84>)
   801fe:	4298      	cmp	r0, r3
   80200:	d004      	beq.n	8020c <usart_serial_putchar+0x28>
	if (USART3 == p_usart) {
   80202:	4b1a      	ldr	r3, [pc, #104]	@ (8026c <usart_serial_putchar+0x88>)
   80204:	4298      	cmp	r0, r3
   80206:	d021      	beq.n	8024c <usart_serial_putchar+0x68>
	return 0;
   80208:	2000      	movs	r0, #0
}
   8020a:	bd70      	pop	{r4, r5, r6, pc}
   8020c:	4e18      	ldr	r6, [pc, #96]	@ (80270 <usart_serial_putchar+0x8c>)
		while (usart_write(p_usart, c)!=0);
   8020e:	4629      	mov	r1, r5
   80210:	4620      	mov	r0, r4
   80212:	47b0      	blx	r6
   80214:	2800      	cmp	r0, #0
   80216:	d1fa      	bne.n	8020e <usart_serial_putchar+0x2a>
		return 1;
   80218:	2001      	movs	r0, #1
}
   8021a:	bd70      	pop	{r4, r5, r6, pc}
   8021c:	4e15      	ldr	r6, [pc, #84]	@ (80274 <usart_serial_putchar+0x90>)
		while (uart_write((Uart*)p_usart, c)!=0);
   8021e:	4629      	mov	r1, r5
   80220:	4620      	mov	r0, r4
   80222:	47b0      	blx	r6
   80224:	2800      	cmp	r0, #0
   80226:	d1fa      	bne.n	8021e <usart_serial_putchar+0x3a>
		return 1;
   80228:	2001      	movs	r0, #1
   8022a:	e7f6      	b.n	8021a <usart_serial_putchar+0x36>
   8022c:	4e10      	ldr	r6, [pc, #64]	@ (80270 <usart_serial_putchar+0x8c>)
		while (usart_write(p_usart, c)!=0);
   8022e:	4629      	mov	r1, r5
   80230:	4620      	mov	r0, r4
   80232:	47b0      	blx	r6
   80234:	2800      	cmp	r0, #0
   80236:	d1fa      	bne.n	8022e <usart_serial_putchar+0x4a>
		return 1;
   80238:	2001      	movs	r0, #1
   8023a:	e7ee      	b.n	8021a <usart_serial_putchar+0x36>
   8023c:	4e0c      	ldr	r6, [pc, #48]	@ (80270 <usart_serial_putchar+0x8c>)
		while (usart_write(p_usart, c)!=0);
   8023e:	4629      	mov	r1, r5
   80240:	4620      	mov	r0, r4
   80242:	47b0      	blx	r6
   80244:	2800      	cmp	r0, #0
   80246:	d1fa      	bne.n	8023e <usart_serial_putchar+0x5a>
		return 1;
   80248:	2001      	movs	r0, #1
   8024a:	e7e6      	b.n	8021a <usart_serial_putchar+0x36>
   8024c:	4e08      	ldr	r6, [pc, #32]	@ (80270 <usart_serial_putchar+0x8c>)
		while (usart_write(p_usart, c)!=0);
   8024e:	4629      	mov	r1, r5
   80250:	4620      	mov	r0, r4
   80252:	47b0      	blx	r6
   80254:	2800      	cmp	r0, #0
   80256:	d1fa      	bne.n	8024e <usart_serial_putchar+0x6a>
   80258:	e7de      	b.n	80218 <usart_serial_putchar+0x34>
   8025a:	bf00      	nop
   8025c:	400e0600 	.word	0x400e0600
   80260:	40090000 	.word	0x40090000
   80264:	40094000 	.word	0x40094000
   80268:	40098000 	.word	0x40098000
   8026c:	4009c000 	.word	0x4009c000
   80270:	00084465 	.word	0x00084465
   80274:	00082fb5 	.word	0x00082fb5

00080278 <verify_changing_faulty_block>:
    volatile int PRINT_VALUES = avg;
  }
}


void verify_changing_faulty_block(int start_block_index, int end_block_index, int interval, int number_of_measurements, int number_of_blocks, int threshold, bool uncorrectable_error) {
   80278:	e92d 4ff0 	stmdb	sp!, {r4, r5, r6, r7, r8, r9, sl, fp, lr}
   8027c:	b0c7      	sub	sp, #284	@ 0x11c
   8027e:	af0e      	add	r7, sp, #56	@ 0x38
   80280:	60ba      	str	r2, [r7, #8]
   80282:	627b      	str	r3, [r7, #36]	@ 0x24
  uint32_t key[8] = {
    0xEAEBECED, 0xEEEFF0F1, 0xF2F3F4F5, 0xF6F7F8F9,
    0xFAFBFCFD, 0xFEFF0001, 0x02030405, 0x06070809
  };
  uint32_t nonce[2] = {0x0, 0x0};
   80284:	2200      	movs	r2, #0
void verify_changing_faulty_block(int start_block_index, int end_block_index, int interval, int number_of_measurements, int number_of_blocks, int threshold, bool uncorrectable_error) {
   80286:	4699      	mov	r9, r3
  uint32_t nonce[2] = {0x0, 0x0};
   80288:	2300      	movs	r3, #0
void verify_changing_faulty_block(int start_block_index, int end_block_index, int interval, int number_of_measurements, int number_of_blocks, int threshold, bool uncorrectable_error) {
   8028a:	4680      	mov	r8, r0
   8028c:	468e      	mov	lr, r1
  uint32_t key[8] = {
   8028e:	4c8b      	ldr	r4, [pc, #556]	@ (804bc <verify_changing_faulty_block+0x244>)
   80290:	f107 05c0 	add.w	r5, r7, #192	@ 0xc0
  uint32_t nonce[2] = {0x0, 0x0};
   80294:	e9c7 2314 	strd	r2, r3, [r7, #80]	@ 0x50
  uint32_t key[8] = {
   80298:	cc0f      	ldmia	r4!, {r0, r1, r2, r3}
   8029a:	c50f      	stmia	r5!, {r0, r1, r2, r3}
   8029c:	e894 000f 	ldmia.w	r4, {r0, r1, r2, r3}
void verify_changing_faulty_block(int start_block_index, int end_block_index, int interval, int number_of_measurements, int number_of_blocks, int threshold, bool uncorrectable_error) {
   802a0:	f897 6110 	ldrb.w	r6, [r7, #272]	@ 0x110

  uint32_t one_block[4] = {0x12345678, 0xabcdef90, 0x87654321, 0x09fedcba};
   802a4:	f104 0c10 	add.w	ip, r4, #16
void verify_changing_faulty_block(int start_block_index, int end_block_index, int interval, int number_of_measurements, int number_of_blocks, int threshold, bool uncorrectable_error) {
   802a8:	61be      	str	r6, [r7, #24]
  uint32_t hash_hex[4] = {0xffffffff, 0xffffffff, 0xffffffff, 0xffffffff};
   802aa:	f104 0620 	add.w	r6, r4, #32
  uint32_t one_block[4] = {0x12345678, 0xabcdef90, 0x87654321, 0x09fedcba};
   802ae:	f107 0458 	add.w	r4, r7, #88	@ 0x58
  uint32_t key[8] = {
   802b2:	e885 000f 	stmia.w	r5, {r0, r1, r2, r3}
  uint32_t one_block[4] = {0x12345678, 0xabcdef90, 0x87654321, 0x09fedcba};
   802b6:	e89c 000f 	ldmia.w	ip, {r0, r1, r2, r3}
void verify_changing_faulty_block(int start_block_index, int end_block_index, int interval, int number_of_measurements, int number_of_blocks, int threshold, bool uncorrectable_error) {
   802ba:	f8d7 b108 	ldr.w	fp, [r7, #264]	@ 0x108

  for (int i = start_block_index; i <= end_block_index; i += interval) {
   802be:	45f0      	cmp	r8, lr
  uint32_t one_block[4] = {0x12345678, 0xabcdef90, 0x87654321, 0x09fedcba};
   802c0:	e884 000f 	stmia.w	r4, {r0, r1, r2, r3}
  uint32_t hash_hex[4] = {0xffffffff, 0xffffffff, 0xffffffff, 0xffffffff};
   802c4:	e896 000f 	ldmia.w	r6, {r0, r1, r2, r3}
   802c8:	f107 0468 	add.w	r4, r7, #104	@ 0x68
   802cc:	e884 000f 	stmia.w	r4, {r0, r1, r2, r3}
  for (int i = start_block_index; i <= end_block_index; i += interval) {
   802d0:	f300 80e1 	bgt.w	80496 <verify_changing_faulty_block+0x21e>
    volatile uint32_t results[number_of_measurements];
   802d4:	464b      	mov	r3, r9
   802d6:	009b      	lsls	r3, r3, #2
   802d8:	3307      	adds	r3, #7
   802da:	f023 0307 	bic.w	r3, r3, #7
   802de:	607b      	str	r3, [r7, #4]
    for (int f = 0; f < number_of_measurements; f++) {
      bignum blocks[number_of_blocks];
   802e0:	ea4f 130b 	mov.w	r3, fp, lsl #4
   802e4:	e9c7 8304 	strd	r8, r3, [r7, #16]
   802e8:	f8c7 e000 	str.w	lr, [r7]
    volatile uint32_t results[number_of_measurements];
   802ec:	687b      	ldr	r3, [r7, #4]
  for (int i = start_block_index; i <= end_block_index; i += interval) {
   802ee:	466d      	mov	r5, sp
    volatile uint32_t results[number_of_measurements];
   802f0:	ebad 0d03 	sub.w	sp, sp, r3
   802f4:	ab0e      	add	r3, sp, #56	@ 0x38
   802f6:	623b      	str	r3, [r7, #32]
    for (int f = 0; f < number_of_measurements; f++) {
   802f8:	6a7b      	ldr	r3, [r7, #36]	@ 0x24
   802fa:	2b00      	cmp	r3, #0
   802fc:	f340 80b0 	ble.w	80460 <verify_changing_faulty_block+0x1e8>
   80300:	2300      	movs	r3, #0
   80302:	62fb      	str	r3, [r7, #44]	@ 0x2c
   80304:	693b      	ldr	r3, [r7, #16]
   80306:	f8df a1b8 	ldr.w	sl, [pc, #440]	@ 804c0 <verify_changing_faulty_block+0x248>
   8030a:	011b      	lsls	r3, r3, #4
   8030c:	f8df 81b4 	ldr.w	r8, [pc, #436]	@ 804c4 <verify_changing_faulty_block+0x24c>
   80310:	f107 0430 	add.w	r4, r7, #48	@ 0x30
   80314:	61fb      	str	r3, [r7, #28]
   80316:	60fd      	str	r5, [r7, #12]
      bignum blocks[number_of_blocks];
   80318:	697b      	ldr	r3, [r7, #20]
    for (int f = 0; f < number_of_measurements; f++) {
   8031a:	f8c7 d028 	str.w	sp, [r7, #40]	@ 0x28
      for (int k = 0; k < number_of_blocks; k++) {
   8031e:	f1bb 0f00 	cmp.w	fp, #0
      bignum blocks[number_of_blocks];
   80322:	ebad 0d03 	sub.w	sp, sp, r3
   80326:	f10d 0938 	add.w	r9, sp, #56	@ 0x38
      for (int k = 0; k < number_of_blocks; k++) {
   8032a:	dd0d      	ble.n	80348 <verify_changing_faulty_block+0xd0>
   8032c:	2600      	movs	r6, #0
        blocks[k] = init_bignum(one_block);
   8032e:	4620      	mov	r0, r4
   80330:	f107 0158 	add.w	r1, r7, #88	@ 0x58
   80334:	eb09 1506 	add.w	r5, r9, r6, lsl #4
      for (int k = 0; k < number_of_blocks; k++) {
   80338:	3601      	adds	r6, #1
        blocks[k] = init_bignum(one_block);
   8033a:	47d0      	blx	sl
   8033c:	e894 000f 	ldmia.w	r4, {r0, r1, r2, r3}
      for (int k = 0; k < number_of_blocks; k++) {
   80340:	45b3      	cmp	fp, r6
        blocks[k] = init_bignum(one_block);
   80342:	e885 000f 	stmia.w	r5, {r0, r1, r2, r3}
      for (int k = 0; k < number_of_blocks; k++) {
   80346:	d1f2      	bne.n	8032e <verify_changing_faulty_block+0xb6>
      }

      bignum authorized_data = init_bignum_to_zero();
   80348:	4b5f      	ldr	r3, [pc, #380]	@ (804c8 <verify_changing_faulty_block+0x250>)
   8034a:	f107 0078 	add.w	r0, r7, #120	@ 0x78
   8034e:	4798      	blx	r3
      bignum hash_key = init_bignum(hash_hex);
   80350:	f107 0168 	add.w	r1, r7, #104	@ 0x68
   80354:	f107 0088 	add.w	r0, r7, #136	@ 0x88
   80358:	47d0      	blx	sl
      bignum tag = ciphertext_blocks_to_tag(blocks, number_of_blocks, hash_key, authorized_data, key, nonce);
   8035a:	f107 0350 	add.w	r3, r7, #80	@ 0x50
   8035e:	9308      	str	r3, [sp, #32]
   80360:	f107 03c0 	add.w	r3, r7, #192	@ 0xc0
   80364:	9307      	str	r3, [sp, #28]
   80366:	ad03      	add	r5, sp, #12
   80368:	f107 0378 	add.w	r3, r7, #120	@ 0x78
   8036c:	cb0f      	ldmia	r3, {r0, r1, r2, r3}
   8036e:	e885 000f 	stmia.w	r5, {r0, r1, r2, r3}
   80372:	f107 038c 	add.w	r3, r7, #140	@ 0x8c
   80376:	e893 0007 	ldmia.w	r3, {r0, r1, r2}
   8037a:	e88d 0007 	stmia.w	sp, {r0, r1, r2}
   8037e:	4e53      	ldr	r6, [pc, #332]	@ (804cc <verify_changing_faulty_block+0x254>)
   80380:	465a      	mov	r2, fp
   80382:	4649      	mov	r1, r9
   80384:	f8d7 3088 	ldr.w	r3, [r7, #136]	@ 0x88
   80388:	f107 0098 	add.w	r0, r7, #152	@ 0x98
   8038c:	47b0      	blx	r6

      blocks[i] = one_bit_modification(blocks[i], 42);
   8038e:	232a      	movs	r3, #42	@ 0x2a
   80390:	9301      	str	r3, [sp, #4]
   80392:	69fb      	ldr	r3, [r7, #28]
   80394:	4620      	mov	r0, r4
   80396:	eb09 0603 	add.w	r6, r9, r3
   8039a:	68f3      	ldr	r3, [r6, #12]
   8039c:	f8df c130 	ldr.w	ip, [pc, #304]	@ 804d0 <verify_changing_faulty_block+0x258>
   803a0:	9300      	str	r3, [sp, #0]
   803a2:	e896 000e 	ldmia.w	r6, {r1, r2, r3}
   803a6:	47e0      	blx	ip
   803a8:	e894 000f 	ldmia.w	r4, {r0, r1, r2, r3}
   803ac:	e886 000f 	stmia.w	r6, {r0, r1, r2, r3}
      if (uncorrectable_error) {
   803b0:	69bb      	ldr	r3, [r7, #24]
   803b2:	2b00      	cmp	r3, #0
   803b4:	d173      	bne.n	8049e <verify_changing_faulty_block+0x226>
    *SCB_DEMCR   = *SCB_DEMCR | 0x01000000;
   803b6:	f04f 21e0 	mov.w	r1, #3758153728	@ 0xe000e000
    DWT_CYCCNT   = (uint32_t *)0xE0001004; // address of the register
   803ba:	4846      	ldr	r0, [pc, #280]	@ (804d4 <verify_changing_faulty_block+0x25c>)
   803bc:	4b46      	ldr	r3, [pc, #280]	@ (804d8 <verify_changing_faulty_block+0x260>)
    SCB_DEMCR    = (uint32_t *)0xE000EDFC; // address of the register
   803be:	4a47      	ldr	r2, [pc, #284]	@ (804dc <verify_changing_faulty_block+0x264>)
    DWT_CYCCNT   = (uint32_t *)0xE0001004; // address of the register
   803c0:	6003      	str	r3, [r0, #0]
    SCB_DEMCR    = (uint32_t *)0xE000EDFC; // address of the register
   803c2:	4b47      	ldr	r3, [pc, #284]	@ (804e0 <verify_changing_faulty_block+0x268>)
      }

      reset_timer();
      start_timer();

      volatile verify_result res = verify(authorized_data, blocks, number_of_blocks, tag, threshold, hash_key, key, nonce);
   803c4:	ae08      	add	r6, sp, #32
    SCB_DEMCR    = (uint32_t *)0xE000EDFC; // address of the register
   803c6:	601a      	str	r2, [r3, #0]
    *DWT_CONTROL = 0;
   803c8:	2200      	movs	r2, #0
    DWT_CONTROL  = (uint32_t *)0xE0001000; // address of the register
   803ca:	4b46      	ldr	r3, [pc, #280]	@ (804e4 <verify_changing_faulty_block+0x26c>)
   803cc:	f8c8 3000 	str.w	r3, [r8]
    *SCB_DEMCR   = *SCB_DEMCR | 0x01000000;
   803d0:	f8d1 3dfc 	ldr.w	r3, [r1, #3580]	@ 0xdfc
   803d4:	f043 7380 	orr.w	r3, r3, #16777216	@ 0x1000000
   803d8:	f8c1 3dfc 	str.w	r3, [r1, #3580]	@ 0xdfc
    *DWT_CONTROL = 0;
   803dc:	f8d8 3000 	ldr.w	r3, [r8]
   803e0:	601a      	str	r2, [r3, #0]
    *DWT_CYCCNT  = 0; // reset the counter
   803e2:	6803      	ldr	r3, [r0, #0]
   803e4:	601a      	str	r2, [r3, #0]
    *DWT_CONTROL = *DWT_CONTROL | 1 ; // enable the counter
   803e6:	f8d8 2000 	ldr.w	r2, [r8]
   803ea:	6813      	ldr	r3, [r2, #0]
   803ec:	f043 0301 	orr.w	r3, r3, #1
   803f0:	6013      	str	r3, [r2, #0]
      volatile verify_result res = verify(authorized_data, blocks, number_of_blocks, tag, threshold, hash_key, key, nonce);
   803f2:	f107 0350 	add.w	r3, r7, #80	@ 0x50
   803f6:	930d      	str	r3, [sp, #52]	@ 0x34
   803f8:	f107 03c0 	add.w	r3, r7, #192	@ 0xc0
   803fc:	930c      	str	r3, [sp, #48]	@ 0x30
   803fe:	f107 0388 	add.w	r3, r7, #136	@ 0x88
   80402:	cb0f      	ldmia	r3, {r0, r1, r2, r3}
   80404:	e886 000f 	stmia.w	r6, {r0, r1, r2, r3}
   80408:	f8d7 310c 	ldr.w	r3, [r7, #268]	@ 0x10c
   8040c:	9307      	str	r3, [sp, #28]
   8040e:	f107 0398 	add.w	r3, r7, #152	@ 0x98
   80412:	cb0f      	ldmia	r3, {r0, r1, r2, r3}
   80414:	e885 000f 	stmia.w	r5, {r0, r1, r2, r3}
   80418:	e9cd 9b01 	strd	r9, fp, [sp, #4]
   8041c:	f8d7 3084 	ldr.w	r3, [r7, #132]	@ 0x84
   80420:	4d31      	ldr	r5, [pc, #196]	@ (804e8 <verify_changing_faulty_block+0x270>)
   80422:	9300      	str	r3, [sp, #0]
   80424:	f107 03a8 	add.w	r3, r7, #168	@ 0xa8
   80428:	4618      	mov	r0, r3
   8042a:	f107 0378 	add.w	r3, r7, #120	@ 0x78
   8042e:	cb0e      	ldmia	r3, {r1, r2, r3}
   80430:	47a8      	blx	r5
  return *DWT_CYCCNT;
   80432:	4828      	ldr	r0, [pc, #160]	@ (804d4 <verify_changing_faulty_block+0x25c>)

      volatile uint32_t number_of_cycles = get_cycles();
      stop_timer();

      results[f] = number_of_cycles;
   80434:	6a39      	ldr	r1, [r7, #32]
  return *DWT_CYCCNT;
   80436:	6803      	ldr	r3, [r0, #0]
   80438:	681b      	ldr	r3, [r3, #0]
      volatile uint32_t number_of_cycles = get_cycles();
   8043a:	643b      	str	r3, [r7, #64]	@ 0x40
    *DWT_CONTROL = *DWT_CONTROL | 0 ; // disable the counter
   8043c:	f8d8 3000 	ldr.w	r3, [r8]
   80440:	681a      	ldr	r2, [r3, #0]
   80442:	601a      	str	r2, [r3, #0]
      results[f] = number_of_cycles;
   80444:	6c3b      	ldr	r3, [r7, #64]	@ 0x40
   80446:	6afa      	ldr	r2, [r7, #44]	@ 0x2c
   80448:	f841 3022 	str.w	r3, [r1, r2, lsl #2]
    for (int f = 0; f < number_of_measurements; f++) {
   8044c:	4613      	mov	r3, r2
   8044e:	3301      	adds	r3, #1
   80450:	62fb      	str	r3, [r7, #44]	@ 0x2c
   80452:	6a7a      	ldr	r2, [r7, #36]	@ 0x24
   80454:	f8d7 d028 	ldr.w	sp, [r7, #40]	@ 0x28
   80458:	429a      	cmp	r2, r3
   8045a:	f47f af5d 	bne.w	80318 <verify_changing_faulty_block+0xa0>
   8045e:	68fd      	ldr	r5, [r7, #12]
    }

    volatile float avg = average(results, number_of_measurements);
   80460:	6a7e      	ldr	r6, [r7, #36]	@ 0x24
   80462:	6a3c      	ldr	r4, [r7, #32]
   80464:	4631      	mov	r1, r6
   80466:	4b21      	ldr	r3, [pc, #132]	@ (804ec <verify_changing_faulty_block+0x274>)
   80468:	4620      	mov	r0, r4
   8046a:	4798      	blx	r3
   8046c:	4603      	mov	r3, r0
   8046e:	647b      	str	r3, [r7, #68]	@ 0x44
    volatile float sd = standard_deviation(results, number_of_measurements, avg);
   80470:	6c7a      	ldr	r2, [r7, #68]	@ 0x44
   80472:	4631      	mov	r1, r6
   80474:	4b1e      	ldr	r3, [pc, #120]	@ (804f0 <verify_changing_faulty_block+0x278>)
   80476:	4620      	mov	r0, r4
   80478:	4798      	blx	r3
   8047a:	64b8      	str	r0, [r7, #72]	@ 0x48

    volatile int PRINT_VALUES = avg;
   8047c:	6c78      	ldr	r0, [r7, #68]	@ 0x44
   8047e:	4b1d      	ldr	r3, [pc, #116]	@ (804f4 <verify_changing_faulty_block+0x27c>)
   80480:	4798      	blx	r3
  for (int i = start_block_index; i <= end_block_index; i += interval) {
   80482:	693b      	ldr	r3, [r7, #16]
   80484:	68ba      	ldr	r2, [r7, #8]
    volatile int PRINT_VALUES = avg;
   80486:	64f8      	str	r0, [r7, #76]	@ 0x4c
  for (int i = start_block_index; i <= end_block_index; i += interval) {
   80488:	4413      	add	r3, r2
   8048a:	613b      	str	r3, [r7, #16]
   8048c:	683a      	ldr	r2, [r7, #0]
   8048e:	46ad      	mov	sp, r5
   80490:	429a      	cmp	r2, r3
   80492:	f6bf af2b 	bge.w	802ec <verify_changing_faulty_block+0x74>
  }
}
   80496:	37e4      	adds	r7, #228	@ 0xe4
   80498:	46bd      	mov	sp, r7
   8049a:	e8bd 8ff0 	ldmia.w	sp!, {r4, r5, r6, r7, r8, r9, sl, fp, pc}
        blocks[0] = one_bit_modification(blocks[0], 33);
   8049e:	2321      	movs	r3, #33	@ 0x21
   804a0:	9301      	str	r3, [sp, #4]
   804a2:	f8d9 300c 	ldr.w	r3, [r9, #12]
   804a6:	4620      	mov	r0, r4
   804a8:	9300      	str	r3, [sp, #0]
   804aa:	e899 000e 	ldmia.w	r9, {r1, r2, r3}
   804ae:	4e08      	ldr	r6, [pc, #32]	@ (804d0 <verify_changing_faulty_block+0x258>)
   804b0:	47b0      	blx	r6
   804b2:	e894 000f 	ldmia.w	r4, {r0, r1, r2, r3}
   804b6:	e889 000f 	stmia.w	r9, {r0, r1, r2, r3}
   804ba:	e77c      	b.n	803b6 <verify_changing_faulty_block+0x13e>
   804bc:	0008c834 	.word	0x0008c834
   804c0:	000810e1 	.word	0x000810e1
   804c4:	20000aa0 	.word	0x20000aa0
   804c8:	00081111 	.word	0x00081111
   804cc:	000819d5 	.word	0x000819d5
   804d0:	00081481 	.word	0x00081481
   804d4:	20000aa4 	.word	0x20000aa4
   804d8:	e0001004 	.word	0xe0001004
   804dc:	e000edfc 	.word	0xe000edfc
   804e0:	20000a9c 	.word	0x20000a9c
   804e4:	e0001000 	.word	0xe0001000
   804e8:	00081ac9 	.word	0x00081ac9
   804ec:	000814dd 	.word	0x000814dd
   804f0:	0008152d 	.word	0x0008152d
   804f4:	00085595 	.word	0x00085595

000804f8 <main>:
static void configure_console(void);

/*! \brief Main function. Execution starts here.
 */
int main(void)
{
   804f8:	e92d 41f0 	stmdb	sp!, {r4, r5, r6, r7, r8, lr}
   804fc:	b08c      	sub	sp, #48	@ 0x30
  uint32_t serial_number[4];

  // Read Device-ID from SAM3U. Do this before enabling interrupts etc.
  flash_read_unique_id(serial_number, sizeof(serial_number));
   804fe:	2110      	movs	r1, #16
   80500:	4b7a      	ldr	r3, [pc, #488]	@ (806ec <main+0x1f4>)
   80502:	a808      	add	r0, sp, #32
   80504:	4798      	blx	r3
 *
 * \param ul_id Id (number) of the peripheral clock.
 */
static inline void sysclk_enable_peripheral_clock(uint32_t ul_id)
{
	pmc_enable_periph_clk(ul_id);
   80506:	f8df 81e8 	ldr.w	r8, [pc, #488]	@ 806f0 <main+0x1f8>
   8050a:	2008      	movs	r0, #8
   8050c:	47c0      	blx	r8
 * \param opt         Options needed to set up RS232 communication (see \ref usart_options_t).
 *
 */
static inline void stdio_serial_init(volatile void *usart, const usart_serial_options_t *opt)
{
	stdio_base = (void *)usart;
   8050e:	4c79      	ldr	r4, [pc, #484]	@ (806f4 <main+0x1fc>)
   80510:	4a79      	ldr	r2, [pc, #484]	@ (806f8 <main+0x200>)
	uart_settings.ul_mode = opt->paritytype;
   80512:	f44f 6100 	mov.w	r1, #2048	@ 0x800
   80516:	6014      	str	r4, [r2, #0]
	uart_settings.ul_baudrate = opt->baudrate;
   80518:	f44f 32e1 	mov.w	r2, #115200	@ 0x1c200
	ptr_put = (int (*)(void volatile*,char))&usart_serial_putchar;
   8051c:	4b77      	ldr	r3, [pc, #476]	@ (806fc <main+0x204>)
   8051e:	e9cd 2106 	strd	r2, r1, [sp, #24]
   80522:	4a77      	ldr	r2, [pc, #476]	@ (80700 <main+0x208>)
	fdevopen((int (*)(char, FILE*))(_write),(int (*)(FILE*))(_read));
#  endif
#  if UC3 || SAM
	// For AVR32 and SAM GCC
	// Specify that stdout and stdin should not be buffered.
	setbuf(stdout, NULL);
   80524:	4d77      	ldr	r5, [pc, #476]	@ (80704 <main+0x20c>)
	ptr_put = (int (*)(void volatile*,char))&usart_serial_putchar;
   80526:	601a      	str	r2, [r3, #0]
	ptr_get = (void (*)(void volatile*,char*))&usart_serial_getchar;
   80528:	4a77      	ldr	r2, [pc, #476]	@ (80708 <main+0x210>)
   8052a:	4b78      	ldr	r3, [pc, #480]	@ (8070c <main+0x214>)
   8052c:	2008      	movs	r0, #8
   8052e:	601a      	str	r2, [r3, #0]
	uart_settings.ul_mck = sysclk_get_peripheral_hz();
   80530:	4b77      	ldr	r3, [pc, #476]	@ (80710 <main+0x218>)
   80532:	9305      	str	r3, [sp, #20]
   80534:	47c0      	blx	r8
		uart_init((Uart*)p_usart, &uart_settings);
   80536:	a905      	add	r1, sp, #20
   80538:	4620      	mov	r0, r4
   8053a:	4b76      	ldr	r3, [pc, #472]	@ (80714 <main+0x21c>)
   8053c:	4798      	blx	r3
	setbuf(stdout, NULL);
   8053e:	682b      	ldr	r3, [r5, #0]
   80540:	4c75      	ldr	r4, [pc, #468]	@ (80718 <main+0x220>)
   80542:	6898      	ldr	r0, [r3, #8]
   80544:	2100      	movs	r1, #0
   80546:	47a0      	blx	r4
	setbuf(stdin, NULL);
   80548:	682b      	ldr	r3, [r5, #0]
   8054a:	2100      	movs	r1, #0
   8054c:	6858      	ldr	r0, [r3, #4]
   8054e:	47a0      	blx	r4

  configure_console();

  irq_initialize_vectors();
  cpu_irq_enable();
   80550:	2201      	movs	r2, #1
   80552:	4b72      	ldr	r3, [pc, #456]	@ (8071c <main+0x224>)
   80554:	701a      	strb	r2, [r3, #0]
    This function ensures the apparent order of the explicit memory operations before
    and after the instruction, without ensuring their completion.
 */
__attribute__( ( always_inline ) ) __STATIC_INLINE void __DMB(void)
{
  __ASM volatile ("dmb");
   80556:	f3bf 8f5f 	dmb	sy
  This function enables IRQ interrupts by clearing the I-bit in the CPSR.
  Can only be executed in Privileged modes.
 */
__attribute__( ( always_inline ) ) __STATIC_INLINE void __enable_irq(void)
{
  __ASM volatile ("cpsie i");
   8055a:	b662      	cpsie	i
{
#ifdef CONFIG_SLEEPMGR_ENABLE
	uint8_t i;

	for (i = 0; i < SLEEPMGR_NR_OF_MODES - 1; i++) {
		sleepmgr_locks[i] = 0;
   8055c:	2000      	movs	r0, #0
   8055e:	f44f 7180 	mov.w	r1, #256	@ 0x100
   80562:	4b6f      	ldr	r3, [pc, #444]	@ (80720 <main+0x228>)

  // Initialize the sleep manager
  sleepmgr_init();
#if !SAMD21 && !SAMR21
  sysclk_init();
   80564:	4a6f      	ldr	r2, [pc, #444]	@ (80724 <main+0x22c>)
   80566:	6018      	str	r0, [r3, #0]
   80568:	8099      	strh	r1, [r3, #4]
   8056a:	4e6f      	ldr	r6, [pc, #444]	@ (80728 <main+0x230>)
   8056c:	4790      	blx	r2
  board_init();
   8056e:	4b6f      	ldr	r3, [pc, #444]	@ (8072c <main+0x234>)
   80570:	4798      	blx	r3
#else
  system_init();
#endif

  //Convert serial number to ASCII for USB Serial number
  for(unsigned int i = 0; i < 4; i++){
   80572:	4635      	mov	r5, r6
   80574:	4f6e      	ldr	r7, [pc, #440]	@ (80730 <main+0x238>)
   80576:	ac08      	add	r4, sp, #32
    sprintf(usb_serial_number+(i*8), "%08x", (unsigned int)serial_number[i]);
   80578:	4628      	mov	r0, r5
   8057a:	f854 2b04 	ldr.w	r2, [r4], #4
   8057e:	496d      	ldr	r1, [pc, #436]	@ (80734 <main+0x23c>)
   80580:	47b8      	blx	r7
  for(unsigned int i = 0; i < 4; i++){
   80582:	ab0c      	add	r3, sp, #48	@ 0x30
   80584:	42a3      	cmp	r3, r4
   80586:	f105 0508 	add.w	r5, r5, #8
   8058a:	d1f5      	bne.n	80578 <main+0x80>
  }
  usb_serial_number[32] = 0;
   8058c:	2500      	movs	r5, #0
  printf("ChipSHOUTER C521 Ballistic Gel Online. Firmware build: %s/%s\n", __TIME__, __DATE__);
  printf("Serial number: %s\n", usb_serial_number);


  /* Enable SMC */
  pmc_enable_periph_clk(ID_SMC);
   8058e:	2009      	movs	r0, #9
  gpio_configure_pin(PIN_EBI_DATA_BUS_D0, PIN_EBI_DATA_BUS_FLAG1);
   80590:	4c69      	ldr	r4, [pc, #420]	@ (80738 <main+0x240>)
  usb_serial_number[32] = 0;
   80592:	f886 5020 	strb.w	r5, [r6, #32]
  pmc_enable_periph_clk(ID_SMC);
   80596:	47c0      	blx	r8
  gpio_configure_pin(PIN_EBI_DATA_BUS_D0, PIN_EBI_DATA_BUS_FLAG1);
   80598:	4968      	ldr	r1, [pc, #416]	@ (8073c <main+0x244>)
   8059a:	2029      	movs	r0, #41	@ 0x29
   8059c:	47a0      	blx	r4
  gpio_configure_pin(PIN_EBI_DATA_BUS_D1, PIN_EBI_DATA_BUS_FLAG1);
   8059e:	4967      	ldr	r1, [pc, #412]	@ (8073c <main+0x244>)
   805a0:	202a      	movs	r0, #42	@ 0x2a
   805a2:	47a0      	blx	r4
  gpio_configure_pin(PIN_EBI_DATA_BUS_D2, PIN_EBI_DATA_BUS_FLAG1);
   805a4:	4965      	ldr	r1, [pc, #404]	@ (8073c <main+0x244>)
   805a6:	202b      	movs	r0, #43	@ 0x2b
   805a8:	47a0      	blx	r4
  gpio_configure_pin(PIN_EBI_DATA_BUS_D3, PIN_EBI_DATA_BUS_FLAG1);
   805aa:	4964      	ldr	r1, [pc, #400]	@ (8073c <main+0x244>)
   805ac:	202c      	movs	r0, #44	@ 0x2c
   805ae:	47a0      	blx	r4
  gpio_configure_pin(PIN_EBI_DATA_BUS_D4, PIN_EBI_DATA_BUS_FLAG1);
   805b0:	4962      	ldr	r1, [pc, #392]	@ (8073c <main+0x244>)
   805b2:	202d      	movs	r0, #45	@ 0x2d
   805b4:	47a0      	blx	r4
  gpio_configure_pin(PIN_EBI_DATA_BUS_D5, PIN_EBI_DATA_BUS_FLAG1);
   805b6:	4961      	ldr	r1, [pc, #388]	@ (8073c <main+0x244>)
   805b8:	202e      	movs	r0, #46	@ 0x2e
   805ba:	47a0      	blx	r4
  gpio_configure_pin(PIN_EBI_DATA_BUS_D6, PIN_EBI_DATA_BUS_FLAG1);
   805bc:	495f      	ldr	r1, [pc, #380]	@ (8073c <main+0x244>)
   805be:	202f      	movs	r0, #47	@ 0x2f
   805c0:	47a0      	blx	r4
  gpio_configure_pin(PIN_EBI_DATA_BUS_D7, PIN_EBI_DATA_BUS_FLAG1);
   805c2:	495e      	ldr	r1, [pc, #376]	@ (8073c <main+0x244>)
   805c4:	2030      	movs	r0, #48	@ 0x30
   805c6:	47a0      	blx	r4
  gpio_configure_pin(PIN_EBI_DATA_BUS_D8, PIN_EBI_DATA_BUS_FLAG1);
   805c8:	495c      	ldr	r1, [pc, #368]	@ (8073c <main+0x244>)
   805ca:	2039      	movs	r0, #57	@ 0x39
   805cc:	47a0      	blx	r4
  gpio_configure_pin(PIN_EBI_DATA_BUS_D9, PIN_EBI_DATA_BUS_FLAG1);
   805ce:	495b      	ldr	r1, [pc, #364]	@ (8073c <main+0x244>)
   805d0:	203a      	movs	r0, #58	@ 0x3a
   805d2:	47a0      	blx	r4
  gpio_configure_pin(PIN_EBI_DATA_BUS_D10, PIN_EBI_DATA_BUS_FLAG1);
   805d4:	4959      	ldr	r1, [pc, #356]	@ (8073c <main+0x244>)
   805d6:	203b      	movs	r0, #59	@ 0x3b
   805d8:	47a0      	blx	r4
  gpio_configure_pin(PIN_EBI_DATA_BUS_D11, PIN_EBI_DATA_BUS_FLAG1);
   805da:	4958      	ldr	r1, [pc, #352]	@ (8073c <main+0x244>)
   805dc:	203c      	movs	r0, #60	@ 0x3c
   805de:	47a0      	blx	r4
  gpio_configure_pin(PIN_EBI_DATA_BUS_D12, PIN_EBI_DATA_BUS_FLAG1);
   805e0:	4956      	ldr	r1, [pc, #344]	@ (8073c <main+0x244>)
   805e2:	203d      	movs	r0, #61	@ 0x3d
   805e4:	47a0      	blx	r4
  gpio_configure_pin(PIN_EBI_DATA_BUS_D13, PIN_EBI_DATA_BUS_FLAG1);
   805e6:	4955      	ldr	r1, [pc, #340]	@ (8073c <main+0x244>)
   805e8:	203e      	movs	r0, #62	@ 0x3e
   805ea:	47a0      	blx	r4
  gpio_configure_pin(PIN_EBI_DATA_BUS_D14, PIN_EBI_DATA_BUS_FLAG1);
   805ec:	4953      	ldr	r1, [pc, #332]	@ (8073c <main+0x244>)
   805ee:	203f      	movs	r0, #63	@ 0x3f
   805f0:	47a0      	blx	r4
  gpio_configure_pin(PIN_EBI_DATA_BUS_D15, PIN_EBI_DATA_BUS_FLAG2);
   805f2:	4953      	ldr	r1, [pc, #332]	@ (80740 <main+0x248>)
   805f4:	2026      	movs	r0, #38	@ 0x26
   805f6:	47a0      	blx	r4
  gpio_configure_pin(PIN_EBI_NRD, PIN_EBI_NRD_FLAGS);
   805f8:	4950      	ldr	r1, [pc, #320]	@ (8073c <main+0x244>)
   805fa:	2033      	movs	r0, #51	@ 0x33
   805fc:	47a0      	blx	r4
  gpio_configure_pin(PIN_EBI_NWE, PIN_EBI_NWE_FLAGS);
   805fe:	494f      	ldr	r1, [pc, #316]	@ (8073c <main+0x244>)
   80600:	2037      	movs	r0, #55	@ 0x37
   80602:	47a0      	blx	r4
  gpio_configure_pin(PIN_EBI_NCS0, PIN_EBI_NCS0_FLAGS);
   80604:	494d      	ldr	r1, [pc, #308]	@ (8073c <main+0x244>)
   80606:	2034      	movs	r0, #52	@ 0x34
   80608:	47a0      	blx	r4

  gpio_configure_pin(PIN_EBI_ADDR_BUS_NBS0, PIN_EBI_ADDR_BUS_FLAG1);
   8060a:	494d      	ldr	r1, [pc, #308]	@ (80740 <main+0x248>)
   8060c:	2027      	movs	r0, #39	@ 0x27
   8060e:	47a0      	blx	r4
  gpio_configure_pin(PIN_EBI_ADDR_BUS_NBS1, PIN_EBI_ADDR_BUS_FLAG2);
   80610:	494a      	ldr	r1, [pc, #296]	@ (8073c <main+0x244>)
   80612:	204f      	movs	r0, #79	@ 0x4f
   80614:	47a0      	blx	r4

  gpio_configure_pin(PIN_EBI_ADDR_BUS_A1, PIN_EBI_ADDR_BUS_FLAG1);
   80616:	494a      	ldr	r1, [pc, #296]	@ (80740 <main+0x248>)
   80618:	2028      	movs	r0, #40	@ 0x28
   8061a:	47a0      	blx	r4
  gpio_configure_pin(PIN_EBI_ADDR_BUS_A2, PIN_EBI_ADDR_BUS_FLAG2);
   8061c:	4947      	ldr	r1, [pc, #284]	@ (8073c <main+0x244>)
   8061e:	2040      	movs	r0, #64	@ 0x40
   80620:	47a0      	blx	r4
  gpio_configure_pin(PIN_EBI_ADDR_BUS_A3, PIN_EBI_ADDR_BUS_FLAG2);
   80622:	4946      	ldr	r1, [pc, #280]	@ (8073c <main+0x244>)
   80624:	2041      	movs	r0, #65	@ 0x41
   80626:	47a0      	blx	r4
  gpio_configure_pin(PIN_EBI_ADDR_BUS_A4, PIN_EBI_ADDR_BUS_FLAG2);
   80628:	4944      	ldr	r1, [pc, #272]	@ (8073c <main+0x244>)
   8062a:	2042      	movs	r0, #66	@ 0x42
   8062c:	47a0      	blx	r4
  gpio_configure_pin(PIN_EBI_ADDR_BUS_A5, PIN_EBI_ADDR_BUS_FLAG2);
   8062e:	4943      	ldr	r1, [pc, #268]	@ (8073c <main+0x244>)
   80630:	2043      	movs	r0, #67	@ 0x43
   80632:	47a0      	blx	r4
  gpio_configure_pin(PIN_EBI_ADDR_BUS_A6, PIN_EBI_ADDR_BUS_FLAG2);
   80634:	4941      	ldr	r1, [pc, #260]	@ (8073c <main+0x244>)
   80636:	2044      	movs	r0, #68	@ 0x44
   80638:	47a0      	blx	r4
  gpio_configure_pin(PIN_EBI_ADDR_BUS_A7, PIN_EBI_ADDR_BUS_FLAG2);
   8063a:	4940      	ldr	r1, [pc, #256]	@ (8073c <main+0x244>)
   8063c:	2045      	movs	r0, #69	@ 0x45
   8063e:	47a0      	blx	r4
  gpio_configure_pin(PIN_EBI_ADDR_BUS_A8, PIN_EBI_ADDR_BUS_FLAG2);
   80640:	493e      	ldr	r1, [pc, #248]	@ (8073c <main+0x244>)
   80642:	2046      	movs	r0, #70	@ 0x46
   80644:	47a0      	blx	r4
  gpio_configure_pin(PIN_EBI_ADDR_BUS_A9, PIN_EBI_ADDR_BUS_FLAG2);
   80646:	493d      	ldr	r1, [pc, #244]	@ (8073c <main+0x244>)
   80648:	2047      	movs	r0, #71	@ 0x47
   8064a:	47a0      	blx	r4
  gpio_configure_pin(PIN_EBI_ADDR_BUS_A10, PIN_EBI_ADDR_BUS_FLAG2);
   8064c:	493b      	ldr	r1, [pc, #236]	@ (8073c <main+0x244>)
   8064e:	2048      	movs	r0, #72	@ 0x48
   80650:	47a0      	blx	r4
  gpio_configure_pin(PIN_EBI_ADDR_BUS_A11, PIN_EBI_ADDR_BUS_FLAG2);
   80652:	493a      	ldr	r1, [pc, #232]	@ (8073c <main+0x244>)
   80654:	2049      	movs	r0, #73	@ 0x49
   80656:	47a0      	blx	r4
  gpio_configure_pin(PIN_EBI_ADDR_BUS_A12, PIN_EBI_ADDR_BUS_FLAG2);
   80658:	4938      	ldr	r1, [pc, #224]	@ (8073c <main+0x244>)
   8065a:	204a      	movs	r0, #74	@ 0x4a
   8065c:	47a0      	blx	r4
  gpio_configure_pin(PIN_EBI_ADDR_BUS_A13, PIN_EBI_ADDR_BUS_FLAG2);
   8065e:	4937      	ldr	r1, [pc, #220]	@ (8073c <main+0x244>)
   80660:	204b      	movs	r0, #75	@ 0x4b
   80662:	47a0      	blx	r4
  gpio_configure_pin(PIN_EBI_ADDR_BUS_A14, PIN_EBI_ADDR_BUS_FLAG2);
   80664:	4935      	ldr	r1, [pc, #212]	@ (8073c <main+0x244>)
   80666:	2054      	movs	r0, #84	@ 0x54
   80668:	47a0      	blx	r4
  gpio_configure_pin(PIN_EBI_ADDR_BUS_A15, PIN_EBI_ADDR_BUS_FLAG2);
   8066a:	4934      	ldr	r1, [pc, #208]	@ (8073c <main+0x244>)
   8066c:	2055      	movs	r0, #85	@ 0x55
   8066e:	47a0      	blx	r4
  gpio_configure_pin(PIN_EBI_ADDR_BUS_A16, PIN_EBI_ADDR_BUS_FLAG2);
   80670:	4932      	ldr	r1, [pc, #200]	@ (8073c <main+0x244>)
   80672:	2056      	movs	r0, #86	@ 0x56
   80674:	47a0      	blx	r4
  gpio_configure_pin(PIN_EBI_ADDR_BUS_A17, PIN_EBI_ADDR_BUS_FLAG2);
   80676:	4931      	ldr	r1, [pc, #196]	@ (8073c <main+0x244>)
   80678:	2057      	movs	r0, #87	@ 0x57
   8067a:	47a0      	blx	r4
  gpio_configure_pin(PIN_EBI_ADDR_BUS_A18, PIN_EBI_ADDR_BUS_FLAG2);
   8067c:	492f      	ldr	r1, [pc, #188]	@ (8073c <main+0x244>)
   8067e:	2058      	movs	r0, #88	@ 0x58
   80680:	47a0      	blx	r4
  gpio_configure_pin(PIN_EBI_ADDR_BUS_A19, PIN_EBI_ADDR_BUS_FLAG2);
   80682:	492e      	ldr	r1, [pc, #184]	@ (8073c <main+0x244>)
   80684:	2059      	movs	r0, #89	@ 0x59
   80686:	47a0      	blx	r4
  gpio_configure_pin(PIN_EBI_ADDR_BUS_A20, PIN_EBI_ADDR_BUS_FLAG2);
   80688:	492c      	ldr	r1, [pc, #176]	@ (8073c <main+0x244>)
   8068a:	205a      	movs	r0, #90	@ 0x5a
   8068c:	47a0      	blx	r4
  gpio_configure_pin(PIN_EBI_ADDR_BUS_A21, PIN_EBI_ADDR_BUS_FLAG2);
   8068e:	492b      	ldr	r1, [pc, #172]	@ (8073c <main+0x244>)
   80690:	2035      	movs	r0, #53	@ 0x35
   80692:	47a0      	blx	r4
  | SMC_CYCLE_NRD_CYCLE(8));
  smc_set_mode(SMC, 0, SMC_MODE_READ_MODE_NRD_CTRL | SMC_MODE_WRITE_MODE_NWE_CTRL
  | SMC_MODE_DBW_BIT_16);
  */

    smc_set_setup_timing(SMC, 0, SMC_SETUP_NWE_SETUP(0)
   80694:	4629      	mov	r1, r5
   80696:	4a2b      	ldr	r2, [pc, #172]	@ (80744 <main+0x24c>)
   80698:	482b      	ldr	r0, [pc, #172]	@ (80748 <main+0x250>)
   8069a:	4b2c      	ldr	r3, [pc, #176]	@ (8074c <main+0x254>)
   8069c:	4798      	blx	r3
    | SMC_SETUP_NCS_WR_SETUP(4)
    | SMC_SETUP_NRD_SETUP(4)
    | SMC_SETUP_NCS_RD_SETUP(4));
    smc_set_pulse_timing(SMC, 0, SMC_PULSE_NWE_PULSE(12)
   8069e:	f04f 320c 	mov.w	r2, #202116108	@ 0xc0c0c0c
   806a2:	4629      	mov	r1, r5
   806a4:	4828      	ldr	r0, [pc, #160]	@ (80748 <main+0x250>)
   806a6:	4b2a      	ldr	r3, [pc, #168]	@ (80750 <main+0x258>)
   806a8:	4798      	blx	r3
    | SMC_PULSE_NCS_WR_PULSE(12)
    | SMC_PULSE_NRD_PULSE(12)
    | SMC_PULSE_NCS_RD_PULSE(12));
    smc_set_cycle_timing(SMC, 0, SMC_CYCLE_NWE_CYCLE(16)
   806aa:	f04f 1210 	mov.w	r2, #1048592	@ 0x100010
   806ae:	4629      	mov	r1, r5
   806b0:	4825      	ldr	r0, [pc, #148]	@ (80748 <main+0x250>)
   806b2:	4b28      	ldr	r3, [pc, #160]	@ (80754 <main+0x25c>)
   806b4:	4798      	blx	r3
    | SMC_CYCLE_NRD_CYCLE(16));
    smc_set_mode(SMC, 0, SMC_MODE_READ_MODE_NRD_CTRL | SMC_MODE_WRITE_MODE_NWE_CTRL
   806b6:	f241 0203 	movw	r2, #4099	@ 0x1003
   806ba:	4629      	mov	r1, r5
   806bc:	4822      	ldr	r0, [pc, #136]	@ (80748 <main+0x250>)
   806be:	4b26      	ldr	r3, [pc, #152]	@ (80758 <main+0x260>)
   806c0:	4798      	blx	r3
  /*
  osc_enable(OSC_MAINCK_XTAL);
      osc_wait_ready(OSC_MAINCK_XTAL);
      pmc_switch_mck_to_mainck(CONFIG_SYSCLK_PRES);
  */
  ui_init();
   806c2:	4b26      	ldr	r3, [pc, #152]	@ (8075c <main+0x264>)
   806c4:	4798      	blx	r3

  // Start USB stack to authorize VBus monitoring
  udc_start();
   806c6:	4b26      	ldr	r3, [pc, #152]	@ (80760 <main+0x268>)
   806c8:	4798      	blx	r3

  printf("Event Loop Entered, waiting...\n");

  // The main loop manages only the power mode
  // because the USB management is done by interrupt
	naeusb_register_handlers();
   806ca:	4b26      	ldr	r3, [pc, #152]	@ (80764 <main+0x26c>)
   806cc:	4798      	blx	r3
  ballistic_register_handlers();
   806ce:	4b26      	ldr	r3, [pc, #152]	@ (80768 <main+0x270>)
   806d0:	4798      	blx	r3

  // ------------------------------------- my code start ---------------------------------------------------------------------

  verify_changing_faulty_block(0, 100, 10, 10, 101, 2, true);
   806d2:	2701      	movs	r7, #1
   806d4:	2265      	movs	r2, #101	@ 0x65
   806d6:	2602      	movs	r6, #2
   806d8:	230a      	movs	r3, #10
   806da:	9200      	str	r2, [sp, #0]
   806dc:	2164      	movs	r1, #100	@ 0x64
   806de:	4628      	mov	r0, r5
   806e0:	461a      	mov	r2, r3
   806e2:	e9cd 6701 	strd	r6, r7, [sp, #4]
   806e6:	4c21      	ldr	r4, [pc, #132]	@ (8076c <main+0x274>)
   806e8:	47a0      	blx	r4

  // --------------------------------------- my code end -------------------------------------------------------------------------------------------

  while (true) {
   806ea:	e7fe      	b.n	806ea <main+0x1f2>
   806ec:	0008271d 	.word	0x0008271d
   806f0:	00082bf9 	.word	0x00082bf9
   806f4:	400e0600 	.word	0x400e0600
   806f8:	20003400 	.word	0x20003400
   806fc:	200033fc 	.word	0x200033fc
   80700:	000801e5 	.word	0x000801e5
   80704:	20000524 	.word	0x20000524
   80708:	00080149 	.word	0x00080149
   8070c:	20003390 	.word	0x20003390
   80710:	05b8d800 	.word	0x05b8d800
   80714:	00082f7d 	.word	0x00082f7d
   80718:	00086f15 	.word	0x00086f15
   8071c:	20000304 	.word	0x20000304
   80720:	20003398 	.word	0x20003398
   80724:	00082e11 	.word	0x00082e11
   80728:	2000019c 	.word	0x2000019c
   8072c:	000826a1 	.word	0x000826a1
   80730:	000870c9 	.word	0x000870c9
   80734:	0008c668 	.word	0x0008c668
   80738:	00082905 	.word	0x00082905
   8073c:	08000001 	.word	0x08000001
   80740:	10000001 	.word	0x10000001
   80744:	04040400 	.word	0x04040400
   80748:	400e0000 	.word	0x400e0000
   8074c:	00082c9d 	.word	0x00082c9d
   80750:	00082ca9 	.word	0x00082ca9
   80754:	00082cb5 	.word	0x00082cb5
   80758:	00082cc1 	.word	0x00082cc1
   8075c:	000825b9 	.word	0x000825b9
   80760:	00081f1d 	.word	0x00081f1d
   80764:	00080e25 	.word	0x00080e25
   80768:	00080b85 	.word	0x00080b85
   8076c:	00080279 	.word	0x00080279

00080770 <ctrl_readmem_ctrl>:
		main_vendor_bulk_in_received
	);
	return;
}

void ctrl_readmem_ctrl(void){
   80770:	b570      	push	{r4, r5, r6, lr}
     uint32_t buflen = *(CTRLBUFFER_WORDPTR);
   80772:	4b08      	ldr	r3, [pc, #32]	@ (80794 <ctrl_readmem_ctrl+0x24>)
     uint32_t address = *(CTRLBUFFER_WORDPTR + 1);

     FPGA_setlock(fpga_ctrlmem);
   80774:	4a08      	ldr	r2, [pc, #32]	@ (80798 <ctrl_readmem_ctrl+0x28>)
   80776:	2005      	movs	r0, #5
     uint32_t address = *(CTRLBUFFER_WORDPTR + 1);
   80778:	e9d3 5400 	ldrd	r5, r4, [r3]
     FPGA_setlock(fpga_ctrlmem);
   8077c:	4790      	blx	r2

     /* Do memory read */
     ctrlmemread_buf = (uint8_t *) PSRAM_BASE_ADDRESS + address;
   8077e:	4907      	ldr	r1, [pc, #28]	@ (8079c <ctrl_readmem_ctrl+0x2c>)

     /* Set size to read */
     ctrlmemread_size = buflen;
   80780:	4a07      	ldr	r2, [pc, #28]	@ (807a0 <ctrl_readmem_ctrl+0x30>)
     ctrlmemread_buf = (uint8_t *) PSRAM_BASE_ADDRESS + address;
   80782:	f104 44c0 	add.w	r4, r4, #1610612736	@ 0x60000000
   80786:	600c      	str	r4, [r1, #0]
     ctrlmemread_size = buflen;
   80788:	6015      	str	r5, [r2, #0]

     /* Start Transaction */
     LED_On(LED2_GPIO);
   8078a:	204c      	movs	r0, #76	@ 0x4c
}
   8078c:	e8bd 4070 	ldmia.w	sp!, {r4, r5, r6, lr}
     LED_On(LED2_GPIO);
   80790:	4b04      	ldr	r3, [pc, #16]	@ (807a4 <ctrl_readmem_ctrl+0x34>)
   80792:	4718      	bx	r3
   80794:	20003240 	.word	0x20003240
   80798:	00082571 	.word	0x00082571
   8079c:	20000ab0 	.word	0x20000ab0
   807a0:	20000aac 	.word	0x20000aac
   807a4:	0008280d 	.word	0x0008280d

000807a8 <ctrl_writemem_ctrl>:
          }
     }
     seeded = 1;
}

void ctrl_writemem_ctrl(void){
   807a8:	e92d 41f0 	stmdb	sp!, {r4, r5, r6, r7, r8, lr}
     uint32_t buflen = *(CTRLBUFFER_WORDPTR);
   807ac:	4f0e      	ldr	r7, [pc, #56]	@ (807e8 <ctrl_writemem_ctrl+0x40>)

     uint8_t * ctrlbuf_payload = (uint8_t *)(CTRLBUFFER_WORDPTR + 2);

     //printf("Writing to %x, %d\n", address, buflen);

     FPGA_setlock(fpga_generic);
   807ae:	2001      	movs	r0, #1
     uint32_t address = *(CTRLBUFFER_WORDPTR + 1);
   807b0:	e9d7 4500 	ldrd	r4, r5, [r7]
     FPGA_setlock(fpga_generic);
   807b4:	4e0d      	ldr	r6, [pc, #52]	@ (807ec <ctrl_writemem_ctrl+0x44>)
   807b6:	47b0      	blx	r6

     /* Start Transaction */
     LED_On(LED1_GPIO);
   807b8:	2010      	movs	r0, #16
   807ba:	4b0d      	ldr	r3, [pc, #52]	@ (807f0 <ctrl_writemem_ctrl+0x48>)
   807bc:	4798      	blx	r3

     /* Do memory write */
     for(unsigned int i = 0; i < buflen; i++){
   807be:	b174      	cbz	r4, 807de <ctrl_writemem_ctrl+0x36>
   807c0:	eb07 0c04 	add.w	ip, r7, r4
   807c4:	1fec      	subs	r4, r5, #7
   807c6:	4d0b      	ldr	r5, [pc, #44]	@ (807f4 <ctrl_writemem_ctrl+0x4c>)
   807c8:	1dfb      	adds	r3, r7, #7
          xram[i+address] = ctrlbuf_payload[i];
   807ca:	1be4      	subs	r4, r4, r7
   807cc:	f10c 0c07 	add.w	ip, ip, #7
   807d0:	18e2      	adds	r2, r4, r3
   807d2:	f813 0f01 	ldrb.w	r0, [r3, #1]!
   807d6:	6829      	ldr	r1, [r5, #0]
     for(unsigned int i = 0; i < buflen; i++){
   807d8:	4563      	cmp	r3, ip
          xram[i+address] = ctrlbuf_payload[i];
   807da:	5488      	strb	r0, [r1, r2]
     for(unsigned int i = 0; i < buflen; i++){
   807dc:	d1f8      	bne.n	807d0 <ctrl_writemem_ctrl+0x28>
     }

     FPGA_setlock(fpga_unlocked);
   807de:	4633      	mov	r3, r6
}
   807e0:	e8bd 41f0 	ldmia.w	sp!, {r4, r5, r6, r7, r8, lr}
     FPGA_setlock(fpga_unlocked);
   807e4:	2000      	movs	r0, #0
   807e6:	4718      	bx	r3
   807e8:	20003240 	.word	0x20003240
   807ec:	00082571 	.word	0x00082571
   807f0:	0008280d 	.word	0x0008280d
   807f4:	20000300 	.word	0x20000300

000807f8 <ctrl_writemem_bulk>:

static uint32_t bulkread_address = 0;
static uint32_t bulkread_len = 0;

void ctrl_writemem_bulk(void){
   807f8:	b510      	push	{r4, lr}
     uint32_t buflen = *(CTRLBUFFER_WORDPTR);
     uint32_t address = *(CTRLBUFFER_WORDPTR + 1);
   807fa:	4a06      	ldr	r2, [pc, #24]	@ (80814 <ctrl_writemem_bulk+0x1c>)

     FPGA_setlock(fpga_blockout);
   807fc:	4b06      	ldr	r3, [pc, #24]	@ (80818 <ctrl_writemem_bulk+0x20>)
   807fe:	2004      	movs	r0, #4
     uint32_t address = *(CTRLBUFFER_WORDPTR + 1);
   80800:	6854      	ldr	r4, [r2, #4]
     FPGA_setlock(fpga_blockout);
   80802:	4798      	blx	r3

     /* Set address */
     bulkread_address = address;
   80804:	4a05      	ldr	r2, [pc, #20]	@ (8081c <ctrl_writemem_bulk+0x24>)
     bulkread_len = buflen;
     //FPGA_setaddr(address);

     /* Transaction done in generic callback */
     LED_On(LED1_GPIO);
   80806:	2010      	movs	r0, #16
     bulkread_address = address;
   80808:	6014      	str	r4, [r2, #0]
     LED_On(LED1_GPIO);
   8080a:	4b05      	ldr	r3, [pc, #20]	@ (80820 <ctrl_writemem_bulk+0x28>)
}
   8080c:	e8bd 4010 	ldmia.w	sp!, {r4, lr}
     LED_On(LED1_GPIO);
   80810:	4718      	bx	r3
   80812:	bf00      	nop
   80814:	20003240 	.word	0x20003240
   80818:	00082571 	.word	0x00082571
   8081c:	20000aa8 	.word	0x20000aa8
   80820:	0008280d 	.word	0x0008280d

00080824 <ctrl_readmem_bulk>:
{
   80824:	b570      	push	{r4, r5, r6, lr}
     uint32_t buflen = *(CTRLBUFFER_WORDPTR);
   80826:	4b08      	ldr	r3, [pc, #32]	@ (80848 <ctrl_readmem_bulk+0x24>)
     FPGA_setlock(fpga_blockin);
   80828:	4a08      	ldr	r2, [pc, #32]	@ (8084c <ctrl_readmem_bulk+0x28>)
   8082a:	2002      	movs	r0, #2
     uint32_t address = *(CTRLBUFFER_WORDPTR + 1);
   8082c:	e9d3 5400 	ldrd	r5, r4, [r3]
     FPGA_setlock(fpga_blockin);
   80830:	4790      	blx	r2
     LED_On(LED2_GPIO);
   80832:	204c      	movs	r0, #76	@ 0x4c
   80834:	4b06      	ldr	r3, [pc, #24]	@ (80850 <ctrl_readmem_bulk+0x2c>)
   80836:	4798      	blx	r3
     udi_vendor_bulk_in_run(
   80838:	4629      	mov	r1, r5
   8083a:	f104 40c0 	add.w	r0, r4, #1610612736	@ 0x60000000
   8083e:	4a05      	ldr	r2, [pc, #20]	@ (80854 <ctrl_readmem_bulk+0x30>)
   80840:	4b05      	ldr	r3, [pc, #20]	@ (80858 <ctrl_readmem_bulk+0x34>)
}
   80842:	e8bd 4070 	ldmia.w	sp!, {r4, r5, r6, lr}
     udi_vendor_bulk_in_run(
   80846:	4718      	bx	r3
   80848:	20003240 	.word	0x20003240
   8084c:	00082571 	.word	0x00082571
   80850:	0008280d 	.word	0x0008280d
   80854:	00080941 	.word	0x00080941
   80858:	00083049 	.word	0x00083049

0008085c <ctrl_readmem_rng_bulk>:
	if (buflen >= sizeof(buffer))
   8085c:	f242 3327 	movw	r3, #8999	@ 0x2327
void ctrl_readmem_rng_bulk(void){
   80860:	b510      	push	{r4, lr}
	uint32_t buflen = *(CTRLBUFFER_WORDPTR);
   80862:	4a07      	ldr	r2, [pc, #28]	@ (80880 <ctrl_readmem_rng_bulk+0x24>)
   80864:	6814      	ldr	r4, [r2, #0]
	if (buflen >= sizeof(buffer))
   80866:	429c      	cmp	r4, r3
   80868:	d900      	bls.n	8086c <ctrl_readmem_rng_bulk+0x10>
}
   8086a:	bd10      	pop	{r4, pc}
	LED_On(LED2_GPIO);
   8086c:	204c      	movs	r0, #76	@ 0x4c
   8086e:	4b05      	ldr	r3, [pc, #20]	@ (80884 <ctrl_readmem_rng_bulk+0x28>)
   80870:	4798      	blx	r3
	udi_vendor_bulk_in_run(
   80872:	4621      	mov	r1, r4
}
   80874:	e8bd 4010 	ldmia.w	sp!, {r4, lr}
	udi_vendor_bulk_in_run(
   80878:	4a03      	ldr	r2, [pc, #12]	@ (80888 <ctrl_readmem_rng_bulk+0x2c>)
   8087a:	4804      	ldr	r0, [pc, #16]	@ (8088c <ctrl_readmem_rng_bulk+0x30>)
   8087c:	4b04      	ldr	r3, [pc, #16]	@ (80890 <ctrl_readmem_rng_bulk+0x34>)
   8087e:	4718      	bx	r3
   80880:	20003240 	.word	0x20003240
   80884:	0008280d 	.word	0x0008280d
   80888:	00080941 	.word	0x00080941
   8088c:	20000ab8 	.word	0x20000ab8
   80890:	00083049 	.word	0x00083049

00080894 <main_vendor_bulk_out_received>:
     }
}

void main_vendor_bulk_out_received(udd_ep_status_t status,
                                   iram_size_t nb_transfered, udd_ep_id_t ep)
{
   80894:	b570      	push	{r4, r5, r6, lr}
     UNUSED(ep);
     if (UDD_EP_TRANSFER_OK != status) {
   80896:	b990      	cbnz	r0, 808be <main_vendor_bulk_out_received+0x2a>
          return;
     }

     if (blockendpoint_usage == bep_emem){

          for(uint32_t i = 0; i < nb_transfered; i++){
   80898:	b169      	cbz	r1, 808b6 <main_vendor_bulk_out_received+0x22>
   8089a:	4d0f      	ldr	r5, [pc, #60]	@ (808d8 <main_vendor_bulk_out_received+0x44>)
   8089c:	4a0f      	ldr	r2, [pc, #60]	@ (808dc <main_vendor_bulk_out_received+0x48>)
   8089e:	682b      	ldr	r3, [r5, #0]
   808a0:	4c0f      	ldr	r4, [pc, #60]	@ (808e0 <main_vendor_bulk_out_received+0x4c>)
   808a2:	4419      	add	r1, r3
               xram[bulkread_address++] = main_buf_loopback[i];
   808a4:	6820      	ldr	r0, [r4, #0]
   808a6:	f812 cb01 	ldrb.w	ip, [r2], #1
   808aa:	f800 c003 	strb.w	ip, [r0, r3]
          for(uint32_t i = 0; i < nb_transfered; i++){
   808ae:	3301      	adds	r3, #1
   808b0:	428b      	cmp	r3, r1
   808b2:	d1f7      	bne.n	808a4 <main_vendor_bulk_out_received+0x10>
   808b4:	602b      	str	r3, [r5, #0]
          }

          if (FPGA_lockstatus() == fpga_blockout){
   808b6:	4b0b      	ldr	r3, [pc, #44]	@ (808e4 <main_vendor_bulk_out_received+0x50>)
   808b8:	4798      	blx	r3
   808ba:	2804      	cmp	r0, #4
   808bc:	d007      	beq.n	808ce <main_vendor_bulk_out_received+0x3a>

     udi_vendor_bulk_out_run(
          main_buf_loopback,
          sizeof(main_buf_loopback),
          main_vendor_bulk_out_received);
}
   808be:	e8bd 4070 	ldmia.w	sp!, {r4, r5, r6, lr}
          udi_vendor_bulk_out_run(
   808c2:	f44f 6180 	mov.w	r1, #1024	@ 0x400
   808c6:	4a08      	ldr	r2, [pc, #32]	@ (808e8 <main_vendor_bulk_out_received+0x54>)
   808c8:	4804      	ldr	r0, [pc, #16]	@ (808dc <main_vendor_bulk_out_received+0x48>)
   808ca:	4b08      	ldr	r3, [pc, #32]	@ (808ec <main_vendor_bulk_out_received+0x58>)
   808cc:	4718      	bx	r3
               FPGA_setlock(fpga_unlocked);
   808ce:	4b08      	ldr	r3, [pc, #32]	@ (808f0 <main_vendor_bulk_out_received+0x5c>)
   808d0:	2000      	movs	r0, #0
   808d2:	4798      	blx	r3
   808d4:	e7f3      	b.n	808be <main_vendor_bulk_out_received+0x2a>
   808d6:	bf00      	nop
   808d8:	20000aa8 	.word	0x20000aa8
   808dc:	20002e00 	.word	0x20002e00
   808e0:	20000300 	.word	0x20000300
   808e4:	000825ad 	.word	0x000825ad
   808e8:	00080895 	.word	0x00080895
   808ec:	00083069 	.word	0x00083069
   808f0:	00082571 	.word	0x00082571

000808f4 <ballistic_setup_in_received>:
     switch (udd_g_ctrlreq.req.bRequest) {
   808f4:	4a0d      	ldr	r2, [pc, #52]	@ (8092c <ballistic_setup_in_received+0x38>)
   808f6:	7853      	ldrb	r3, [r2, #1]
   808f8:	2b12      	cmp	r3, #18
   808fa:	d003      	beq.n	80904 <ballistic_setup_in_received+0x10>
   808fc:	2b15      	cmp	r3, #21
   808fe:	d001      	beq.n	80904 <ballistic_setup_in_received+0x10>
   80900:	2000      	movs	r0, #0
}
   80902:	4770      	bx	lr
{
   80904:	b510      	push	{r4, lr}
               ctrlmemread_size = 0;
   80906:	2400      	movs	r4, #0
               udd_g_ctrlreq.payload_size = ctrlmemread_size;
   80908:	4b09      	ldr	r3, [pc, #36]	@ (80930 <ballistic_setup_in_received+0x3c>)
               udd_g_ctrlreq.payload = ctrlmemread_buf;
   8090a:	480a      	ldr	r0, [pc, #40]	@ (80934 <ballistic_setup_in_received+0x40>)
               udd_g_ctrlreq.payload_size = ctrlmemread_size;
   8090c:	6819      	ldr	r1, [r3, #0]
               udd_g_ctrlreq.payload = ctrlmemread_buf;
   8090e:	6800      	ldr	r0, [r0, #0]
               udd_g_ctrlreq.payload_size = ctrlmemread_size;
   80910:	8191      	strh	r1, [r2, #12]
               if (FPGA_lockstatus() == fpga_ctrlmem) {
   80912:	4909      	ldr	r1, [pc, #36]	@ (80938 <ballistic_setup_in_received+0x44>)
               udd_g_ctrlreq.payload = ctrlmemread_buf;
   80914:	6090      	str	r0, [r2, #8]
               ctrlmemread_size = 0;
   80916:	601c      	str	r4, [r3, #0]
               if (FPGA_lockstatus() == fpga_ctrlmem) {
   80918:	4788      	blx	r1
   8091a:	2805      	cmp	r0, #5
   8091c:	d001      	beq.n	80922 <ballistic_setup_in_received+0x2e>
{
   8091e:	2001      	movs	r0, #1
}
   80920:	bd10      	pop	{r4, pc}
                    FPGA_setlock(fpga_unlocked);
   80922:	4620      	mov	r0, r4
   80924:	4b05      	ldr	r3, [pc, #20]	@ (8093c <ballistic_setup_in_received+0x48>)
   80926:	4798      	blx	r3
   80928:	e7f9      	b.n	8091e <ballistic_setup_in_received+0x2a>
   8092a:	bf00      	nop
   8092c:	200033e0 	.word	0x200033e0
   80930:	20000aac 	.word	0x20000aac
   80934:	20000ab0 	.word	0x20000ab0
   80938:	000825ad 	.word	0x000825ad
   8093c:	00082571 	.word	0x00082571

00080940 <main_vendor_bulk_in_received>:
     if (UDD_EP_TRANSFER_OK != status) {
   80940:	b100      	cbz	r0, 80944 <main_vendor_bulk_in_received+0x4>
   80942:	4770      	bx	lr
{
   80944:	b510      	push	{r4, lr}
     if (FPGA_lockstatus() == fpga_blockin){
   80946:	4b05      	ldr	r3, [pc, #20]	@ (8095c <main_vendor_bulk_in_received+0x1c>)
   80948:	4604      	mov	r4, r0
   8094a:	4798      	blx	r3
   8094c:	2802      	cmp	r0, #2
   8094e:	d000      	beq.n	80952 <main_vendor_bulk_in_received+0x12>
}
   80950:	bd10      	pop	{r4, pc}
          FPGA_setlock(fpga_unlocked);
   80952:	4620      	mov	r0, r4
}
   80954:	e8bd 4010 	ldmia.w	sp!, {r4, lr}
          FPGA_setlock(fpga_unlocked);
   80958:	4b01      	ldr	r3, [pc, #4]	@ (80960 <main_vendor_bulk_in_received+0x20>)
   8095a:	4718      	bx	r3
   8095c:	000825ad 	.word	0x000825ad
   80960:	00082571 	.word	0x00082571

00080964 <ctrl_testmem>:
{
   80964:	e92d 4ff0 	stmdb	sp!, {r4, r5, r6, r7, r8, r9, sl, fp, lr}
     uint32_t buflen = *(CTRLBUFFER_WORDPTR);
   80968:	4a37      	ldr	r2, [pc, #220]	@ (80a48 <ctrl_testmem+0xe4>)
     if (address > (sram_size - buflen) )
   8096a:	4b38      	ldr	r3, [pc, #224]	@ (80a4c <ctrl_testmem+0xe8>)
     uint32_t buflen = *(CTRLBUFFER_WORDPTR);
   8096c:	6814      	ldr	r4, [r2, #0]
     if (address > (sram_size - buflen) )
   8096e:	681b      	ldr	r3, [r3, #0]
     uint32_t address = *(CTRLBUFFER_WORDPTR + 1);
   80970:	6856      	ldr	r6, [r2, #4]
     if (address > (sram_size - buflen) )
   80972:	1b1b      	subs	r3, r3, r4
   80974:	42b3      	cmp	r3, r6
{
   80976:	b083      	sub	sp, #12
     if (address > (sram_size - buflen) )
   80978:	d303      	bcc.n	80982 <ctrl_testmem+0x1e>
     if (buflen >= sizeof(buffer))
   8097a:	f242 3327 	movw	r3, #8999	@ 0x2327
   8097e:	429c      	cmp	r4, r3
   80980:	d902      	bls.n	80988 <ctrl_testmem+0x24>
}
   80982:	b003      	add	sp, #12
   80984:	e8bd 8ff0 	ldmia.w	sp!, {r4, r5, r6, r7, r8, r9, sl, fp, pc}
     LED_On(LED2_GPIO);
   80988:	204c      	movs	r0, #76	@ 0x4c
   8098a:	4b31      	ldr	r3, [pc, #196]	@ (80a50 <ctrl_testmem+0xec>)
   8098c:	4798      	blx	r3
     if (!address) {
   8098e:	2e00      	cmp	r6, #0
   80990:	d040      	beq.n	80a14 <ctrl_testmem+0xb0>
     found_err[1]++;
   80992:	4d30      	ldr	r5, [pc, #192]	@ (80a54 <ctrl_testmem+0xf0>)
   80994:	886b      	ldrh	r3, [r5, #2]
   80996:	3301      	adds	r3, #1
   80998:	b29b      	uxth	r3, r3
     found_err[0] = 0;
   8099a:	2000      	movs	r0, #0
     for (i = 0; i < buflen / 4; i++) {
   8099c:	08a4      	lsrs	r4, r4, #2
     found_err[1]++;
   8099e:	806b      	strh	r3, [r5, #2]
     found_err[0] = 0;
   809a0:	8028      	strh	r0, [r5, #0]
     for (i = 0; i < buflen / 4; i++) {
   809a2:	d049      	beq.n	80a38 <ctrl_testmem+0xd4>
   809a4:	ea4f 0a84 	mov.w	sl, r4, lsl #2
                    found_err[0] = 1;
   809a8:	2701      	movs	r7, #1
   809aa:	46d4      	mov	ip, sl
               buffer[i * 4 + j] = xram[i * 4 + j + address] ^ ((rng_val >> (8 * j)) & 0xFF);
   809ac:	4b2a      	ldr	r3, [pc, #168]	@ (80a58 <ctrl_testmem+0xf4>)
   809ae:	4a2b      	ldr	r2, [pc, #172]	@ (80a5c <ctrl_testmem+0xf8>)
   809b0:	681b      	ldr	r3, [r3, #0]
   809b2:	e9d2 4800 	ldrd	r4, r8, [r2]
   809b6:	eb03 0b06 	add.w	fp, r3, r6
   809ba:	4e29      	ldr	r6, [pc, #164]	@ (80a60 <ctrl_testmem+0xfc>)
   809bc:	e9d2 e302 	ldrd	lr, r3, [r2, #8]
     t ^= s >> 19;
   809c0:	46b2      	mov	sl, r6
   809c2:	2200      	movs	r2, #0
     t ^= t << 11;
   809c4:	ea83 23c3 	eor.w	r3, r3, r3, lsl #11
     t ^= s >> 19;
   809c8:	ea84 41d4 	eor.w	r1, r4, r4, lsr #19
   809cc:	e9cd 0e00 	strd	r0, lr, [sp]
   809d0:	4059      	eors	r1, r3
   809d2:	46a1      	mov	r9, r4
   809d4:	ea81 2413 	eor.w	r4, r1, r3, lsr #8
          for (j = 0; j < 4; j++) {
   809d8:	eb0b 0100 	add.w	r1, fp, r0
               buffer[i * 4 + j] = xram[i * 4 + j + address] ^ ((rng_val >> (8 * j)) & 0xFF);
   809dc:	7808      	ldrb	r0, [r1, #0]
   809de:	fa24 f302 	lsr.w	r3, r4, r2
   809e2:	b2db      	uxtb	r3, r3
               if (buffer[i * 4 + j]) {
   809e4:	4298      	cmp	r0, r3
          for (j = 0; j < 4; j++) {
   809e6:	f102 0208 	add.w	r2, r2, #8
               buffer[i * 4 + j] = xram[i * 4 + j + address] ^ ((rng_val >> (8 * j)) & 0xFF);
   809ea:	ea80 0e03 	eor.w	lr, r0, r3
                    found_err[0] = 1;
   809ee:	bf18      	it	ne
   809f0:	802f      	strhne	r7, [r5, #0]
          for (j = 0; j < 4; j++) {
   809f2:	2a20      	cmp	r2, #32
               buffer[i * 4 + j] = xram[i * 4 + j + address] ^ ((rng_val >> (8 * j)) & 0xFF);
   809f4:	f80a eb01 	strb.w	lr, [sl], #1
          for (j = 0; j < 4; j++) {
   809f8:	f101 0101 	add.w	r1, r1, #1
   809fc:	d1ee      	bne.n	809dc <ctrl_testmem+0x78>
     for (i = 0; i < buflen / 4; i++) {
   809fe:	e9dd 0e00 	ldrd	r0, lr, [sp]
   80a02:	3004      	adds	r0, #4
   80a04:	4584      	cmp	ip, r0
     state[3] = state[2];
   80a06:	4673      	mov	r3, lr
     for (i = 0; i < buflen / 4; i++) {
   80a08:	f106 0604 	add.w	r6, r6, #4
   80a0c:	d00f      	beq.n	80a2e <ctrl_testmem+0xca>
     state[2] = state[1];
   80a0e:	46c6      	mov	lr, r8
     state[1] = state[0];
   80a10:	46c8      	mov	r8, r9
   80a12:	e7d5      	b.n	809c0 <ctrl_testmem+0x5c>
               state[i] = seed[i];
   80a14:	4913      	ldr	r1, [pc, #76]	@ (80a64 <ctrl_testmem+0x100>)
   80a16:	4a11      	ldr	r2, [pc, #68]	@ (80a5c <ctrl_testmem+0xf8>)
   80a18:	e9d1 5001 	ldrd	r5, r0, [r1, #4]
   80a1c:	e9c2 5001 	strd	r5, r0, [r2, #4]
   80a20:	68c8      	ldr	r0, [r1, #12]
   80a22:	6809      	ldr	r1, [r1, #0]
   80a24:	2301      	movs	r3, #1
   80a26:	4d0b      	ldr	r5, [pc, #44]	@ (80a54 <ctrl_testmem+0xf0>)
   80a28:	6011      	str	r1, [r2, #0]
   80a2a:	60d0      	str	r0, [r2, #12]
          done = 0;
   80a2c:	e7b5      	b.n	8099a <ctrl_testmem+0x36>
   80a2e:	4b0b      	ldr	r3, [pc, #44]	@ (80a5c <ctrl_testmem+0xf8>)
   80a30:	e9c3 4900 	strd	r4, r9, [r3]
   80a34:	e9c3 8e02 	strd	r8, lr, [r3, #8]
     ctrlmemread_size = 4;
   80a38:	2204      	movs	r2, #4
     ctrlmemread_buf = (uint8_t *) found_err;
   80a3a:	490b      	ldr	r1, [pc, #44]	@ (80a68 <ctrl_testmem+0x104>)
     ctrlmemread_size = 4;
   80a3c:	4b0b      	ldr	r3, [pc, #44]	@ (80a6c <ctrl_testmem+0x108>)
     ctrlmemread_buf = (uint8_t *) found_err;
   80a3e:	600d      	str	r5, [r1, #0]
     ctrlmemread_size = 4;
   80a40:	601a      	str	r2, [r3, #0]
}
   80a42:	b003      	add	sp, #12
   80a44:	e8bd 8ff0 	ldmia.w	sp!, {r4, r5, r6, r7, r8, r9, sl, fp, pc}
   80a48:	20003240 	.word	0x20003240
   80a4c:	200001c0 	.word	0x200001c0
   80a50:	0008280d 	.word	0x0008280d
   80a54:	20000ab4 	.word	0x20000ab4
   80a58:	20000300 	.word	0x20000300
   80a5c:	20002df0 	.word	0x20002df0
   80a60:	20000ab8 	.word	0x20000ab8
   80a64:	20002de0 	.word	0x20002de0
   80a68:	20000ab0 	.word	0x20000ab0
   80a6c:	20000aac 	.word	0x20000aac

00080a70 <ctrl_writemem_rng>:
{
   80a70:	e92d 47f0 	stmdb	sp!, {r4, r5, r6, r7, r8, r9, sl, lr}
     uint32_t buflen = *(CTRLBUFFER_WORDPTR);
   80a74:	4c23      	ldr	r4, [pc, #140]	@ (80b04 <ctrl_writemem_rng+0x94>)
     LED_On(LED1_GPIO);
   80a76:	2010      	movs	r0, #16
     uint32_t address = *(CTRLBUFFER_WORDPTR + 1);
   80a78:	e9d4 5700 	ldrd	r5, r7, [r4]
     LED_On(LED1_GPIO);
   80a7c:	4b22      	ldr	r3, [pc, #136]	@ (80b08 <ctrl_writemem_rng+0x98>)
   80a7e:	4798      	blx	r3
     if (!address) {
   80a80:	b96f      	cbnz	r7, 80a9e <ctrl_writemem_rng+0x2e>
               state[i] = CTRLBUFFER_WORDPTR[i + 2];
   80a82:	e9d4 0102 	ldrd	r0, r1, [r4, #8]
   80a86:	4a21      	ldr	r2, [pc, #132]	@ (80b0c <ctrl_writemem_rng+0x9c>)
               seed[i] = state[i];
   80a88:	4b21      	ldr	r3, [pc, #132]	@ (80b10 <ctrl_writemem_rng+0xa0>)
               state[i] = CTRLBUFFER_WORDPTR[i + 2];
   80a8a:	e9c2 0100 	strd	r0, r1, [r2]
               seed[i] = state[i];
   80a8e:	e9c3 0100 	strd	r0, r1, [r3]
               state[i] = CTRLBUFFER_WORDPTR[i + 2];
   80a92:	e9d4 0104 	ldrd	r0, r1, [r4, #16]
   80a96:	e9c2 0102 	strd	r0, r1, [r2, #8]
               seed[i] = state[i];
   80a9a:	e9c3 0102 	strd	r0, r1, [r3, #8]
     for (i = 0; i < num_rng; i++) {
   80a9e:	08ad      	lsrs	r5, r5, #2
   80aa0:	d02e      	beq.n	80b00 <ctrl_writemem_rng+0x90>
   80aa2:	f04f 0c00 	mov.w	ip, #0
   80aa6:	f8df 9064 	ldr.w	r9, [pc, #100]	@ 80b0c <ctrl_writemem_rng+0x9c>
   80aaa:	4c1a      	ldr	r4, [pc, #104]	@ (80b14 <ctrl_writemem_rng+0xa4>)
   80aac:	ea4f 0885 	mov.w	r8, r5, lsl #2
   80ab0:	e9d9 0600 	ldrd	r0, r6, [r9]
   80ab4:	e9d9 5202 	ldrd	r5, r2, [r9, #8]
     t ^= s >> 19;
   80ab8:	2300      	movs	r3, #0
     t ^= t << 11;
   80aba:	ea82 22c2 	eor.w	r2, r2, r2, lsl #11
     t ^= s >> 19;
   80abe:	ea80 4ad0 	eor.w	sl, r0, r0, lsr #19
   80ac2:	ea8a 0a02 	eor.w	sl, sl, r2
   80ac6:	4686      	mov	lr, r0
   80ac8:	eb07 010c 	add.w	r1, r7, ip
   80acc:	ea8a 2012 	eor.w	r0, sl, r2, lsr #8
               xram[i * 4 + j + address] = (rng_val >> (8 * j)) & 0xFF;
   80ad0:	fa20 f203 	lsr.w	r2, r0, r3
   80ad4:	f8d4 a000 	ldr.w	sl, [r4]
          for (j = 0; j < 4; j++) {
   80ad8:	3308      	adds	r3, #8
               xram[i * 4 + j + address] = (rng_val >> (8 * j)) & 0xFF;
   80ada:	b2d2      	uxtb	r2, r2
          for (j = 0; j < 4; j++) {
   80adc:	2b20      	cmp	r3, #32
               xram[i * 4 + j + address] = (rng_val >> (8 * j)) & 0xFF;
   80ade:	f80a 2001 	strb.w	r2, [sl, r1]
          for (j = 0; j < 4; j++) {
   80ae2:	f101 0101 	add.w	r1, r1, #1
   80ae6:	d1f3      	bne.n	80ad0 <ctrl_writemem_rng+0x60>
     for (i = 0; i < num_rng; i++) {
   80ae8:	f10c 0c04 	add.w	ip, ip, #4
   80aec:	45c4      	cmp	ip, r8
     state[3] = state[2];
   80aee:	462a      	mov	r2, r5
     for (i = 0; i < num_rng; i++) {
   80af0:	d002      	beq.n	80af8 <ctrl_writemem_rng+0x88>
     state[2] = state[1];
   80af2:	4635      	mov	r5, r6
     state[1] = state[0];
   80af4:	4676      	mov	r6, lr
   80af6:	e7df      	b.n	80ab8 <ctrl_writemem_rng+0x48>
   80af8:	e9c9 0e00 	strd	r0, lr, [r9]
   80afc:	e9c9 6502 	strd	r6, r5, [r9, #8]
}
   80b00:	e8bd 87f0 	ldmia.w	sp!, {r4, r5, r6, r7, r8, r9, sl, pc}
   80b04:	20003240 	.word	0x20003240
   80b08:	0008280d 	.word	0x0008280d
   80b0c:	20002df0 	.word	0x20002df0
   80b10:	20002de0 	.word	0x20002de0
   80b14:	20000300 	.word	0x20000300

00080b18 <ballistic_setup_out_received>:
{
   80b18:	b508      	push	{r3, lr}
     switch (udd_g_ctrlreq.req.bRequest) {
   80b1a:	4a12      	ldr	r2, [pc, #72]	@ (80b64 <ballistic_setup_out_received+0x4c>)
   80b1c:	7853      	ldrb	r3, [r2, #1]
   80b1e:	3b10      	subs	r3, #16
   80b20:	2b08      	cmp	r3, #8
   80b22:	d80a      	bhi.n	80b3a <ballistic_setup_out_received+0x22>
   80b24:	e8df f003 	tbb	[pc, r3]
   80b28:	14110e0b 	.word	0x14110e0b
   80b2c:	09091a17 	.word	0x09091a17
   80b30:	05          	.byte	0x05
   80b31:	00          	.byte	0x00
          udd_g_ctrlreq.callback = ctrl_readmem_rng_bulk;
   80b32:	4b0d      	ldr	r3, [pc, #52]	@ (80b68 <ballistic_setup_out_received+0x50>)
   80b34:	6113      	str	r3, [r2, #16]
          return true;
   80b36:	2001      	movs	r0, #1
}
   80b38:	bd08      	pop	{r3, pc}
     switch (udd_g_ctrlreq.req.bRequest) {
   80b3a:	2000      	movs	r0, #0
}
   80b3c:	bd08      	pop	{r3, pc}
          udd_g_ctrlreq.callback = ctrl_readmem_bulk;
   80b3e:	4b0b      	ldr	r3, [pc, #44]	@ (80b6c <ballistic_setup_out_received+0x54>)
   80b40:	6113      	str	r3, [r2, #16]
          return true;
   80b42:	e7f8      	b.n	80b36 <ballistic_setup_out_received+0x1e>
          udd_g_ctrlreq.callback = ctrl_writemem_bulk;
   80b44:	4b0a      	ldr	r3, [pc, #40]	@ (80b70 <ballistic_setup_out_received+0x58>)
   80b46:	6113      	str	r3, [r2, #16]
          return true;
   80b48:	e7f5      	b.n	80b36 <ballistic_setup_out_received+0x1e>
          udd_g_ctrlreq.callback = ctrl_readmem_ctrl;
   80b4a:	4b0a      	ldr	r3, [pc, #40]	@ (80b74 <ballistic_setup_out_received+0x5c>)
   80b4c:	6113      	str	r3, [r2, #16]
          return true;
   80b4e:	e7f2      	b.n	80b36 <ballistic_setup_out_received+0x1e>
          udd_g_ctrlreq.callback = ctrl_writemem_ctrl;
   80b50:	4b09      	ldr	r3, [pc, #36]	@ (80b78 <ballistic_setup_out_received+0x60>)
   80b52:	6113      	str	r3, [r2, #16]
          return true;
   80b54:	e7ef      	b.n	80b36 <ballistic_setup_out_received+0x1e>
          ctrl_writemem_rng();
   80b56:	4b09      	ldr	r3, [pc, #36]	@ (80b7c <ballistic_setup_out_received+0x64>)
   80b58:	4798      	blx	r3
          return true;
   80b5a:	e7ec      	b.n	80b36 <ballistic_setup_out_received+0x1e>
          udd_g_ctrlreq.callback = ctrl_testmem;
   80b5c:	4b08      	ldr	r3, [pc, #32]	@ (80b80 <ballistic_setup_out_received+0x68>)
   80b5e:	6113      	str	r3, [r2, #16]
          return true;
   80b60:	e7e9      	b.n	80b36 <ballistic_setup_out_received+0x1e>
   80b62:	bf00      	nop
   80b64:	200033e0 	.word	0x200033e0
   80b68:	0008085d 	.word	0x0008085d
   80b6c:	00080825 	.word	0x00080825
   80b70:	000807f9 	.word	0x000807f9
   80b74:	00080771 	.word	0x00080771
   80b78:	000807a9 	.word	0x000807a9
   80b7c:	00080a71 	.word	0x00080a71
   80b80:	00080965 	.word	0x00080965

00080b84 <ballistic_register_handlers>:

void ballistic_register_handlers(void)
{
   80b84:	b510      	push	{r4, lr}
     naeusb_add_in_handler(ballistic_setup_in_received);
   80b86:	4b04      	ldr	r3, [pc, #16]	@ (80b98 <ballistic_register_handlers+0x14>)
   80b88:	4804      	ldr	r0, [pc, #16]	@ (80b9c <ballistic_register_handlers+0x18>)
   80b8a:	4798      	blx	r3
     naeusb_add_out_handler(ballistic_setup_out_received);
   80b8c:	e8bd 4010 	ldmia.w	sp!, {r4, lr}
     naeusb_add_out_handler(ballistic_setup_out_received);
   80b90:	4803      	ldr	r0, [pc, #12]	@ (80ba0 <ballistic_register_handlers+0x1c>)
   80b92:	4b04      	ldr	r3, [pc, #16]	@ (80ba4 <ballistic_register_handlers+0x20>)
   80b94:	4718      	bx	r3
   80b96:	bf00      	nop
   80b98:	00080ba9 	.word	0x00080ba9
   80b9c:	000808f5 	.word	0x000808f5
   80ba0:	00080b19 	.word	0x00080b19
   80ba4:	00080bd1 	.word	0x00080bd1

00080ba8 <naeusb_add_in_handler>:
    return main_b_vendor_enable;
}

bool naeusb_add_in_handler(usb_request_handle_func new_handler)
{
    if (naeusb_num_in_handlers < 16) {
   80ba8:	4907      	ldr	r1, [pc, #28]	@ (80bc8 <naeusb_add_in_handler+0x20>)
   80baa:	780a      	ldrb	r2, [r1, #0]
   80bac:	2a0f      	cmp	r2, #15
   80bae:	d901      	bls.n	80bb4 <naeusb_add_in_handler+0xc>
        naeusb_in_request_handlers[naeusb_num_in_handlers++] = new_handler;
        return true;
    }
    return false;
   80bb0:	2000      	movs	r0, #0
    
}
   80bb2:	4770      	bx	lr
   80bb4:	4603      	mov	r3, r0
{
   80bb6:	b410      	push	{r4}
        naeusb_in_request_handlers[naeusb_num_in_handlers++] = new_handler;
   80bb8:	4c04      	ldr	r4, [pc, #16]	@ (80bcc <naeusb_add_in_handler+0x24>)
   80bba:	1c50      	adds	r0, r2, #1
   80bbc:	7008      	strb	r0, [r1, #0]
   80bbe:	f844 3022 	str.w	r3, [r4, r2, lsl #2]
        return true;
   80bc2:	2001      	movs	r0, #1
}
   80bc4:	bc10      	pop	{r4}
   80bc6:	4770      	bx	lr
   80bc8:	200032c4 	.word	0x200032c4
   80bcc:	200032c8 	.word	0x200032c8

00080bd0 <naeusb_add_out_handler>:

bool naeusb_add_out_handler(usb_request_handle_func new_handler)
{
    if (naeusb_num_out_handlers < 16) {
   80bd0:	4907      	ldr	r1, [pc, #28]	@ (80bf0 <naeusb_add_out_handler+0x20>)
   80bd2:	780a      	ldrb	r2, [r1, #0]
   80bd4:	2a0f      	cmp	r2, #15
   80bd6:	d901      	bls.n	80bdc <naeusb_add_out_handler+0xc>
        naeusb_out_request_handlers[naeusb_num_out_handlers++] = new_handler;
        return true;
    }
    return false;
   80bd8:	2000      	movs	r0, #0
    
}
   80bda:	4770      	bx	lr
   80bdc:	4603      	mov	r3, r0
{
   80bde:	b410      	push	{r4}
        naeusb_out_request_handlers[naeusb_num_out_handlers++] = new_handler;
   80be0:	4c04      	ldr	r4, [pc, #16]	@ (80bf4 <naeusb_add_out_handler+0x24>)
   80be2:	1c50      	adds	r0, r2, #1
   80be4:	7008      	strb	r0, [r1, #0]
   80be6:	f844 3022 	str.w	r3, [r4, r2, lsl #2]
        return true;
   80bea:	2001      	movs	r0, #1
}
   80bec:	bc10      	pop	{r4}
   80bee:	4770      	bx	lr
   80bf0:	20003280 	.word	0x20003280
   80bf4:	20003284 	.word	0x20003284

00080bf8 <main_suspend_action>:

//this stuff just turns leds on and off
void main_suspend_action(void)
{
	active = false;
	ui_powerdown();
   80bf8:	4b00      	ldr	r3, [pc, #0]	@ (80bfc <main_suspend_action+0x4>)
   80bfa:	4718      	bx	r3
   80bfc:	000825d5 	.word	0x000825d5

00080c00 <main_resume_action>:
}

void main_resume_action(void)
{
    ui_wakeup();
   80c00:	4b00      	ldr	r3, [pc, #0]	@ (80c04 <main_resume_action+0x4>)
   80c02:	4718      	bx	r3
   80c04:	000825f9 	.word	0x000825f9

00080c08 <main_sof_action>:
}

void main_sof_action(void)
{
    if (!main_b_vendor_enable)
   80c08:	4b05      	ldr	r3, [pc, #20]	@ (80c20 <main_sof_action+0x18>)
   80c0a:	781b      	ldrb	r3, [r3, #0]
   80c0c:	b903      	cbnz	r3, 80c10 <main_sof_action+0x8>
   80c0e:	4770      	bx	lr
{
   80c10:	b510      	push	{r4, lr}
        return;
    ui_process(udd_get_frame_number());
   80c12:	4b04      	ldr	r3, [pc, #16]	@ (80c24 <main_sof_action+0x1c>)
   80c14:	4798      	blx	r3
}
   80c16:	e8bd 4010 	ldmia.w	sp!, {r4, lr}
    ui_process(udd_get_frame_number());
   80c1a:	4b03      	ldr	r3, [pc, #12]	@ (80c28 <main_sof_action+0x20>)
   80c1c:	4718      	bx	r3
   80c1e:	bf00      	nop
   80c20:	200001c4 	.word	0x200001c4
   80c24:	00083e0d 	.word	0x00083e0d
   80c28:	00082615 	.word	0x00082615

00080c2c <main_vendor_enable>:

void main_vendor_bulk_out_received(udd_ep_status_t status,
                                   iram_size_t nb_transfered, udd_ep_id_t ep);

bool main_vendor_enable(void)
{
   80c2c:	b538      	push	{r3, r4, r5, lr}
    active = true;
    main_b_vendor_enable = true;
   80c2e:	2401      	movs	r4, #1
   80c30:	4d04      	ldr	r5, [pc, #16]	@ (80c44 <main_vendor_enable+0x18>)
    // Start data reception on OUT endpoints
// #if UDI_VENDOR_EPS_SIZE_BULK_FS
//     //main_vendor_bulk_in_received(UDD_EP_TRANSFER_OK, 0, 0);
    udi_vendor_bulk_out_run(
   80c32:	f44f 6180 	mov.w	r1, #1024	@ 0x400
   80c36:	4a04      	ldr	r2, [pc, #16]	@ (80c48 <main_vendor_enable+0x1c>)
   80c38:	4b04      	ldr	r3, [pc, #16]	@ (80c4c <main_vendor_enable+0x20>)
   80c3a:	4805      	ldr	r0, [pc, #20]	@ (80c50 <main_vendor_enable+0x24>)
    main_b_vendor_enable = true;
   80c3c:	702c      	strb	r4, [r5, #0]
    udi_vendor_bulk_out_run(
   80c3e:	4798      	blx	r3
        main_buf_loopback,
        sizeof(main_buf_loopback),
        main_vendor_bulk_out_received);
// #endif
    return true;
}
   80c40:	4620      	mov	r0, r4
   80c42:	bd38      	pop	{r3, r4, r5, pc}
   80c44:	200001c4 	.word	0x200001c4
   80c48:	00080895 	.word	0x00080895
   80c4c:	00083069 	.word	0x00083069
   80c50:	20002e00 	.word	0x20002e00

00080c54 <main_vendor_disable>:

void main_vendor_disable(void)
{
    main_b_vendor_enable = false;
   80c54:	2200      	movs	r2, #0
   80c56:	4b01      	ldr	r3, [pc, #4]	@ (80c5c <main_vendor_disable+0x8>)
   80c58:	701a      	strb	r2, [r3, #0]
}
   80c5a:	4770      	bx	lr
   80c5c:	200001c4 	.word	0x200001c4

00080c60 <main_setup_out_received>:

bool main_setup_out_received(void)
{
   80c60:	b538      	push	{r3, r4, r5, lr}
    bool handler_status = false;
    udd_g_ctrlreq.payload = ctrlbuffer;
   80c62:	4b0f      	ldr	r3, [pc, #60]	@ (80ca0 <main_setup_out_received+0x40>)
    udd_g_ctrlreq.payload_size = min(udd_g_ctrlreq.req.wLength,	sizeof(ctrlbuffer));

    for (uint8_t i = naeusb_num_out_handlers; i > 0; i--) {
   80c64:	4a0f      	ldr	r2, [pc, #60]	@ (80ca4 <main_setup_out_received+0x44>)
    udd_g_ctrlreq.payload_size = min(udd_g_ctrlreq.req.wLength,	sizeof(ctrlbuffer));
   80c66:	88d9      	ldrh	r1, [r3, #6]
    udd_g_ctrlreq.payload = ctrlbuffer;
   80c68:	480f      	ldr	r0, [pc, #60]	@ (80ca8 <main_setup_out_received+0x48>)
    udd_g_ctrlreq.payload_size = min(udd_g_ctrlreq.req.wLength,	sizeof(ctrlbuffer));
   80c6a:	2940      	cmp	r1, #64	@ 0x40
   80c6c:	bf28      	it	cs
   80c6e:	2140      	movcs	r1, #64	@ 0x40
    for (uint8_t i = naeusb_num_out_handlers; i > 0; i--) {
   80c70:	7812      	ldrb	r2, [r2, #0]
    udd_g_ctrlreq.payload = ctrlbuffer;
   80c72:	6098      	str	r0, [r3, #8]
    udd_g_ctrlreq.payload_size = min(udd_g_ctrlreq.req.wLength,	sizeof(ctrlbuffer));
   80c74:	8199      	strh	r1, [r3, #12]
    for (uint8_t i = naeusb_num_out_handlers; i > 0; i--) {
   80c76:	b18a      	cbz	r2, 80c9c <main_setup_out_received+0x3c>
   80c78:	4c0c      	ldr	r4, [pc, #48]	@ (80cac <main_setup_out_received+0x4c>)
   80c7a:	1e53      	subs	r3, r2, #1
   80c7c:	b2db      	uxtb	r3, r3
   80c7e:	1f25      	subs	r5, r4, #4
   80c80:	1ad3      	subs	r3, r2, r3
   80c82:	eb04 0482 	add.w	r4, r4, r2, lsl #2
   80c86:	eb05 0583 	add.w	r5, r5, r3, lsl #2
   80c8a:	e001      	b.n	80c90 <main_setup_out_received+0x30>
   80c8c:	42ac      	cmp	r4, r5
   80c8e:	d005      	beq.n	80c9c <main_setup_out_received+0x3c>
        handler_status = naeusb_out_request_handlers[i-1]();
   80c90:	f854 3d04 	ldr.w	r3, [r4, #-4]!
   80c94:	4798      	blx	r3
        if (handler_status == true) {
   80c96:	2800      	cmp	r0, #0
   80c98:	d0f8      	beq.n	80c8c <main_setup_out_received+0x2c>
        }
    }

    return false;

}
   80c9a:	bd38      	pop	{r3, r4, r5, pc}
    return false;
   80c9c:	2000      	movs	r0, #0
}
   80c9e:	bd38      	pop	{r3, r4, r5, pc}
   80ca0:	200033e0 	.word	0x200033e0
   80ca4:	20003280 	.word	0x20003280
   80ca8:	20003240 	.word	0x20003240
   80cac:	20003284 	.word	0x20003284

00080cb0 <main_setup_in_received>:

bool main_setup_in_received(void)
{
   80cb0:	b538      	push	{r3, r4, r5, lr}
    bool handler_status = false;

    for (uint8_t i = naeusb_num_in_handlers; i > 0; i--) {
   80cb2:	4b0b      	ldr	r3, [pc, #44]	@ (80ce0 <main_setup_in_received+0x30>)
   80cb4:	781a      	ldrb	r2, [r3, #0]
   80cb6:	b18a      	cbz	r2, 80cdc <main_setup_in_received+0x2c>
   80cb8:	4c0a      	ldr	r4, [pc, #40]	@ (80ce4 <main_setup_in_received+0x34>)
   80cba:	1e53      	subs	r3, r2, #1
   80cbc:	b2db      	uxtb	r3, r3
   80cbe:	1f25      	subs	r5, r4, #4
   80cc0:	1ad3      	subs	r3, r2, r3
   80cc2:	eb04 0482 	add.w	r4, r4, r2, lsl #2
   80cc6:	eb05 0583 	add.w	r5, r5, r3, lsl #2
   80cca:	e001      	b.n	80cd0 <main_setup_in_received+0x20>
   80ccc:	42ac      	cmp	r4, r5
   80cce:	d005      	beq.n	80cdc <main_setup_in_received+0x2c>
        handler_status = naeusb_in_request_handlers[i-1]();
   80cd0:	f854 3d04 	ldr.w	r3, [r4, #-4]!
   80cd4:	4798      	blx	r3
        if (handler_status == true) {
   80cd6:	2800      	cmp	r0, #0
   80cd8:	d0f8      	beq.n	80ccc <main_setup_in_received+0x1c>
        }
    }

    return false;

   80cda:	bd38      	pop	{r3, r4, r5, pc}
    return false;
   80cdc:	2000      	movs	r0, #0
   80cde:	bd38      	pop	{r3, r4, r5, pc}
   80ce0:	200032c4 	.word	0x200032c4
   80ce4:	200032c8 	.word	0x200032c8

00080ce8 <naeusb_setup_out_received>:
}


bool naeusb_setup_out_received(void)
{
    switch (udd_g_ctrlreq.req.bRequest) {
   80ce8:	4b04      	ldr	r3, [pc, #16]	@ (80cfc <naeusb_setup_out_received+0x14>)
   80cea:	785a      	ldrb	r2, [r3, #1]
   80cec:	2a22      	cmp	r2, #34	@ 0x22
        case REQ_SAM_CFG:
            udd_g_ctrlreq.callback = naeusb_sam_cfg_out;
   80cee:	bf03      	ittte	eq
   80cf0:	4a03      	ldreq	r2, [pc, #12]	@ (80d00 <naeusb_setup_out_received+0x18>)
            return true;
   80cf2:	2001      	moveq	r0, #1
            udd_g_ctrlreq.callback = naeusb_sam_cfg_out;
   80cf4:	611a      	streq	r2, [r3, #16]
            break;
    }
    return false;
   80cf6:	2000      	movne	r0, #0
}
   80cf8:	4770      	bx	lr
   80cfa:	bf00      	nop
   80cfc:	200033e0 	.word	0x200033e0
   80d00:	00080d05 	.word	0x00080d05

00080d04 <naeusb_sam_cfg_out>:
{
   80d04:	b510      	push	{r4, lr}
    switch(udd_g_ctrlreq.req.wValue & 0xFF)
   80d06:	4b22      	ldr	r3, [pc, #136]	@ (80d90 <naeusb_sam_cfg_out+0x8c>)
   80d08:	789b      	ldrb	r3, [r3, #2]
   80d0a:	3b01      	subs	r3, #1
   80d0c:	2b10      	cmp	r3, #16
   80d0e:	d80a      	bhi.n	80d26 <naeusb_sam_cfg_out+0x22>
   80d10:	e8df f003 	tbb	[pc, r3]
   80d14:	091b160a 	.word	0x091b160a
   80d18:	09090909 	.word	0x09090909
   80d1c:	09090909 	.word	0x09090909
   80d20:	2d090909 	.word	0x2d090909
   80d24:	3a          	.byte	0x3a
   80d25:	00          	.byte	0x00
}
   80d26:	bd10      	pop	{r4, pc}
		pmc_osc_enable_fastrc(CKGR_MOR_MOSCRCF_12_MHz);
		break;


	case OSC_MAINCK_XTAL:
		pmc_osc_enable_main_xtal(pmc_us_to_moscxtst(
   80d28:	203e      	movs	r0, #62	@ 0x3e
   80d2a:	4b1a      	ldr	r3, [pc, #104]	@ (80d94 <naeusb_sam_cfg_out+0x90>)
   80d2c:	4798      	blx	r3
 *
 * \param id A number identifying the oscillator to wait for.
 */
static inline void osc_wait_ready(uint8_t id)
{
	while (!osc_is_ready(id)) {
   80d2e:	4c1a      	ldr	r4, [pc, #104]	@ (80d98 <naeusb_sam_cfg_out+0x94>)
	case OSC_MAINCK_12M_RC:
		return pmc_osc_is_ready_fastrc();

	case OSC_MAINCK_XTAL:
	case OSC_MAINCK_BYPASS:
		return pmc_osc_is_ready_main_xtal();
   80d30:	47a0      	blx	r4
   80d32:	2800      	cmp	r0, #0
   80d34:	d0fc      	beq.n	80d30 <naeusb_sam_cfg_out+0x2c>
   80d36:	e8bd 4010 	ldmia.w	sp!, {r4, lr}
        pmc_switch_mck_to_mainck(CONFIG_SYSCLK_PRES);
   80d3a:	2010      	movs	r0, #16
   80d3c:	4b17      	ldr	r3, [pc, #92]	@ (80d9c <naeusb_sam_cfg_out+0x98>)
   80d3e:	4718      	bx	r3
        pmc_switch_mck_to_pllack(CONFIG_SYSCLK_PRES);
   80d40:	2010      	movs	r0, #16
}
   80d42:	e8bd 4010 	ldmia.w	sp!, {r4, lr}
        pmc_switch_mck_to_pllack(CONFIG_SYSCLK_PRES);
   80d46:	4b16      	ldr	r3, [pc, #88]	@ (80da0 <naeusb_sam_cfg_out+0x9c>)
   80d48:	4718      	bx	r3
        efc_perform_command(EFC0, EFC_FCMD_CGPB, 1);
   80d4a:	2201      	movs	r2, #1
   80d4c:	210c      	movs	r1, #12
   80d4e:	4b15      	ldr	r3, [pc, #84]	@ (80da4 <naeusb_sam_cfg_out+0xa0>)
   80d50:	4815      	ldr	r0, [pc, #84]	@ (80da8 <naeusb_sam_cfg_out+0xa4>)
   80d52:	4798      	blx	r3
 *
 * The driver must remove pull-up on USB line D- or D+.
 */
static inline void udc_detach(void)
{
	udd_detach();
   80d54:	4b15      	ldr	r3, [pc, #84]	@ (80dac <naeusb_sam_cfg_out+0xa8>)
   80d56:	4798      	blx	r3
        while (RSTC->RSTC_SR & RSTC_SR_SRCMP);
   80d58:	4a15      	ldr	r2, [pc, #84]	@ (80db0 <naeusb_sam_cfg_out+0xac>)
   80d5a:	6853      	ldr	r3, [r2, #4]
   80d5c:	0399      	lsls	r1, r3, #14
   80d5e:	d4fc      	bmi.n	80d5a <naeusb_sam_cfg_out+0x56>
		RSTC->RSTC_CR |= RSTC_CR_KEY_PASSWD | RSTC_CR_PERRST | RSTC_CR_PROCRST;
   80d60:	6813      	ldr	r3, [r2, #0]
   80d62:	f043 4325 	orr.w	r3, r3, #2768240640	@ 0xa5000000
   80d66:	f043 0305 	orr.w	r3, r3, #5
   80d6a:	6013      	str	r3, [r2, #0]
        while(1);
   80d6c:	e7fe      	b.n	80d6c <naeusb_sam_cfg_out+0x68>
   80d6e:	4b0f      	ldr	r3, [pc, #60]	@ (80dac <naeusb_sam_cfg_out+0xa8>)
   80d70:	4798      	blx	r3
        while (RSTC->RSTC_SR & RSTC_SR_SRCMP);
   80d72:	4a0f      	ldr	r2, [pc, #60]	@ (80db0 <naeusb_sam_cfg_out+0xac>)
   80d74:	6853      	ldr	r3, [r2, #4]
   80d76:	039b      	lsls	r3, r3, #14
   80d78:	d4fc      	bmi.n	80d74 <naeusb_sam_cfg_out+0x70>
        RSTC->RSTC_CR |= RSTC_CR_KEY_PASSWD | RSTC_CR_PERRST | RSTC_CR_PROCRST;
   80d7a:	6813      	ldr	r3, [r2, #0]
   80d7c:	f043 4325 	orr.w	r3, r3, #2768240640	@ 0xa5000000
   80d80:	f043 0305 	orr.w	r3, r3, #5
   80d84:	6013      	str	r3, [r2, #0]
        while(1);
   80d86:	e7fe      	b.n	80d86 <naeusb_sam_cfg_out+0x82>
        FPGA_releaselock();
   80d88:	4b0a      	ldr	r3, [pc, #40]	@ (80db4 <naeusb_sam_cfg_out+0xb0>)
}
   80d8a:	e8bd 4010 	ldmia.w	sp!, {r4, lr}
        FPGA_releaselock();
   80d8e:	4718      	bx	r3
   80d90:	200033e0 	.word	0x200033e0
   80d94:	00082b5d 	.word	0x00082b5d
   80d98:	00082b81 	.word	0x00082b81
   80d9c:	00082aa5 	.word	0x00082aa5
   80da0:	00082b01 	.word	0x00082b01
   80da4:	000826cd 	.word	0x000826cd
   80da8:	400e0800 	.word	0x400e0800
   80dac:	00083d59 	.word	0x00083d59
   80db0:	400e1200 	.word	0x400e1200
   80db4:	000825a1 	.word	0x000825a1

00080db8 <naeusb_setup_in_received>:

bool naeusb_setup_in_received(void)
{
   80db8:	b538      	push	{r3, r4, r5, lr}
    switch (udd_g_ctrlreq.req.bRequest) {
   80dba:	4c14      	ldr	r4, [pc, #80]	@ (80e0c <naeusb_setup_in_received+0x54>)
   80dbc:	7863      	ldrb	r3, [r4, #1]
   80dbe:	2b17      	cmp	r3, #23
   80dc0:	d01a      	beq.n	80df8 <naeusb_setup_in_received+0x40>
   80dc2:	2b40      	cmp	r3, #64	@ 0x40
   80dc4:	d116      	bne.n	80df4 <naeusb_setup_in_received+0x3c>
    respbuf[sizeof(BUILD_TIME) - 1] = ' ';
   80dc6:	f04f 0c20 	mov.w	ip, #32
    strncpy(respbuf, BUILD_TIME, 64);
   80dca:	4d11      	ldr	r5, [pc, #68]	@ (80e10 <naeusb_setup_in_received+0x58>)
   80dcc:	4b11      	ldr	r3, [pc, #68]	@ (80e14 <naeusb_setup_in_received+0x5c>)
    strncpy(respbuf + sizeof(BUILD_TIME), BUILD_DATE, 64 - sizeof(BUILD_TIME));
   80dce:	2237      	movs	r2, #55	@ 0x37
    strncpy(respbuf, BUILD_TIME, 64);
   80dd0:	e893 0003 	ldmia.w	r3, {r0, r1}
    strncpy(respbuf + sizeof(BUILD_TIME), BUILD_DATE, 64 - sizeof(BUILD_TIME));
   80dd4:	4b10      	ldr	r3, [pc, #64]	@ (80e18 <naeusb_setup_in_received+0x60>)
    strncpy(respbuf, BUILD_TIME, 64);
   80dd6:	e885 0003 	stmia.w	r5, {r0, r1}
    strncpy(respbuf + sizeof(BUILD_TIME), BUILD_DATE, 64 - sizeof(BUILD_TIME));
   80dda:	4910      	ldr	r1, [pc, #64]	@ (80e1c <naeusb_setup_in_received+0x64>)
   80ddc:	f105 0009 	add.w	r0, r5, #9
    respbuf[sizeof(BUILD_TIME) - 1] = ' ';
   80de0:	f885 c008 	strb.w	ip, [r5, #8]
    strncpy(respbuf + sizeof(BUILD_TIME), BUILD_DATE, 64 - sizeof(BUILD_TIME));
   80de4:	4798      	blx	r3
    udd_g_ctrlreq.payload_size = strlen(respbuf);
   80de6:	4628      	mov	r0, r5
   80de8:	4b0d      	ldr	r3, [pc, #52]	@ (80e20 <naeusb_setup_in_received+0x68>)
    udd_g_ctrlreq.payload = respbuf;
   80dea:	60a5      	str	r5, [r4, #8]
    udd_g_ctrlreq.payload_size = strlen(respbuf);
   80dec:	4798      	blx	r3
   80dee:	81a0      	strh	r0, [r4, #12]
        case REQ_FW_VERSION:
            return naeusb_fw_version_in();
   80df0:	2001      	movs	r0, #1
        case REQ_BUILD_DATE:
            return naeusb_build_date_in();
            break;
    }
    return false;
}
   80df2:	bd38      	pop	{r3, r4, r5, pc}
    switch (udd_g_ctrlreq.req.bRequest) {
   80df4:	2000      	movs	r0, #0
}
   80df6:	bd38      	pop	{r3, r4, r5, pc}
    respbuf[0] = FW_VER_MAJOR;
   80df8:	f240 1001 	movw	r0, #257	@ 0x101
    respbuf[2] = FW_VER_DEBUG;
   80dfc:	2100      	movs	r1, #0
    udd_g_ctrlreq.payload_size = 3;
   80dfe:	2203      	movs	r2, #3
    respbuf[0] = FW_VER_MAJOR;
   80e00:	4b03      	ldr	r3, [pc, #12]	@ (80e10 <naeusb_setup_in_received+0x58>)
    udd_g_ctrlreq.payload_size = 3;
   80e02:	81a2      	strh	r2, [r4, #12]
    udd_g_ctrlreq.payload = respbuf;
   80e04:	60a3      	str	r3, [r4, #8]
    respbuf[0] = FW_VER_MAJOR;
   80e06:	8018      	strh	r0, [r3, #0]
    respbuf[2] = FW_VER_DEBUG;
   80e08:	7099      	strb	r1, [r3, #2]
            return naeusb_fw_version_in();
   80e0a:	e7f1      	b.n	80df0 <naeusb_setup_in_received+0x38>
   80e0c:	200033e0 	.word	0x200033e0
   80e10:	20003200 	.word	0x20003200
   80e14:	0008c874 	.word	0x0008c874
   80e18:	00087431 	.word	0x00087431
   80e1c:	0008c880 	.word	0x0008c880
   80e20:	00087731 	.word	0x00087731

00080e24 <naeusb_register_handlers>:

void naeusb_register_handlers(void)
{
   80e24:	b510      	push	{r4, lr}
    naeusb_add_in_handler(naeusb_setup_in_received);
   80e26:	4b04      	ldr	r3, [pc, #16]	@ (80e38 <naeusb_register_handlers+0x14>)
   80e28:	4804      	ldr	r0, [pc, #16]	@ (80e3c <naeusb_register_handlers+0x18>)
   80e2a:	4798      	blx	r3
    naeusb_add_out_handler(naeusb_setup_out_received);
   80e2c:	e8bd 4010 	ldmia.w	sp!, {r4, lr}
    naeusb_add_out_handler(naeusb_setup_out_received);
   80e30:	4803      	ldr	r0, [pc, #12]	@ (80e40 <naeusb_register_handlers+0x1c>)
   80e32:	4b04      	ldr	r3, [pc, #16]	@ (80e44 <naeusb_register_handlers+0x20>)
   80e34:	4718      	bx	r3
   80e36:	bf00      	nop
   80e38:	00080ba9 	.word	0x00080ba9
   80e3c:	00080db9 	.word	0x00080db9
   80e40:	00080ce9 	.word	0x00080ce9
   80e44:	00080bd1 	.word	0x00080bd1

00080e48 <add>:
// the number 0x1 in chunks[0] is not important for the following calculations
// only important at XOR in mult() when the MSB is a one after a left shift -> the first chunk would be zero
const bignum IRREDUCIBLE_POLYNOMIAL_128 = {.chunks = {0x00000000, 0x00000000, 0x00000000, 0x00000087}};


bignum add(bignum a, bignum b) {
   80e48:	b084      	sub	sp, #16
   80e4a:	b5f0      	push	{r4, r5, r6, r7, lr}
   80e4c:	4605      	mov	r5, r0
   80e4e:	b08f      	sub	sp, #60	@ 0x3c
   80e50:	f10d 0c54 	add.w	ip, sp, #84	@ 0x54
   80e54:	e88c 000e 	stmia.w	ip, {r1, r2, r3}
    bignum tmp_a = copy_bignum(a);
   80e58:	9b18      	ldr	r3, [sp, #96]	@ 0x60
   80e5a:	ae06      	add	r6, sp, #24
   80e5c:	9300      	str	r3, [sp, #0]
   80e5e:	e89c 000e 	ldmia.w	ip, {r1, r2, r3}
   80e62:	4630      	mov	r0, r6
   80e64:	4f0d      	ldr	r7, [pc, #52]	@ (80e9c <add+0x54>)
   80e66:	47b8      	blx	r7
    bignum tmp_b = copy_bignum(b);
   80e68:	9b1c      	ldr	r3, [sp, #112]	@ 0x70
   80e6a:	ac0a      	add	r4, sp, #40	@ 0x28
   80e6c:	9300      	str	r3, [sp, #0]
   80e6e:	ab19      	add	r3, sp, #100	@ 0x64
   80e70:	4620      	mov	r0, r4
   80e72:	cb0e      	ldmia	r3, {r1, r2, r3}
   80e74:	47b8      	blx	r7

    return xor_bignum(tmp_a, tmp_b);
   80e76:	e894 000f 	ldmia.w	r4, {r0, r1, r2, r3}
   80e7a:	f10d 0c04 	add.w	ip, sp, #4
   80e7e:	e88c 000f 	stmia.w	ip, {r0, r1, r2, r3}
   80e82:	9b09      	ldr	r3, [sp, #36]	@ 0x24
   80e84:	4628      	mov	r0, r5
   80e86:	9300      	str	r3, [sp, #0]
   80e88:	4f05      	ldr	r7, [pc, #20]	@ (80ea0 <add+0x58>)
   80e8a:	e896 000e 	ldmia.w	r6, {r1, r2, r3}
   80e8e:	47b8      	blx	r7
}
   80e90:	4628      	mov	r0, r5
   80e92:	b00f      	add	sp, #60	@ 0x3c
   80e94:	e8bd 40f0 	ldmia.w	sp!, {r4, r5, r6, r7, lr}
   80e98:	b004      	add	sp, #16
   80e9a:	4770      	bx	lr
   80e9c:	00081385 	.word	0x00081385
   80ea0:	00081179 	.word	0x00081179

00080ea4 <mult>:


bignum mult(bignum a, bignum b) {
   80ea4:	b084      	sub	sp, #16
   80ea6:	e92d 4ff0 	stmdb	sp!, {r4, r5, r6, r7, r8, r9, sl, fp, lr}
   80eaa:	4680      	mov	r8, r0
   80eac:	b093      	sub	sp, #76	@ 0x4c
   80eae:	a81d      	add	r0, sp, #116	@ 0x74
   80eb0:	e880 000e 	stmia.w	r0, {r1, r2, r3}
    // copies the bignums because wrong results could occur when the parameters a, b and the return variable are the same
    bignum tmp_a = copy_bignum(a);
   80eb4:	9b20      	ldr	r3, [sp, #128]	@ 0x80
   80eb6:	ad0a      	add	r5, sp, #40	@ 0x28
   80eb8:	9300      	str	r3, [sp, #0]
   80eba:	e890 000e 	ldmia.w	r0, {r1, r2, r3}
   80ebe:	4e34      	ldr	r6, [pc, #208]	@ (80f90 <mult+0xec>)
   80ec0:	4628      	mov	r0, r5
   80ec2:	47b0      	blx	r6
    bignum tmp_b = copy_bignum(b);
   80ec4:	9b24      	ldr	r3, [sp, #144]	@ 0x90
   80ec6:	ac0e      	add	r4, sp, #56	@ 0x38
   80ec8:	9300      	str	r3, [sp, #0]
   80eca:	ab21      	add	r3, sp, #132	@ 0x84
   80ecc:	cb0e      	ldmia	r3, {r1, r2, r3}
   80ece:	4620      	mov	r0, r4
   80ed0:	47b0      	blx	r6

    bignum result = init_bignum_to_zero();
   80ed2:	4640      	mov	r0, r8
   80ed4:	4b2f      	ldr	r3, [pc, #188]	@ (80f94 <mult+0xf0>)
   80ed6:	4798      	blx	r3
    bool inside_galois_field;

    // "visit" all bits or until one number is zero
    while (is_bignum_not_zero(tmp_a) && is_bignum_not_zero(tmp_b)) {
   80ed8:	f8df 90bc 	ldr.w	r9, [pc, #188]	@ 80f98 <mult+0xf4>
        if (is_bignum_odd(tmp_a)) {
            result = xor_bignum(result, tmp_b);
        }

        // divide a by 2
        tmp_a = shift_right_by_one_bignum(tmp_a);
   80edc:	f8df b0bc 	ldr.w	fp, [pc, #188]	@ 80f9c <mult+0xf8>
    while (is_bignum_not_zero(tmp_a) && is_bignum_not_zero(tmp_b)) {
   80ee0:	e01b      	b.n	80f1a <mult+0x76>
        tmp_a = shift_right_by_one_bignum(tmp_a);
   80ee2:	9b0d      	ldr	r3, [sp, #52]	@ 0x34
   80ee4:	4630      	mov	r0, r6
   80ee6:	9300      	str	r3, [sp, #0]
   80ee8:	e895 000e 	ldmia.w	r5, {r1, r2, r3}
   80eec:	47d8      	blx	fp
   80eee:	e896 000f 	ldmia.w	r6, {r0, r1, r2, r3}

        // check if after the "multiplication" b is outside of he Galois Field and then multiply b by 2
        inside_galois_field = is_bignum_inside_galois_field_after_left_shift(tmp_b);
   80ef2:	4f2b      	ldr	r7, [pc, #172]	@ (80fa0 <mult+0xfc>)
        tmp_a = shift_right_by_one_bignum(tmp_a);
   80ef4:	e885 000f 	stmia.w	r5, {r0, r1, r2, r3}
        inside_galois_field = is_bignum_inside_galois_field_after_left_shift(tmp_b);
   80ef8:	e894 000f 	ldmia.w	r4, {r0, r1, r2, r3}
   80efc:	47b8      	blx	r7
   80efe:	4607      	mov	r7, r0
        tmp_b = shift_left_by_one_bignum(tmp_b);
   80f00:	9b11      	ldr	r3, [sp, #68]	@ 0x44
   80f02:	4630      	mov	r0, r6
   80f04:	9300      	str	r3, [sp, #0]
   80f06:	e894 000e 	ldmia.w	r4, {r1, r2, r3}
   80f0a:	f8df a098 	ldr.w	sl, [pc, #152]	@ 80fa4 <mult+0x100>
   80f0e:	47d0      	blx	sl
   80f10:	e896 000f 	ldmia.w	r6, {r0, r1, r2, r3}
   80f14:	e884 000f 	stmia.w	r4, {r0, r1, r2, r3}

        // when b is a "polynomial" outside the galois field add (XOR) the irreducible polynomial with b (the same as b mod irreducible_polynomial)
        if (!inside_galois_field) {
   80f18:	b33f      	cbz	r7, 80f6a <mult+0xc6>
    while (is_bignum_not_zero(tmp_a) && is_bignum_not_zero(tmp_b)) {
   80f1a:	e895 000f 	ldmia.w	r5, {r0, r1, r2, r3}
   80f1e:	47c8      	blx	r9
   80f20:	b1e8      	cbz	r0, 80f5e <mult+0xba>
   80f22:	e894 000f 	ldmia.w	r4, {r0, r1, r2, r3}
   80f26:	47c8      	blx	r9
   80f28:	b1c8      	cbz	r0, 80f5e <mult+0xba>
        if (is_bignum_odd(tmp_a)) {
   80f2a:	e895 000f 	ldmia.w	r5, {r0, r1, r2, r3}
   80f2e:	4e1e      	ldr	r6, [pc, #120]	@ (80fa8 <mult+0x104>)
   80f30:	47b0      	blx	r6
   80f32:	ae06      	add	r6, sp, #24
   80f34:	2800      	cmp	r0, #0
   80f36:	d0d4      	beq.n	80ee2 <mult+0x3e>
            result = xor_bignum(result, tmp_b);
   80f38:	e894 000f 	ldmia.w	r4, {r0, r1, r2, r3}
   80f3c:	af01      	add	r7, sp, #4
   80f3e:	f8d8 c00c 	ldr.w	ip, [r8, #12]
   80f42:	e887 000f 	stmia.w	r7, {r0, r1, r2, r3}
   80f46:	f8cd c000 	str.w	ip, [sp]
   80f4a:	4630      	mov	r0, r6
   80f4c:	e898 000e 	ldmia.w	r8, {r1, r2, r3}
   80f50:	4f16      	ldr	r7, [pc, #88]	@ (80fac <mult+0x108>)
   80f52:	47b8      	blx	r7
   80f54:	e896 000f 	ldmia.w	r6, {r0, r1, r2, r3}
   80f58:	e888 000f 	stmia.w	r8, {r0, r1, r2, r3}
   80f5c:	e7c1      	b.n	80ee2 <mult+0x3e>
            tmp_b = xor_bignum(tmp_b, IRREDUCIBLE_POLYNOMIAL_128);
        }
    }

    return result;
}
   80f5e:	4640      	mov	r0, r8
   80f60:	b013      	add	sp, #76	@ 0x4c
   80f62:	e8bd 4ff0 	ldmia.w	sp!, {r4, r5, r6, r7, r8, r9, sl, fp, lr}
   80f66:	b004      	add	sp, #16
   80f68:	4770      	bx	lr
            tmp_b = xor_bignum(tmp_b, IRREDUCIBLE_POLYNOMIAL_128);
   80f6a:	4b11      	ldr	r3, [pc, #68]	@ (80fb0 <mult+0x10c>)
   80f6c:	f10d 0c04 	add.w	ip, sp, #4
   80f70:	cb0f      	ldmia	r3, {r0, r1, r2, r3}
   80f72:	e88c 000f 	stmia.w	ip, {r0, r1, r2, r3}
   80f76:	9b11      	ldr	r3, [sp, #68]	@ 0x44
   80f78:	4630      	mov	r0, r6
   80f7a:	9300      	str	r3, [sp, #0]
   80f7c:	e894 000e 	ldmia.w	r4, {r1, r2, r3}
   80f80:	4f0a      	ldr	r7, [pc, #40]	@ (80fac <mult+0x108>)
   80f82:	47b8      	blx	r7
   80f84:	e896 000f 	ldmia.w	r6, {r0, r1, r2, r3}
   80f88:	e884 000f 	stmia.w	r4, {r0, r1, r2, r3}
   80f8c:	e7c5      	b.n	80f1a <mult+0x76>
   80f8e:	bf00      	nop
   80f90:	00081385 	.word	0x00081385
   80f94:	00081111 	.word	0x00081111
   80f98:	00081211 	.word	0x00081211
   80f9c:	000812c1 	.word	0x000812c1
   80fa0:	00081371 	.word	0x00081371
   80fa4:	00081241 	.word	0x00081241
   80fa8:	0008134d 	.word	0x0008134d
   80fac:	00081179 	.word	0x00081179
   80fb0:	0008c88c 	.word	0x0008c88c

00080fb4 <power>:


bignum power(bignum base, bignum exponent) {
   80fb4:	b084      	sub	sp, #16
   80fb6:	e92d 4ff0 	stmdb	sp!, {r4, r5, r6, r7, r8, r9, sl, fp, lr}
   80fba:	4680      	mov	r8, r0
   80fbc:	b093      	sub	sp, #76	@ 0x4c
   80fbe:	a81d      	add	r0, sp, #116	@ 0x74
   80fc0:	e880 000e 	stmia.w	r0, {r1, r2, r3}
    // copies the bignum because wrong results could occur when the parameter n and the return variable are the same
    bignum base_tmp = copy_bignum(base);
   80fc4:	9b20      	ldr	r3, [sp, #128]	@ 0x80
   80fc6:	ae0a      	add	r6, sp, #40	@ 0x28
   80fc8:	9300      	str	r3, [sp, #0]
   80fca:	e890 000e 	ldmia.w	r0, {r1, r2, r3}
   80fce:	4d28      	ldr	r5, [pc, #160]	@ (81070 <power+0xbc>)
   80fd0:	4630      	mov	r0, r6
   80fd2:	47a8      	blx	r5
    bignum exponent_tmp = copy_bignum(exponent);
   80fd4:	9b24      	ldr	r3, [sp, #144]	@ 0x90
   80fd6:	ac0e      	add	r4, sp, #56	@ 0x38
   80fd8:	9300      	str	r3, [sp, #0]
   80fda:	ab21      	add	r3, sp, #132	@ 0x84
   80fdc:	cb0e      	ldmia	r3, {r1, r2, r3}
   80fde:	4620      	mov	r0, r4
   80fe0:	47a8      	blx	r5

    bignum result = init_bignum_to_one();
   80fe2:	4640      	mov	r0, r8
   80fe4:	4b23      	ldr	r3, [pc, #140]	@ (81074 <power+0xc0>)
   80fe6:	4798      	blx	r3

    // example: base^45 = base^32 * base^8 * base^4 * base^1
    while (is_bignum_not_zero(exponent_tmp)) {
   80fe8:	f8df a08c 	ldr.w	sl, [pc, #140]	@ 81078 <power+0xc4>
        // when the last bit is a one, multiply by the squared base
        if (is_bignum_odd(exponent_tmp)) {
            result = mult(result, base_tmp);
   80fec:	f8df 908c 	ldr.w	r9, [pc, #140]	@ 8107c <power+0xc8>
        }
        // square the base -> (base^1, base^2, base^4, base^8, ...)
        base_tmp = mult(base_tmp, base_tmp);

        // get the next bit
        exponent_tmp = shift_right_by_one_bignum(exponent_tmp);
   80ff0:	f8df b08c 	ldr.w	fp, [pc, #140]	@ 81080 <power+0xcc>
    while (is_bignum_not_zero(exponent_tmp)) {
   80ff4:	e018      	b.n	81028 <power+0x74>
   80ff6:	af01      	add	r7, sp, #4
        base_tmp = mult(base_tmp, base_tmp);
   80ff8:	e896 000f 	ldmia.w	r6, {r0, r1, r2, r3}
   80ffc:	e887 000f 	stmia.w	r7, {r0, r1, r2, r3}
   81000:	9b0d      	ldr	r3, [sp, #52]	@ 0x34
   81002:	4628      	mov	r0, r5
   81004:	9300      	str	r3, [sp, #0]
   81006:	e896 000e 	ldmia.w	r6, {r1, r2, r3}
   8100a:	47c8      	blx	r9
   8100c:	e895 000f 	ldmia.w	r5, {r0, r1, r2, r3}
        exponent_tmp = shift_right_by_one_bignum(exponent_tmp);
   81010:	9f11      	ldr	r7, [sp, #68]	@ 0x44
   81012:	9700      	str	r7, [sp, #0]
        base_tmp = mult(base_tmp, base_tmp);
   81014:	e886 000f 	stmia.w	r6, {r0, r1, r2, r3}
        exponent_tmp = shift_right_by_one_bignum(exponent_tmp);
   81018:	e894 000e 	ldmia.w	r4, {r1, r2, r3}
   8101c:	4628      	mov	r0, r5
   8101e:	47d8      	blx	fp
   81020:	e895 000f 	ldmia.w	r5, {r0, r1, r2, r3}
   81024:	e884 000f 	stmia.w	r4, {r0, r1, r2, r3}
    while (is_bignum_not_zero(exponent_tmp)) {
   81028:	e894 000f 	ldmia.w	r4, {r0, r1, r2, r3}
   8102c:	47d0      	blx	sl
   8102e:	b1c0      	cbz	r0, 81062 <power+0xae>
        if (is_bignum_odd(exponent_tmp)) {
   81030:	e894 000f 	ldmia.w	r4, {r0, r1, r2, r3}
   81034:	4d13      	ldr	r5, [pc, #76]	@ (81084 <power+0xd0>)
   81036:	47a8      	blx	r5
   81038:	ad06      	add	r5, sp, #24
   8103a:	2800      	cmp	r0, #0
   8103c:	d0db      	beq.n	80ff6 <power+0x42>
            result = mult(result, base_tmp);
   8103e:	e896 000f 	ldmia.w	r6, {r0, r1, r2, r3}
   81042:	af01      	add	r7, sp, #4
   81044:	e887 000f 	stmia.w	r7, {r0, r1, r2, r3}
   81048:	f8d8 300c 	ldr.w	r3, [r8, #12]
   8104c:	ad06      	add	r5, sp, #24
   8104e:	9300      	str	r3, [sp, #0]
   81050:	4628      	mov	r0, r5
   81052:	e898 000e 	ldmia.w	r8, {r1, r2, r3}
   81056:	47c8      	blx	r9
   81058:	e895 000f 	ldmia.w	r5, {r0, r1, r2, r3}
   8105c:	e888 000f 	stmia.w	r8, {r0, r1, r2, r3}
   81060:	e7ca      	b.n	80ff8 <power+0x44>
    }

    return result;
}
   81062:	4640      	mov	r0, r8
   81064:	b013      	add	sp, #76	@ 0x4c
   81066:	e8bd 4ff0 	ldmia.w	sp!, {r4, r5, r6, r7, r8, r9, sl, fp, lr}
   8106a:	b004      	add	sp, #16
   8106c:	4770      	bx	lr
   8106e:	bf00      	nop
   81070:	00081385 	.word	0x00081385
   81074:	00081141 	.word	0x00081141
   81078:	00081211 	.word	0x00081211
   8107c:	00080ea5 	.word	0x00080ea5
   81080:	000812c1 	.word	0x000812c1
   81084:	0008134d 	.word	0x0008134d

00081088 <mult_inverse>:


bignum mult_inverse(bignum n) {
   81088:	b084      	sub	sp, #16
   8108a:	b5f0      	push	{r4, r5, r6, r7, lr}
   8108c:	4606      	mov	r6, r0
   8108e:	b08f      	sub	sp, #60	@ 0x3c
   81090:	ac15      	add	r4, sp, #84	@ 0x54
   81092:	e884 000e 	stmia.w	r4, {r1, r2, r3}
    // n**((2**128)-2) = n**(-1) -> fermat's little theorem to get the inverse
    uint32_t hex[] = {0xffffffff, 0xffffffff, 0xffffffff, 0xfffffffe};
   81096:	4b0f      	ldr	r3, [pc, #60]	@ (810d4 <mult_inverse+0x4c>)
   81098:	f10d 0c18 	add.w	ip, sp, #24
    bignum exponent = init_bignum(hex);
   8109c:	ad0a      	add	r5, sp, #40	@ 0x28
    uint32_t hex[] = {0xffffffff, 0xffffffff, 0xffffffff, 0xfffffffe};
   8109e:	cb0f      	ldmia	r3, {r0, r1, r2, r3}
    bignum exponent = init_bignum(hex);
   810a0:	4f0d      	ldr	r7, [pc, #52]	@ (810d8 <mult_inverse+0x50>)
    uint32_t hex[] = {0xffffffff, 0xffffffff, 0xffffffff, 0xfffffffe};
   810a2:	e88c 000f 	stmia.w	ip, {r0, r1, r2, r3}
    bignum exponent = init_bignum(hex);
   810a6:	4661      	mov	r1, ip
   810a8:	4628      	mov	r0, r5
   810aa:	47b8      	blx	r7

    return power(n, exponent);
   810ac:	e895 000f 	ldmia.w	r5, {r0, r1, r2, r3}
   810b0:	f10d 0c04 	add.w	ip, sp, #4
   810b4:	e88c 000f 	stmia.w	ip, {r0, r1, r2, r3}
   810b8:	9b18      	ldr	r3, [sp, #96]	@ 0x60
   810ba:	4630      	mov	r0, r6
   810bc:	9300      	str	r3, [sp, #0]
   810be:	4f07      	ldr	r7, [pc, #28]	@ (810dc <mult_inverse+0x54>)
   810c0:	e894 000e 	ldmia.w	r4, {r1, r2, r3}
   810c4:	47b8      	blx	r7
}
   810c6:	4630      	mov	r0, r6
   810c8:	b00f      	add	sp, #60	@ 0x3c
   810ca:	e8bd 40f0 	ldmia.w	sp!, {r4, r5, r6, r7, lr}
   810ce:	b004      	add	sp, #16
   810d0:	4770      	bx	lr
   810d2:	bf00      	nop
   810d4:	0008c89c 	.word	0x0008c89c
   810d8:	000810e1 	.word	0x000810e1
   810dc:	00080fb5 	.word	0x00080fb5

000810e0 <init_bignum>:
#include "stdlib.h"
#include "stdbool.h"
#include "string.h"


bignum init_bignum(uint32_t hex[4]) {
   810e0:	b530      	push	{r4, r5, lr}
    bignum n;

    // most significant bytes (MSB) are in chunks[0] and least significant bytes (LSB) are in chunks[size-1]
    for (int i = 0; i < BLOCKSIZE; i++) {
   810e2:	4b09      	ldr	r3, [pc, #36]	@ (81108 <init_bignum+0x28>)
bignum init_bignum(uint32_t hex[4]) {
   810e4:	b085      	sub	sp, #20
    for (int i = 0; i < BLOCKSIZE; i++) {
   810e6:	681a      	ldr	r2, [r3, #0]
bignum init_bignum(uint32_t hex[4]) {
   810e8:	4604      	mov	r4, r0
    for (int i = 0; i < BLOCKSIZE; i++) {
   810ea:	2a00      	cmp	r2, #0
        n.chunks[i] = hex[i];
   810ec:	466b      	mov	r3, sp
    for (int i = 0; i < BLOCKSIZE; i++) {
   810ee:	dd04      	ble.n	810fa <init_bignum+0x1a>
        n.chunks[i] = hex[i];
   810f0:	4668      	mov	r0, sp
   810f2:	4d06      	ldr	r5, [pc, #24]	@ (8110c <init_bignum+0x2c>)
   810f4:	0092      	lsls	r2, r2, #2
   810f6:	47a8      	blx	r5
   810f8:	4603      	mov	r3, r0
    }

    return n;
   810fa:	cb0f      	ldmia	r3, {r0, r1, r2, r3}
   810fc:	e884 000f 	stmia.w	r4, {r0, r1, r2, r3}
}
   81100:	4620      	mov	r0, r4
   81102:	b005      	add	sp, #20
   81104:	bd30      	pop	{r4, r5, pc}
   81106:	bf00      	nop
   81108:	0008c8ac 	.word	0x0008c8ac
   8110c:	00087645 	.word	0x00087645

00081110 <init_bignum_to_zero>:
        }
    }
}


bignum init_bignum_to_zero() {
   81110:	b530      	push	{r4, r5, lr}
    bignum n;

    for (int i = 0; i < BLOCKSIZE; i++) {
   81112:	4b09      	ldr	r3, [pc, #36]	@ (81138 <init_bignum_to_zero+0x28>)
bignum init_bignum_to_zero() {
   81114:	b085      	sub	sp, #20
    for (int i = 0; i < BLOCKSIZE; i++) {
   81116:	681a      	ldr	r2, [r3, #0]
bignum init_bignum_to_zero() {
   81118:	4604      	mov	r4, r0
    for (int i = 0; i < BLOCKSIZE; i++) {
   8111a:	2a00      	cmp	r2, #0
        n.chunks[i] = 0x0;
   8111c:	466b      	mov	r3, sp
    for (int i = 0; i < BLOCKSIZE; i++) {
   8111e:	dd05      	ble.n	8112c <init_bignum_to_zero+0x1c>
        n.chunks[i] = 0x0;
   81120:	2100      	movs	r1, #0
   81122:	4668      	mov	r0, sp
   81124:	4d05      	ldr	r5, [pc, #20]	@ (8113c <init_bignum_to_zero+0x2c>)
   81126:	0092      	lsls	r2, r2, #2
   81128:	47a8      	blx	r5
   8112a:	4603      	mov	r3, r0
    }

    return n;
   8112c:	cb0f      	ldmia	r3, {r0, r1, r2, r3}
   8112e:	e884 000f 	stmia.w	r4, {r0, r1, r2, r3}
}
   81132:	4620      	mov	r0, r4
   81134:	b005      	add	sp, #20
   81136:	bd30      	pop	{r4, r5, pc}
   81138:	0008c8ac 	.word	0x0008c8ac
   8113c:	00087395 	.word	0x00087395

00081140 <init_bignum_to_one>:


bignum init_bignum_to_one() {
   81140:	b570      	push	{r4, r5, r6, lr}
    for (int i = 0; i < BLOCKSIZE; i++) {
   81142:	4b0b      	ldr	r3, [pc, #44]	@ (81170 <init_bignum_to_one+0x30>)
bignum init_bignum_to_one() {
   81144:	b084      	sub	sp, #16
    for (int i = 0; i < BLOCKSIZE; i++) {
   81146:	681d      	ldr	r5, [r3, #0]
bignum init_bignum_to_one() {
   81148:	4604      	mov	r4, r0
    for (int i = 0; i < BLOCKSIZE; i++) {
   8114a:	2d00      	cmp	r5, #0
        n.chunks[i] = 0x0;
   8114c:	466b      	mov	r3, sp
    for (int i = 0; i < BLOCKSIZE; i++) {
   8114e:	dd05      	ble.n	8115c <init_bignum_to_one+0x1c>
        n.chunks[i] = 0x0;
   81150:	2100      	movs	r1, #0
   81152:	4668      	mov	r0, sp
   81154:	4e07      	ldr	r6, [pc, #28]	@ (81174 <init_bignum_to_one+0x34>)
   81156:	00aa      	lsls	r2, r5, #2
   81158:	47b0      	blx	r6
   8115a:	4603      	mov	r3, r0
    return n;
   8115c:	cb0f      	ldmia	r3, {r0, r1, r2, r3}
    bignum n = init_bignum_to_zero();
    n.chunks[BLOCKSIZE-1] = 0x1;
   8115e:	2601      	movs	r6, #1
    return n;
   81160:	e884 000f 	stmia.w	r4, {r0, r1, r2, r3}

    return n;
}
   81164:	4620      	mov	r0, r4
    n.chunks[BLOCKSIZE-1] = 0x1;
   81166:	3d01      	subs	r5, #1
   81168:	f844 6025 	str.w	r6, [r4, r5, lsl #2]
}
   8116c:	b004      	add	sp, #16
   8116e:	bd70      	pop	{r4, r5, r6, pc}
   81170:	0008c8ac 	.word	0x0008c8ac
   81174:	00087395 	.word	0x00087395

00081178 <xor_bignum>:
        print_bignum(array[i]);
    }
}


bignum xor_bignum(bignum a, bignum b) {
   81178:	b084      	sub	sp, #16
   8117a:	e92d 43f0 	stmdb	sp!, {r4, r5, r6, r7, r8, r9, lr}
   8117e:	b091      	sub	sp, #68	@ 0x44
   81180:	4607      	mov	r7, r0
   81182:	a819      	add	r0, sp, #100	@ 0x64
   81184:	e880 000e 	stmia.w	r0, {r1, r2, r3}
    for (int i = 0; i < BLOCKSIZE; i++) {
   81188:	4b1f      	ldr	r3, [pc, #124]	@ (81208 <xor_bignum+0x90>)
   8118a:	ad08      	add	r5, sp, #32
   8118c:	681e      	ldr	r6, [r3, #0]
   8118e:	c80f      	ldmia	r0, {r0, r1, r2, r3}
   81190:	2e00      	cmp	r6, #0
   81192:	e885 000f 	stmia.w	r5, {r0, r1, r2, r3}
   81196:	dd34      	ble.n	81202 <xor_bignum+0x8a>
        n.chunks[i] = hex[i];
   81198:	ac0c      	add	r4, sp, #48	@ 0x30
   8119a:	00b6      	lsls	r6, r6, #2
   8119c:	4629      	mov	r1, r5
   8119e:	f8df 906c 	ldr.w	r9, [pc, #108]	@ 8120c <xor_bignum+0x94>
   811a2:	4632      	mov	r2, r6
   811a4:	4620      	mov	r0, r4
   811a6:	47c8      	blx	r9
    return n;
   811a8:	e894 000f 	ldmia.w	r4, {r0, r1, r2, r3}
   811ac:	f10d 0c74 	add.w	ip, sp, #116	@ 0x74
   811b0:	e88d 000f 	stmia.w	sp, {r0, r1, r2, r3}
    // copies the bignums because wrong results could occur when the parameters a, b and the return variable are the same
    bignum tmp_a = copy_bignum(a);
    bignum tmp_b = copy_bignum(b);
   811b4:	e89c 000f 	ldmia.w	ip, {r0, r1, r2, r3}
   811b8:	e885 000f 	stmia.w	r5, {r0, r1, r2, r3}
        n.chunks[i] = hex[i];
   811bc:	4629      	mov	r1, r5
   811be:	4632      	mov	r2, r6
   811c0:	4620      	mov	r0, r4
   811c2:	47c8      	blx	r9
    return n;
   811c4:	e894 000f 	ldmia.w	r4, {r0, r1, r2, r3}
   811c8:	f10d 0910 	add.w	r9, sp, #16
   811cc:	46ec      	mov	ip, sp
   811ce:	46c8      	mov	r8, r9
   811d0:	46a6      	mov	lr, r4
   811d2:	e889 000f 	stmia.w	r9, {r0, r1, r2, r3}
    bignum result;

    // One XOR per chunk starting at the LSB on the right for each number
    for (int i = 0; i < BLOCKSIZE; i++) {
   811d6:	eb0d 0506 	add.w	r5, sp, r6
        result.chunks[i] = tmp_a.chunks[i] ^ tmp_b.chunks[i];
   811da:	f85c 3b04 	ldr.w	r3, [ip], #4
   811de:	f858 2b04 	ldr.w	r2, [r8], #4
    for (int i = 0; i < BLOCKSIZE; i++) {
   811e2:	4565      	cmp	r5, ip
        result.chunks[i] = tmp_a.chunks[i] ^ tmp_b.chunks[i];
   811e4:	ea83 0302 	eor.w	r3, r3, r2
   811e8:	f84e 3b04 	str.w	r3, [lr], #4
    for (int i = 0; i < BLOCKSIZE; i++) {
   811ec:	d1f5      	bne.n	811da <xor_bignum+0x62>
    }

    return result;
   811ee:	e894 000f 	ldmia.w	r4, {r0, r1, r2, r3}
   811f2:	e887 000f 	stmia.w	r7, {r0, r1, r2, r3}
}
   811f6:	4638      	mov	r0, r7
   811f8:	b011      	add	sp, #68	@ 0x44
   811fa:	e8bd 43f0 	ldmia.w	sp!, {r4, r5, r6, r7, r8, r9, lr}
   811fe:	b004      	add	sp, #16
   81200:	4770      	bx	lr
   81202:	ac0c      	add	r4, sp, #48	@ 0x30
   81204:	e7f3      	b.n	811ee <xor_bignum+0x76>
   81206:	bf00      	nop
   81208:	0008c8ac 	.word	0x0008c8ac
   8120c:	00087645 	.word	0x00087645

00081210 <is_bignum_not_zero>:


bool is_bignum_not_zero(bignum n) {
   81210:	b084      	sub	sp, #16
   81212:	e88d 000f 	stmia.w	sp, {r0, r1, r2, r3}
    for (int i = 0; i < BLOCKSIZE; i++) {
   81216:	4b09      	ldr	r3, [pc, #36]	@ (8123c <is_bignum_not_zero+0x2c>)
   81218:	6819      	ldr	r1, [r3, #0]
   8121a:	2900      	cmp	r1, #0
   8121c:	dd0c      	ble.n	81238 <is_bignum_not_zero+0x28>
   8121e:	466a      	mov	r2, sp
   81220:	2300      	movs	r3, #0
   81222:	e001      	b.n	81228 <is_bignum_not_zero+0x18>
   81224:	428b      	cmp	r3, r1
   81226:	d005      	beq.n	81234 <is_bignum_not_zero+0x24>
        if (n.chunks[i] != 0x0) return true;
   81228:	f852 0b04 	ldr.w	r0, [r2], #4
    for (int i = 0; i < BLOCKSIZE; i++) {
   8122c:	3301      	adds	r3, #1
        if (n.chunks[i] != 0x0) return true;
   8122e:	2800      	cmp	r0, #0
   81230:	d0f8      	beq.n	81224 <is_bignum_not_zero+0x14>
   81232:	2001      	movs	r0, #1
    }

    return false;
}
   81234:	b004      	add	sp, #16
   81236:	4770      	bx	lr
    return false;
   81238:	2000      	movs	r0, #0
   8123a:	e7fb      	b.n	81234 <is_bignum_not_zero+0x24>
   8123c:	0008c8ac 	.word	0x0008c8ac

00081240 <shift_left_by_one_bignum>:


bignum shift_left_by_one_bignum(bignum n) {
   81240:	b084      	sub	sp, #16
   81242:	e92d 43f0 	stmdb	sp!, {r4, r5, r6, r7, r8, r9, lr}
   81246:	b08d      	sub	sp, #52	@ 0x34
   81248:	4605      	mov	r5, r0
   8124a:	a815      	add	r0, sp, #84	@ 0x54
   8124c:	e880 000e 	stmia.w	r0, {r1, r2, r3}
    for (int i = 0; i < BLOCKSIZE; i++) {
   81250:	4b19      	ldr	r3, [pc, #100]	@ (812b8 <shift_left_by_one_bignum+0x78>)
   81252:	af04      	add	r7, sp, #16
   81254:	681e      	ldr	r6, [r3, #0]
        n.chunks[i] = hex[i];
   81256:	ac08      	add	r4, sp, #32
    for (int i = 0; i < BLOCKSIZE; i++) {
   81258:	2e00      	cmp	r6, #0
   8125a:	c80f      	ldmia	r0, {r0, r1, r2, r3}
   8125c:	e887 000f 	stmia.w	r7, {r0, r1, r2, r3}
   81260:	dd1f      	ble.n	812a2 <shift_left_by_one_bignum+0x62>
        n.chunks[i] = hex[i];
   81262:	4639      	mov	r1, r7
   81264:	4b15      	ldr	r3, [pc, #84]	@ (812bc <shift_left_by_one_bignum+0x7c>)
   81266:	00b2      	lsls	r2, r6, #2
   81268:	4620      	mov	r0, r4
   8126a:	4798      	blx	r3
    return n;
   8126c:	e894 000f 	ldmia.w	r4, {r0, r1, r2, r3}
    bignum tmp_n = copy_bignum(n);
    bignum result;

    // Left shift per chunk
    for (int i = 0; i < BLOCKSIZE; i++) {
        if (i == BLOCKSIZE-1) {
   81270:	f04f 0c00 	mov.w	ip, #0
   81274:	46ee      	mov	lr, sp
   81276:	4627      	mov	r7, r4
    return n;
   81278:	e88d 000f 	stmia.w	sp, {r0, r1, r2, r3}
        if (i == BLOCKSIZE-1) {
   8127c:	f106 39ff 	add.w	r9, r6, #4294967295	@ 0xffffffff
            result.chunks[i] = tmp_n.chunks[i] << 1;
   81280:	f85e 3b04 	ldr.w	r3, [lr], #4
        if (i == BLOCKSIZE-1) {
   81284:	45cc      	cmp	ip, r9
        }
        else {
            // Bitwise OR to determine wether a 1 of the block before is shifted left to the current block
            result.chunks[i] = (tmp_n.chunks[i] << 1) | (tmp_n.chunks[i+1] >> 31);
   81286:	bf18      	it	ne
   81288:	f8de 2000 	ldrne.w	r2, [lr]
            result.chunks[i] = tmp_n.chunks[i] << 1;
   8128c:	ea4f 0343 	mov.w	r3, r3, lsl #1
    for (int i = 0; i < BLOCKSIZE; i++) {
   81290:	f10c 0c01 	add.w	ip, ip, #1
            result.chunks[i] = (tmp_n.chunks[i] << 1) | (tmp_n.chunks[i+1] >> 31);
   81294:	bf18      	it	ne
   81296:	ea43 73d2 	orrne.w	r3, r3, r2, lsr #31
    for (int i = 0; i < BLOCKSIZE; i++) {
   8129a:	4566      	cmp	r6, ip
   8129c:	f847 3b04 	str.w	r3, [r7], #4
   812a0:	d1ee      	bne.n	81280 <shift_left_by_one_bignum+0x40>
        }
    }

    return result;
   812a2:	e894 000f 	ldmia.w	r4, {r0, r1, r2, r3}
   812a6:	e885 000f 	stmia.w	r5, {r0, r1, r2, r3}
}
   812aa:	4628      	mov	r0, r5
   812ac:	b00d      	add	sp, #52	@ 0x34
   812ae:	e8bd 43f0 	ldmia.w	sp!, {r4, r5, r6, r7, r8, r9, lr}
   812b2:	b004      	add	sp, #16
   812b4:	4770      	bx	lr
   812b6:	bf00      	nop
   812b8:	0008c8ac 	.word	0x0008c8ac
   812bc:	00087645 	.word	0x00087645

000812c0 <shift_right_by_one_bignum>:


bignum shift_right_by_one_bignum(bignum n) {
   812c0:	b084      	sub	sp, #16
   812c2:	e92d 41f0 	stmdb	sp!, {r4, r5, r6, r7, r8, lr}
   812c6:	b08c      	sub	sp, #48	@ 0x30
   812c8:	4605      	mov	r5, r0
   812ca:	a813      	add	r0, sp, #76	@ 0x4c
   812cc:	e880 000e 	stmia.w	r0, {r1, r2, r3}
    for (int i = 0; i < BLOCKSIZE; i++) {
   812d0:	4b1c      	ldr	r3, [pc, #112]	@ (81344 <shift_right_by_one_bignum+0x84>)
   812d2:	af04      	add	r7, sp, #16
   812d4:	681e      	ldr	r6, [r3, #0]
        n.chunks[i] = hex[i];
   812d6:	ac08      	add	r4, sp, #32
    for (int i = 0; i < BLOCKSIZE; i++) {
   812d8:	2e00      	cmp	r6, #0
   812da:	c80f      	ldmia	r0, {r0, r1, r2, r3}
   812dc:	e887 000f 	stmia.w	r7, {r0, r1, r2, r3}
   812e0:	dd25      	ble.n	8132e <shift_right_by_one_bignum+0x6e>
        n.chunks[i] = hex[i];
   812e2:	4639      	mov	r1, r7
   812e4:	4b18      	ldr	r3, [pc, #96]	@ (81348 <shift_right_by_one_bignum+0x88>)
   812e6:	00b2      	lsls	r2, r6, #2
   812e8:	4620      	mov	r0, r4
   812ea:	4798      	blx	r3
    return n;
   812ec:	e894 000f 	ldmia.w	r4, {r0, r1, r2, r3}
   812f0:	f04f 0e00 	mov.w	lr, #0
   812f4:	4627      	mov	r7, r4
    // copies the bignum because wrong results could occur when the parameter n and the return variable are the same
    bignum tmp_n = copy_bignum(n);
    bignum result;

    // Right shift per chunk
    for (int i = 0; i < BLOCKSIZE; i++) {
   812f6:	f10e 0e01 	add.w	lr, lr, #1
    return n;
   812fa:	e88d 000f 	stmia.w	sp, {r0, r1, r2, r3}
        if (i == 0) {
            result.chunks[i] = tmp_n.chunks[i] >> 1;
   812fe:	f1ad 0c04 	sub.w	ip, sp, #4
   81302:	0843      	lsrs	r3, r0, #1
    for (int i = 0; i < BLOCKSIZE; i++) {
   81304:	45b6      	cmp	lr, r6
            result.chunks[i] = tmp_n.chunks[i] >> 1;
   81306:	9308      	str	r3, [sp, #32]
    for (int i = 0; i < BLOCKSIZE; i++) {
   81308:	f10c 0c04 	add.w	ip, ip, #4
   8130c:	f107 0704 	add.w	r7, r7, #4
   81310:	d00d      	beq.n	8132e <shift_right_by_one_bignum+0x6e>
        }
        else {
            // Bitwise OR to determine wether a 1 of the block after is shifted right to the current block
            result.chunks[i] = (tmp_n.chunks[i] >> 1) | (tmp_n.chunks[i-1] << 31);
   81312:	e9dc 3200 	ldrd	r3, r2, [ip]
    for (int i = 0; i < BLOCKSIZE; i++) {
   81316:	f10e 0e01 	add.w	lr, lr, #1
            result.chunks[i] = (tmp_n.chunks[i] >> 1) | (tmp_n.chunks[i-1] << 31);
   8131a:	07db      	lsls	r3, r3, #31
   8131c:	ea43 0352 	orr.w	r3, r3, r2, lsr #1
    for (int i = 0; i < BLOCKSIZE; i++) {
   81320:	45b6      	cmp	lr, r6
            result.chunks[i] = (tmp_n.chunks[i] >> 1) | (tmp_n.chunks[i-1] << 31);
   81322:	603b      	str	r3, [r7, #0]
    for (int i = 0; i < BLOCKSIZE; i++) {
   81324:	f10c 0c04 	add.w	ip, ip, #4
   81328:	f107 0704 	add.w	r7, r7, #4
   8132c:	d1f1      	bne.n	81312 <shift_right_by_one_bignum+0x52>
        }
    }

    return result;
   8132e:	e894 000f 	ldmia.w	r4, {r0, r1, r2, r3}
   81332:	e885 000f 	stmia.w	r5, {r0, r1, r2, r3}
}
   81336:	4628      	mov	r0, r5
   81338:	b00c      	add	sp, #48	@ 0x30
   8133a:	e8bd 41f0 	ldmia.w	sp!, {r4, r5, r6, r7, r8, lr}
   8133e:	b004      	add	sp, #16
   81340:	4770      	bx	lr
   81342:	bf00      	nop
   81344:	0008c8ac 	.word	0x0008c8ac
   81348:	00087645 	.word	0x00087645

0008134c <is_bignum_odd>:


bool is_bignum_odd(bignum n) {
   8134c:	b084      	sub	sp, #16
   8134e:	f10d 0c10 	add.w	ip, sp, #16
   81352:	e90c 000f 	stmdb	ip, {r0, r1, r2, r3}
    return n.chunks[BLOCKSIZE-1] & 0x1;
   81356:	4b05      	ldr	r3, [pc, #20]	@ (8136c <is_bignum_odd+0x20>)
   81358:	681b      	ldr	r3, [r3, #0]
   8135a:	eb0c 0383 	add.w	r3, ip, r3, lsl #2
   8135e:	f853 0c14 	ldr.w	r0, [r3, #-20]
}
   81362:	f000 0001 	and.w	r0, r0, #1
   81366:	b004      	add	sp, #16
   81368:	4770      	bx	lr
   8136a:	bf00      	nop
   8136c:	0008c8ac 	.word	0x0008c8ac

00081370 <is_bignum_inside_galois_field_after_left_shift>:


bool is_bignum_inside_galois_field_after_left_shift(bignum n) {
   81370:	b084      	sub	sp, #16
   81372:	f10d 0c10 	add.w	ip, sp, #16
   81376:	e90c 000f 	stmdb	ip, {r0, r1, r2, r3}
    // If the MSB bit is set the number is outside the Galois Field
    return ((n.chunks[0] >> 31) & 0x1) == 0;
}
   8137a:	43c0      	mvns	r0, r0
   8137c:	0fc0      	lsrs	r0, r0, #31
   8137e:	b004      	add	sp, #16
   81380:	4770      	bx	lr
   81382:	bf00      	nop

00081384 <copy_bignum>:


bignum copy_bignum(bignum n) {
   81384:	b084      	sub	sp, #16
   81386:	b530      	push	{r4, r5, lr}
   81388:	b085      	sub	sp, #20
   8138a:	f10d 0c24 	add.w	ip, sp, #36	@ 0x24
   8138e:	e88c 000e 	stmia.w	ip, {r1, r2, r3}
    for (int i = 0; i < BLOCKSIZE; i++) {
   81392:	4b0a      	ldr	r3, [pc, #40]	@ (813bc <copy_bignum+0x38>)
bignum copy_bignum(bignum n) {
   81394:	4604      	mov	r4, r0
    for (int i = 0; i < BLOCKSIZE; i++) {
   81396:	681a      	ldr	r2, [r3, #0]
        n.chunks[i] = hex[i];
   81398:	466b      	mov	r3, sp
    for (int i = 0; i < BLOCKSIZE; i++) {
   8139a:	2a00      	cmp	r2, #0
   8139c:	dd05      	ble.n	813aa <copy_bignum+0x26>
        n.chunks[i] = hex[i];
   8139e:	4661      	mov	r1, ip
   813a0:	4668      	mov	r0, sp
   813a2:	4d07      	ldr	r5, [pc, #28]	@ (813c0 <copy_bignum+0x3c>)
   813a4:	0092      	lsls	r2, r2, #2
   813a6:	47a8      	blx	r5
   813a8:	4603      	mov	r3, r0
    return n;
   813aa:	cb0f      	ldmia	r3, {r0, r1, r2, r3}
   813ac:	e884 000f 	stmia.w	r4, {r0, r1, r2, r3}
    return init_bignum(n.chunks);
}
   813b0:	4620      	mov	r0, r4
   813b2:	b005      	add	sp, #20
   813b4:	e8bd 4030 	ldmia.w	sp!, {r4, r5, lr}
   813b8:	b004      	add	sp, #16
   813ba:	4770      	bx	lr
   813bc:	0008c8ac 	.word	0x0008c8ac
   813c0:	00087645 	.word	0x00087645

000813c4 <are_bignums_equal>:


bool are_bignums_equal(bignum a, bignum b) {
   813c4:	b430      	push	{r4, r5}
   813c6:	b084      	sub	sp, #16
   813c8:	e88d 000f 	stmia.w	sp, {r0, r1, r2, r3}
    // same content?
    for (int i = 0; i < BLOCKSIZE; i++) {
   813cc:	4b0c      	ldr	r3, [pc, #48]	@ (81400 <are_bignums_equal+0x3c>)
   813ce:	681d      	ldr	r5, [r3, #0]
   813d0:	2d00      	cmp	r5, #0
   813d2:	dd10      	ble.n	813f6 <are_bignums_equal+0x32>
   813d4:	466a      	mov	r2, sp
   813d6:	2300      	movs	r3, #0
   813d8:	a906      	add	r1, sp, #24
   813da:	e001      	b.n	813e0 <are_bignums_equal+0x1c>
   813dc:	42ab      	cmp	r3, r5
   813de:	d00a      	beq.n	813f6 <are_bignums_equal+0x32>
        if (a.chunks[i] != b.chunks[i]) {
   813e0:	f852 4b04 	ldr.w	r4, [r2], #4
   813e4:	f851 0b04 	ldr.w	r0, [r1], #4
    for (int i = 0; i < BLOCKSIZE; i++) {
   813e8:	3301      	adds	r3, #1
        if (a.chunks[i] != b.chunks[i]) {
   813ea:	4284      	cmp	r4, r0
   813ec:	d0f6      	beq.n	813dc <are_bignums_equal+0x18>
            return false;
   813ee:	2000      	movs	r0, #0
        }
    }

    return true;
}
   813f0:	b004      	add	sp, #16
   813f2:	bc30      	pop	{r4, r5}
   813f4:	4770      	bx	lr
    return true;
   813f6:	2001      	movs	r0, #1
}
   813f8:	b004      	add	sp, #16
   813fa:	bc30      	pop	{r4, r5}
   813fc:	4770      	bx	lr
   813fe:	bf00      	nop
   81400:	0008c8ac 	.word	0x0008c8ac

00081404 <convert_64_bit_into_two_32_bit>:
// defined in magic_mode.c
extern const int BLOCKSIZE;


void convert_64_bit_into_two_32_bit(uint64_t a, uint32_t *left_part, uint32_t *right_part) {
    uint32_t left_value = (a & 0xffffffff00000000) >> 32;
   81404:	6011      	str	r1, [r2, #0]
    uint32_t right_value = a & 0xffffffff;
   81406:	6018      	str	r0, [r3, #0]

    (*left_part) = left_value;
    (*right_part) = right_value;
}
   81408:	4770      	bx	lr
   8140a:	bf00      	nop

0008140c <convert_two_32_bit_into_64_bit>:


uint64_t convert_two_32_bit_into_64_bit(uint32_t left_part, uint32_t right_part) {
   8140c:	460b      	mov	r3, r1
    return (((uint64_t)left_part) << 32) | right_part;
}
   8140e:	4601      	mov	r1, r0
   81410:	4618      	mov	r0, r3
   81412:	4770      	bx	lr

00081414 <hamming_weight>:
        memcpy(array + k, ciphertext_blocks[i].chunks, sizeof(uint32_t) * BLOCKSIZE);
    }
}


int hamming_weight(bignum n) {
   81414:	e92d 43f0 	stmdb	sp!, {r4, r5, r6, r7, r8, r9, lr}
   81418:	b08f      	sub	sp, #60	@ 0x3c
   8141a:	ad06      	add	r5, sp, #24
   8141c:	e885 000f 	stmia.w	r5, {r0, r1, r2, r3}
    bignum tmp_n = copy_bignum(n);
   81420:	4618      	mov	r0, r3
   81422:	e895 000e 	ldmia.w	r5, {r1, r2, r3}
   81426:	ac0a      	add	r4, sp, #40	@ 0x28
   81428:	4d11      	ldr	r5, [pc, #68]	@ (81470 <hamming_weight+0x5c>)
   8142a:	9000      	str	r0, [sp, #0]
   8142c:	4620      	mov	r0, r4
   8142e:	47a8      	blx	r5
    int number_of_ones = 0;
   81430:	2600      	movs	r6, #0
   81432:	4f10      	ldr	r7, [pc, #64]	@ (81474 <hamming_weight+0x60>)

    // looks always at the last bit and increment the counter if its a one
    while (is_bignum_not_zero(tmp_n)) {
        // if a one is the last bit
        if (is_bignum_odd(tmp_n)) {
   81434:	f8df 9040 	ldr.w	r9, [pc, #64]	@ 81478 <hamming_weight+0x64>
            number_of_ones++;
        }

        // look at the next bit
        tmp_n = shift_right_by_one_bignum(tmp_n);
   81438:	f8df 8040 	ldr.w	r8, [pc, #64]	@ 8147c <hamming_weight+0x68>
   8143c:	ad02      	add	r5, sp, #8
    while (is_bignum_not_zero(tmp_n)) {
   8143e:	e00e      	b.n	8145e <hamming_weight+0x4a>
        if (is_bignum_odd(tmp_n)) {
   81440:	e894 000f 	ldmia.w	r4, {r0, r1, r2, r3}
   81444:	47c8      	blx	r9
   81446:	4684      	mov	ip, r0
        tmp_n = shift_right_by_one_bignum(tmp_n);
   81448:	9b0d      	ldr	r3, [sp, #52]	@ 0x34
   8144a:	4628      	mov	r0, r5
   8144c:	9300      	str	r3, [sp, #0]
   8144e:	e894 000e 	ldmia.w	r4, {r1, r2, r3}
        if (is_bignum_odd(tmp_n)) {
   81452:	4466      	add	r6, ip
        tmp_n = shift_right_by_one_bignum(tmp_n);
   81454:	47c0      	blx	r8
   81456:	e895 000f 	ldmia.w	r5, {r0, r1, r2, r3}
   8145a:	e884 000f 	stmia.w	r4, {r0, r1, r2, r3}
    while (is_bignum_not_zero(tmp_n)) {
   8145e:	e894 000f 	ldmia.w	r4, {r0, r1, r2, r3}
   81462:	47b8      	blx	r7
   81464:	2800      	cmp	r0, #0
   81466:	d1eb      	bne.n	81440 <hamming_weight+0x2c>
    }

    return number_of_ones;
}
   81468:	4630      	mov	r0, r6
   8146a:	b00f      	add	sp, #60	@ 0x3c
   8146c:	e8bd 83f0 	ldmia.w	sp!, {r4, r5, r6, r7, r8, r9, pc}
   81470:	00081385 	.word	0x00081385
   81474:	00081211 	.word	0x00081211
   81478:	0008134d 	.word	0x0008134d
   8147c:	000812c1 	.word	0x000812c1

00081480 <one_bit_modification>:

    return true;
}


bignum one_bit_modification(bignum n, int bit_position) {
   81480:	b084      	sub	sp, #16
   81482:	b570      	push	{r4, r5, r6, lr}
   81484:	b082      	sub	sp, #8
   81486:	f10d 0c1c 	add.w	ip, sp, #28
   8148a:	e88c 000e 	stmia.w	ip, {r1, r2, r3}
   8148e:	e9dd 350a 	ldrd	r3, r5, [sp, #40]	@ 0x28
    bignum result = copy_bignum(n);
   81492:	9300      	str	r3, [sp, #0]
   81494:	4e10      	ldr	r6, [pc, #64]	@ (814d8 <one_bit_modification+0x58>)
   81496:	e89c 000e 	ldmia.w	ip, {r1, r2, r3}
bignum one_bit_modification(bignum n, int bit_position) {
   8149a:	4604      	mov	r4, r0
    bignum result = copy_bignum(n);
   8149c:	47b0      	blx	r6

    int chunk_position;
    if (bit_position < 32) {
   8149e:	2d1f      	cmp	r5, #31
   814a0:	dd04      	ble.n	814ac <one_bit_modification+0x2c>
        chunk_position = 3;
    }
    else if (bit_position < 64) {
   814a2:	2d3f      	cmp	r5, #63	@ 0x3f
   814a4:	dc10      	bgt.n	814c8 <one_bit_modification+0x48>
        chunk_position = 2;
   814a6:	2102      	movs	r1, #2
        bit_position = bit_position - 32;
   814a8:	3d20      	subs	r5, #32
   814aa:	e000      	b.n	814ae <one_bit_modification+0x2e>
        chunk_position = 3;
   814ac:	2103      	movs	r1, #3
    else {
        chunk_position = 0;
        bit_position = bit_position - 96;
    }

    result.chunks[chunk_position] ^= (1 << bit_position);
   814ae:	2201      	movs	r2, #1

    return result;
}
   814b0:	4620      	mov	r0, r4
    result.chunks[chunk_position] ^= (1 << bit_position);
   814b2:	f854 3021 	ldr.w	r3, [r4, r1, lsl #2]
   814b6:	40aa      	lsls	r2, r5
   814b8:	4053      	eors	r3, r2
   814ba:	f844 3021 	str.w	r3, [r4, r1, lsl #2]
}
   814be:	b002      	add	sp, #8
   814c0:	e8bd 4070 	ldmia.w	sp!, {r4, r5, r6, lr}
   814c4:	b004      	add	sp, #16
   814c6:	4770      	bx	lr
    else if (bit_position < 96) {
   814c8:	2d5f      	cmp	r5, #95	@ 0x5f
        chunk_position = 1;
   814ca:	bfd5      	itete	le
   814cc:	2101      	movle	r1, #1
        chunk_position = 0;
   814ce:	2100      	movgt	r1, #0
        bit_position = bit_position - 64;
   814d0:	3d40      	suble	r5, #64	@ 0x40
        bit_position = bit_position - 96;
   814d2:	3d60      	subgt	r5, #96	@ 0x60
   814d4:	e7eb      	b.n	814ae <one_bit_modification+0x2e>
   814d6:	bf00      	nop
   814d8:	00081385 	.word	0x00081385

000814dc <average>:


float average(uint32_t *results, int number_of_results) {
   814dc:	e92d 43f8 	stmdb	sp!, {r3, r4, r5, r6, r7, r8, r9, lr}
    float avg = 0;

    for (int i = 0; i < number_of_results; i++) {
   814e0:	f1b1 0800 	subs.w	r8, r1, #0
   814e4:	dd18      	ble.n	81518 <average+0x3c>
    float avg = 0;
   814e6:	2400      	movs	r4, #0
   814e8:	1f05      	subs	r5, r0, #4
   814ea:	f8df 9030 	ldr.w	r9, [pc, #48]	@ 8151c <average+0x40>
   814ee:	4f0c      	ldr	r7, [pc, #48]	@ (81520 <average+0x44>)
   814f0:	eb05 0688 	add.w	r6, r5, r8, lsl #2
        avg += (float)results[i];
   814f4:	f855 0f04 	ldr.w	r0, [r5, #4]!
   814f8:	47c8      	blx	r9
   814fa:	4601      	mov	r1, r0
   814fc:	4620      	mov	r0, r4
   814fe:	47b8      	blx	r7
    for (int i = 0; i < number_of_results; i++) {
   81500:	42b5      	cmp	r5, r6
        avg += (float)results[i];
   81502:	4604      	mov	r4, r0
    for (int i = 0; i < number_of_results; i++) {
   81504:	d1f6      	bne.n	814f4 <average+0x18>
    }

    return avg / (float)number_of_results;
   81506:	4640      	mov	r0, r8
   81508:	4b06      	ldr	r3, [pc, #24]	@ (81524 <average+0x48>)
   8150a:	4798      	blx	r3
   8150c:	4b06      	ldr	r3, [pc, #24]	@ (81528 <average+0x4c>)
   8150e:	4601      	mov	r1, r0
   81510:	4620      	mov	r0, r4
   81512:	4798      	blx	r3
}
   81514:	e8bd 83f8 	ldmia.w	sp!, {r3, r4, r5, r6, r7, r8, r9, pc}
    float avg = 0;
   81518:	2400      	movs	r4, #0
   8151a:	e7f4      	b.n	81506 <average+0x2a>
   8151c:	00085245 	.word	0x00085245
   81520:	000850e5 	.word	0x000850e5
   81524:	0008524d 	.word	0x0008524d
   81528:	0008545d 	.word	0x0008545d

0008152c <standard_deviation>:


float standard_deviation(uint32_t *results, int number_of_results, float avg) {
   8152c:	e92d 4ff0 	stmdb	sp!, {r4, r5, r6, r7, r8, r9, sl, fp, lr}
    float var = 0;

    for (int i = 0; i < number_of_results; i++) {
   81530:	1e0b      	subs	r3, r1, #0
float standard_deviation(uint32_t *results, int number_of_results, float avg) {
   81532:	b083      	sub	sp, #12
    for (int i = 0; i < number_of_results; i++) {
   81534:	9301      	str	r3, [sp, #4]
   81536:	dd28      	ble.n	8158a <standard_deviation+0x5e>
   81538:	4615      	mov	r5, r2
    float var = 0;
   8153a:	2400      	movs	r4, #0
   8153c:	f1a0 0b04 	sub.w	fp, r0, #4
   81540:	f8df a04c 	ldr.w	sl, [pc, #76]	@ 81590 <standard_deviation+0x64>
   81544:	f8df 804c 	ldr.w	r8, [pc, #76]	@ 81594 <standard_deviation+0x68>
   81548:	4f13      	ldr	r7, [pc, #76]	@ (81598 <standard_deviation+0x6c>)
   8154a:	4e14      	ldr	r6, [pc, #80]	@ (8159c <standard_deviation+0x70>)
   8154c:	eb0b 0983 	add.w	r9, fp, r3, lsl #2
        float tmp = (float)results[i] - avg;
   81550:	f85b 0f04 	ldr.w	r0, [fp, #4]!
   81554:	47d0      	blx	sl
   81556:	4629      	mov	r1, r5
   81558:	47c0      	blx	r8
   8155a:	4601      	mov	r1, r0
        var += (tmp * tmp);
   8155c:	47b8      	blx	r7
   8155e:	4601      	mov	r1, r0
   81560:	4620      	mov	r0, r4
   81562:	47b0      	blx	r6
    for (int i = 0; i < number_of_results; i++) {
   81564:	45d9      	cmp	r9, fp
        var += (tmp * tmp);
   81566:	4604      	mov	r4, r0
    for (int i = 0; i < number_of_results; i++) {
   81568:	d1f2      	bne.n	81550 <standard_deviation+0x24>
    }

    return sqrt(var / (float)number_of_results);
   8156a:	9801      	ldr	r0, [sp, #4]
   8156c:	4b0c      	ldr	r3, [pc, #48]	@ (815a0 <standard_deviation+0x74>)
   8156e:	4798      	blx	r3
   81570:	4b0c      	ldr	r3, [pc, #48]	@ (815a4 <standard_deviation+0x78>)
   81572:	4601      	mov	r1, r0
   81574:	4620      	mov	r0, r4
   81576:	4798      	blx	r3
   81578:	4b0b      	ldr	r3, [pc, #44]	@ (815a8 <standard_deviation+0x7c>)
   8157a:	4798      	blx	r3
   8157c:	4b0b      	ldr	r3, [pc, #44]	@ (815ac <standard_deviation+0x80>)
   8157e:	4798      	blx	r3
   81580:	4b0b      	ldr	r3, [pc, #44]	@ (815b0 <standard_deviation+0x84>)
   81582:	4798      	blx	r3
}
   81584:	b003      	add	sp, #12
   81586:	e8bd 8ff0 	ldmia.w	sp!, {r4, r5, r6, r7, r8, r9, sl, fp, pc}
    float var = 0;
   8158a:	2400      	movs	r4, #0
   8158c:	e7ed      	b.n	8156a <standard_deviation+0x3e>
   8158e:	bf00      	nop
   81590:	00085245 	.word	0x00085245
   81594:	000850e1 	.word	0x000850e1
   81598:	000852f5 	.word	0x000852f5
   8159c:	000850e5 	.word	0x000850e5
   815a0:	0008524d 	.word	0x0008524d
   815a4:	0008545d 	.word	0x0008545d
   815a8:	000849d9 	.word	0x000849d9
   815ac:	000844e5 	.word	0x000844e5
   815b0:	00085039 	.word	0x00085039

000815b4 <rowround>:
    *(c) = c_value;
    *(d) = d_value;
}


void rowround(uint32_t state[16]) {
   815b4:	e92d 4ff0 	stmdb	sp!, {r4, r5, r6, r7, r8, r9, sl, fp, lr}
    uint32_t d_value = *(d);
   815b8:	f8d0 c00c 	ldr.w	ip, [r0, #12]
    uint32_t a_value = *(a);
   815bc:	6807      	ldr	r7, [r0, #0]
    b_value ^= shift_left_and_rotate(a_value + d_value, 7);
   815be:	f8d0 e004 	ldr.w	lr, [r0, #4]
    uint32_t a_value = *(a);
   815c2:	6946      	ldr	r6, [r0, #20]
    uint32_t d_value = *(d);
   815c4:	6902      	ldr	r2, [r0, #16]
    b_value ^= shift_left_and_rotate(a_value + d_value, 7);
   815c6:	eb07 030c 	add.w	r3, r7, ip
   815ca:	ea8e 6373 	eor.w	r3, lr, r3, ror #25
   815ce:	f8d0 e018 	ldr.w	lr, [r0, #24]
    uint32_t a_value = *(a);
   815d2:	6a85      	ldr	r5, [r0, #40]	@ 0x28
    uint32_t d_value = *(d);
   815d4:	6a41      	ldr	r1, [r0, #36]	@ 0x24
    b_value ^= shift_left_and_rotate(a_value + d_value, 7);
   815d6:	eb06 0802 	add.w	r8, r6, r2
   815da:	ea8e 6878 	eor.w	r8, lr, r8, ror #25
   815de:	f8d0 e02c 	ldr.w	lr, [r0, #44]	@ 0x2c
   815e2:	eb05 0901 	add.w	r9, r5, r1
    uint32_t a_value = *(a);
   815e6:	6bc4      	ldr	r4, [r0, #60]	@ 0x3c
    b_value ^= shift_left_and_rotate(a_value + d_value, 7);
   815e8:	ea8e 6979 	eor.w	r9, lr, r9, ror #25
   815ec:	f8d0 e038 	ldr.w	lr, [r0, #56]	@ 0x38
   815f0:	f8d0 a030 	ldr.w	sl, [r0, #48]	@ 0x30
    c_value ^= shift_left_and_rotate(b_value + a_value, 9);
   815f4:	f8d0 b008 	ldr.w	fp, [r0, #8]
    b_value ^= shift_left_and_rotate(a_value + d_value, 7);
   815f8:	44a6      	add	lr, r4
   815fa:	ea8a 6e7e 	eor.w	lr, sl, lr, ror #25
    c_value ^= shift_left_and_rotate(b_value + a_value, 9);
   815fe:	eb07 0a03 	add.w	sl, r7, r3
   81602:	ea8b 5afa 	eor.w	sl, fp, sl, ror #23
    *(b) = b_value;
   81606:	6043      	str	r3, [r0, #4]
    d_value ^= shift_left_and_rotate(c_value + b_value, 13);
   81608:	4453      	add	r3, sl
   8160a:	ea8c 43f3 	eor.w	r3, ip, r3, ror #19
    *(c) = c_value;
   8160e:	f8c0 a008 	str.w	sl, [r0, #8]
    a_value ^= shift_left_and_rotate(d_value + c_value, 18);
   81612:	449a      	add	sl, r3
   81614:	ea87 37ba 	eor.w	r7, r7, sl, ror #14
    *(a) = a_value;
   81618:	6007      	str	r7, [r0, #0]
    c_value ^= shift_left_and_rotate(b_value + a_value, 9);
   8161a:	69c7      	ldr	r7, [r0, #28]
    *(d) = d_value;
   8161c:	60c3      	str	r3, [r0, #12]
    c_value ^= shift_left_and_rotate(b_value + a_value, 9);
   8161e:	eb06 0308 	add.w	r3, r6, r8
   81622:	ea87 53f3 	eor.w	r3, r7, r3, ror #23
    *(b) = b_value;
   81626:	f8c0 8018 	str.w	r8, [r0, #24]
    d_value ^= shift_left_and_rotate(c_value + b_value, 13);
   8162a:	4498      	add	r8, r3
   8162c:	ea82 47f8 	eor.w	r7, r2, r8, ror #19
    *(c) = c_value;
   81630:	61c3      	str	r3, [r0, #28]
    c_value ^= shift_left_and_rotate(b_value + a_value, 9);
   81632:	6a02      	ldr	r2, [r0, #32]
    a_value ^= shift_left_and_rotate(d_value + c_value, 18);
   81634:	443b      	add	r3, r7
   81636:	ea86 36b3 	eor.w	r6, r6, r3, ror #14
    c_value ^= shift_left_and_rotate(b_value + a_value, 9);
   8163a:	eb05 0309 	add.w	r3, r5, r9
   8163e:	ea82 52f3 	eor.w	r2, r2, r3, ror #23
    *(b) = b_value;
   81642:	f8c0 902c 	str.w	r9, [r0, #44]	@ 0x2c
    d_value ^= shift_left_and_rotate(c_value + b_value, 13);
   81646:	4491      	add	r9, r2
   81648:	ea81 43f9 	eor.w	r3, r1, r9, ror #19
    *(c) = c_value;
   8164c:	6202      	str	r2, [r0, #32]
    a_value ^= shift_left_and_rotate(d_value + c_value, 18);
   8164e:	441a      	add	r2, r3
   81650:	ea85 35b2 	eor.w	r5, r5, r2, ror #14
    c_value ^= shift_left_and_rotate(b_value + a_value, 9);
   81654:	6b42      	ldr	r2, [r0, #52]	@ 0x34
    *(d) = d_value;
   81656:	e9c0 3509 	strd	r3, r5, [r0, #36]	@ 0x24
    c_value ^= shift_left_and_rotate(b_value + a_value, 9);
   8165a:	eb04 030e 	add.w	r3, r4, lr
   8165e:	ea82 51f3 	eor.w	r1, r2, r3, ror #23
    d_value ^= shift_left_and_rotate(c_value + b_value, 13);
   81662:	6b83      	ldr	r3, [r0, #56]	@ 0x38
    *(b) = b_value;
   81664:	f8c0 e030 	str.w	lr, [r0, #48]	@ 0x30
    d_value ^= shift_left_and_rotate(c_value + b_value, 13);
   81668:	448e      	add	lr, r1
   8166a:	ea83 43fe 	eor.w	r3, r3, lr, ror #19
    a_value ^= shift_left_and_rotate(d_value + c_value, 18);
   8166e:	18ca      	adds	r2, r1, r3
   81670:	ea84 34b2 	eor.w	r4, r4, r2, ror #14
    *(d) = d_value;
   81674:	e9c0 7604 	strd	r7, r6, [r0, #16]
    *(a) = a_value;
   81678:	63c4      	str	r4, [r0, #60]	@ 0x3c
    *(d) = d_value;
   8167a:	e9c0 130d 	strd	r1, r3, [r0, #52]	@ 0x34
    quarterround(&state[0], &state[1], &state[2], &state[3]);
    quarterround(&state[5], &state[6], &state[7], &state[4]);
    quarterround(&state[10], &state[11], &state[8], &state[9]);
    quarterround(&state[15], &state[12], &state[13], &state[14]);
}
   8167e:	e8bd 8ff0 	ldmia.w	sp!, {r4, r5, r6, r7, r8, r9, sl, fp, pc}
   81682:	bf00      	nop

00081684 <columnround>:


void columnround(uint32_t state[16]) {
   81684:	e92d 4ff0 	stmdb	sp!, {r4, r5, r6, r7, r8, r9, sl, fp, lr}
    uint32_t d_value = *(d);
   81688:	f8d0 c030 	ldr.w	ip, [r0, #48]	@ 0x30
    uint32_t a_value = *(a);
   8168c:	6807      	ldr	r7, [r0, #0]
    b_value ^= shift_left_and_rotate(a_value + d_value, 7);
   8168e:	f8d0 e010 	ldr.w	lr, [r0, #16]
    uint32_t a_value = *(a);
   81692:	6946      	ldr	r6, [r0, #20]
    uint32_t d_value = *(d);
   81694:	6842      	ldr	r2, [r0, #4]
    b_value ^= shift_left_and_rotate(a_value + d_value, 7);
   81696:	eb07 030c 	add.w	r3, r7, ip
   8169a:	ea8e 6373 	eor.w	r3, lr, r3, ror #25
   8169e:	f8d0 e024 	ldr.w	lr, [r0, #36]	@ 0x24
    uint32_t a_value = *(a);
   816a2:	6a85      	ldr	r5, [r0, #40]	@ 0x28
    uint32_t d_value = *(d);
   816a4:	6981      	ldr	r1, [r0, #24]
    b_value ^= shift_left_and_rotate(a_value + d_value, 7);
   816a6:	eb06 0802 	add.w	r8, r6, r2
   816aa:	ea8e 6878 	eor.w	r8, lr, r8, ror #25
   816ae:	f8d0 e038 	ldr.w	lr, [r0, #56]	@ 0x38
   816b2:	eb05 0901 	add.w	r9, r5, r1
    uint32_t a_value = *(a);
   816b6:	6bc4      	ldr	r4, [r0, #60]	@ 0x3c
    b_value ^= shift_left_and_rotate(a_value + d_value, 7);
   816b8:	ea8e 6979 	eor.w	r9, lr, r9, ror #25
   816bc:	f8d0 e02c 	ldr.w	lr, [r0, #44]	@ 0x2c
   816c0:	f8d0 a00c 	ldr.w	sl, [r0, #12]
    c_value ^= shift_left_and_rotate(b_value + a_value, 9);
   816c4:	f8d0 b020 	ldr.w	fp, [r0, #32]
    b_value ^= shift_left_and_rotate(a_value + d_value, 7);
   816c8:	44a6      	add	lr, r4
   816ca:	ea8a 6e7e 	eor.w	lr, sl, lr, ror #25
    c_value ^= shift_left_and_rotate(b_value + a_value, 9);
   816ce:	eb07 0a03 	add.w	sl, r7, r3
   816d2:	ea8b 5afa 	eor.w	sl, fp, sl, ror #23
    *(b) = b_value;
   816d6:	6103      	str	r3, [r0, #16]
    d_value ^= shift_left_and_rotate(c_value + b_value, 13);
   816d8:	4453      	add	r3, sl
   816da:	ea8c 43f3 	eor.w	r3, ip, r3, ror #19
    *(c) = c_value;
   816de:	f8c0 a020 	str.w	sl, [r0, #32]
    a_value ^= shift_left_and_rotate(d_value + c_value, 18);
   816e2:	449a      	add	sl, r3
   816e4:	ea87 37ba 	eor.w	r7, r7, sl, ror #14
    *(a) = a_value;
   816e8:	6007      	str	r7, [r0, #0]
    c_value ^= shift_left_and_rotate(b_value + a_value, 9);
   816ea:	6b47      	ldr	r7, [r0, #52]	@ 0x34
    *(d) = d_value;
   816ec:	6303      	str	r3, [r0, #48]	@ 0x30
    c_value ^= shift_left_and_rotate(b_value + a_value, 9);
   816ee:	eb06 0308 	add.w	r3, r6, r8
   816f2:	ea87 53f3 	eor.w	r3, r7, r3, ror #23
    *(b) = b_value;
   816f6:	f8c0 8024 	str.w	r8, [r0, #36]	@ 0x24
    d_value ^= shift_left_and_rotate(c_value + b_value, 13);
   816fa:	4498      	add	r8, r3
   816fc:	ea82 47f8 	eor.w	r7, r2, r8, ror #19
    *(c) = c_value;
   81700:	6343      	str	r3, [r0, #52]	@ 0x34
    c_value ^= shift_left_and_rotate(b_value + a_value, 9);
   81702:	6882      	ldr	r2, [r0, #8]
    a_value ^= shift_left_and_rotate(d_value + c_value, 18);
   81704:	443b      	add	r3, r7
   81706:	ea86 36b3 	eor.w	r6, r6, r3, ror #14
    c_value ^= shift_left_and_rotate(b_value + a_value, 9);
   8170a:	eb05 0309 	add.w	r3, r5, r9
   8170e:	ea82 52f3 	eor.w	r2, r2, r3, ror #23
    *(b) = b_value;
   81712:	f8c0 9038 	str.w	r9, [r0, #56]	@ 0x38
    d_value ^= shift_left_and_rotate(c_value + b_value, 13);
   81716:	4491      	add	r9, r2
   81718:	ea81 43f9 	eor.w	r3, r1, r9, ror #19
    *(c) = c_value;
   8171c:	6082      	str	r2, [r0, #8]
    a_value ^= shift_left_and_rotate(d_value + c_value, 18);
   8171e:	441a      	add	r2, r3
   81720:	ea85 35b2 	eor.w	r5, r5, r2, ror #14
    c_value ^= shift_left_and_rotate(b_value + a_value, 9);
   81724:	69c2      	ldr	r2, [r0, #28]
    *(d) = d_value;
   81726:	6183      	str	r3, [r0, #24]
    c_value ^= shift_left_and_rotate(b_value + a_value, 9);
   81728:	eb04 030e 	add.w	r3, r4, lr
   8172c:	ea82 51f3 	eor.w	r1, r2, r3, ror #23
    d_value ^= shift_left_and_rotate(c_value + b_value, 13);
   81730:	6ac3      	ldr	r3, [r0, #44]	@ 0x2c
    *(b) = b_value;
   81732:	f8c0 e00c 	str.w	lr, [r0, #12]
    d_value ^= shift_left_and_rotate(c_value + b_value, 13);
   81736:	448e      	add	lr, r1
   81738:	ea83 43fe 	eor.w	r3, r3, lr, ror #19
    a_value ^= shift_left_and_rotate(d_value + c_value, 18);
   8173c:	18ca      	adds	r2, r1, r3
   8173e:	ea84 34b2 	eor.w	r4, r4, r2, ror #14
    *(a) = a_value;
   81742:	6146      	str	r6, [r0, #20]
    *(d) = d_value;
   81744:	6047      	str	r7, [r0, #4]
    *(a) = a_value;
   81746:	6285      	str	r5, [r0, #40]	@ 0x28
   81748:	63c4      	str	r4, [r0, #60]	@ 0x3c
    *(c) = c_value;
   8174a:	61c1      	str	r1, [r0, #28]
    *(d) = d_value;
   8174c:	62c3      	str	r3, [r0, #44]	@ 0x2c
    quarterround(&state[0], &state[4], &state[8], &state[12]);
    quarterround(&state[5], &state[9], &state[13], &state[1]);
    quarterround(&state[10], &state[14], &state[2], &state[6]);
    quarterround(&state[15], &state[3], &state[7], &state[11]);
}
   8174e:	e8bd 8ff0 	ldmia.w	sp!, {r4, r5, r6, r7, r8, r9, sl, fp, pc}
   81752:	bf00      	nop

00081754 <salsa20_hash>:
uint32_t littleendian(uint32_t word) {
    return ((word >> 24) & 0xff) | ((word >> 8) & 0xff00) | ((word << 8) & 0xff0000) | ((word << 24) & 0xff000000);
}


void salsa20_hash(uint32_t state_in[16], uint32_t state_out[16]) {
   81754:	e92d 41f0 	stmdb	sp!, {r4, r5, r6, r7, r8, lr}
   81758:	1f05      	subs	r5, r0, #4
   8175a:	b090      	sub	sp, #64	@ 0x40
   8175c:	46ec      	mov	ip, sp
   8175e:	460c      	mov	r4, r1
   81760:	462a      	mov	r2, r5
    uint32_t state[16];

    for (int i = 0; i < 16; i++) {
        state_in[i] = littleendian(state_in[i]);
   81762:	f852 3f04 	ldr.w	r3, [r2, #4]!
   81766:	ba1b      	rev	r3, r3
        state[i] = state_in[i];
   81768:	f84c 3b04 	str.w	r3, [ip], #4
        state_in[i] = littleendian(state_in[i]);
   8176c:	6013      	str	r3, [r2, #0]
    for (int i = 0; i < 16; i++) {
   8176e:	ab10      	add	r3, sp, #64	@ 0x40
   81770:	4563      	cmp	r3, ip
   81772:	d1f6      	bne.n	81762 <salsa20_hash+0xe>
   81774:	260a      	movs	r6, #10
   81776:	f8df 8030 	ldr.w	r8, [pc, #48]	@ 817a8 <salsa20_hash+0x54>
   8177a:	4f0c      	ldr	r7, [pc, #48]	@ (817ac <salsa20_hash+0x58>)
    columnround(state);
   8177c:	4668      	mov	r0, sp
   8177e:	47c0      	blx	r8
    rowround(state);
   81780:	47b8      	blx	r7
    }

    // 10 double rounds -> 20 rounds
    for (int i = 0; i < 10; i++) {
   81782:	3e01      	subs	r6, #1
   81784:	d1fa      	bne.n	8177c <salsa20_hash+0x28>
   81786:	1f21      	subs	r1, r4, #4
   81788:	f1ad 0204 	sub.w	r2, sp, #4
   8178c:	ac0f      	add	r4, sp, #60	@ 0x3c
        doubleround(state);
    }

    for (int i = 0; i < 16; i++) {
        state_out[i] = littleendian(state[i] + state_in[i]);
   8178e:	f855 0f04 	ldr.w	r0, [r5, #4]!
   81792:	f852 3f04 	ldr.w	r3, [r2, #4]!
   81796:	4403      	add	r3, r0
   81798:	ba1b      	rev	r3, r3
    for (int i = 0; i < 16; i++) {
   8179a:	42a2      	cmp	r2, r4
        state_out[i] = littleendian(state[i] + state_in[i]);
   8179c:	f841 3f04 	str.w	r3, [r1, #4]!
    for (int i = 0; i < 16; i++) {
   817a0:	d1f5      	bne.n	8178e <salsa20_hash+0x3a>
    }
}
   817a2:	b010      	add	sp, #64	@ 0x40
   817a4:	e8bd 81f0 	ldmia.w	sp!, {r4, r5, r6, r7, r8, pc}
   817a8:	00081685 	.word	0x00081685
   817ac:	000815b5 	.word	0x000815b5

000817b0 <update_position>:
        message_out[i] = message_in[i] ^ state_out[i % 16];
    }
}


uint64_t update_position(uint64_t position, uint32_t nonce_with_position[4], int loop_index) {
   817b0:	b5f8      	push	{r3, r4, r5, r6, r7, lr}
   817b2:	461c      	mov	r4, r3
    // position is stored in 64-bits and must be converted into two 32-bits in the state/nonce
    position = convert_two_32_bit_into_64_bit(nonce_with_position[3], nonce_with_position[2]);
   817b4:	e9d2 1002 	ldrd	r1, r0, [r2, #8]
uint64_t update_position(uint64_t position, uint32_t nonce_with_position[4], int loop_index) {
   817b8:	4615      	mov	r5, r2
    position = convert_two_32_bit_into_64_bit(nonce_with_position[3], nonce_with_position[2]);
   817ba:	4e0c      	ldr	r6, [pc, #48]	@ (817ec <update_position+0x3c>)
   817bc:	47b0      	blx	r6
    position = (loop_index / 16);
   817be:	1e23      	subs	r3, r4, #0
   817c0:	bfb8      	it	lt
   817c2:	330f      	addlt	r3, #15
   817c4:	111e      	asrs	r6, r3, #4
   817c6:	17dc      	asrs	r4, r3, #31
    convert_64_bit_into_two_32_bit(position, &nonce_with_position[3], &nonce_with_position[2]);
   817c8:	4630      	mov	r0, r6
   817ca:	4621      	mov	r1, r4
   817cc:	f105 0308 	add.w	r3, r5, #8
   817d0:	f105 020c 	add.w	r2, r5, #12
   817d4:	4f06      	ldr	r7, [pc, #24]	@ (817f0 <update_position+0x40>)
   817d6:	47b8      	blx	r7

    nonce_with_position[2] = littleendian(nonce_with_position[2]);
   817d8:	e9d5 2302 	ldrd	r2, r3, [r5, #8]
   817dc:	ba12      	rev	r2, r2
   817de:	ba1b      	rev	r3, r3
    nonce_with_position[3] = littleendian(nonce_with_position[3]);
   817e0:	e9c5 2302 	strd	r2, r3, [r5, #8]

    return position;
}
   817e4:	4630      	mov	r0, r6
   817e6:	4621      	mov	r1, r4
   817e8:	bdf8      	pop	{r3, r4, r5, r6, r7, pc}
   817ea:	bf00      	nop
   817ec:	0008140d 	.word	0x0008140d
   817f0:	00081405 	.word	0x00081405

000817f4 <salsa20_encryption_decryption>:
void salsa20_encryption_decryption(uint32_t key[8], uint32_t nonce[2], uint32_t *message_in, uint32_t *message_out, int message_length) {
   817f4:	e92d 4ff0 	stmdb	sp!, {r4, r5, r6, r7, r8, r9, sl, fp, lr}
   817f8:	460c      	mov	r4, r1
   817fa:	b0a5      	sub	sp, #148	@ 0x94
    nonce_with_position[0] = nonce[0];
   817fc:	f8d4 c004 	ldr.w	ip, [r4, #4]
void salsa20_encryption_decryption(uint32_t key[8], uint32_t nonce[2], uint32_t *message_in, uint32_t *message_out, int message_length) {
   81800:	f8dd a0b8 	ldr.w	sl, [sp, #184]	@ 0xb8
    nonce_with_position[0] = nonce[0];
   81804:	6824      	ldr	r4, [r4, #0]
void salsa20_encryption_decryption(uint32_t key[8], uint32_t nonce[2], uint32_t *message_in, uint32_t *message_out, int message_length) {
   81806:	4690      	mov	r8, r2
   81808:	461f      	mov	r7, r3
   8180a:	4606      	mov	r6, r0
    convert_64_bit_into_two_32_bit(position, &nonce_with_position[3], &nonce_with_position[2]);
   8180c:	2100      	movs	r1, #0
   8180e:	2000      	movs	r0, #0
   81810:	4d2a      	ldr	r5, [pc, #168]	@ (818bc <salsa20_encryption_decryption+0xc8>)
   81812:	ab02      	add	r3, sp, #8
   81814:	aa03      	add	r2, sp, #12
    nonce_with_position[0] = nonce[0];
   81816:	f8cd c004 	str.w	ip, [sp, #4]
   8181a:	9400      	str	r4, [sp, #0]
    convert_64_bit_into_two_32_bit(position, &nonce_with_position[3], &nonce_with_position[2]);
   8181c:	47a8      	blx	r5
    for (int i = 0; i < message_length; i++) {
   8181e:	f1ba 0f00 	cmp.w	sl, #0
   81822:	dd47      	ble.n	818b4 <salsa20_encryption_decryption+0xc0>
   81824:	2400      	movs	r4, #0
   81826:	f1a8 0804 	sub.w	r8, r8, #4
    uint64_t position = 0;
   8182a:	46a3      	mov	fp, r4
   8182c:	46a1      	mov	r9, r4
   8182e:	3f04      	subs	r7, #4
   81830:	e00a      	b.n	81848 <salsa20_encryption_decryption+0x54>
        message_out[i] = message_in[i] ^ state_out[i % 16];
   81832:	eb0d 0585 	add.w	r5, sp, r5, lsl #2
   81836:	f858 3f04 	ldr.w	r3, [r8, #4]!
   8183a:	6d2a      	ldr	r2, [r5, #80]	@ 0x50
    for (int i = 0; i < message_length; i++) {
   8183c:	3401      	adds	r4, #1
        message_out[i] = message_in[i] ^ state_out[i % 16];
   8183e:	4053      	eors	r3, r2
    for (int i = 0; i < message_length; i++) {
   81840:	45a2      	cmp	sl, r4
        message_out[i] = message_in[i] ^ state_out[i % 16];
   81842:	f847 3f04 	str.w	r3, [r7, #4]!
    for (int i = 0; i < message_length; i++) {
   81846:	d035      	beq.n	818b4 <salsa20_encryption_decryption+0xc0>
        if (i % 16 == 0) {
   81848:	f014 050f 	ands.w	r5, r4, #15
   8184c:	d1f1      	bne.n	81832 <salsa20_encryption_decryption+0x3e>
            position = update_position(position, nonce_with_position, i);
   8184e:	4623      	mov	r3, r4
   81850:	4658      	mov	r0, fp
   81852:	4649      	mov	r1, r9
   81854:	466a      	mov	r2, sp
   81856:	f8df c068 	ldr.w	ip, [pc, #104]	@ 818c0 <salsa20_encryption_decryption+0xcc>
   8185a:	47e0      	blx	ip
    state_in[0] = constant[0];
   8185c:	4b19      	ldr	r3, [pc, #100]	@ (818c4 <salsa20_encryption_decryption+0xd0>)
            position = update_position(position, nonce_with_position, i);
   8185e:	4683      	mov	fp, r0
    state_in[0] = constant[0];
   81860:	9304      	str	r3, [sp, #16]
    state_in[5] = constant[1];
   81862:	f103 630e 	add.w	r3, r3, #148897792	@ 0x8e00000
   81866:	f503 233a 	add.w	r3, r3, #761856	@ 0xba000
   8186a:	f603 73d2 	addw	r3, r3, #4050	@ 0xfd2
   8186e:	9309      	str	r3, [sp, #36]	@ 0x24
    state_in[10] = constant[2];
   81870:	4b15      	ldr	r3, [pc, #84]	@ (818c8 <salsa20_encryption_decryption+0xd4>)
            position = update_position(position, nonce_with_position, i);
   81872:	4689      	mov	r9, r1
    state_in[10] = constant[2];
   81874:	930e      	str	r3, [sp, #56]	@ 0x38
    state_in[15] = constant[3];
   81876:	4b15      	ldr	r3, [pc, #84]	@ (818cc <salsa20_encryption_decryption+0xd8>)
    salsa20_hash(state_in, state_out);
   81878:	a914      	add	r1, sp, #80	@ 0x50
    state_in[15] = constant[3];
   8187a:	9313      	str	r3, [sp, #76]	@ 0x4c
    state_in[1] = key[0];
   8187c:	6833      	ldr	r3, [r6, #0]
    salsa20_hash(state_in, state_out);
   8187e:	a804      	add	r0, sp, #16
    state_in[1] = key[0];
   81880:	9305      	str	r3, [sp, #20]
    state_in[2] = key[1];
   81882:	6873      	ldr	r3, [r6, #4]
   81884:	9306      	str	r3, [sp, #24]
    state_in[3] = key[2];
   81886:	68b3      	ldr	r3, [r6, #8]
   81888:	9307      	str	r3, [sp, #28]
    state_in[4] = key[3];
   8188a:	68f3      	ldr	r3, [r6, #12]
   8188c:	9308      	str	r3, [sp, #32]
    state_in[11] = key[4];
   8188e:	6933      	ldr	r3, [r6, #16]
   81890:	930f      	str	r3, [sp, #60]	@ 0x3c
    state_in[12] = key[5];
   81892:	6973      	ldr	r3, [r6, #20]
   81894:	9310      	str	r3, [sp, #64]	@ 0x40
    state_in[13] = key[6];
   81896:	69b3      	ldr	r3, [r6, #24]
   81898:	9311      	str	r3, [sp, #68]	@ 0x44
    state_in[14] = key[7];
   8189a:	69f3      	ldr	r3, [r6, #28]
   8189c:	9312      	str	r3, [sp, #72]	@ 0x48
    state_in[6] = nonce[0];
   8189e:	9b00      	ldr	r3, [sp, #0]
   818a0:	930a      	str	r3, [sp, #40]	@ 0x28
    state_in[7] = nonce[1];
   818a2:	9b01      	ldr	r3, [sp, #4]
   818a4:	930b      	str	r3, [sp, #44]	@ 0x2c
    state_in[8] = nonce[2]; // position
   818a6:	9b02      	ldr	r3, [sp, #8]
   818a8:	930c      	str	r3, [sp, #48]	@ 0x30
    state_in[9] = nonce[3]; // position
   818aa:	9b03      	ldr	r3, [sp, #12]
   818ac:	930d      	str	r3, [sp, #52]	@ 0x34
    salsa20_hash(state_in, state_out);
   818ae:	4b08      	ldr	r3, [pc, #32]	@ (818d0 <salsa20_encryption_decryption+0xdc>)
   818b0:	4798      	blx	r3
}
   818b2:	e7be      	b.n	81832 <salsa20_encryption_decryption+0x3e>
}
   818b4:	b025      	add	sp, #148	@ 0x94
   818b6:	e8bd 8ff0 	ldmia.w	sp!, {r4, r5, r6, r7, r8, r9, sl, fp, pc}
   818ba:	bf00      	nop
   818bc:	00081405 	.word	0x00081405
   818c0:	000817b1 	.word	0x000817b1
   818c4:	65787061 	.word	0x65787061
   818c8:	322d6279 	.word	0x322d6279
   818cc:	7465206b 	.word	0x7465206b
   818d0:	00081755 	.word	0x00081755

000818d4 <calculate_input_for_blinding_cipher>:
    printf("Hash key found.\n");
    return original_hash_key;
}


bignum calculate_input_for_blinding_cipher(bignum ciphertext_blocks[], int number_of_blocks, bignum hash_key, bignum authorized_data) {
   818d4:	4684      	mov	ip, r0
   818d6:	b082      	sub	sp, #8
   818d8:	e92d 4ff0 	stmdb	sp!, {r4, r5, r6, r7, r8, r9, sl, fp, lr}
   818dc:	4691      	mov	r9, r2
   818de:	b09f      	sub	sp, #124	@ 0x7c
    bignum hash_key_tmp = copy_bignum(hash_key);
   818e0:	982c      	ldr	r0, [sp, #176]	@ 0xb0
   818e2:	ad29      	add	r5, sp, #164	@ 0xa4
   818e4:	9000      	str	r0, [sp, #0]
bignum calculate_input_for_blinding_cipher(bignum ciphertext_blocks[], int number_of_blocks, bignum hash_key, bignum authorized_data) {
   818e6:	9329      	str	r3, [sp, #164]	@ 0xa4
    bignum hash_key_tmp = copy_bignum(hash_key);
   818e8:	ac0e      	add	r4, sp, #56	@ 0x38
   818ea:	4e36      	ldr	r6, [pc, #216]	@ (819c4 <calculate_input_for_blinding_cipher+0xf0>)
   818ec:	4620      	mov	r0, r4
bignum calculate_input_for_blinding_cipher(bignum ciphertext_blocks[], int number_of_blocks, bignum hash_key, bignum authorized_data) {
   818ee:	9208      	str	r2, [sp, #32]
   818f0:	460f      	mov	r7, r1
    bignum hash_key_tmp = copy_bignum(hash_key);
   818f2:	e895 000e 	ldmia.w	r5, {r1, r2, r3}
bignum calculate_input_for_blinding_cipher(bignum ciphertext_blocks[], int number_of_blocks, bignum hash_key, bignum authorized_data) {
   818f6:	f8cd c024 	str.w	ip, [sp, #36]	@ 0x24
    bignum hash_key_tmp = copy_bignum(hash_key);
   818fa:	47b0      	blx	r6
    bignum original_hash_key = copy_bignum(hash_key);
   818fc:	9b2c      	ldr	r3, [sp, #176]	@ 0xb0
   818fe:	a812      	add	r0, sp, #72	@ 0x48
   81900:	9300      	str	r3, [sp, #0]
   81902:	e895 000e 	ldmia.w	r5, {r1, r2, r3}
   81906:	47b0      	blx	r6
    bignum intermediate_value = init_bignum_to_zero();
   81908:	ae16      	add	r6, sp, #88	@ 0x58
   8190a:	4630      	mov	r0, r6
   8190c:	f8df 80b8 	ldr.w	r8, [pc, #184]	@ 819c8 <calculate_input_for_blinding_cipher+0xf4>
    bignum mult_result = init_bignum_to_zero();
   81910:	ad0a      	add	r5, sp, #40	@ 0x28
    bignum intermediate_value = init_bignum_to_zero();
   81912:	47c0      	blx	r8
    bignum mult_result = init_bignum_to_zero();
   81914:	4628      	mov	r0, r5
   81916:	47c0      	blx	r8

    // determine the intermediate_value: intermediate_value = block_1 * hash_key^1 + ... + block_n * hash_key^n
    for (int i = 0; i < number_of_blocks; i++) {
   81918:	464b      	mov	r3, r9
   8191a:	2b00      	cmp	r3, #0
   8191c:	dd4c      	ble.n	819b8 <calculate_input_for_blinding_cipher+0xe4>
   8191e:	f04f 0900 	mov.w	r9, #0
   81922:	4b2a      	ldr	r3, [pc, #168]	@ (819cc <calculate_input_for_blinding_cipher+0xf8>)
   81924:	f8df a0a8 	ldr.w	sl, [pc, #168]	@ 819d0 <calculate_input_for_blinding_cipher+0xfc>
   81928:	9307      	str	r3, [sp, #28]
   8192a:	f10d 0868 	add.w	r8, sp, #104	@ 0x68
   8192e:	f10d 0b04 	add.w	fp, sp, #4
        mult_result = mult(ciphertext_blocks[i], hash_key_tmp);
   81932:	f8d7 c00c 	ldr.w	ip, [r7, #12]
   81936:	e894 000f 	ldmia.w	r4, {r0, r1, r2, r3}
   8193a:	e88b 000f 	stmia.w	fp, {r0, r1, r2, r3}
   8193e:	f8cd c000 	str.w	ip, [sp]
   81942:	e897 000e 	ldmia.w	r7, {r1, r2, r3}
   81946:	4640      	mov	r0, r8
   81948:	47d0      	blx	sl
        intermediate_value = add(intermediate_value, mult_result);
   8194a:	e898 000f 	ldmia.w	r8, {r0, r1, r2, r3}
   8194e:	e88b 000f 	stmia.w	fp, {r0, r1, r2, r3}
   81952:	9b19      	ldr	r3, [sp, #100]	@ 0x64
   81954:	4628      	mov	r0, r5
   81956:	9300      	str	r3, [sp, #0]
   81958:	f8dd c01c 	ldr.w	ip, [sp, #28]
   8195c:	e896 000e 	ldmia.w	r6, {r1, r2, r3}
   81960:	47e0      	blx	ip
   81962:	e895 000f 	ldmia.w	r5, {r0, r1, r2, r3}
   81966:	e886 000f 	stmia.w	r6, {r0, r1, r2, r3}
        hash_key_tmp = mult(hash_key_tmp, original_hash_key);
   8196a:	ab12      	add	r3, sp, #72	@ 0x48
   8196c:	cb0f      	ldmia	r3, {r0, r1, r2, r3}
   8196e:	e88b 000f 	stmia.w	fp, {r0, r1, r2, r3}
   81972:	9b11      	ldr	r3, [sp, #68]	@ 0x44
   81974:	4628      	mov	r0, r5
   81976:	9300      	str	r3, [sp, #0]
   81978:	e894 000e 	ldmia.w	r4, {r1, r2, r3}
   8197c:	47d0      	blx	sl
   8197e:	e895 000f 	ldmia.w	r5, {r0, r1, r2, r3}
   81982:	e884 000f 	stmia.w	r4, {r0, r1, r2, r3}
    for (int i = 0; i < number_of_blocks; i++) {
   81986:	9b08      	ldr	r3, [sp, #32]
   81988:	f109 0901 	add.w	r9, r9, #1
   8198c:	454b      	cmp	r3, r9
   8198e:	f107 0710 	add.w	r7, r7, #16
   81992:	d1ce      	bne.n	81932 <calculate_input_for_blinding_cipher+0x5e>
    }

    return add(intermediate_value, authorized_data);
   81994:	ab2d      	add	r3, sp, #180	@ 0xb4
   81996:	9c19      	ldr	r4, [sp, #100]	@ 0x64
   81998:	cb0f      	ldmia	r3, {r0, r1, r2, r3}
   8199a:	e88b 000f 	stmia.w	fp, {r0, r1, r2, r3}
   8199e:	9400      	str	r4, [sp, #0]
   819a0:	9c09      	ldr	r4, [sp, #36]	@ 0x24
   819a2:	9d07      	ldr	r5, [sp, #28]
   819a4:	4620      	mov	r0, r4
   819a6:	e896 000e 	ldmia.w	r6, {r1, r2, r3}
   819aa:	47a8      	blx	r5
}
   819ac:	4620      	mov	r0, r4
   819ae:	b01f      	add	sp, #124	@ 0x7c
   819b0:	e8bd 4ff0 	ldmia.w	sp!, {r4, r5, r6, r7, r8, r9, sl, fp, lr}
   819b4:	b002      	add	sp, #8
   819b6:	4770      	bx	lr
   819b8:	4b04      	ldr	r3, [pc, #16]	@ (819cc <calculate_input_for_blinding_cipher+0xf8>)
   819ba:	f10d 0b04 	add.w	fp, sp, #4
   819be:	9307      	str	r3, [sp, #28]
   819c0:	e7e8      	b.n	81994 <calculate_input_for_blinding_cipher+0xc0>
   819c2:	bf00      	nop
   819c4:	00081385 	.word	0x00081385
   819c8:	00081111 	.word	0x00081111
   819cc:	00080e49 	.word	0x00080e49
   819d0:	00080ea5 	.word	0x00080ea5

000819d4 <ciphertext_blocks_to_tag>:


bignum ciphertext_blocks_to_tag(bignum ciphertext_blocks[], int number_of_blocks, bignum hash_key, bignum authorized_data, uint32_t blinding_key[8], uint32_t blinding_nonce[2]) {
   819d4:	b082      	sub	sp, #8
   819d6:	e92d 41f0 	stmdb	sp!, {r4, r5, r6, r7, r8, lr}
   819da:	460e      	mov	r6, r1
   819dc:	4617      	mov	r7, r2
   819de:	4698      	mov	r8, r3
   819e0:	b090      	sub	sp, #64	@ 0x40
    bignum blinding_cipher_input = calculate_input_for_blinding_cipher(ciphertext_blocks, number_of_blocks, hash_key, authorized_data);
   819e2:	f10d 0c0c 	add.w	ip, sp, #12
   819e6:	ab1b      	add	r3, sp, #108	@ 0x6c
bignum ciphertext_blocks_to_tag(bignum ciphertext_blocks[], int number_of_blocks, bignum hash_key, bignum authorized_data, uint32_t blinding_key[8], uint32_t blinding_nonce[2]) {
   819e8:	4604      	mov	r4, r0
    bignum blinding_cipher_input = calculate_input_for_blinding_cipher(ciphertext_blocks, number_of_blocks, hash_key, authorized_data);
   819ea:	cb0f      	ldmia	r3, {r0, r1, r2, r3}
   819ec:	e88c 000f 	stmia.w	ip, {r0, r1, r2, r3}
   819f0:	f10d 0e60 	add.w	lr, sp, #96	@ 0x60
   819f4:	e89e 0007 	ldmia.w	lr, {r0, r1, r2}
   819f8:	4643      	mov	r3, r8
   819fa:	e88d 0007 	stmia.w	sp, {r0, r1, r2}
   819fe:	4d0b      	ldr	r5, [pc, #44]	@ (81a2c <ciphertext_blocks_to_tag+0x58>)
   81a00:	463a      	mov	r2, r7
   81a02:	4631      	mov	r1, r6
   81a04:	a808      	add	r0, sp, #32
   81a06:	47a8      	blx	r5

    // encrypt input with the blinding cipher
    uint32_t tag_hex[BLOCKSIZE];
    salsa20_encryption_decryption(blinding_key, blinding_nonce, blinding_cipher_input.chunks, tag_hex, BLOCKSIZE);
   81a08:	e9dd 011f 	ldrd	r0, r1, [sp, #124]	@ 0x7c
   81a0c:	2304      	movs	r3, #4
   81a0e:	aa08      	add	r2, sp, #32
   81a10:	9300      	str	r3, [sp, #0]
   81a12:	4d07      	ldr	r5, [pc, #28]	@ (81a30 <ciphertext_blocks_to_tag+0x5c>)
   81a14:	ab0c      	add	r3, sp, #48	@ 0x30
   81a16:	47a8      	blx	r5

    return init_bignum(tag_hex);
   81a18:	4620      	mov	r0, r4
   81a1a:	4b06      	ldr	r3, [pc, #24]	@ (81a34 <ciphertext_blocks_to_tag+0x60>)
   81a1c:	a90c      	add	r1, sp, #48	@ 0x30
   81a1e:	4798      	blx	r3
}
   81a20:	4620      	mov	r0, r4
   81a22:	b010      	add	sp, #64	@ 0x40
   81a24:	e8bd 41f0 	ldmia.w	sp!, {r4, r5, r6, r7, r8, lr}
   81a28:	b002      	add	sp, #8
   81a2a:	4770      	bx	lr
   81a2c:	000818d5 	.word	0x000818d5
   81a30:	000817f5 	.word	0x000817f5
   81a34:	000810e1 	.word	0x000810e1

00081a38 <calculate_syndrome>:

    return init_bignum(intermediate_value);
}


bignum calculate_syndrome(bignum authorized_data, bignum ciphertext_blocks[], int number_of_blocks, bignum hash_key, bignum tag, uint32_t blinding_key[8], uint32_t blinding_nonce[2]) {
   81a38:	b084      	sub	sp, #16
   81a3a:	b5f0      	push	{r4, r5, r6, r7, lr}
   81a3c:	b099      	sub	sp, #100	@ 0x64
   81a3e:	f10d 0c7c 	add.w	ip, sp, #124	@ 0x7c
   81a42:	e88c 000e 	stmia.w	ip, {r1, r2, r3}
    bignum input = calculate_input_for_blinding_cipher(ciphertext_blocks, number_of_blocks, hash_key, authorized_data);
   81a46:	ac03      	add	r4, sp, #12
bignum calculate_syndrome(bignum authorized_data, bignum ciphertext_blocks[], int number_of_blocks, bignum hash_key, bignum tag, uint32_t blinding_key[8], uint32_t blinding_nonce[2]) {
   81a48:	4605      	mov	r5, r0
    bignum input = calculate_input_for_blinding_cipher(ciphertext_blocks, number_of_blocks, hash_key, authorized_data);
   81a4a:	e89c 000f 	ldmia.w	ip, {r0, r1, r2, r3}
   81a4e:	e884 000f 	stmia.w	r4, {r0, r1, r2, r3}
   81a52:	f10d 0e98 	add.w	lr, sp, #152	@ 0x98
   81a56:	ae08      	add	r6, sp, #32
   81a58:	e89e 0007 	ldmia.w	lr, {r0, r1, r2}
   81a5c:	4f16      	ldr	r7, [pc, #88]	@ (81ab8 <calculate_syndrome+0x80>)
   81a5e:	e88d 0007 	stmia.w	sp, {r0, r1, r2}
   81a62:	e9dd 2324 	ldrd	r2, r3, [sp, #144]	@ 0x90
   81a66:	4630      	mov	r0, r6
   81a68:	9923      	ldr	r1, [sp, #140]	@ 0x8c
   81a6a:	47b8      	blx	r7
    salsa20_encryption_decryption(blinding_key, blinding_nonce, tag.chunks, intermediate_value, BLOCKSIZE);
   81a6c:	2304      	movs	r3, #4
   81a6e:	ac10      	add	r4, sp, #64	@ 0x40
   81a70:	9300      	str	r3, [sp, #0]
   81a72:	ab29      	add	r3, sp, #164	@ 0xa4
   81a74:	cb0f      	ldmia	r3, {r0, r1, r2, r3}
   81a76:	4f11      	ldr	r7, [pc, #68]	@ (81abc <calculate_syndrome+0x84>)
   81a78:	e884 000f 	stmia.w	r4, {r0, r1, r2, r3}
   81a7c:	e9dd 012d 	ldrd	r0, r1, [sp, #180]	@ 0xb4
   81a80:	4622      	mov	r2, r4
   81a82:	ab14      	add	r3, sp, #80	@ 0x50
    return init_bignum(intermediate_value);
   81a84:	ac0c      	add	r4, sp, #48	@ 0x30
    salsa20_encryption_decryption(blinding_key, blinding_nonce, tag.chunks, intermediate_value, BLOCKSIZE);
   81a86:	47b8      	blx	r7
    return init_bignum(intermediate_value);
   81a88:	4620      	mov	r0, r4
   81a8a:	a914      	add	r1, sp, #80	@ 0x50
   81a8c:	4b0c      	ldr	r3, [pc, #48]	@ (81ac0 <calculate_syndrome+0x88>)
   81a8e:	4798      	blx	r3
    bignum decrypted_tag = decrypt_tag(tag, blinding_key, blinding_nonce);

    // syndrome = authorized_data + block_1 * hash_key^1 + ... + block_n * hash_key^n + decrypted_tag
    return add(input, decrypted_tag);
   81a90:	e894 000f 	ldmia.w	r4, {r0, r1, r2, r3}
   81a94:	f10d 0c04 	add.w	ip, sp, #4
   81a98:	e88c 000f 	stmia.w	ip, {r0, r1, r2, r3}
   81a9c:	9b0b      	ldr	r3, [sp, #44]	@ 0x2c
   81a9e:	4628      	mov	r0, r5
   81aa0:	9300      	str	r3, [sp, #0]
   81aa2:	4f08      	ldr	r7, [pc, #32]	@ (81ac4 <calculate_syndrome+0x8c>)
   81aa4:	e896 000e 	ldmia.w	r6, {r1, r2, r3}
   81aa8:	47b8      	blx	r7
}
   81aaa:	4628      	mov	r0, r5
   81aac:	b019      	add	sp, #100	@ 0x64
   81aae:	e8bd 40f0 	ldmia.w	sp!, {r4, r5, r6, r7, lr}
   81ab2:	b004      	add	sp, #16
   81ab4:	4770      	bx	lr
   81ab6:	bf00      	nop
   81ab8:	000818d5 	.word	0x000818d5
   81abc:	000817f5 	.word	0x000817f5
   81ac0:	000810e1 	.word	0x000810e1
   81ac4:	00080e49 	.word	0x00080e49

00081ac8 <verify>:
    // error vector must fulfill this condition
    return hamming_weight(add(corrupted_tag, new_tag)) <= threshold;
}


verify_result verify(bignum authorized_data, bignum ciphertext_blocks[], int number_of_blocks, bignum tag, int threshold, bignum hash_key, uint32_t blinding_key[8], uint32_t blinding_nonce[2]) {
   81ac8:	b084      	sub	sp, #16
   81aca:	e92d 4ff0 	stmdb	sp!, {r4, r5, r6, r7, r8, r9, sl, fp, lr}
   81ace:	b0b5      	sub	sp, #212	@ 0xd4
   81ad0:	af0e      	add	r7, sp, #56	@ 0x38
   81ad2:	f107 05c4 	add.w	r5, r7, #196	@ 0xc4
   81ad6:	e885 000e 	stmia.w	r5, {r1, r2, r3}
   81ada:	f107 0e68 	add.w	lr, r7, #104	@ 0x68
   81ade:	f107 0958 	add.w	r9, r7, #88	@ 0x58
   81ae2:	f107 06f0 	add.w	r6, r7, #240	@ 0xf0
   81ae6:	6138      	str	r0, [r7, #16]
   81ae8:	e896 000f 	ldmia.w	r6, {r0, r1, r2, r3}
   81aec:	e889 000f 	stmia.w	r9, {r0, r1, r2, r3}
   81af0:	e895 000f 	ldmia.w	r5, {r0, r1, r2, r3}
   81af4:	e88e 000f 	stmia.w	lr, {r0, r1, r2, r3}
    bignum blinding_cipher_input = calculate_input_for_blinding_cipher(ciphertext_blocks, number_of_blocks, hash_key, authorized_data);
   81af8:	f107 0c5c 	add.w	ip, r7, #92	@ 0x5c
   81afc:	f10d 0b0c 	add.w	fp, sp, #12
   81b00:	e89e 000f 	ldmia.w	lr, {r0, r1, r2, r3}
   81b04:	e88b 000f 	stmia.w	fp, {r0, r1, r2, r3}
   81b08:	e89c 0007 	ldmia.w	ip, {r0, r1, r2}
   81b0c:	e88d 0007 	stmia.w	sp, {r0, r1, r2}
   81b10:	4c9a      	ldr	r4, [pc, #616]	@ (81d7c <verify+0x2b4>)
   81b12:	e9d7 1235 	ldrd	r1, r2, [r7, #212]	@ 0xd4
   81b16:	6dbb      	ldr	r3, [r7, #88]	@ 0x58
   81b18:	f107 0078 	add.w	r0, r7, #120	@ 0x78
   81b1c:	47a0      	blx	r4
    salsa20_encryption_decryption(blinding_key, blinding_nonce, blinding_cipher_input.chunks, tag_hex, BLOCKSIZE);
   81b1e:	2304      	movs	r3, #4
   81b20:	9300      	str	r3, [sp, #0]
   81b22:	f107 0278 	add.w	r2, r7, #120	@ 0x78
   81b26:	e9d7 0140 	ldrd	r0, r1, [r7, #256]	@ 0x100
   81b2a:	4c95      	ldr	r4, [pc, #596]	@ (81d80 <verify+0x2b8>)
   81b2c:	f107 0388 	add.w	r3, r7, #136	@ 0x88
   81b30:	47a0      	blx	r4
    return init_bignum(tag_hex);
   81b32:	4b94      	ldr	r3, [pc, #592]	@ (81d84 <verify+0x2bc>)
   81b34:	f107 0188 	add.w	r1, r7, #136	@ 0x88
   81b38:	f107 0028 	add.w	r0, r7, #40	@ 0x28
   81b3c:	4798      	blx	r3
    verify_result result;
    bignum new_tag = ciphertext_blocks_to_tag(ciphertext_blocks, number_of_blocks, hash_key, authorized_data, blinding_key, blinding_nonce);

    // no block is corrupted
    if (are_bignums_equal(new_tag, tag)) {
   81b3e:	f107 03dc 	add.w	r3, r7, #220	@ 0xdc
   81b42:	cb0f      	ldmia	r3, {r0, r1, r2, r3}
   81b44:	e88d 000f 	stmia.w	sp, {r0, r1, r2, r3}
   81b48:	f107 0328 	add.w	r3, r7, #40	@ 0x28
   81b4c:	4c8e      	ldr	r4, [pc, #568]	@ (81d88 <verify+0x2c0>)
   81b4e:	cb0f      	ldmia	r3, {r0, r1, r2, r3}
   81b50:	47a0      	blx	r4
   81b52:	2800      	cmp	r0, #0
   81b54:	f040 80c6 	bne.w	81ce4 <verify+0x21c>
        result.tag = init_bignum_to_zero();

        return result;
    }
    else {
        bignum hash_key_inverse = mult_inverse(hash_key);
   81b58:	f8d7 30fc 	ldr.w	r3, [r7, #252]	@ 0xfc
   81b5c:	f107 0438 	add.w	r4, r7, #56	@ 0x38
   81b60:	9300      	str	r3, [sp, #0]
   81b62:	e896 000e 	ldmia.w	r6, {r1, r2, r3}
   81b66:	f8df 8224 	ldr.w	r8, [pc, #548]	@ 81d8c <verify+0x2c4>
    else {
   81b6a:	f8c7 d00c 	str.w	sp, [r7, #12]
        bignum hash_key_inverse = mult_inverse(hash_key);
   81b6e:	4682      	mov	sl, r0
   81b70:	4620      	mov	r0, r4
   81b72:	47c0      	blx	r8
        bignum original_hash_key_inverse = copy_bignum(hash_key_inverse);
   81b74:	6c7b      	ldr	r3, [r7, #68]	@ 0x44
   81b76:	f8df 8218 	ldr.w	r8, [pc, #536]	@ 81d90 <verify+0x2c8>
   81b7a:	9300      	str	r3, [sp, #0]
   81b7c:	e894 000e 	ldmia.w	r4, {r1, r2, r3}
   81b80:	f107 0048 	add.w	r0, r7, #72	@ 0x48
   81b84:	47c0      	blx	r8

        // calculate syndrome
        bignum syndrome = calculate_syndrome(authorized_data, ciphertext_blocks, number_of_blocks, hash_key, tag, blinding_key, blinding_nonce);
   81b86:	f8d7 3104 	ldr.w	r3, [r7, #260]	@ 0x104
   81b8a:	f10d 0c1c 	add.w	ip, sp, #28
   81b8e:	930c      	str	r3, [sp, #48]	@ 0x30
   81b90:	f8d7 3100 	ldr.w	r3, [r7, #256]	@ 0x100
   81b94:	f8df 81fc 	ldr.w	r8, [pc, #508]	@ 81d94 <verify+0x2cc>
   81b98:	930b      	str	r3, [sp, #44]	@ 0x2c
   81b9a:	f107 03dc 	add.w	r3, r7, #220	@ 0xdc
   81b9e:	cb0f      	ldmia	r3, {r0, r1, r2, r3}
   81ba0:	e88c 000f 	stmia.w	ip, {r0, r1, r2, r3}
   81ba4:	e896 000f 	ldmia.w	r6, {r0, r1, r2, r3}
   81ba8:	e88b 000f 	stmia.w	fp, {r0, r1, r2, r3}
   81bac:	f8d7 30d8 	ldr.w	r3, [r7, #216]	@ 0xd8
   81bb0:	4648      	mov	r0, r9
   81bb2:	9302      	str	r3, [sp, #8]
   81bb4:	f8d7 30d4 	ldr.w	r3, [r7, #212]	@ 0xd4
   81bb8:	9301      	str	r3, [sp, #4]
   81bba:	f8d7 30d0 	ldr.w	r3, [r7, #208]	@ 0xd0
   81bbe:	9300      	str	r3, [sp, #0]
   81bc0:	e895 000e 	ldmia.w	r5, {r1, r2, r3}
   81bc4:	47c0      	blx	r8
        bignum syndrome_values[number_of_blocks];
   81bc6:	466b      	mov	r3, sp
   81bc8:	f8d7 20d8 	ldr.w	r2, [r7, #216]	@ 0xd8
   81bcc:	eba3 1302 	sub.w	r3, r3, r2, lsl #4
   81bd0:	469d      	mov	sp, r3

        // calculate error location indicators (S_i)
        // S_i = error_vector -> if i == i_err
        for (int i = 0; i < number_of_blocks; i++) {
   81bd2:	2a00      	cmp	r2, #0
        bignum syndrome_values[number_of_blocks];
   81bd4:	f10d 0b38 	add.w	fp, sp, #56	@ 0x38
        for (int i = 0; i < number_of_blocks; i++) {
   81bd8:	f340 80cc 	ble.w	81d74 <verify+0x2ac>
   81bdc:	46d0      	mov	r8, sl
   81bde:	f8df a1b8 	ldr.w	sl, [pc, #440]	@ 81d98 <verify+0x2d0>
   81be2:	f107 0618 	add.w	r6, r7, #24
   81be6:	ad01      	add	r5, sp, #4
            syndrome_values[i] = mult(syndrome, hash_key_inverse);
   81be8:	e894 000f 	ldmia.w	r4, {r0, r1, r2, r3}
   81bec:	e885 000f 	stmia.w	r5, {r0, r1, r2, r3}
   81bf0:	6e7b      	ldr	r3, [r7, #100]	@ 0x64
   81bf2:	eb0b 1008 	add.w	r0, fp, r8, lsl #4
   81bf6:	9300      	str	r3, [sp, #0]
   81bf8:	e899 000e 	ldmia.w	r9, {r1, r2, r3}
   81bfc:	47d0      	blx	sl
            hash_key_inverse = mult(hash_key_inverse, original_hash_key_inverse);
   81bfe:	f107 0348 	add.w	r3, r7, #72	@ 0x48
   81c02:	cb0f      	ldmia	r3, {r0, r1, r2, r3}
   81c04:	e885 000f 	stmia.w	r5, {r0, r1, r2, r3}
   81c08:	6c7b      	ldr	r3, [r7, #68]	@ 0x44
   81c0a:	4630      	mov	r0, r6
   81c0c:	9300      	str	r3, [sp, #0]
   81c0e:	e894 000e 	ldmia.w	r4, {r1, r2, r3}
   81c12:	47d0      	blx	sl
   81c14:	e896 000f 	ldmia.w	r6, {r0, r1, r2, r3}
   81c18:	e884 000f 	stmia.w	r4, {r0, r1, r2, r3}
        for (int i = 0; i < number_of_blocks; i++) {
   81c1c:	f8d7 30d8 	ldr.w	r3, [r7, #216]	@ 0xd8
   81c20:	46c4      	mov	ip, r8
   81c22:	f108 0801 	add.w	r8, r8, #1
   81c26:	4543      	cmp	r3, r8
   81c28:	d1de      	bne.n	81be8 <verify+0x120>
    int number_of_errors = 0;
   81c2a:	f04f 0a00 	mov.w	sl, #0
    int error_index = -1;
   81c2e:	f04f 32ff 	mov.w	r2, #4294967295	@ 0xffffffff
   81c32:	465c      	mov	r4, fp
   81c34:	f8c7 b004 	str.w	fp, [r7, #4]
   81c38:	60bd      	str	r5, [r7, #8]
    for (int i = 0; i < number_of_blocks; i++) {
   81c3a:	46d0      	mov	r8, sl
   81c3c:	46e3      	mov	fp, ip
   81c3e:	f8df 915c 	ldr.w	r9, [pc, #348]	@ 81d9c <verify+0x2d4>
   81c42:	f8d7 50ec 	ldr.w	r5, [r7, #236]	@ 0xec
   81c46:	617a      	str	r2, [r7, #20]
   81c48:	e006      	b.n	81c58 <verify+0x190>
   81c4a:	f04f 0a01 	mov.w	sl, #1
   81c4e:	f8c7 8014 	str.w	r8, [r7, #20]
   81c52:	45c3      	cmp	fp, r8
   81c54:	d054      	beq.n	81d00 <verify+0x238>
   81c56:	4698      	mov	r8, r3
        if (hamming_weight(syndrome_values[i]) <= threshold) {
   81c58:	e894 000f 	ldmia.w	r4, {r0, r1, r2, r3}
   81c5c:	47c8      	blx	r9
   81c5e:	4285      	cmp	r5, r0
    for (int i = 0; i < number_of_blocks; i++) {
   81c60:	f108 0301 	add.w	r3, r8, #1
   81c64:	f104 0410 	add.w	r4, r4, #16
        if (hamming_weight(syndrome_values[i]) <= threshold) {
   81c68:	dbf3      	blt.n	81c52 <verify+0x18a>
        if (number_of_errors > 1) {
   81c6a:	f1ba 0f00 	cmp.w	sl, #0
   81c6e:	d0ec      	beq.n	81c4a <verify+0x182>
   81c70:	68bd      	ldr	r5, [r7, #8]

            return result;
        }
        else {
            // correct error in the tag
            if (can_correct_parity(tag, new_tag, threshold)) {
   81c72:	f107 0668 	add.w	r6, r7, #104	@ 0x68
   81c76:	f107 03dc 	add.w	r3, r7, #220	@ 0xdc
   81c7a:	cb0f      	ldmia	r3, {r0, r1, r2, r3}
   81c7c:	e886 000f 	stmia.w	r6, {r0, r1, r2, r3}
   81c80:	f107 0678 	add.w	r6, r7, #120	@ 0x78
   81c84:	f107 0328 	add.w	r3, r7, #40	@ 0x28
   81c88:	cb0f      	ldmia	r3, {r0, r1, r2, r3}
   81c8a:	e886 000f 	stmia.w	r6, {r0, r1, r2, r3}
    return hamming_weight(add(corrupted_tag, new_tag)) <= threshold;
   81c8e:	e896 000f 	ldmia.w	r6, {r0, r1, r2, r3}
   81c92:	e885 000f 	stmia.w	r5, {r0, r1, r2, r3}
   81c96:	6f7b      	ldr	r3, [r7, #116]	@ 0x74
   81c98:	f107 0088 	add.w	r0, r7, #136	@ 0x88
   81c9c:	9300      	str	r3, [sp, #0]
   81c9e:	f107 0368 	add.w	r3, r7, #104	@ 0x68
   81ca2:	cb0e      	ldmia	r3, {r1, r2, r3}
   81ca4:	4c3e      	ldr	r4, [pc, #248]	@ (81da0 <verify+0x2d8>)
   81ca6:	47a0      	blx	r4
   81ca8:	f107 0388 	add.w	r3, r7, #136	@ 0x88
   81cac:	cb0f      	ldmia	r3, {r0, r1, r2, r3}
   81cae:	47c8      	blx	r9
            if (can_correct_parity(tag, new_tag, threshold)) {
   81cb0:	f8d7 30ec 	ldr.w	r3, [r7, #236]	@ 0xec
   81cb4:	4283      	cmp	r3, r0
   81cb6:	db4f      	blt.n	81d58 <verify+0x290>
                result.correction_successful = true;
                result.ciphertext_blocks = ciphertext_blocks;
                result.tag = new_tag;

                return result;
   81cb8:	2501      	movs	r5, #1
   81cba:	693e      	ldr	r6, [r7, #16]
   81cbc:	f8d7 30d4 	ldr.w	r3, [r7, #212]	@ 0xd4
                result.tag = new_tag;
   81cc0:	f106 0408 	add.w	r4, r6, #8
                return result;
   81cc4:	6073      	str	r3, [r6, #4]
                result.tag = new_tag;
   81cc6:	f107 0328 	add.w	r3, r7, #40	@ 0x28
   81cca:	cb0f      	ldmia	r3, {r0, r1, r2, r3}
   81ccc:	e884 000f 	stmia.w	r4, {r0, r1, r2, r3}
                return result;
   81cd0:	7035      	strb	r5, [r6, #0]
   81cd2:	f8d7 d00c 	ldr.w	sp, [r7, #12]

                return result;
            }
        }
    }
}
   81cd6:	6938      	ldr	r0, [r7, #16]
   81cd8:	379c      	adds	r7, #156	@ 0x9c
   81cda:	46bd      	mov	sp, r7
   81cdc:	e8bd 4ff0 	ldmia.w	sp!, {r4, r5, r6, r7, r8, r9, sl, fp, lr}
   81ce0:	b004      	add	sp, #16
   81ce2:	4770      	bx	lr
        bignum zero = init_bignum_to_zero();
   81ce4:	4c2f      	ldr	r4, [pc, #188]	@ (81da4 <verify+0x2dc>)
   81ce6:	f107 0018 	add.w	r0, r7, #24
   81cea:	47a0      	blx	r4
        result.tag = init_bignum_to_zero();
   81cec:	693d      	ldr	r5, [r7, #16]
   81cee:	f105 0008 	add.w	r0, r5, #8
   81cf2:	47a0      	blx	r4
        return result;
   81cf4:	2301      	movs	r3, #1
   81cf6:	f107 0288 	add.w	r2, r7, #136	@ 0x88
   81cfa:	606a      	str	r2, [r5, #4]
   81cfc:	702b      	strb	r3, [r5, #0]
   81cfe:	e7ea      	b.n	81cd6 <verify+0x20e>
    if (number_of_errors == 0) {
   81d00:	697a      	ldr	r2, [r7, #20]
   81d02:	e9d7 b501 	ldrd	fp, r5, [r7, #4]
   81d06:	f1ba 0f00 	cmp.w	sl, #0
   81d0a:	d0b2      	beq.n	81c72 <verify+0x1aa>
        if (error_index != -1) {
   81d0c:	1c53      	adds	r3, r2, #1
   81d0e:	d0b0      	beq.n	81c72 <verify+0x1aa>
            ciphertext_blocks[error_index] = add(ciphertext_blocks[error_index], syndrome_values[error_index]);
   81d10:	f8d7 30d4 	ldr.w	r3, [r7, #212]	@ 0xd4
   81d14:	eb0b 1b02 	add.w	fp, fp, r2, lsl #4
   81d18:	eb03 1402 	add.w	r4, r3, r2, lsl #4
   81d1c:	e89b 000f 	ldmia.w	fp, {r0, r1, r2, r3}
   81d20:	e885 000f 	stmia.w	r5, {r0, r1, r2, r3}
   81d24:	68e3      	ldr	r3, [r4, #12]
   81d26:	4630      	mov	r0, r6
   81d28:	9300      	str	r3, [sp, #0]
   81d2a:	e894 000e 	ldmia.w	r4, {r1, r2, r3}
   81d2e:	f8df 8070 	ldr.w	r8, [pc, #112]	@ 81da0 <verify+0x2d8>
   81d32:	47c0      	blx	r8
            return result;
   81d34:	693a      	ldr	r2, [r7, #16]
   81d36:	f8d7 30d4 	ldr.w	r3, [r7, #212]	@ 0xd4
            result.tag = tag;
   81d3a:	f102 0508 	add.w	r5, r2, #8
            return result;
   81d3e:	6053      	str	r3, [r2, #4]
   81d40:	2301      	movs	r3, #1
   81d42:	7013      	strb	r3, [r2, #0]
            ciphertext_blocks[error_index] = add(ciphertext_blocks[error_index], syndrome_values[error_index]);
   81d44:	e896 000f 	ldmia.w	r6, {r0, r1, r2, r3}
   81d48:	e884 000f 	stmia.w	r4, {r0, r1, r2, r3}
            result.tag = tag;
   81d4c:	f107 03dc 	add.w	r3, r7, #220	@ 0xdc
   81d50:	cb0f      	ldmia	r3, {r0, r1, r2, r3}
   81d52:	e885 000f 	stmia.w	r5, {r0, r1, r2, r3}
            return result;
   81d56:	e7bc      	b.n	81cd2 <verify+0x20a>
                bignum zero = init_bignum_to_zero();
   81d58:	4c12      	ldr	r4, [pc, #72]	@ (81da4 <verify+0x2dc>)
   81d5a:	f107 0018 	add.w	r0, r7, #24
   81d5e:	47a0      	blx	r4
                result.tag = init_bignum_to_zero();
   81d60:	693d      	ldr	r5, [r7, #16]
   81d62:	f105 0008 	add.w	r0, r5, #8
   81d66:	47a0      	blx	r4
                return result;
   81d68:	2300      	movs	r3, #0
   81d6a:	f107 0278 	add.w	r2, r7, #120	@ 0x78
   81d6e:	606a      	str	r2, [r5, #4]
   81d70:	702b      	strb	r3, [r5, #0]
   81d72:	e7ae      	b.n	81cd2 <verify+0x20a>
   81d74:	f8df 9024 	ldr.w	r9, [pc, #36]	@ 81d9c <verify+0x2d4>
   81d78:	ad01      	add	r5, sp, #4
   81d7a:	e77a      	b.n	81c72 <verify+0x1aa>
   81d7c:	000818d5 	.word	0x000818d5
   81d80:	000817f5 	.word	0x000817f5
   81d84:	000810e1 	.word	0x000810e1
   81d88:	000813c5 	.word	0x000813c5
   81d8c:	00081089 	.word	0x00081089
   81d90:	00081385 	.word	0x00081385
   81d94:	00081a39 	.word	0x00081a39
   81d98:	00080ea5 	.word	0x00080ea5
   81d9c:	00081415 	.word	0x00081415
   81da0:	00080e49 	.word	0x00080e49
   81da4:	00081111 	.word	0x00081111

00081da8 <udc_update_iface_desc>:
 */
static bool udc_update_iface_desc(uint8_t iface_num, uint8_t setting_num)
{
	usb_conf_desc_t UDC_DESC_STORAGE *ptr_end_desc;

	if (0 == udc_num_configuration) {
   81da8:	4b17      	ldr	r3, [pc, #92]	@ (81e08 <udc_update_iface_desc+0x60>)
   81daa:	781b      	ldrb	r3, [r3, #0]
   81dac:	b333      	cbz	r3, 81dfc <udc_update_iface_desc+0x54>
		return false;
	}

	if (iface_num >= udc_ptr_conf->desc->bNumInterfaces) {
   81dae:	4b17      	ldr	r3, [pc, #92]	@ (81e0c <udc_update_iface_desc+0x64>)
   81db0:	681b      	ldr	r3, [r3, #0]
   81db2:	681b      	ldr	r3, [r3, #0]
   81db4:	791a      	ldrb	r2, [r3, #4]
   81db6:	4282      	cmp	r2, r0
   81db8:	d920      	bls.n	81dfc <udc_update_iface_desc+0x54>
{
   81dba:	b530      	push	{r4, r5, lr}
		return false;
	}

	// Start at the beginning of configuration descriptor
	udc_ptr_iface = (UDC_DESC_STORAGE usb_iface_desc_t *)
   81dbc:	4d14      	ldr	r5, [pc, #80]	@ (81e10 <udc_update_iface_desc+0x68>)
   81dbe:	602b      	str	r3, [r5, #0]
			le16_to_cpu(udc_ptr_conf->desc->wTotalLength));
   81dc0:	f8b3 c002 	ldrh.w	ip, [r3, #2]
	return (UDC_DESC_STORAGE usb_conf_desc_t *) ((uint8_t *)
   81dc4:	449c      	add	ip, r3
			udc_ptr_conf->desc;

	// Check the end of configuration descriptor
	ptr_end_desc = udc_get_eof_conf();
	while (ptr_end_desc >
   81dc6:	4563      	cmp	r3, ip
   81dc8:	d21b      	bcs.n	81e02 <udc_update_iface_desc+0x5a>
   81dca:	f04f 0e00 	mov.w	lr, #0
   81dce:	e006      	b.n	81dde <udc_update_iface_desc+0x36>
			}
		}
		// Go to next descriptor
		udc_ptr_iface = (UDC_DESC_STORAGE usb_iface_desc_t *) (
				(uint8_t *) udc_ptr_iface +
				udc_ptr_iface->bLength);
   81dd0:	781a      	ldrb	r2, [r3, #0]
   81dd2:	f04f 0e01 	mov.w	lr, #1
		udc_ptr_iface = (UDC_DESC_STORAGE usb_iface_desc_t *) (
   81dd6:	4413      	add	r3, r2
	while (ptr_end_desc >
   81dd8:	4563      	cmp	r3, ip
   81dda:	d211      	bcs.n	81e00 <udc_update_iface_desc+0x58>
		udc_ptr_iface = (UDC_DESC_STORAGE usb_iface_desc_t *) (
   81ddc:	461c      	mov	r4, r3
		if (USB_DT_INTERFACE == udc_ptr_iface->bDescriptorType) {
   81dde:	785a      	ldrb	r2, [r3, #1]
   81de0:	2a04      	cmp	r2, #4
   81de2:	d1f5      	bne.n	81dd0 <udc_update_iface_desc+0x28>
			if ((iface_num == udc_ptr_iface->bInterfaceNumber) &&
   81de4:	789a      	ldrb	r2, [r3, #2]
   81de6:	4282      	cmp	r2, r0
   81de8:	d1f2      	bne.n	81dd0 <udc_update_iface_desc+0x28>
   81dea:	78da      	ldrb	r2, [r3, #3]
   81dec:	428a      	cmp	r2, r1
   81dee:	d1ef      	bne.n	81dd0 <udc_update_iface_desc+0x28>
   81df0:	f1be 0f00 	cmp.w	lr, #0
   81df4:	d000      	beq.n	81df8 <udc_update_iface_desc+0x50>
   81df6:	602c      	str	r4, [r5, #0]
				return true; // Interface found
   81df8:	2001      	movs	r0, #1
	}
	return false; // Interface not found
}
   81dfa:	bd30      	pop	{r4, r5, pc}
		return false;
   81dfc:	2000      	movs	r0, #0
}
   81dfe:	4770      	bx	lr
   81e00:	602b      	str	r3, [r5, #0]
		return false;
   81e02:	2000      	movs	r0, #0
}
   81e04:	bd30      	pop	{r4, r5, pc}
   81e06:	bf00      	nop
   81e08:	20003314 	.word	0x20003314
   81e0c:	20003310 	.word	0x20003310
   81e10:	2000330c 	.word	0x2000330c

00081e14 <udc_valid_address>:
 * \brief Change the address of device
 * Callback called at the end of request set address
 */
static void udc_valid_address(void)
{
	udd_set_address(udd_g_ctrlreq.req.wValue & 0x7F);
   81e14:	4a02      	ldr	r2, [pc, #8]	@ (81e20 <udc_valid_address+0xc>)
   81e16:	4b03      	ldr	r3, [pc, #12]	@ (81e24 <udc_valid_address+0x10>)
   81e18:	8850      	ldrh	r0, [r2, #2]
   81e1a:	f000 007f 	and.w	r0, r0, #127	@ 0x7f
   81e1e:	4718      	bx	r3
   81e20:	200033e0 	.word	0x200033e0
   81e24:	00083ddd 	.word	0x00083ddd

00081e28 <udc_iface_disable>:
{
   81e28:	e92d 41f0 	stmdb	sp!, {r4, r5, r6, r7, r8, lr}
	if (!udc_update_iface_desc(iface_num, 0)) {
   81e2c:	2100      	movs	r1, #0
   81e2e:	4d1a      	ldr	r5, [pc, #104]	@ (81e98 <udc_iface_disable+0x70>)
{
   81e30:	4604      	mov	r4, r0
	if (!udc_update_iface_desc(iface_num, 0)) {
   81e32:	47a8      	blx	r5
   81e34:	b340      	cbz	r0, 81e88 <udc_iface_disable+0x60>
	udi_api = udc_ptr_conf->udi_apis[iface_num];
   81e36:	f8df 8064 	ldr.w	r8, [pc, #100]	@ 81e9c <udc_iface_disable+0x74>
   81e3a:	f8d8 3000 	ldr.w	r3, [r8]
   81e3e:	685b      	ldr	r3, [r3, #4]
   81e40:	f853 6024 	ldr.w	r6, [r3, r4, lsl #2]
	if (!udc_update_iface_desc(iface_num, udi_api->getsetting())) {
   81e44:	68f3      	ldr	r3, [r6, #12]
   81e46:	4798      	blx	r3
   81e48:	4601      	mov	r1, r0
   81e4a:	4620      	mov	r0, r4
   81e4c:	47a8      	blx	r5
   81e4e:	4605      	mov	r5, r0
   81e50:	b1d0      	cbz	r0, 81e88 <udc_iface_disable+0x60>
		ep_desc = (UDC_DESC_STORAGE usb_ep_desc_t *) udc_ptr_iface;
   81e52:	4b13      	ldr	r3, [pc, #76]	@ (81ea0 <udc_iface_disable+0x78>)
			udd_ep_free(ep_desc->bEndpointAddress);
   81e54:	4f13      	ldr	r7, [pc, #76]	@ (81ea4 <udc_iface_disable+0x7c>)
		ep_desc = (UDC_DESC_STORAGE usb_ep_desc_t *) udc_ptr_iface;
   81e56:	681c      	ldr	r4, [r3, #0]
			udc_ptr_conf->desc +
   81e58:	f8d8 2000 	ldr.w	r2, [r8]
			desc->bLength);
   81e5c:	7823      	ldrb	r3, [r4, #0]
			udc_ptr_conf->desc +
   81e5e:	6812      	ldr	r2, [r2, #0]
	desc = (UDC_DESC_STORAGE usb_conf_desc_t *) ((uint8_t *) desc +
   81e60:	441c      	add	r4, r3
			le16_to_cpu(udc_ptr_conf->desc->wTotalLength));
   81e62:	8853      	ldrh	r3, [r2, #2]
	return (UDC_DESC_STORAGE usb_conf_desc_t *) ((uint8_t *)
   81e64:	441a      	add	r2, r3
	while (ptr_eof_desc > desc) {
   81e66:	42a2      	cmp	r2, r4
   81e68:	d806      	bhi.n	81e78 <udc_iface_disable+0x50>
   81e6a:	e008      	b.n	81e7e <udc_iface_disable+0x56>
		if (desc_id == desc->bDescriptorType) {
   81e6c:	2b05      	cmp	r3, #5
   81e6e:	d00f      	beq.n	81e90 <udc_iface_disable+0x68>
				desc->bLength);
   81e70:	7823      	ldrb	r3, [r4, #0]
		desc = (UDC_DESC_STORAGE usb_conf_desc_t *) ((uint8_t *) desc +
   81e72:	441c      	add	r4, r3
	while (ptr_eof_desc > desc) {
   81e74:	42a2      	cmp	r2, r4
   81e76:	d902      	bls.n	81e7e <udc_iface_disable+0x56>
		if (USB_DT_INTERFACE == desc->bDescriptorType) {
   81e78:	7863      	ldrb	r3, [r4, #1]
   81e7a:	2b04      	cmp	r3, #4
   81e7c:	d1f6      	bne.n	81e6c <udc_iface_disable+0x44>
	udi_api->disable();
   81e7e:	6873      	ldr	r3, [r6, #4]
   81e80:	4798      	blx	r3
}
   81e82:	4628      	mov	r0, r5
   81e84:	e8bd 81f0 	ldmia.w	sp!, {r4, r5, r6, r7, r8, pc}
		return false;
   81e88:	2500      	movs	r5, #0
}
   81e8a:	4628      	mov	r0, r5
   81e8c:	e8bd 81f0 	ldmia.w	sp!, {r4, r5, r6, r7, r8, pc}
			udd_ep_free(ep_desc->bEndpointAddress);
   81e90:	78a0      	ldrb	r0, [r4, #2]
   81e92:	47b8      	blx	r7
			ep_desc = (UDC_DESC_STORAGE usb_ep_desc_t *)
   81e94:	e7e0      	b.n	81e58 <udc_iface_disable+0x30>
   81e96:	bf00      	nop
   81e98:	00081da9 	.word	0x00081da9
   81e9c:	20003310 	.word	0x20003310
   81ea0:	2000330c 	.word	0x2000330c
   81ea4:	00083e29 	.word	0x00083e29

00081ea8 <udc_iface_enable>:
{
   81ea8:	e92d 41f0 	stmdb	sp!, {r4, r5, r6, r7, r8, lr}
	if (!udc_update_iface_desc(iface_num, setting_num)) {
   81eac:	4b14      	ldr	r3, [pc, #80]	@ (81f00 <udc_iface_enable+0x58>)
{
   81eae:	4605      	mov	r5, r0
	if (!udc_update_iface_desc(iface_num, setting_num)) {
   81eb0:	4798      	blx	r3
   81eb2:	b310      	cbz	r0, 81efa <udc_iface_enable+0x52>
	ep_desc = (UDC_DESC_STORAGE usb_ep_desc_t *) udc_ptr_iface;
   81eb4:	4b13      	ldr	r3, [pc, #76]	@ (81f04 <udc_iface_enable+0x5c>)
   81eb6:	4e14      	ldr	r6, [pc, #80]	@ (81f08 <udc_iface_enable+0x60>)
   81eb8:	681c      	ldr	r4, [r3, #0]
		if (!udd_ep_alloc(ep_desc->bEndpointAddress,
   81eba:	4f14      	ldr	r7, [pc, #80]	@ (81f0c <udc_iface_enable+0x64>)
			udc_ptr_conf->desc +
   81ebc:	6831      	ldr	r1, [r6, #0]
			desc->bLength);
   81ebe:	7823      	ldrb	r3, [r4, #0]
			udc_ptr_conf->desc +
   81ec0:	680a      	ldr	r2, [r1, #0]
	desc = (UDC_DESC_STORAGE usb_conf_desc_t *) ((uint8_t *) desc +
   81ec2:	441c      	add	r4, r3
			le16_to_cpu(udc_ptr_conf->desc->wTotalLength));
   81ec4:	8853      	ldrh	r3, [r2, #2]
	return (UDC_DESC_STORAGE usb_conf_desc_t *) ((uint8_t *)
   81ec6:	441a      	add	r2, r3
	while (ptr_eof_desc > desc) {
   81ec8:	42a2      	cmp	r2, r4
   81eca:	d806      	bhi.n	81eda <udc_iface_enable+0x32>
   81ecc:	e008      	b.n	81ee0 <udc_iface_enable+0x38>
		if (desc_id == desc->bDescriptorType) {
   81ece:	2b05      	cmp	r3, #5
   81ed0:	d00d      	beq.n	81eee <udc_iface_enable+0x46>
				desc->bLength);
   81ed2:	7823      	ldrb	r3, [r4, #0]
		desc = (UDC_DESC_STORAGE usb_conf_desc_t *) ((uint8_t *) desc +
   81ed4:	441c      	add	r4, r3
	while (ptr_eof_desc > desc) {
   81ed6:	42a2      	cmp	r2, r4
   81ed8:	d902      	bls.n	81ee0 <udc_iface_enable+0x38>
		if (USB_DT_INTERFACE == desc->bDescriptorType) {
   81eda:	7863      	ldrb	r3, [r4, #1]
   81edc:	2b04      	cmp	r3, #4
   81ede:	d1f6      	bne.n	81ece <udc_iface_enable+0x26>
	return udc_ptr_conf->udi_apis[iface_num]->enable();
   81ee0:	684b      	ldr	r3, [r1, #4]
   81ee2:	f853 3025 	ldr.w	r3, [r3, r5, lsl #2]
}
   81ee6:	e8bd 41f0 	ldmia.w	sp!, {r4, r5, r6, r7, r8, lr}
	return udc_ptr_conf->udi_apis[iface_num]->enable();
   81eea:	681b      	ldr	r3, [r3, #0]
   81eec:	4718      	bx	r3
		if (!udd_ep_alloc(ep_desc->bEndpointAddress,
   81eee:	88a2      	ldrh	r2, [r4, #4]
   81ef0:	78e1      	ldrb	r1, [r4, #3]
   81ef2:	78a0      	ldrb	r0, [r4, #2]
   81ef4:	47b8      	blx	r7
   81ef6:	2800      	cmp	r0, #0
   81ef8:	d1e0      	bne.n	81ebc <udc_iface_enable+0x14>
}
   81efa:	2000      	movs	r0, #0
   81efc:	e8bd 81f0 	ldmia.w	sp!, {r4, r5, r6, r7, r8, pc}
   81f00:	00081da9 	.word	0x00081da9
   81f04:	2000330c 	.word	0x2000330c
   81f08:	20003310 	.word	0x20003310
   81f0c:	000840ed 	.word	0x000840ed

00081f10 <udc_get_interface_desc>:
	return udc_ptr_iface;
   81f10:	4b01      	ldr	r3, [pc, #4]	@ (81f18 <udc_get_interface_desc+0x8>)
}
   81f12:	6818      	ldr	r0, [r3, #0]
   81f14:	4770      	bx	lr
   81f16:	bf00      	nop
   81f18:	2000330c 	.word	0x2000330c

00081f1c <udc_start>:
	udd_enable();
   81f1c:	4b00      	ldr	r3, [pc, #0]	@ (81f20 <udc_start+0x4>)
   81f1e:	4718      	bx	r3
   81f20:	00083c95 	.word	0x00083c95

00081f24 <udc_reset>:
{
   81f24:	b5f8      	push	{r3, r4, r5, r6, r7, lr}
	if (udc_num_configuration) {
   81f26:	4f0c      	ldr	r7, [pc, #48]	@ (81f58 <udc_reset+0x34>)
   81f28:	783b      	ldrb	r3, [r7, #0]
   81f2a:	b17b      	cbz	r3, 81f4c <udc_reset+0x28>
				iface_num < udc_ptr_conf->desc->bNumInterfaces;
   81f2c:	4d0b      	ldr	r5, [pc, #44]	@ (81f5c <udc_reset+0x38>)
   81f2e:	682b      	ldr	r3, [r5, #0]
   81f30:	681b      	ldr	r3, [r3, #0]
   81f32:	791b      	ldrb	r3, [r3, #4]
   81f34:	b153      	cbz	r3, 81f4c <udc_reset+0x28>
   81f36:	2400      	movs	r4, #0
   81f38:	4620      	mov	r0, r4
   81f3a:	4e09      	ldr	r6, [pc, #36]	@ (81f60 <udc_reset+0x3c>)
			udc_iface_disable(iface_num);
   81f3c:	47b0      	blx	r6
				iface_num < udc_ptr_conf->desc->bNumInterfaces;
   81f3e:	682b      	ldr	r3, [r5, #0]
   81f40:	3401      	adds	r4, #1
   81f42:	681b      	ldr	r3, [r3, #0]
   81f44:	b2e0      	uxtb	r0, r4
   81f46:	791b      	ldrb	r3, [r3, #4]
   81f48:	4283      	cmp	r3, r0
   81f4a:	d8f7      	bhi.n	81f3c <udc_reset+0x18>
	udc_num_configuration = 0;
   81f4c:	2300      	movs	r3, #0
	udc_device_status =
   81f4e:	4a05      	ldr	r2, [pc, #20]	@ (81f64 <udc_reset+0x40>)
	udc_num_configuration = 0;
   81f50:	703b      	strb	r3, [r7, #0]
	udc_device_status =
   81f52:	8013      	strh	r3, [r2, #0]
}
   81f54:	bdf8      	pop	{r3, r4, r5, r6, r7, pc}
   81f56:	bf00      	nop
   81f58:	20003314 	.word	0x20003314
   81f5c:	20003310 	.word	0x20003310
   81f60:	00081e29 	.word	0x00081e29
   81f64:	20003316 	.word	0x20003316

00081f68 <udc_sof_notify>:
{
   81f68:	b538      	push	{r3, r4, r5, lr}
	if (udc_num_configuration) {
   81f6a:	4b0b      	ldr	r3, [pc, #44]	@ (81f98 <udc_sof_notify+0x30>)
   81f6c:	781b      	ldrb	r3, [r3, #0]
   81f6e:	b193      	cbz	r3, 81f96 <udc_sof_notify+0x2e>
				iface_num < udc_ptr_conf->desc->bNumInterfaces;
   81f70:	4d0a      	ldr	r5, [pc, #40]	@ (81f9c <udc_sof_notify+0x34>)
   81f72:	682b      	ldr	r3, [r5, #0]
   81f74:	681a      	ldr	r2, [r3, #0]
   81f76:	7912      	ldrb	r2, [r2, #4]
   81f78:	b16a      	cbz	r2, 81f96 <udc_sof_notify+0x2e>
   81f7a:	2400      	movs	r4, #0
			if (udc_ptr_conf->udi_apis[iface_num]->sof_notify != NULL) {
   81f7c:	685b      	ldr	r3, [r3, #4]
   81f7e:	f853 3024 	ldr.w	r3, [r3, r4, lsl #2]
   81f82:	691b      	ldr	r3, [r3, #16]
   81f84:	b103      	cbz	r3, 81f88 <udc_sof_notify+0x20>
				udc_ptr_conf->udi_apis[iface_num]->sof_notify();
   81f86:	4798      	blx	r3
				iface_num < udc_ptr_conf->desc->bNumInterfaces;
   81f88:	682b      	ldr	r3, [r5, #0]
   81f8a:	3401      	adds	r4, #1
   81f8c:	6819      	ldr	r1, [r3, #0]
   81f8e:	b2e2      	uxtb	r2, r4
   81f90:	7909      	ldrb	r1, [r1, #4]
   81f92:	4291      	cmp	r1, r2
   81f94:	d8f2      	bhi.n	81f7c <udc_sof_notify+0x14>
}
   81f96:	bd38      	pop	{r3, r4, r5, pc}
   81f98:	20003314 	.word	0x20003314
   81f9c:	20003310 	.word	0x20003310

00081fa0 <udc_process_setup>:
 * \return true if the request is supported, else the request is stalled by UDD
 */
bool udc_process_setup(void)
{
	// By default no data (receive/send) and no callbacks registered
	udd_g_ctrlreq.payload_size = 0;
   81fa0:	2300      	movs	r3, #0
{
   81fa2:	e92d 47f0 	stmdb	sp!, {r4, r5, r6, r7, r8, r9, sl, lr}
	udd_g_ctrlreq.payload_size = 0;
   81fa6:	4c9c      	ldr	r4, [pc, #624]	@ (82218 <udc_process_setup+0x278>)
{
   81fa8:	b082      	sub	sp, #8
	udd_g_ctrlreq.callback = NULL;
	udd_g_ctrlreq.over_under_run = NULL;

	// MS requests this using request type 0xC0 and our user defined bRequest (0x01 in our case)
	if ((udd_g_ctrlreq.req.bmRequestType == 0xC0) && (udd_g_ctrlreq.req.bRequest == 0x01)) {
   81faa:	8822      	ldrh	r2, [r4, #0]
	udd_g_ctrlreq.callback = NULL;
   81fac:	e9c4 3304 	strd	r3, r3, [r4, #16]
	if ((udd_g_ctrlreq.req.bmRequestType == 0xC0) && (udd_g_ctrlreq.req.bRequest == 0x01)) {
   81fb0:	f5b2 7fe0 	cmp.w	r2, #448	@ 0x1c0
	udd_g_ctrlreq.payload_size = 0;
   81fb4:	81a3      	strh	r3, [r4, #12]
	if ((udd_g_ctrlreq.req.bmRequestType == 0xC0) && (udd_g_ctrlreq.req.bRequest == 0x01)) {
   81fb6:	f000 80a5 	beq.w	82104 <udc_process_setup+0x164>
#endif
		udd_set_setup_payload((uint8_t *)&MS_OS_DESC, sizeof(struct MS_OS_DESC_SET_HEADER));
		return true;
	}

	if (Udd_setup_is_in()) {
   81fba:	f994 2000 	ldrsb.w	r2, [r4]
   81fbe:	7823      	ldrb	r3, [r4, #0]
   81fc0:	2a00      	cmp	r2, #0
   81fc2:	db0e      	blt.n	81fe2 <udc_process_setup+0x42>
			return false; // Error from USB host
		}
	}

	// If standard request then try to decode it in UDC
	if (Udd_setup_type() == USB_REQ_TYPE_STANDARD) {
   81fc4:	f013 0f60 	tst.w	r3, #96	@ 0x60
   81fc8:	d06b      	beq.n	820a2 <udc_process_setup+0x102>
			return true;
		}
	}

	// If interface request then try to decode it in UDI
	if ((Udd_setup_recipient() == USB_REQ_RECIP_INTERFACE) || (Udd_setup_recipient() == USB_REQ_RECIP_DEVICE)) {
   81fca:	f013 0f1e 	tst.w	r3, #30
   81fce:	d036      	beq.n	8203e <udc_process_setup+0x9e>
			return true;
		}
	}

	// If endpoint request then try to decode it in UDI
	if (Udd_setup_recipient() == USB_REQ_RECIP_ENDPOINT) {
   81fd0:	f003 031f 	and.w	r3, r3, #31
   81fd4:	2b02      	cmp	r3, #2
   81fd6:	f000 809d 	beq.w	82114 <udc_process_setup+0x174>
		return false; // The device is not is configured state yet
   81fda:	2000      	movs	r0, #0
	// Try to decode it in specific callback
	return USB_DEVICE_SPECIFIC_REQUEST(); // Ex: Vendor request,...
#else
	return false;
#endif
}
   81fdc:	b002      	add	sp, #8
   81fde:	e8bd 87f0 	ldmia.w	sp!, {r4, r5, r6, r7, r8, r9, sl, pc}
		if (udd_g_ctrlreq.req.wLength == 0) {
   81fe2:	88e1      	ldrh	r1, [r4, #6]
   81fe4:	2900      	cmp	r1, #0
   81fe6:	d0f8      	beq.n	81fda <udc_process_setup+0x3a>
	if (Udd_setup_type() == USB_REQ_TYPE_STANDARD) {
   81fe8:	f013 0f60 	tst.w	r3, #96	@ 0x60
   81fec:	d1ed      	bne.n	81fca <udc_process_setup+0x2a>
		if (USB_REQ_RECIP_DEVICE == Udd_setup_recipient()) {
   81fee:	f013 021f 	ands.w	r2, r3, #31
   81ff2:	f040 81cb 	bne.w	8238c <udc_process_setup+0x3ec>
			switch (udd_g_ctrlreq.req.bRequest) {
   81ff6:	7863      	ldrb	r3, [r4, #1]
   81ff8:	2b06      	cmp	r3, #6
   81ffa:	f000 8135 	beq.w	82268 <udc_process_setup+0x2c8>
   81ffe:	2b08      	cmp	r3, #8
   82000:	f000 8211 	beq.w	82426 <udc_process_setup+0x486>
   82004:	b9db      	cbnz	r3, 8203e <udc_process_setup+0x9e>
	if (udd_g_ctrlreq.req.wLength != sizeof(udc_device_status)) {
   82006:	2902      	cmp	r1, #2
   82008:	d119      	bne.n	8203e <udc_process_setup+0x9e>
	udd_set_setup_payload( (uint8_t *) & udc_device_status,
   8200a:	4884      	ldr	r0, [pc, #528]	@ (8221c <udc_process_setup+0x27c>)
   8200c:	4b84      	ldr	r3, [pc, #528]	@ (82220 <udc_process_setup+0x280>)
   8200e:	4798      	blx	r3
	return true;
   82010:	e07c      	b.n	8210c <udc_process_setup+0x16c>
		if (USB_REQ_RECIP_INTERFACE == Udd_setup_recipient()) {
   82012:	2a01      	cmp	r2, #1
   82014:	f000 8088 	beq.w	82128 <udc_process_setup+0x188>
		if (USB_REQ_RECIP_ENDPOINT == Udd_setup_recipient()) {
   82018:	2a02      	cmp	r2, #2
   8201a:	f040 8089 	bne.w	82130 <udc_process_setup+0x190>
			switch (udd_g_ctrlreq.req.bRequest) {
   8201e:	7862      	ldrb	r2, [r4, #1]
   82020:	2a01      	cmp	r2, #1
   82022:	f000 81f2 	beq.w	8240a <udc_process_setup+0x46a>
   82026:	2a03      	cmp	r2, #3
   82028:	d1cf      	bne.n	81fca <udc_process_setup+0x2a>
	if (udd_g_ctrlreq.req.wValue == USB_EP_FEATURE_HALT) {
   8202a:	88e2      	ldrh	r2, [r4, #6]
   8202c:	8861      	ldrh	r1, [r4, #2]
   8202e:	430a      	orrs	r2, r1
   82030:	b292      	uxth	r2, r2
   82032:	2a00      	cmp	r2, #0
   82034:	f000 821e 	beq.w	82474 <udc_process_setup+0x4d4>
	if ((Udd_setup_recipient() == USB_REQ_RECIP_INTERFACE) || (Udd_setup_recipient() == USB_REQ_RECIP_DEVICE)) {
   82038:	f013 0f1e 	tst.w	r3, #30
   8203c:	d16a      	bne.n	82114 <udc_process_setup+0x174>
		if (udd_g_ctrlreq.req.wIndex == 2) {
   8203e:	88a3      	ldrh	r3, [r4, #4]
   82040:	2b02      	cmp	r3, #2
			udd_g_ctrlreq.req.wIndex = 1;
   82042:	bf04      	itt	eq
   82044:	2301      	moveq	r3, #1
   82046:	80a3      	strheq	r3, [r4, #4]
	if (0 == udc_num_configuration) {
   82048:	4b76      	ldr	r3, [pc, #472]	@ (82224 <udc_process_setup+0x284>)
   8204a:	781b      	ldrb	r3, [r3, #0]
   8204c:	2b00      	cmp	r3, #0
   8204e:	d0c4      	beq.n	81fda <udc_process_setup+0x3a>
	if (iface_num >= udc_ptr_conf->desc->bNumInterfaces) {
   82050:	4f75      	ldr	r7, [pc, #468]	@ (82228 <udc_process_setup+0x288>)
	iface_num = udd_g_ctrlreq.req.wIndex & 0xFF;
   82052:	7925      	ldrb	r5, [r4, #4]
	if (iface_num >= udc_ptr_conf->desc->bNumInterfaces) {
   82054:	683e      	ldr	r6, [r7, #0]
   82056:	6833      	ldr	r3, [r6, #0]
   82058:	791b      	ldrb	r3, [r3, #4]
   8205a:	429d      	cmp	r5, r3
   8205c:	d33e      	bcc.n	820dc <udc_process_setup+0x13c>
	if (Udd_setup_recipient() == USB_REQ_RECIP_ENDPOINT) {
   8205e:	7822      	ldrb	r2, [r4, #0]
   82060:	f002 021f 	and.w	r2, r2, #31
   82064:	2a02      	cmp	r2, #2
   82066:	d1b8      	bne.n	81fda <udc_process_setup+0x3a>
	for (iface_num = 0; iface_num < udc_ptr_conf->desc->bNumInterfaces;
   82068:	2b00      	cmp	r3, #0
   8206a:	d0b6      	beq.n	81fda <udc_process_setup+0x3a>
   8206c:	2400      	movs	r4, #0
   8206e:	f8df 81bc 	ldr.w	r8, [pc, #444]	@ 8222c <udc_process_setup+0x28c>
   82072:	4625      	mov	r5, r4
   82074:	e004      	b.n	82080 <udc_process_setup+0xe0>
   82076:	683e      	ldr	r6, [r7, #0]
   82078:	6833      	ldr	r3, [r6, #0]
   8207a:	791b      	ldrb	r3, [r3, #4]
   8207c:	42ab      	cmp	r3, r5
   8207e:	d9ac      	bls.n	81fda <udc_process_setup+0x3a>
		udi_api = udc_ptr_conf->udi_apis[iface_num];
   82080:	6873      	ldr	r3, [r6, #4]
   82082:	f853 6024 	ldr.w	r6, [r3, r4, lsl #2]
		if (!udc_update_iface_desc(iface_num, udi_api->getsetting())) {
   82086:	68f3      	ldr	r3, [r6, #12]
   82088:	4798      	blx	r3
   8208a:	4601      	mov	r1, r0
   8208c:	4628      	mov	r0, r5
   8208e:	47c0      	blx	r8
   82090:	2800      	cmp	r0, #0
   82092:	d0a2      	beq.n	81fda <udc_process_setup+0x3a>
		if (udi_api->setup()) {
   82094:	68b3      	ldr	r3, [r6, #8]
   82096:	4798      	blx	r3
	for (iface_num = 0; iface_num < udc_ptr_conf->desc->bNumInterfaces;
   82098:	3401      	adds	r4, #1
   8209a:	b2e5      	uxtb	r5, r4
		if (udi_api->setup()) {
   8209c:	2800      	cmp	r0, #0
   8209e:	d0ea      	beq.n	82076 <udc_process_setup+0xd6>
   820a0:	e79c      	b.n	81fdc <udc_process_setup+0x3c>
		if (USB_REQ_RECIP_DEVICE == Udd_setup_recipient()) {
   820a2:	f013 021f 	ands.w	r2, r3, #31
   820a6:	d1b4      	bne.n	82012 <udc_process_setup+0x72>
			switch (udd_g_ctrlreq.req.bRequest) {
   820a8:	7863      	ldrb	r3, [r4, #1]
   820aa:	3b01      	subs	r3, #1
   820ac:	2b08      	cmp	r3, #8
   820ae:	d8c6      	bhi.n	8203e <udc_process_setup+0x9e>
   820b0:	a201      	add	r2, pc, #4	@ (adr r2, 820b8 <udc_process_setup+0x118>)
   820b2:	f852 f023 	ldr.w	pc, [r2, r3, lsl #2]
   820b6:	bf00      	nop
   820b8:	0008224d 	.word	0x0008224d
   820bc:	0008203f 	.word	0x0008203f
   820c0:	00082149 	.word	0x00082149
   820c4:	0008203f 	.word	0x0008203f
   820c8:	0008213b 	.word	0x0008213b
   820cc:	0008203f 	.word	0x0008203f
   820d0:	0008203f 	.word	0x0008203f
   820d4:	0008203f 	.word	0x0008203f
   820d8:	0008216b 	.word	0x0008216b
	if (!udc_update_iface_desc(iface_num, 0)) {
   820dc:	2100      	movs	r1, #0
   820de:	4628      	mov	r0, r5
   820e0:	f8df 8148 	ldr.w	r8, [pc, #328]	@ 8222c <udc_process_setup+0x28c>
   820e4:	47c0      	blx	r8
   820e6:	b158      	cbz	r0, 82100 <udc_process_setup+0x160>
	udi_api = udc_ptr_conf->udi_apis[iface_num];
   820e8:	6873      	ldr	r3, [r6, #4]
   820ea:	f853 6025 	ldr.w	r6, [r3, r5, lsl #2]
	if (!udc_update_iface_desc(iface_num, udi_api->getsetting())) {
   820ee:	68f3      	ldr	r3, [r6, #12]
   820f0:	4798      	blx	r3
   820f2:	4601      	mov	r1, r0
   820f4:	4628      	mov	r0, r5
   820f6:	47c0      	blx	r8
   820f8:	b110      	cbz	r0, 82100 <udc_process_setup+0x160>
	return udi_api->setup();
   820fa:	68b3      	ldr	r3, [r6, #8]
   820fc:	4798      	blx	r3
		if (udc_req_iface()) {
   820fe:	b928      	cbnz	r0, 8210c <udc_process_setup+0x16c>
	if (Udd_setup_recipient() == USB_REQ_RECIP_ENDPOINT) {
   82100:	7823      	ldrb	r3, [r4, #0]
   82102:	e765      	b.n	81fd0 <udc_process_setup+0x30>
		udd_set_setup_payload((uint8_t *)&MS_OS_DESC, sizeof(struct MS_OS_DESC_SET_HEADER));
   82104:	219e      	movs	r1, #158	@ 0x9e
   82106:	484a      	ldr	r0, [pc, #296]	@ (82230 <udc_process_setup+0x290>)
   82108:	4b45      	ldr	r3, [pc, #276]	@ (82220 <udc_process_setup+0x280>)
   8210a:	4798      	blx	r3
		return true;
   8210c:	2001      	movs	r0, #1
}
   8210e:	b002      	add	sp, #8
   82110:	e8bd 87f0 	ldmia.w	sp!, {r4, r5, r6, r7, r8, r9, sl, pc}
	if (0 == udc_num_configuration) {
   82114:	4b43      	ldr	r3, [pc, #268]	@ (82224 <udc_process_setup+0x284>)
   82116:	781b      	ldrb	r3, [r3, #0]
   82118:	2b00      	cmp	r3, #0
   8211a:	f43f af5e 	beq.w	81fda <udc_process_setup+0x3a>
	for (iface_num = 0; iface_num < udc_ptr_conf->desc->bNumInterfaces;
   8211e:	4f42      	ldr	r7, [pc, #264]	@ (82228 <udc_process_setup+0x288>)
   82120:	683e      	ldr	r6, [r7, #0]
   82122:	6833      	ldr	r3, [r6, #0]
   82124:	791b      	ldrb	r3, [r3, #4]
   82126:	e79f      	b.n	82068 <udc_process_setup+0xc8>
			switch (udd_g_ctrlreq.req.bRequest) {
   82128:	7862      	ldrb	r2, [r4, #1]
   8212a:	2a0b      	cmp	r2, #11
   8212c:	f000 8182 	beq.w	82434 <udc_process_setup+0x494>
	if ((Udd_setup_recipient() == USB_REQ_RECIP_INTERFACE) || (Udd_setup_recipient() == USB_REQ_RECIP_DEVICE)) {
   82130:	f013 0f1e 	tst.w	r3, #30
   82134:	f47f af51 	bne.w	81fda <udc_process_setup+0x3a>
   82138:	e781      	b.n	8203e <udc_process_setup+0x9e>
	if (udd_g_ctrlreq.req.wLength) {
   8213a:	88e3      	ldrh	r3, [r4, #6]
   8213c:	2b00      	cmp	r3, #0
   8213e:	f47f af7e 	bne.w	8203e <udc_process_setup+0x9e>
	udd_g_ctrlreq.callback = udc_valid_address;
   82142:	4b3c      	ldr	r3, [pc, #240]	@ (82234 <udc_process_setup+0x294>)
   82144:	6123      	str	r3, [r4, #16]
	return true;
   82146:	e7e1      	b.n	8210c <udc_process_setup+0x16c>
	if (udd_g_ctrlreq.req.wLength) {
   82148:	88e3      	ldrh	r3, [r4, #6]
   8214a:	2b00      	cmp	r3, #0
   8214c:	f47f af77 	bne.w	8203e <udc_process_setup+0x9e>
	switch (udd_g_ctrlreq.req.wValue) {
   82150:	8863      	ldrh	r3, [r4, #2]
   82152:	2b02      	cmp	r3, #2
   82154:	f47f af73 	bne.w	8203e <udc_process_setup+0x9e>
		if (!udd_is_high_speed()) {
   82158:	4b37      	ldr	r3, [pc, #220]	@ (82238 <udc_process_setup+0x298>)
   8215a:	4798      	blx	r3
   8215c:	b118      	cbz	r0, 82166 <udc_process_setup+0x1c6>
		if (udd_g_ctrlreq.req.wIndex & 0xff) {
   8215e:	7923      	ldrb	r3, [r4, #4]
   82160:	2b00      	cmp	r3, #0
   82162:	f000 81e3 	beq.w	8252c <udc_process_setup+0x58c>
	if ((Udd_setup_recipient() == USB_REQ_RECIP_INTERFACE) || (Udd_setup_recipient() == USB_REQ_RECIP_DEVICE)) {
   82166:	7823      	ldrb	r3, [r4, #0]
   82168:	e72f      	b.n	81fca <udc_process_setup+0x2a>
	if (udd_g_ctrlreq.req.wLength) {
   8216a:	88e3      	ldrh	r3, [r4, #6]
   8216c:	2b00      	cmp	r3, #0
   8216e:	f47f af66 	bne.w	8203e <udc_process_setup+0x9e>
	if (!udd_getaddress()) {
   82172:	4b32      	ldr	r3, [pc, #200]	@ (8223c <udc_process_setup+0x29c>)
   82174:	4798      	blx	r3
   82176:	2800      	cmp	r0, #0
   82178:	d0f5      	beq.n	82166 <udc_process_setup+0x1c6>
	if (udd_is_high_speed()) {
   8217a:	f8df 90bc 	ldr.w	r9, [pc, #188]	@ 82238 <udc_process_setup+0x298>
   8217e:	47c8      	blx	r9
				udc_config.confdev_hs->bNumConfigurations) {
   82180:	f8df a0bc 	ldr.w	sl, [pc, #188]	@ 82240 <udc_process_setup+0x2a0>
   82184:	78a3      	ldrb	r3, [r4, #2]
	if (udd_is_high_speed()) {
   82186:	2800      	cmp	r0, #0
   82188:	f000 816d 	beq.w	82466 <udc_process_setup+0x4c6>
				udc_config.confdev_hs->bNumConfigurations) {
   8218c:	f8da 2008 	ldr.w	r2, [sl, #8]
		if ((udd_g_ctrlreq.req.wValue & 0xFF) >
   82190:	7c52      	ldrb	r2, [r2, #17]
   82192:	429a      	cmp	r2, r3
   82194:	d3e7      	bcc.n	82166 <udc_process_setup+0x1c6>
	if (udc_num_configuration) {
   82196:	f8df 808c 	ldr.w	r8, [pc, #140]	@ 82224 <udc_process_setup+0x284>
   8219a:	f898 3000 	ldrb.w	r3, [r8]
   8219e:	b17b      	cbz	r3, 821c0 <udc_process_setup+0x220>
				iface_num < udc_ptr_conf->desc->bNumInterfaces;
   821a0:	4f21      	ldr	r7, [pc, #132]	@ (82228 <udc_process_setup+0x288>)
   821a2:	683b      	ldr	r3, [r7, #0]
   821a4:	681b      	ldr	r3, [r3, #0]
   821a6:	791b      	ldrb	r3, [r3, #4]
   821a8:	b153      	cbz	r3, 821c0 <udc_process_setup+0x220>
   821aa:	2500      	movs	r5, #0
   821ac:	4628      	mov	r0, r5
   821ae:	4e25      	ldr	r6, [pc, #148]	@ (82244 <udc_process_setup+0x2a4>)
			udc_iface_disable(iface_num);
   821b0:	47b0      	blx	r6
				iface_num < udc_ptr_conf->desc->bNumInterfaces;
   821b2:	683b      	ldr	r3, [r7, #0]
   821b4:	3501      	adds	r5, #1
   821b6:	681b      	ldr	r3, [r3, #0]
   821b8:	b2e8      	uxtb	r0, r5
   821ba:	791b      	ldrb	r3, [r3, #4]
   821bc:	4283      	cmp	r3, r0
   821be:	d8f7      	bhi.n	821b0 <udc_process_setup+0x210>
	udc_device_status =
   821c0:	2200      	movs	r2, #0
   821c2:	4b16      	ldr	r3, [pc, #88]	@ (8221c <udc_process_setup+0x27c>)
   821c4:	801a      	strh	r2, [r3, #0]
	udc_num_configuration = udd_g_ctrlreq.req.wValue & 0xFF;
   821c6:	78a3      	ldrb	r3, [r4, #2]
   821c8:	f888 3000 	strb.w	r3, [r8]
	if (udc_num_configuration == 0) {
   821cc:	2b00      	cmp	r3, #0
   821ce:	d09d      	beq.n	8210c <udc_process_setup+0x16c>
	if (udd_is_high_speed()) {
   821d0:	47c8      	blx	r9
		udc_ptr_conf = &udc_config.conf_hs[udc_num_configuration - 1];
   821d2:	f898 3000 	ldrb.w	r3, [r8]
   821d6:	f103 5300 	add.w	r3, r3, #536870912	@ 0x20000000
   821da:	3b01      	subs	r3, #1
   821dc:	00db      	lsls	r3, r3, #3
	if (udd_is_high_speed()) {
   821de:	2800      	cmp	r0, #0
   821e0:	f000 816a 	beq.w	824b8 <udc_process_setup+0x518>
		udc_ptr_conf = &udc_config.conf_hs[udc_num_configuration - 1];
   821e4:	f8da 2010 	ldr.w	r2, [sl, #16]
   821e8:	4413      	add	r3, r2
	for (iface_num = 0; iface_num < udc_ptr_conf->desc->bNumInterfaces;
   821ea:	681a      	ldr	r2, [r3, #0]
   821ec:	4f0e      	ldr	r7, [pc, #56]	@ (82228 <udc_process_setup+0x288>)
   821ee:	7912      	ldrb	r2, [r2, #4]
   821f0:	603b      	str	r3, [r7, #0]
   821f2:	2a00      	cmp	r2, #0
   821f4:	d08a      	beq.n	8210c <udc_process_setup+0x16c>
   821f6:	2500      	movs	r5, #0
   821f8:	4e13      	ldr	r6, [pc, #76]	@ (82248 <udc_process_setup+0x2a8>)
   821fa:	462b      	mov	r3, r5
   821fc:	e004      	b.n	82208 <udc_process_setup+0x268>
   821fe:	683a      	ldr	r2, [r7, #0]
   82200:	6812      	ldr	r2, [r2, #0]
   82202:	7912      	ldrb	r2, [r2, #4]
   82204:	429a      	cmp	r2, r3
   82206:	d981      	bls.n	8210c <udc_process_setup+0x16c>
		if (!udc_iface_enable(iface_num, 0)) {
   82208:	4618      	mov	r0, r3
   8220a:	2100      	movs	r1, #0
   8220c:	47b0      	blx	r6
	for (iface_num = 0; iface_num < udc_ptr_conf->desc->bNumInterfaces;
   8220e:	3501      	adds	r5, #1
   82210:	b2eb      	uxtb	r3, r5
		if (!udc_iface_enable(iface_num, 0)) {
   82212:	2800      	cmp	r0, #0
   82214:	d1f3      	bne.n	821fe <udc_process_setup+0x25e>
   82216:	e7a6      	b.n	82166 <udc_process_setup+0x1c6>
   82218:	200033e0 	.word	0x200033e0
   8221c:	20003316 	.word	0x20003316
   82220:	00083e1d 	.word	0x00083e1d
   82224:	20003314 	.word	0x20003314
   82228:	20003310 	.word	0x20003310
   8222c:	00081da9 	.word	0x00081da9
   82230:	20000260 	.word	0x20000260
   82234:	00081e15 	.word	0x00081e15
   82238:	00083dcd 	.word	0x00083dcd
   8223c:	00083dfd 	.word	0x00083dfd
   82240:	20000320 	.word	0x20000320
   82244:	00081e29 	.word	0x00081e29
   82248:	00081ea9 	.word	0x00081ea9
	if (udd_g_ctrlreq.req.wLength) {
   8224c:	88e3      	ldrh	r3, [r4, #6]
   8224e:	2b00      	cmp	r3, #0
   82250:	f47f aef5 	bne.w	8203e <udc_process_setup+0x9e>
	if (udd_g_ctrlreq.req.wValue == USB_DEV_FEATURE_REMOTE_WAKEUP) {
   82254:	8863      	ldrh	r3, [r4, #2]
   82256:	2b01      	cmp	r3, #1
   82258:	f47f aef1 	bne.w	8203e <udc_process_setup+0x9e>
		udc_device_status &= CPU_TO_LE16(~(uint32_t)USB_DEV_STATUS_REMOTEWAKEUP);
   8225c:	4a9e      	ldr	r2, [pc, #632]	@ (824d8 <udc_process_setup+0x538>)
   8225e:	8813      	ldrh	r3, [r2, #0]
   82260:	f023 0302 	bic.w	r3, r3, #2
   82264:	8013      	strh	r3, [r2, #0]
		return true;
   82266:	e751      	b.n	8210c <udc_process_setup+0x16c>
	conf_num = udd_g_ctrlreq.req.wValue & 0xff;
   82268:	8862      	ldrh	r2, [r4, #2]
	switch ((uint8_t) (udd_g_ctrlreq.req.wValue >> 8)) {
   8226a:	0a13      	lsrs	r3, r2, #8
   8226c:	3b01      	subs	r3, #1
	conf_num = udd_g_ctrlreq.req.wValue & 0xff;
   8226e:	b2d5      	uxtb	r5, r2
	switch ((uint8_t) (udd_g_ctrlreq.req.wValue >> 8)) {
   82270:	2b0e      	cmp	r3, #14
   82272:	f63f aee4 	bhi.w	8203e <udc_process_setup+0x9e>
   82276:	a201      	add	r2, pc, #4	@ (adr r2, 8227c <udc_process_setup+0x2dc>)
   82278:	f852 f023 	ldr.w	pc, [r2, r3, lsl #2]
   8227c:	00082313 	.word	0x00082313
   82280:	000822e9 	.word	0x000822e9
   82284:	000822db 	.word	0x000822db
   82288:	0008203f 	.word	0x0008203f
   8228c:	0008203f 	.word	0x0008203f
   82290:	000822cf 	.word	0x000822cf
   82294:	00082329 	.word	0x00082329
   82298:	0008203f 	.word	0x0008203f
   8229c:	0008203f 	.word	0x0008203f
   822a0:	0008203f 	.word	0x0008203f
   822a4:	0008203f 	.word	0x0008203f
   822a8:	0008203f 	.word	0x0008203f
   822ac:	0008203f 	.word	0x0008203f
   822b0:	0008203f 	.word	0x0008203f
   822b4:	000822b9 	.word	0x000822b9
		udd_set_setup_payload( (uint8_t *) &MS_BOS_PACKET,
   822b8:	2121      	movs	r1, #33	@ 0x21
   822ba:	4888      	ldr	r0, [pc, #544]	@ (824dc <udc_process_setup+0x53c>)
   822bc:	4b88      	ldr	r3, [pc, #544]	@ (824e0 <udc_process_setup+0x540>)
   822be:	4798      	blx	r3
	if (udd_g_ctrlreq.req.wLength < udd_g_ctrlreq.payload_size) {
   822c0:	88e3      	ldrh	r3, [r4, #6]
   822c2:	89a2      	ldrh	r2, [r4, #12]
   822c4:	429a      	cmp	r2, r3
   822c6:	f67f af21 	bls.w	8210c <udc_process_setup+0x16c>
		udd_g_ctrlreq.payload_size = udd_g_ctrlreq.req.wLength;
   822ca:	81a3      	strh	r3, [r4, #12]
   822cc:	e71e      	b.n	8210c <udc_process_setup+0x16c>
		udd_set_setup_payload( (uint8_t *) udc_config.qualifier,
   822ce:	4a85      	ldr	r2, [pc, #532]	@ (824e4 <udc_process_setup+0x544>)
   822d0:	4b83      	ldr	r3, [pc, #524]	@ (824e0 <udc_process_setup+0x540>)
   822d2:	68d0      	ldr	r0, [r2, #12]
   822d4:	7801      	ldrb	r1, [r0, #0]
   822d6:	4798      	blx	r3
		break;
   822d8:	e7f2      	b.n	822c0 <udc_process_setup+0x320>
	switch (udd_g_ctrlreq.req.wValue & 0xff) {
   822da:	2d03      	cmp	r5, #3
   822dc:	f63f aeaf 	bhi.w	8203e <udc_process_setup+0x9e>
   822e0:	e8df f005 	tbb	[pc, r5]
   822e4:	5137494c 	.word	0x5137494c
		if (udd_is_high_speed()) {
   822e8:	4b7f      	ldr	r3, [pc, #508]	@ (824e8 <udc_process_setup+0x548>)
   822ea:	4798      	blx	r3
			if (conf_num >= udc_config.confdev_hs->
   822ec:	4b7d      	ldr	r3, [pc, #500]	@ (824e4 <udc_process_setup+0x544>)
		if (udd_is_high_speed()) {
   822ee:	2800      	cmp	r0, #0
   822f0:	f000 80d6 	beq.w	824a0 <udc_process_setup+0x500>
			if (conf_num >= udc_config.confdev_hs->
   822f4:	689a      	ldr	r2, [r3, #8]
   822f6:	7c52      	ldrb	r2, [r2, #17]
   822f8:	42aa      	cmp	r2, r5
   822fa:	f67f af34 	bls.w	82166 <udc_process_setup+0x1c6>
				(uint8_t *)udc_config.conf_hs[conf_num].desc,
   822fe:	691a      	ldr	r2, [r3, #16]
			udd_set_setup_payload(
   82300:	4b77      	ldr	r3, [pc, #476]	@ (824e0 <udc_process_setup+0x540>)
				(uint8_t *)udc_config.conf_hs[conf_num].desc,
   82302:	f852 0035 	ldr.w	r0, [r2, r5, lsl #3]
			udd_set_setup_payload(
   82306:	8841      	ldrh	r1, [r0, #2]
   82308:	4798      	blx	r3
		((usb_conf_desc_t *) udd_g_ctrlreq.payload)->bDescriptorType =
   8230a:	2202      	movs	r2, #2
   8230c:	68a3      	ldr	r3, [r4, #8]
   8230e:	705a      	strb	r2, [r3, #1]
		break;
   82310:	e7d6      	b.n	822c0 <udc_process_setup+0x320>
		if (!udd_is_high_speed()) {
   82312:	4b75      	ldr	r3, [pc, #468]	@ (824e8 <udc_process_setup+0x548>)
   82314:	4798      	blx	r3
   82316:	2800      	cmp	r0, #0
   82318:	f040 80d2 	bne.w	824c0 <udc_process_setup+0x520>
				(uint8_t *) udc_config.confdev_hs,
   8231c:	4a71      	ldr	r2, [pc, #452]	@ (824e4 <udc_process_setup+0x544>)
			udd_set_setup_payload(
   8231e:	4b70      	ldr	r3, [pc, #448]	@ (824e0 <udc_process_setup+0x540>)
				(uint8_t *) udc_config.confdev_hs,
   82320:	6890      	ldr	r0, [r2, #8]
			udd_set_setup_payload(
   82322:	7801      	ldrb	r1, [r0, #0]
   82324:	4798      	blx	r3
   82326:	e7cb      	b.n	822c0 <udc_process_setup+0x320>
		if (!udd_is_high_speed()) {
   82328:	4b6f      	ldr	r3, [pc, #444]	@ (824e8 <udc_process_setup+0x548>)
   8232a:	4798      	blx	r3
			if (conf_num >= udc_config.confdev_hs->
   8232c:	4b6d      	ldr	r3, [pc, #436]	@ (824e4 <udc_process_setup+0x544>)
		if (!udd_is_high_speed()) {
   8232e:	2800      	cmp	r0, #0
   82330:	f040 80aa 	bne.w	82488 <udc_process_setup+0x4e8>
			if (conf_num >= udc_config.confdev_hs->
   82334:	689a      	ldr	r2, [r3, #8]
   82336:	7c52      	ldrb	r2, [r2, #17]
   82338:	42aa      	cmp	r2, r5
   8233a:	f67f af14 	bls.w	82166 <udc_process_setup+0x1c6>
				(uint8_t *)udc_config.conf_hs[conf_num].desc,
   8233e:	691a      	ldr	r2, [r3, #16]
			udd_set_setup_payload(
   82340:	4b67      	ldr	r3, [pc, #412]	@ (824e0 <udc_process_setup+0x540>)
				(uint8_t *)udc_config.conf_hs[conf_num].desc,
   82342:	f852 0035 	ldr.w	r0, [r2, r5, lsl #3]
			udd_set_setup_payload(
   82346:	8841      	ldrh	r1, [r0, #2]
   82348:	4798      	blx	r3
		((usb_conf_desc_t *) udd_g_ctrlreq.payload)->bDescriptorType =
   8234a:	2207      	movs	r2, #7
   8234c:	68a3      	ldr	r3, [r4, #8]
   8234e:	705a      	strb	r2, [r3, #1]
		break;
   82350:	e7b6      	b.n	822c0 <udc_process_setup+0x320>
	switch (udd_g_ctrlreq.req.wValue & 0xff) {
   82352:	2113      	movs	r1, #19
   82354:	4b65      	ldr	r3, [pc, #404]	@ (824ec <udc_process_setup+0x54c>)
		for(i = 0; i < str_length; i++) {
   82356:	4e66      	ldr	r6, [pc, #408]	@ (824f0 <udc_process_setup+0x550>)
   82358:	185d      	adds	r5, r3, r1
   8235a:	4632      	mov	r2, r6
			udc_string_desc.string[i] = cpu_to_le16((le16_t)str[i]);
   8235c:	f813 0b01 	ldrb.w	r0, [r3], #1
		for(i = 0; i < str_length; i++) {
   82360:	429d      	cmp	r5, r3
			udc_string_desc.string[i] = cpu_to_le16((le16_t)str[i]);
   82362:	f822 0f02 	strh.w	r0, [r2, #2]!
		for(i = 0; i < str_length; i++) {
   82366:	d1f9      	bne.n	8235c <udc_process_setup+0x3bc>
		udc_string_desc.header.bLength = 2 + (str_length) * 2;
   82368:	0049      	lsls	r1, r1, #1
   8236a:	3102      	adds	r1, #2
		udd_set_setup_payload(
   8236c:	4860      	ldr	r0, [pc, #384]	@ (824f0 <udc_process_setup+0x550>)
   8236e:	4b5c      	ldr	r3, [pc, #368]	@ (824e0 <udc_process_setup+0x540>)
		udc_string_desc.header.bLength = 2 + (str_length) * 2;
   82370:	7031      	strb	r1, [r6, #0]
		udd_set_setup_payload(
   82372:	4798      	blx	r3
   82374:	e7a4      	b.n	822c0 <udc_process_setup+0x320>
		str_length = USB_DEVICE_MANUFACTURE_NAME_SIZE;
   82376:	2115      	movs	r1, #21
		str = udc_string_manufacturer_name;
   82378:	4b5e      	ldr	r3, [pc, #376]	@ (824f4 <udc_process_setup+0x554>)
   8237a:	e7ec      	b.n	82356 <udc_process_setup+0x3b6>
		udd_set_setup_payload((uint8_t *) &udc_string_desc_languageid,
   8237c:	2104      	movs	r1, #4
   8237e:	485e      	ldr	r0, [pc, #376]	@ (824f8 <udc_process_setup+0x558>)
   82380:	4b57      	ldr	r3, [pc, #348]	@ (824e0 <udc_process_setup+0x540>)
   82382:	4798      	blx	r3
	if (str_length) {
   82384:	e79c      	b.n	822c0 <udc_process_setup+0x320>
		str_length = USB_DEVICE_SERIAL_NAME_SIZE;
   82386:	2120      	movs	r1, #32
		str = udc_get_string_serial_name();
   82388:	4b5c      	ldr	r3, [pc, #368]	@ (824fc <udc_process_setup+0x55c>)
		break;
   8238a:	e7e4      	b.n	82356 <udc_process_setup+0x3b6>
		if (USB_REQ_RECIP_INTERFACE == Udd_setup_recipient()) {
   8238c:	2a01      	cmp	r2, #1
   8238e:	d014      	beq.n	823ba <udc_process_setup+0x41a>
		if (USB_REQ_RECIP_ENDPOINT == Udd_setup_recipient()) {
   82390:	2a02      	cmp	r2, #2
   82392:	f47f aecd 	bne.w	82130 <udc_process_setup+0x190>
			switch (udd_g_ctrlreq.req.bRequest) {
   82396:	7862      	ldrb	r2, [r4, #1]
   82398:	2a00      	cmp	r2, #0
   8239a:	f47f ae4d 	bne.w	82038 <udc_process_setup+0x98>
	if (udd_g_ctrlreq.req.wLength != sizeof(udc_ep_status)) {
   8239e:	2902      	cmp	r1, #2
   823a0:	f47f ae4a 	bne.w	82038 <udc_process_setup+0x98>
	udc_ep_status = udd_ep_is_halted(udd_g_ctrlreq.req.
   823a4:	7920      	ldrb	r0, [r4, #4]
   823a6:	4b56      	ldr	r3, [pc, #344]	@ (82500 <udc_process_setup+0x560>)
   823a8:	9101      	str	r1, [sp, #4]
   823aa:	4798      	blx	r3
   823ac:	4602      	mov	r2, r0
   823ae:	4855      	ldr	r0, [pc, #340]	@ (82504 <udc_process_setup+0x564>)
	udd_set_setup_payload( (uint8_t *) & udc_ep_status,
   823b0:	4b4b      	ldr	r3, [pc, #300]	@ (824e0 <udc_process_setup+0x540>)
   823b2:	9901      	ldr	r1, [sp, #4]
			wIndex & 0xFF) ? CPU_TO_LE16(USB_EP_STATUS_HALTED) : 0;
   823b4:	8002      	strh	r2, [r0, #0]
	udd_set_setup_payload( (uint8_t *) & udc_ep_status,
   823b6:	4798      	blx	r3
	return true;
   823b8:	e6a8      	b.n	8210c <udc_process_setup+0x16c>
			switch (udd_g_ctrlreq.req.bRequest) {
   823ba:	7862      	ldrb	r2, [r4, #1]
   823bc:	2a0a      	cmp	r2, #10
   823be:	f47f aeb7 	bne.w	82130 <udc_process_setup+0x190>
	if (udd_g_ctrlreq.req.wLength != 1) {
   823c2:	2901      	cmp	r1, #1
   823c4:	f47f aeb4 	bne.w	82130 <udc_process_setup+0x190>
	if (!udc_num_configuration) {
   823c8:	4a4f      	ldr	r2, [pc, #316]	@ (82508 <udc_process_setup+0x568>)
   823ca:	7812      	ldrb	r2, [r2, #0]
   823cc:	2a00      	cmp	r2, #0
   823ce:	f43f aeaf 	beq.w	82130 <udc_process_setup+0x190>
	if (iface_num >= udc_ptr_conf->desc->bNumInterfaces) {
   823d2:	4a4e      	ldr	r2, [pc, #312]	@ (8250c <udc_process_setup+0x56c>)
	iface_num = udd_g_ctrlreq.req.wIndex & 0xFF;
   823d4:	7925      	ldrb	r5, [r4, #4]
	if (iface_num >= udc_ptr_conf->desc->bNumInterfaces) {
   823d6:	6816      	ldr	r6, [r2, #0]
   823d8:	6832      	ldr	r2, [r6, #0]
   823da:	7912      	ldrb	r2, [r2, #4]
   823dc:	42aa      	cmp	r2, r5
   823de:	f67f aea7 	bls.w	82130 <udc_process_setup+0x190>
	if (!udc_update_iface_desc(iface_num, 0)) {
   823e2:	2100      	movs	r1, #0
   823e4:	4628      	mov	r0, r5
   823e6:	f8df 8128 	ldr.w	r8, [pc, #296]	@ 82510 <udc_process_setup+0x570>
   823ea:	47c0      	blx	r8
   823ec:	2800      	cmp	r0, #0
   823ee:	f43f aeba 	beq.w	82166 <udc_process_setup+0x1c6>
	udi_api = udc_ptr_conf->udi_apis[iface_num];
   823f2:	6873      	ldr	r3, [r6, #4]
	udc_iface_setting = udi_api->getsetting();
   823f4:	f853 3025 	ldr.w	r3, [r3, r5, lsl #2]
   823f8:	68db      	ldr	r3, [r3, #12]
   823fa:	4798      	blx	r3
   823fc:	4602      	mov	r2, r0
   823fe:	4845      	ldr	r0, [pc, #276]	@ (82514 <udc_process_setup+0x574>)
	udd_set_setup_payload(&udc_iface_setting,1);
   82400:	2101      	movs	r1, #1
   82402:	4b37      	ldr	r3, [pc, #220]	@ (824e0 <udc_process_setup+0x540>)
	udc_iface_setting = udi_api->getsetting();
   82404:	7002      	strb	r2, [r0, #0]
	udd_set_setup_payload(&udc_iface_setting,1);
   82406:	4798      	blx	r3
	return true;
   82408:	e680      	b.n	8210c <udc_process_setup+0x16c>
	if (udd_g_ctrlreq.req.wValue == USB_EP_FEATURE_HALT) {
   8240a:	88e2      	ldrh	r2, [r4, #6]
   8240c:	8861      	ldrh	r1, [r4, #2]
   8240e:	430a      	orrs	r2, r1
   82410:	b292      	uxth	r2, r2
   82412:	2a00      	cmp	r2, #0
   82414:	f47f ae10 	bne.w	82038 <udc_process_setup+0x98>
		return udd_ep_clear_halt(udd_g_ctrlreq.req.wIndex & 0xFF);
   82418:	7920      	ldrb	r0, [r4, #4]
   8241a:	4b3f      	ldr	r3, [pc, #252]	@ (82518 <udc_process_setup+0x578>)
   8241c:	4798      	blx	r3
		if (udc_reqstd()) {
   8241e:	2800      	cmp	r0, #0
   82420:	f47f ae74 	bne.w	8210c <udc_process_setup+0x16c>
   82424:	e69f      	b.n	82166 <udc_process_setup+0x1c6>
	if (udd_g_ctrlreq.req.wLength != 1) {
   82426:	2901      	cmp	r1, #1
   82428:	f47f ae09 	bne.w	8203e <udc_process_setup+0x9e>
	udd_set_setup_payload(&udc_num_configuration,1);
   8242c:	4836      	ldr	r0, [pc, #216]	@ (82508 <udc_process_setup+0x568>)
   8242e:	4b2c      	ldr	r3, [pc, #176]	@ (824e0 <udc_process_setup+0x540>)
   82430:	4798      	blx	r3
	return true;
   82432:	e66b      	b.n	8210c <udc_process_setup+0x16c>
	if (udd_g_ctrlreq.req.wLength) {
   82434:	88e2      	ldrh	r2, [r4, #6]
   82436:	2a00      	cmp	r2, #0
   82438:	f47f ae7a 	bne.w	82130 <udc_process_setup+0x190>
	if (!udc_num_configuration) {
   8243c:	4a32      	ldr	r2, [pc, #200]	@ (82508 <udc_process_setup+0x568>)
   8243e:	7812      	ldrb	r2, [r2, #0]
   82440:	2a00      	cmp	r2, #0
   82442:	f43f ae75 	beq.w	82130 <udc_process_setup+0x190>
	iface_num = udd_g_ctrlreq.req.wIndex & 0xFF;
   82446:	7925      	ldrb	r5, [r4, #4]
	if (!udc_iface_disable(iface_num)) {
   82448:	4b34      	ldr	r3, [pc, #208]	@ (8251c <udc_process_setup+0x57c>)
   8244a:	4628      	mov	r0, r5
	setting_num = udd_g_ctrlreq.req.wValue & 0xFF;
   8244c:	8866      	ldrh	r6, [r4, #2]
	if (!udc_iface_disable(iface_num)) {
   8244e:	4798      	blx	r3
   82450:	2800      	cmp	r0, #0
   82452:	f43f ae88 	beq.w	82166 <udc_process_setup+0x1c6>
	return udc_iface_enable(iface_num, setting_num);
   82456:	4628      	mov	r0, r5
   82458:	4b31      	ldr	r3, [pc, #196]	@ (82520 <udc_process_setup+0x580>)
   8245a:	b2f1      	uxtb	r1, r6
   8245c:	4798      	blx	r3
		if (udc_reqstd()) {
   8245e:	2800      	cmp	r0, #0
   82460:	f47f ae54 	bne.w	8210c <udc_process_setup+0x16c>
   82464:	e67f      	b.n	82166 <udc_process_setup+0x1c6>
				udc_config.confdev_lsfs->bNumConfigurations) {
   82466:	f8da 2000 	ldr.w	r2, [sl]
		if ((udd_g_ctrlreq.req.wValue & 0xFF) >
   8246a:	7c52      	ldrb	r2, [r2, #17]
   8246c:	429a      	cmp	r2, r3
   8246e:	f4bf ae92 	bcs.w	82196 <udc_process_setup+0x1f6>
   82472:	e678      	b.n	82166 <udc_process_setup+0x1c6>
		udd_ep_abort(udd_g_ctrlreq.req.wIndex & 0xFF);
   82474:	7920      	ldrb	r0, [r4, #4]
   82476:	4b2b      	ldr	r3, [pc, #172]	@ (82524 <udc_process_setup+0x584>)
   82478:	4798      	blx	r3
		return udd_ep_set_halt(udd_g_ctrlreq.req.wIndex & 0xFF);
   8247a:	4b2b      	ldr	r3, [pc, #172]	@ (82528 <udc_process_setup+0x588>)
   8247c:	7920      	ldrb	r0, [r4, #4]
   8247e:	4798      	blx	r3
		if (udc_reqstd()) {
   82480:	2800      	cmp	r0, #0
   82482:	f47f ae43 	bne.w	8210c <udc_process_setup+0x16c>
   82486:	e66e      	b.n	82166 <udc_process_setup+0x1c6>
			if (conf_num >= udc_config.confdev_lsfs->
   82488:	681a      	ldr	r2, [r3, #0]
   8248a:	7c52      	ldrb	r2, [r2, #17]
   8248c:	42aa      	cmp	r2, r5
   8248e:	f67f ae6a 	bls.w	82166 <udc_process_setup+0x1c6>
				(uint8_t *)udc_config.conf_lsfs[conf_num].desc,
   82492:	685a      	ldr	r2, [r3, #4]
			udd_set_setup_payload(
   82494:	4b12      	ldr	r3, [pc, #72]	@ (824e0 <udc_process_setup+0x540>)
				(uint8_t *)udc_config.conf_lsfs[conf_num].desc,
   82496:	f852 0035 	ldr.w	r0, [r2, r5, lsl #3]
			udd_set_setup_payload(
   8249a:	8841      	ldrh	r1, [r0, #2]
   8249c:	4798      	blx	r3
   8249e:	e754      	b.n	8234a <udc_process_setup+0x3aa>
			if (conf_num >= udc_config.confdev_lsfs->
   824a0:	681a      	ldr	r2, [r3, #0]
   824a2:	7c52      	ldrb	r2, [r2, #17]
   824a4:	42aa      	cmp	r2, r5
   824a6:	f67f ae5e 	bls.w	82166 <udc_process_setup+0x1c6>
				(uint8_t *)udc_config.conf_lsfs[conf_num].desc,
   824aa:	685a      	ldr	r2, [r3, #4]
			udd_set_setup_payload(
   824ac:	4b0c      	ldr	r3, [pc, #48]	@ (824e0 <udc_process_setup+0x540>)
				(uint8_t *)udc_config.conf_lsfs[conf_num].desc,
   824ae:	f852 0035 	ldr.w	r0, [r2, r5, lsl #3]
			udd_set_setup_payload(
   824b2:	8841      	ldrh	r1, [r0, #2]
   824b4:	4798      	blx	r3
   824b6:	e728      	b.n	8230a <udc_process_setup+0x36a>
		udc_ptr_conf = &udc_config.conf_lsfs[udc_num_configuration - 1];
   824b8:	f8da 2004 	ldr.w	r2, [sl, #4]
   824bc:	4413      	add	r3, r2
   824be:	e694      	b.n	821ea <udc_process_setup+0x24a>
			(udc_config.confdev_lsfs)->bcdUSB = 0x0210;
   824c0:	2010      	movs	r0, #16
   824c2:	2102      	movs	r1, #2
   824c4:	4b07      	ldr	r3, [pc, #28]	@ (824e4 <udc_process_setup+0x544>)
			udd_set_setup_payload(
   824c6:	4d06      	ldr	r5, [pc, #24]	@ (824e0 <udc_process_setup+0x540>)
			(udc_config.confdev_lsfs)->bcdUSB = 0x0210;
   824c8:	681a      	ldr	r2, [r3, #0]
   824ca:	7090      	strb	r0, [r2, #2]
   824cc:	70d1      	strb	r1, [r2, #3]
				(uint8_t *) udc_config.confdev_lsfs,
   824ce:	6818      	ldr	r0, [r3, #0]
			udd_set_setup_payload(
   824d0:	7801      	ldrb	r1, [r0, #0]
   824d2:	47a8      	blx	r5
   824d4:	e6f4      	b.n	822c0 <udc_process_setup+0x320>
   824d6:	bf00      	nop
   824d8:	20003316 	.word	0x20003316
   824dc:	2000023c 	.word	0x2000023c
   824e0:	00083e1d 	.word	0x00083e1d
   824e4:	20000320 	.word	0x20000320
   824e8:	00083dcd 	.word	0x00083dcd
   824ec:	2000020c 	.word	0x2000020c
   824f0:	200001c8 	.word	0x200001c8
   824f4:	20000220 	.word	0x20000220
   824f8:	20000238 	.word	0x20000238
   824fc:	2000019c 	.word	0x2000019c
   82500:	00083e79 	.word	0x00083e79
   82504:	20003308 	.word	0x20003308
   82508:	20003314 	.word	0x20003314
   8250c:	20003310 	.word	0x20003310
   82510:	00081da9 	.word	0x00081da9
   82514:	2000330a 	.word	0x2000330a
   82518:	00083f4d 	.word	0x00083f4d
   8251c:	00081e29 	.word	0x00081e29
   82520:	00081ea9 	.word	0x00081ea9
   82524:	00084305 	.word	0x00084305
   82528:	00083ead 	.word	0x00083ead
		udc_reset();
   8252c:	4b0b      	ldr	r3, [pc, #44]	@ (8255c <udc_process_setup+0x5bc>)
   8252e:	4798      	blx	r3
		switch ((udd_g_ctrlreq.req.wIndex >> 8) & 0xFF) {
   82530:	88a3      	ldrh	r3, [r4, #4]
   82532:	0a1b      	lsrs	r3, r3, #8
   82534:	3b01      	subs	r3, #1
   82536:	2b03      	cmp	r3, #3
   82538:	f63f ae15 	bhi.w	82166 <udc_process_setup+0x1c6>
   8253c:	e8df f003 	tbb	[pc, r3]
   82540:	0205080b 	.word	0x0205080b
			udd_g_ctrlreq.callback = udd_test_mode_packet;
   82544:	4b06      	ldr	r3, [pc, #24]	@ (82560 <udc_process_setup+0x5c0>)
   82546:	6123      	str	r3, [r4, #16]
			return true;
   82548:	e5e0      	b.n	8210c <udc_process_setup+0x16c>
			udd_g_ctrlreq.callback = udd_test_mode_se0_nak;
   8254a:	4b06      	ldr	r3, [pc, #24]	@ (82564 <udc_process_setup+0x5c4>)
   8254c:	6123      	str	r3, [r4, #16]
			return true;
   8254e:	e5dd      	b.n	8210c <udc_process_setup+0x16c>
			udd_g_ctrlreq.callback = udd_test_mode_k;
   82550:	4b05      	ldr	r3, [pc, #20]	@ (82568 <udc_process_setup+0x5c8>)
   82552:	6123      	str	r3, [r4, #16]
			return true;
   82554:	e5da      	b.n	8210c <udc_process_setup+0x16c>
			udd_g_ctrlreq.callback = udd_test_mode_j;
   82556:	4b05      	ldr	r3, [pc, #20]	@ (8256c <udc_process_setup+0x5cc>)
   82558:	6123      	str	r3, [r4, #16]
			return true;
   8255a:	e5d7      	b.n	8210c <udc_process_setup+0x16c>
   8255c:	00081f25 	.word	0x00081f25
   82560:	000843cd 	.word	0x000843cd
   82564:	000843b5 	.word	0x000843b5
   82568:	00084391 	.word	0x00084391
   8256c:	0008436d 	.word	0x0008436d

00082570 <FPGA_setlock>:
uint8_t volatile *xram = (uint8_t *) PSRAM_BASE_ADDRESS;

static volatile fpga_lockstatus_t _fpga_locked = fpga_unlocked;

int FPGA_setlock(fpga_lockstatus_t lockstatus)
{
   82570:	b538      	push	{r3, r4, r5, lr}
  int ret = 0;
  cpu_irq_enter_critical();
   82572:	4b08      	ldr	r3, [pc, #32]	@ (82594 <FPGA_setlock+0x24>)
{
   82574:	4604      	mov	r4, r0
  cpu_irq_enter_critical();
   82576:	4798      	blx	r3
  if (_fpga_locked == fpga_unlocked)
   82578:	4b07      	ldr	r3, [pc, #28]	@ (82598 <FPGA_setlock+0x28>)
   8257a:	781a      	ldrb	r2, [r3, #0]
   8257c:	b92a      	cbnz	r2, 8258a <FPGA_setlock+0x1a>
  {
    ret = 1;
   8257e:	2501      	movs	r5, #1
    _fpga_locked = lockstatus;
   82580:	701c      	strb	r4, [r3, #0]
  }
  cpu_irq_leave_critical();
   82582:	4b06      	ldr	r3, [pc, #24]	@ (8259c <FPGA_setlock+0x2c>)
   82584:	4798      	blx	r3
  return ret;
}
   82586:	4628      	mov	r0, r5
   82588:	bd38      	pop	{r3, r4, r5, pc}
  int ret = 0;
   8258a:	2500      	movs	r5, #0
  cpu_irq_leave_critical();
   8258c:	4b03      	ldr	r3, [pc, #12]	@ (8259c <FPGA_setlock+0x2c>)
   8258e:	4798      	blx	r3
}
   82590:	4628      	mov	r0, r5
   82592:	bd38      	pop	{r3, r4, r5, pc}
   82594:	00082769 	.word	0x00082769
   82598:	20003318 	.word	0x20003318
   8259c:	000827a9 	.word	0x000827a9

000825a0 <FPGA_releaselock>:

void FPGA_releaselock(void)
{
  _fpga_locked = fpga_unlocked;
   825a0:	2200      	movs	r2, #0
   825a2:	4b01      	ldr	r3, [pc, #4]	@ (825a8 <FPGA_releaselock+0x8>)
   825a4:	701a      	strb	r2, [r3, #0]
}
   825a6:	4770      	bx	lr
   825a8:	20003318 	.word	0x20003318

000825ac <FPGA_lockstatus>:

fpga_lockstatus_t FPGA_lockstatus(void)
{
  return _fpga_locked;
   825ac:	4b01      	ldr	r3, [pc, #4]	@ (825b4 <FPGA_lockstatus+0x8>)
   825ae:	7818      	ldrb	r0, [r3, #0]
}
   825b0:	4770      	bx	lr
   825b2:	bf00      	nop
   825b4:	20003318 	.word	0x20003318

000825b8 <ui_init>:
#include <asf.h>
#include "ui.h"
#include "tasks.h"

void ui_init(void)
{
   825b8:	b510      	push	{r4, lr}
	// Initialize LEDs
	LED_Off(LED0_GPIO);
   825ba:	2011      	movs	r0, #17
   825bc:	4c04      	ldr	r4, [pc, #16]	@ (825d0 <ui_init+0x18>)
   825be:	47a0      	blx	r4
	LED_Off(LED1_GPIO);
   825c0:	2010      	movs	r0, #16
   825c2:	47a0      	blx	r4
	LED_Off(LED2_GPIO);
   825c4:	4623      	mov	r3, r4
}
   825c6:	e8bd 4010 	ldmia.w	sp!, {r4, lr}
	LED_Off(LED2_GPIO);
   825ca:	204c      	movs	r0, #76	@ 0x4c
   825cc:	4718      	bx	r3
   825ce:	bf00      	nop
   825d0:	000827d5 	.word	0x000827d5

000825d4 <ui_powerdown>:

void ui_powerdown(void)
{
   825d4:	b510      	push	{r4, lr}
	LED_Off(LED0_GPIO);
   825d6:	2011      	movs	r0, #17
   825d8:	4c05      	ldr	r4, [pc, #20]	@ (825f0 <ui_powerdown+0x1c>)
   825da:	47a0      	blx	r4
	LED_Off(LED1_GPIO);
   825dc:	2010      	movs	r0, #16
   825de:	47a0      	blx	r4
	LED_Off(LED2_GPIO);
   825e0:	204c      	movs	r0, #76	@ 0x4c
   825e2:	47a0      	blx	r4
	
	// Power off FPGA
	board_sram_pwroff();
		
}
   825e4:	e8bd 4010 	ldmia.w	sp!, {r4, lr}
	board_sram_pwroff();
   825e8:	2053      	movs	r0, #83	@ 0x53
   825ea:	4b02      	ldr	r3, [pc, #8]	@ (825f4 <ui_powerdown+0x20>)
   825ec:	4718      	bx	r3
   825ee:	bf00      	nop
   825f0:	000827d5 	.word	0x000827d5
   825f4:	000828d5 	.word	0x000828d5

000825f8 <ui_wakeup>:

void ui_wakeup(void)
{
   825f8:	b510      	push	{r4, lr}
	LED_On(LED0_GPIO);
   825fa:	2011      	movs	r0, #17
   825fc:	4b03      	ldr	r3, [pc, #12]	@ (8260c <ui_wakeup+0x14>)
   825fe:	4798      	blx	r3
	board_sram_pwron();
}
   82600:	e8bd 4010 	ldmia.w	sp!, {r4, lr}
	board_sram_pwron();
   82604:	2053      	movs	r0, #83	@ 0x53
   82606:	4b02      	ldr	r3, [pc, #8]	@ (82610 <ui_wakeup+0x18>)
   82608:	4718      	bx	r3
   8260a:	bf00      	nop
   8260c:	0008280d 	.word	0x0008280d
   82610:	000828ed 	.word	0x000828ed

00082614 <ui_process>:

void ui_process(uint16_t framenumber)
{
	if ((framenumber % 1024) == 0) {
   82614:	f3c0 0309 	ubfx	r3, r0, #0, #10
{
   82618:	b510      	push	{r4, lr}
	if ((framenumber % 1024) == 0) {
   8261a:	b15b      	cbz	r3, 82634 <ui_process+0x20>
		LED_On(LED0_GPIO);
	}
	if ((framenumber % 1024) == 512) {
   8261c:	f5b3 7f00 	cmp.w	r3, #512	@ 0x200
   82620:	4604      	mov	r4, r0
   82622:	d003      	beq.n	8262c <ui_process+0x18>
		LED_Off(LED0_GPIO);
	}
	
	if ((framenumber % 512) == 0) {
   82624:	f3c4 0408 	ubfx	r4, r4, #0, #9
   82628:	b13c      	cbz	r4, 8263a <ui_process+0x26>
		LED_Off(LED1_GPIO);
		LED_Off(LED2_GPIO);
	}
}
   8262a:	bd10      	pop	{r4, pc}
		LED_Off(LED0_GPIO);
   8262c:	2011      	movs	r0, #17
   8262e:	4b07      	ldr	r3, [pc, #28]	@ (8264c <ui_process+0x38>)
   82630:	4798      	blx	r3
   82632:	e7f7      	b.n	82624 <ui_process+0x10>
		LED_On(LED0_GPIO);
   82634:	2011      	movs	r0, #17
   82636:	4b06      	ldr	r3, [pc, #24]	@ (82650 <ui_process+0x3c>)
   82638:	4798      	blx	r3
		LED_Off(LED1_GPIO);
   8263a:	4c04      	ldr	r4, [pc, #16]	@ (8264c <ui_process+0x38>)
   8263c:	2010      	movs	r0, #16
   8263e:	47a0      	blx	r4
		LED_Off(LED2_GPIO);
   82640:	4623      	mov	r3, r4
}
   82642:	e8bd 4010 	ldmia.w	sp!, {r4, lr}
		LED_Off(LED2_GPIO);
   82646:	204c      	movs	r0, #76	@ 0x4c
   82648:	4718      	bx	r3
   8264a:	bf00      	nop
   8264c:	000827d5 	.word	0x000827d5
   82650:	0008280d 	.word	0x0008280d

00082654 <iopins_normal>:
	
	/* */
}

void iopins_normal(void)
{
   82654:	b510      	push	{r4, lr}
	/* Configure LED pins */
	gpio_configure_pin(LED0_GPIO, LED0_FLAGS);
   82656:	f04f 5160 	mov.w	r1, #939524096	@ 0x38000000
   8265a:	4c0d      	ldr	r4, [pc, #52]	@ (82690 <iopins_normal+0x3c>)
   8265c:	2011      	movs	r0, #17
   8265e:	47a0      	blx	r4
	gpio_configure_pin(LED1_GPIO, LED1_FLAGS);
   82660:	f04f 5160 	mov.w	r1, #939524096	@ 0x38000000
   82664:	2010      	movs	r0, #16
   82666:	47a0      	blx	r4
	gpio_configure_pin(LED2_GPIO, LED2_FLAGS);
   82668:	f04f 5160 	mov.w	r1, #939524096	@ 0x38000000
   8266c:	204c      	movs	r0, #76	@ 0x4c
   8266e:	47a0      	blx	r4
	
	/* Configure MOSFET for turning on-off system */
	gpio_configure_pin(PIN_PWRON_GPIO, PIN_PWRON_FLAGS);
   82670:	f04f 5140 	mov.w	r1, #805306368	@ 0x30000000
   82674:	2053      	movs	r0, #83	@ 0x53
   82676:	47a0      	blx	r4
	board_sram_pwron();
   82678:	2053      	movs	r0, #83	@ 0x53
   8267a:	4b06      	ldr	r3, [pc, #24]	@ (82694 <iopins_normal+0x40>)
   8267c:	4798      	blx	r3
#if defined(CONF_BOARD_USB_PORT)
#  if defined(CONF_BOARD_USB_VBUS_DETECT)
	gpio_configure_pin(USB_VBUS_PIN, USB_VBUS_FLAGS);
#  endif
#endif	
}
   8267e:	e8bd 4010 	ldmia.w	sp!, {r4, lr}
	gpio_configure_group(PINS_UART_PIO, PINS_UART, PINS_UART_FLAGS);
   82682:	f04f 6200 	mov.w	r2, #134217728	@ 0x8000000
   82686:	f44f 51c0 	mov.w	r1, #6144	@ 0x1800
   8268a:	4803      	ldr	r0, [pc, #12]	@ (82698 <iopins_normal+0x44>)
   8268c:	4b03      	ldr	r3, [pc, #12]	@ (8269c <iopins_normal+0x48>)
   8268e:	4718      	bx	r3
   82690:	00082905 	.word	0x00082905
   82694:	000828ed 	.word	0x000828ed
   82698:	400e0c00 	.word	0x400e0c00
   8269c:	000829ed 	.word	0x000829ed

000826a0 <board_init>:

void board_init(void)
{
#ifndef CONF_BOARD_KEEP_WATCHDOG_AT_INIT
	/* Disable the watchdog */
	WDT->WDT_MR = WDT_MR_WDDIS;
   826a0:	f44f 4200 	mov.w	r2, #32768	@ 0x8000
{
   826a4:	b510      	push	{r4, lr}
	WDT->WDT_MR = WDT_MR_WDDIS;
   826a6:	4b06      	ldr	r3, [pc, #24]	@ (826c0 <board_init+0x20>)
   826a8:	4c06      	ldr	r4, [pc, #24]	@ (826c4 <board_init+0x24>)
   826aa:	655a      	str	r2, [r3, #84]	@ 0x54
   826ac:	200a      	movs	r0, #10
   826ae:	47a0      	blx	r4
   826b0:	200b      	movs	r0, #11
   826b2:	47a0      	blx	r4
   826b4:	200c      	movs	r0, #12
   826b6:	47a0      	blx	r4
	 */
	ioport_init();

	iopins_normal();

}
   826b8:	e8bd 4010 	ldmia.w	sp!, {r4, lr}
	iopins_normal();
   826bc:	4b02      	ldr	r3, [pc, #8]	@ (826c8 <board_init+0x28>)
   826be:	4718      	bx	r3
   826c0:	400e1200 	.word	0x400e1200
   826c4:	00082bf9 	.word	0x00082bf9
   826c8:	00082655 	.word	0x00082655

000826cc <efc_perform_command>:
 *
 * \return 0 if successful, otherwise returns an error code.
 */
uint32_t efc_perform_command(Efc *p_efc, uint32_t ul_command,
		uint32_t ul_argument)
{
   826cc:	b538      	push	{r3, r4, r5, lr}
	uint32_t result;
	irqflags_t flags;

	/* Unique ID commands are not supported. */
	if (ul_command == EFC_FCMD_STUI || ul_command == EFC_FCMD_SPUI) {
   826ce:	f1a1 030e 	sub.w	r3, r1, #14
   826d2:	2b01      	cmp	r3, #1
   826d4:	d917      	bls.n	82706 <efc_perform_command+0x3a>
 */
__attribute__( ( always_inline ) ) __STATIC_INLINE uint32_t __get_PRIMASK(void)
{
  uint32_t result;

  __ASM volatile ("MRS %0, primask" : "=r" (result) );
   826d6:	f3ef 8510 	mrs	r5, PRIMASK
  __ASM volatile ("cpsid i");
   826da:	b672      	cpsid	i
   826dc:	f3bf 8f5f 	dmb	sy
static volatile bool     cpu_irq_prev_interrupt_state;

static inline irqflags_t cpu_irq_save(void)
{
	irqflags_t flags = cpu_irq_is_enabled();
	cpu_irq_disable();
   826e0:	2300      	movs	r3, #0
   826e2:	4c0a      	ldr	r4, [pc, #40]	@ (8270c <efc_perform_command+0x40>)

	flags = cpu_irq_save();
	/* Use RAM Function. */
	result = efc_perform_fcr(p_efc,
			EEFC_FCR_FKEY_PASSWD | EEFC_FCR_FARG(ul_argument) |
			EEFC_FCR_FCMD(ul_command));
   826e4:	b2c9      	uxtb	r1, r1
   826e6:	7023      	strb	r3, [r4, #0]
			EEFC_FCR_FKEY_PASSWD | EEFC_FCR_FARG(ul_argument) |
   826e8:	4b09      	ldr	r3, [pc, #36]	@ (82710 <efc_perform_command+0x44>)
   826ea:	ea03 2202 	and.w	r2, r3, r2, lsl #8
   826ee:	4311      	orrs	r1, r2
	result = efc_perform_fcr(p_efc,
   826f0:	4b08      	ldr	r3, [pc, #32]	@ (82714 <efc_perform_command+0x48>)
   826f2:	f041 41b4 	orr.w	r1, r1, #1509949440	@ 0x5a000000
   826f6:	4798      	blx	r3
	return (flags);
}

static inline void cpu_irq_restore(irqflags_t flags)
{
	if (cpu_irq_is_enabled_flags(flags))
   826f8:	b925      	cbnz	r5, 82704 <efc_perform_command+0x38>
		cpu_irq_enable();
   826fa:	2301      	movs	r3, #1
   826fc:	7023      	strb	r3, [r4, #0]
   826fe:	f3bf 8f5f 	dmb	sy
  __ASM volatile ("cpsie i");
   82702:	b662      	cpsie	i
	cpu_irq_restore(flags);
	return result;
}
   82704:	bd38      	pop	{r3, r4, r5, pc}
		return EFC_RC_NOT_SUPPORT;
   82706:	f04f 30ff 	mov.w	r0, #4294967295	@ 0xffffffff
}
   8270a:	bd38      	pop	{r3, r4, r5, pc}
   8270c:	20000304 	.word	0x20000304
   82710:	00ffff00 	.word	0x00ffff00
   82714:	2000008d 	.word	0x2000008d

00082718 <Dummy_Handler>:
/**
 * \brief Default interrupt handler for unused IRQs.
 */
void Dummy_Handler(void)
{
	while (1) {
   82718:	e7fe      	b.n	82718 <Dummy_Handler>
   8271a:	bf00      	nop

0008271c <flash_read_unique_id>:
 * \param ul_size Data buffer size in DWORD.
 *
 * \return 0 if successful; otherwise returns an error code.
 */
uint32_t flash_read_unique_id(uint32_t *pul_data, uint32_t ul_size)
{
   8271c:	b5f0      	push	{r4, r5, r6, r7, lr}
	uint32_t uid_buf[4];
	uint32_t ul_idx;

	if (FLASH_RC_OK != efc_perform_read_sequence(EFC, EFC_FCMD_STUI,
   8271e:	2604      	movs	r6, #4
{
   82720:	b087      	sub	sp, #28
   82722:	4604      	mov	r4, r0
   82724:	460d      	mov	r5, r1
	if (FLASH_RC_OK != efc_perform_read_sequence(EFC, EFC_FCMD_STUI,
   82726:	220f      	movs	r2, #15
   82728:	210e      	movs	r1, #14
   8272a:	480c      	ldr	r0, [pc, #48]	@ (8275c <flash_read_unique_id+0x40>)
   8272c:	4f0c      	ldr	r7, [pc, #48]	@ (82760 <flash_read_unique_id+0x44>)
   8272e:	ab02      	add	r3, sp, #8
   82730:	9600      	str	r6, [sp, #0]
   82732:	47b8      	blx	r7
   82734:	b970      	cbnz	r0, 82754 <flash_read_unique_id+0x38>
			EFC_FCMD_SPUI, uid_buf, 4)) {
		return FLASH_RC_ERROR;
	}

	if (ul_size > 4) {
   82736:	2d04      	cmp	r5, #4
   82738:	4626      	mov	r6, r4
   8273a:	462a      	mov	r2, r5
   8273c:	4604      	mov	r4, r0
   8273e:	bf28      	it	cs
   82740:	2204      	movcs	r2, #4
		/* Only 4 dword to store unique ID */
		ul_size = 4;
	}

	for (ul_idx = 0; ul_idx < ul_size; ul_idx++) {
   82742:	b125      	cbz	r5, 8274e <flash_read_unique_id+0x32>
		pul_data[ul_idx] = uid_buf[ul_idx];
   82744:	4630      	mov	r0, r6
   82746:	4b07      	ldr	r3, [pc, #28]	@ (82764 <flash_read_unique_id+0x48>)
   82748:	a902      	add	r1, sp, #8
   8274a:	0092      	lsls	r2, r2, #2
   8274c:	4798      	blx	r3
	}

	return FLASH_RC_OK;
}
   8274e:	4620      	mov	r0, r4
   82750:	b007      	add	sp, #28
   82752:	bdf0      	pop	{r4, r5, r6, r7, pc}
		return FLASH_RC_ERROR;
   82754:	2410      	movs	r4, #16
}
   82756:	4620      	mov	r0, r4
   82758:	b007      	add	sp, #28
   8275a:	bdf0      	pop	{r4, r5, r6, r7, pc}
   8275c:	400e0800 	.word	0x400e0800
   82760:	20000001 	.word	0x20000001
   82764:	00087645 	.word	0x00087645

00082768 <cpu_irq_enter_critical>:
volatile bool g_interrupt_enabled = true;
#endif

void cpu_irq_enter_critical(void)
{
	if (cpu_irq_critical_section_counter == 0) {
   82768:	4b0c      	ldr	r3, [pc, #48]	@ (8279c <cpu_irq_enter_critical+0x34>)
   8276a:	681a      	ldr	r2, [r3, #0]
   8276c:	b992      	cbnz	r2, 82794 <cpu_irq_enter_critical+0x2c>
  __ASM volatile ("MRS %0, primask" : "=r" (result) );
   8276e:	f3ef 8110 	mrs	r1, PRIMASK
		if (cpu_irq_is_enabled()) {
   82772:	b969      	cbnz	r1, 82790 <cpu_irq_enter_critical+0x28>
{
   82774:	b410      	push	{r4}
  __ASM volatile ("cpsid i");
   82776:	b672      	cpsid	i
   82778:	f3bf 8f5f 	dmb	sy
			cpu_irq_disable();
			cpu_irq_prev_interrupt_state = true;
   8277c:	2001      	movs	r0, #1
			cpu_irq_disable();
   8277e:	4c08      	ldr	r4, [pc, #32]	@ (827a0 <cpu_irq_enter_critical+0x38>)
			cpu_irq_prev_interrupt_state = true;
   82780:	4a08      	ldr	r2, [pc, #32]	@ (827a4 <cpu_irq_enter_critical+0x3c>)
			cpu_irq_disable();
   82782:	7021      	strb	r1, [r4, #0]
			cpu_irq_prev_interrupt_state = true;
   82784:	7010      	strb	r0, [r2, #0]
			cpu_irq_prev_interrupt_state = false;
		}

	}

	cpu_irq_critical_section_counter++;
   82786:	681a      	ldr	r2, [r3, #0]
   82788:	3201      	adds	r2, #1
   8278a:	601a      	str	r2, [r3, #0]
}
   8278c:	bc10      	pop	{r4}
   8278e:	4770      	bx	lr
			cpu_irq_prev_interrupt_state = false;
   82790:	4904      	ldr	r1, [pc, #16]	@ (827a4 <cpu_irq_enter_critical+0x3c>)
   82792:	700a      	strb	r2, [r1, #0]
	cpu_irq_critical_section_counter++;
   82794:	681a      	ldr	r2, [r3, #0]
   82796:	3201      	adds	r2, #1
   82798:	601a      	str	r2, [r3, #0]
   8279a:	4770      	bx	lr
   8279c:	2000331c 	.word	0x2000331c
   827a0:	20000304 	.word	0x20000304
   827a4:	20003319 	.word	0x20003319

000827a8 <cpu_irq_leave_critical>:
void cpu_irq_leave_critical(void)
{
	/* Check if the user is trying to leave a critical section when not in a critical section */
	Assert(cpu_irq_critical_section_counter > 0);

	cpu_irq_critical_section_counter--;
   827a8:	4b07      	ldr	r3, [pc, #28]	@ (827c8 <cpu_irq_leave_critical+0x20>)
   827aa:	681a      	ldr	r2, [r3, #0]
   827ac:	3a01      	subs	r2, #1
   827ae:	601a      	str	r2, [r3, #0]

	/* Only enable global interrupts when the counter reaches 0 and the state of the global interrupt flag
	   was enabled when entering critical state */
	if ((cpu_irq_critical_section_counter == 0) && (cpu_irq_prev_interrupt_state)) {
   827b0:	681b      	ldr	r3, [r3, #0]
   827b2:	b943      	cbnz	r3, 827c6 <cpu_irq_leave_critical+0x1e>
   827b4:	4b05      	ldr	r3, [pc, #20]	@ (827cc <cpu_irq_leave_critical+0x24>)
   827b6:	781b      	ldrb	r3, [r3, #0]
   827b8:	b12b      	cbz	r3, 827c6 <cpu_irq_leave_critical+0x1e>
		cpu_irq_enable();
   827ba:	2201      	movs	r2, #1
   827bc:	4b04      	ldr	r3, [pc, #16]	@ (827d0 <cpu_irq_leave_critical+0x28>)
   827be:	701a      	strb	r2, [r3, #0]
   827c0:	f3bf 8f5f 	dmb	sy
  __ASM volatile ("cpsie i");
   827c4:	b662      	cpsie	i
	}
}
   827c6:	4770      	bx	lr
   827c8:	2000331c 	.word	0x2000331c
   827cc:	20003319 	.word	0x20003319
   827d0:	20000304 	.word	0x20000304

000827d4 <LED_Off>:
 * \param led_gpio LED to turn off (LEDx_GPIO).
 *
 * \note The pins of the specified LEDs are set to GPIO output mode.
 */
void LED_Off(uint32_t led_gpio)
{
   827d4:	b570      	push	{r4, r5, r6, lr}
   827d6:	4605      	mov	r5, r0
   827d8:	4c09      	ldr	r4, [pc, #36]	@ (82800 <LED_Off+0x2c>)
   827da:	f104 0618 	add.w	r6, r4, #24
	uint32_t i;
	for (i = 0; i < BOARD_NUM_OF_LED; i++) {
		if (led_gpio == LED_DESCRIPTOR[i].ul_port_id) {
   827de:	6823      	ldr	r3, [r4, #0]
   827e0:	42ab      	cmp	r3, r5
   827e2:	d003      	beq.n	827ec <LED_Off+0x18>
	for (i = 0; i < BOARD_NUM_OF_LED; i++) {
   827e4:	3408      	adds	r4, #8
   827e6:	42b4      	cmp	r4, r6
   827e8:	d1f9      	bne.n	827de <LED_Off+0xa>
			} else {
				gpio_set_pin_high(led_gpio);
			}
		}
	}
}
   827ea:	bd70      	pop	{r4, r5, r6, pc}
			if (LED_DESCRIPTOR[i].ul_active_level == ACTIVE_LEVEL_IS_HIGH) {
   827ec:	6863      	ldr	r3, [r4, #4]
				gpio_set_pin_low(led_gpio);
   827ee:	4628      	mov	r0, r5
			if (LED_DESCRIPTOR[i].ul_active_level == ACTIVE_LEVEL_IS_HIGH) {
   827f0:	2b01      	cmp	r3, #1
				gpio_set_pin_high(led_gpio);
   827f2:	4a04      	ldr	r2, [pc, #16]	@ (82804 <LED_Off+0x30>)
			if (LED_DESCRIPTOR[i].ul_active_level == ACTIVE_LEVEL_IS_HIGH) {
   827f4:	d001      	beq.n	827fa <LED_Off+0x26>
				gpio_set_pin_high(led_gpio);
   827f6:	4790      	blx	r2
   827f8:	e7f4      	b.n	827e4 <LED_Off+0x10>
				gpio_set_pin_low(led_gpio);
   827fa:	4b03      	ldr	r3, [pc, #12]	@ (82808 <LED_Off+0x34>)
   827fc:	4798      	blx	r3
   827fe:	e7f1      	b.n	827e4 <LED_Off+0x10>
   82800:	0008c8b0 	.word	0x0008c8b0
   82804:	000828d5 	.word	0x000828d5
   82808:	000828ed 	.word	0x000828ed

0008280c <LED_On>:
 * \param led_gpio LED to turn on (LEDx_GPIO).
 *
 * \note The pins of the specified LEDs are set to GPIO output mode.
 */
void LED_On(uint32_t led_gpio)
{
   8280c:	b570      	push	{r4, r5, r6, lr}
   8280e:	4605      	mov	r5, r0
   82810:	4c09      	ldr	r4, [pc, #36]	@ (82838 <LED_On+0x2c>)
   82812:	f104 0618 	add.w	r6, r4, #24
	uint32_t i;
	for (i = 0; i < BOARD_NUM_OF_LED; i++) {
		if (led_gpio == LED_DESCRIPTOR[i].ul_port_id) {
   82816:	6823      	ldr	r3, [r4, #0]
   82818:	42ab      	cmp	r3, r5
   8281a:	d003      	beq.n	82824 <LED_On+0x18>
	for (i = 0; i < BOARD_NUM_OF_LED; i++) {
   8281c:	3408      	adds	r4, #8
   8281e:	42b4      	cmp	r4, r6
   82820:	d1f9      	bne.n	82816 <LED_On+0xa>
			} else {
				gpio_set_pin_low(led_gpio);
			}
		}
	}
}
   82822:	bd70      	pop	{r4, r5, r6, pc}
			if (LED_DESCRIPTOR[i].ul_active_level == ACTIVE_LEVEL_IS_HIGH) {
   82824:	6863      	ldr	r3, [r4, #4]
				gpio_set_pin_high(led_gpio);
   82826:	4628      	mov	r0, r5
			if (LED_DESCRIPTOR[i].ul_active_level == ACTIVE_LEVEL_IS_HIGH) {
   82828:	2b01      	cmp	r3, #1
				gpio_set_pin_low(led_gpio);
   8282a:	4a04      	ldr	r2, [pc, #16]	@ (8283c <LED_On+0x30>)
			if (LED_DESCRIPTOR[i].ul_active_level == ACTIVE_LEVEL_IS_HIGH) {
   8282c:	d001      	beq.n	82832 <LED_On+0x26>
				gpio_set_pin_low(led_gpio);
   8282e:	4790      	blx	r2
   82830:	e7f4      	b.n	8281c <LED_On+0x10>
				gpio_set_pin_high(led_gpio);
   82832:	4b03      	ldr	r3, [pc, #12]	@ (82840 <LED_On+0x34>)
   82834:	4798      	blx	r3
   82836:	e7f1      	b.n	8281c <LED_On+0x10>
   82838:	0008c8b0 	.word	0x0008c8b0
   8283c:	000828ed 	.word	0x000828ed
   82840:	000828d5 	.word	0x000828d5

00082844 <pio_handler_process>:
 *
 * \param p_pio PIO controller base address.
 * \param ul_id PIO controller ID.
 */
void pio_handler_process(Pio *p_pio, uint32_t ul_id)
{
   82844:	b5f8      	push	{r3, r4, r5, r6, r7, lr}
	uint32_t status;
	uint32_t i;

	/* Read PIO controller status */
	status = pio_get_interrupt_status(p_pio);
   82846:	4b12      	ldr	r3, [pc, #72]	@ (82890 <pio_handler_process+0x4c>)
{
   82848:	4604      	mov	r4, r0
   8284a:	460e      	mov	r6, r1
	status = pio_get_interrupt_status(p_pio);
   8284c:	4798      	blx	r3
	status &= pio_get_interrupt_mask(p_pio);
   8284e:	4b11      	ldr	r3, [pc, #68]	@ (82894 <pio_handler_process+0x50>)
	status = pio_get_interrupt_status(p_pio);
   82850:	4605      	mov	r5, r0
	status &= pio_get_interrupt_mask(p_pio);
   82852:	4620      	mov	r0, r4
   82854:	4798      	blx	r3

	/* Check pending events */
	if (status != 0) {
   82856:	4005      	ands	r5, r0
   82858:	d019      	beq.n	8288e <pio_handler_process+0x4a>
   8285a:	4c0f      	ldr	r4, [pc, #60]	@ (82898 <pio_handler_process+0x54>)
   8285c:	f104 0760 	add.w	r7, r4, #96	@ 0x60
		/* Find triggering source */
		i = 0;
		while (status != 0) {
			/* Source is configured on the same controller */
			if (gs_interrupt_sources[i].id == ul_id) {
   82860:	6823      	ldr	r3, [r4, #0]
   82862:	42b3      	cmp	r3, r6
   82864:	d005      	beq.n	82872 <pio_handler_process+0x2e>
							gs_interrupt_sources[i].mask);
					status &= ~(gs_interrupt_sources[i].mask);
				}
			}
			i++;
			if (i >= MAX_INTERRUPT_SOURCES) {
   82866:	42bc      	cmp	r4, r7
   82868:	d011      	beq.n	8288e <pio_handler_process+0x4a>
			if (gs_interrupt_sources[i].id == ul_id) {
   8286a:	6923      	ldr	r3, [r4, #16]
		while (status != 0) {
   8286c:	3410      	adds	r4, #16
			if (gs_interrupt_sources[i].id == ul_id) {
   8286e:	42b3      	cmp	r3, r6
   82870:	d1f9      	bne.n	82866 <pio_handler_process+0x22>
				if ((status & gs_interrupt_sources[i].mask) != 0) {
   82872:	6861      	ldr	r1, [r4, #4]
   82874:	4229      	tst	r1, r5
   82876:	d0f6      	beq.n	82866 <pio_handler_process+0x22>
					gs_interrupt_sources[i].handler(gs_interrupt_sources[i].id,
   82878:	68e3      	ldr	r3, [r4, #12]
   8287a:	4630      	mov	r0, r6
   8287c:	4798      	blx	r3
					status &= ~(gs_interrupt_sources[i].mask);
   8287e:	6863      	ldr	r3, [r4, #4]
			if (i >= MAX_INTERRUPT_SOURCES) {
   82880:	42bc      	cmp	r4, r7
					status &= ~(gs_interrupt_sources[i].mask);
   82882:	ea25 0503 	bic.w	r5, r5, r3
			if (i >= MAX_INTERRUPT_SOURCES) {
   82886:	d002      	beq.n	8288e <pio_handler_process+0x4a>
		while (status != 0) {
   82888:	3410      	adds	r4, #16
   8288a:	2d00      	cmp	r5, #0
   8288c:	d1e8      	bne.n	82860 <pio_handler_process+0x1c>
		if (pio_capture_handler) {
			pio_capture_handler(p_pio);
		}
	}
#endif
}
   8288e:	bdf8      	pop	{r3, r4, r5, r6, r7, pc}
   82890:	000828cd 	.word	0x000828cd
   82894:	000828d1 	.word	0x000828d1
   82898:	20003320 	.word	0x20003320

0008289c <PIOA_Handler>:
 * \brief Parallel IO Controller A interrupt handler.
 * Redefined PIOA interrupt handler for NVIC interrupt table.
 */
void PIOA_Handler(void)
{
	pio_handler_process(PIOA, ID_PIOA);
   8289c:	210a      	movs	r1, #10
   8289e:	4801      	ldr	r0, [pc, #4]	@ (828a4 <PIOA_Handler+0x8>)
   828a0:	4b01      	ldr	r3, [pc, #4]	@ (828a8 <PIOA_Handler+0xc>)
   828a2:	4718      	bx	r3
   828a4:	400e0c00 	.word	0x400e0c00
   828a8:	00082845 	.word	0x00082845

000828ac <PIOB_Handler>:
 * \brief Parallel IO Controller B interrupt handler
 * Redefined PIOB interrupt handler for NVIC interrupt table.
 */
void PIOB_Handler(void)
{
    pio_handler_process(PIOB, ID_PIOB);
   828ac:	210b      	movs	r1, #11
   828ae:	4801      	ldr	r0, [pc, #4]	@ (828b4 <PIOB_Handler+0x8>)
   828b0:	4b01      	ldr	r3, [pc, #4]	@ (828b8 <PIOB_Handler+0xc>)
   828b2:	4718      	bx	r3
   828b4:	400e0e00 	.word	0x400e0e00
   828b8:	00082845 	.word	0x00082845

000828bc <PIOC_Handler>:
 * \brief Parallel IO Controller C interrupt handler.
 * Redefined PIOC interrupt handler for NVIC interrupt table.
 */
void PIOC_Handler(void)
{
	pio_handler_process(PIOC, ID_PIOC);
   828bc:	210c      	movs	r1, #12
   828be:	4801      	ldr	r0, [pc, #4]	@ (828c4 <PIOC_Handler+0x8>)
   828c0:	4b01      	ldr	r3, [pc, #4]	@ (828c8 <PIOC_Handler+0xc>)
   828c2:	4718      	bx	r3
   828c4:	400e1000 	.word	0x400e1000
   828c8:	00082845 	.word	0x00082845

000828cc <pio_get_interrupt_status>:
 *
 * \return The interrupt status mask value.
 */
uint32_t pio_get_interrupt_status(const Pio *p_pio)
{
	return p_pio->PIO_ISR;
   828cc:	6cc0      	ldr	r0, [r0, #76]	@ 0x4c
}
   828ce:	4770      	bx	lr

000828d0 <pio_get_interrupt_mask>:
 *
 * \return The interrupt mask value.
 */
uint32_t pio_get_interrupt_mask(const Pio *p_pio)
{
	return p_pio->PIO_IMR;
   828d0:	6c80      	ldr	r0, [r0, #72]	@ 0x48
}
   828d2:	4770      	bx	lr

000828d4 <pio_set_pin_high>:
void pio_set_pin_high(uint32_t ul_pin)
{
	Pio *p_pio = pio_get_pin_group(ul_pin);

	/* Value to be driven on the I/O line: 1. */
	p_pio->PIO_SODR = 1 << (ul_pin & 0x1F);
   828d4:	2201      	movs	r2, #1
		p_pio = PIOC;
	} else {
		p_pio = (Pio *)((uint32_t)PIOA + (PIO_DELTA * (ul_pin >> 5)));
	}
#else
	p_pio = (Pio *)((uint32_t)PIOA + (PIO_DELTA * (ul_pin >> 5)));
   828d6:	0943      	lsrs	r3, r0, #5
   828d8:	f503 1300 	add.w	r3, r3, #2097152	@ 0x200000
   828dc:	f203 7306 	addw	r3, r3, #1798	@ 0x706
	p_pio->PIO_SODR = 1 << (ul_pin & 0x1F);
   828e0:	f000 001f 	and.w	r0, r0, #31
	p_pio = (Pio *)((uint32_t)PIOA + (PIO_DELTA * (ul_pin >> 5)));
   828e4:	025b      	lsls	r3, r3, #9
	p_pio->PIO_SODR = 1 << (ul_pin & 0x1F);
   828e6:	4082      	lsls	r2, r0
   828e8:	631a      	str	r2, [r3, #48]	@ 0x30
}
   828ea:	4770      	bx	lr

000828ec <pio_set_pin_low>:
	p_pio->PIO_CODR = 1 << (ul_pin & 0x1F);
   828ec:	2201      	movs	r2, #1
	p_pio = (Pio *)((uint32_t)PIOA + (PIO_DELTA * (ul_pin >> 5)));
   828ee:	0943      	lsrs	r3, r0, #5
   828f0:	f503 1300 	add.w	r3, r3, #2097152	@ 0x200000
   828f4:	f203 7306 	addw	r3, r3, #1798	@ 0x706
	p_pio->PIO_CODR = 1 << (ul_pin & 0x1F);
   828f8:	f000 001f 	and.w	r0, r0, #31
	p_pio = (Pio *)((uint32_t)PIOA + (PIO_DELTA * (ul_pin >> 5)));
   828fc:	025b      	lsls	r3, r3, #9
	p_pio->PIO_CODR = 1 << (ul_pin & 0x1F);
   828fe:	4082      	lsls	r2, r0
   82900:	635a      	str	r2, [r3, #52]	@ 0x34
}
   82902:	4770      	bx	lr

00082904 <pio_configure_pin>:
	p_pio = (Pio *)((uint32_t)PIOA + (PIO_DELTA * (ul_pin >> 5)));
   82904:	0943      	lsrs	r3, r0, #5
   82906:	f503 1300 	add.w	r3, r3, #2097152	@ 0x200000
	switch (ul_flags & PIO_TYPE_Msk) {
   8290a:	f001 42f0 	and.w	r2, r1, #2013265920	@ 0x78000000
	p_pio = (Pio *)((uint32_t)PIOA + (PIO_DELTA * (ul_pin >> 5)));
   8290e:	f203 7306 	addw	r3, r3, #1798	@ 0x706
	switch (ul_flags & PIO_TYPE_Msk) {
   82912:	f1b2 5f20 	cmp.w	r2, #671088640	@ 0x28000000
	p_pio = (Pio *)((uint32_t)PIOA + (PIO_DELTA * (ul_pin >> 5)));
   82916:	ea4f 2343 	mov.w	r3, r3, lsl #9
	switch (ul_flags & PIO_TYPE_Msk) {
   8291a:	d036      	beq.n	8298a <pio_configure_pin+0x86>
   8291c:	d816      	bhi.n	8294c <pio_configure_pin+0x48>
   8291e:	f1b2 6f00 	cmp.w	r2, #134217728	@ 0x8000000
   82922:	d043      	beq.n	829ac <pio_configure_pin+0xa8>
   82924:	f1b2 5f80 	cmp.w	r2, #268435456	@ 0x10000000
   82928:	d115      	bne.n	82956 <pio_configure_pin+0x52>
		pio_set_peripheral(p_pio, PIO_PERIPH_B, (1 << (ul_pin & 0x1F)));
   8292a:	2201      	movs	r2, #1
   8292c:	f000 001f 	and.w	r0, r0, #31
   82930:	4082      	lsls	r2, r0
	p_pio->PIO_IDR = ul_mask;
   82932:	645a      	str	r2, [r3, #68]	@ 0x44
		ul_sr = p_pio->PIO_ABSR;
   82934:	6f18      	ldr	r0, [r3, #112]	@ 0x70
	if (ul_pull_up_enable) {
   82936:	07c9      	lsls	r1, r1, #31
		p_pio->PIO_ABSR = (ul_mask | ul_sr);
   82938:	ea40 0002 	orr.w	r0, r0, r2
   8293c:	6718      	str	r0, [r3, #112]	@ 0x70
	p_pio->PIO_PDR = ul_mask;
   8293e:	605a      	str	r2, [r3, #4]
	return 1;
   82940:	f04f 0001 	mov.w	r0, #1
		p_pio->PIO_PUER = ul_mask;
   82944:	bf4c      	ite	mi
   82946:	665a      	strmi	r2, [r3, #100]	@ 0x64
		p_pio->PIO_PUDR = ul_mask;
   82948:	661a      	strpl	r2, [r3, #96]	@ 0x60
}
   8294a:	4770      	bx	lr
	switch (ul_flags & PIO_TYPE_Msk) {
   8294c:	f001 42e0 	and.w	r2, r1, #1879048192	@ 0x70000000
   82950:	f1b2 5f40 	cmp.w	r2, #805306368	@ 0x30000000
   82954:	d001      	beq.n	8295a <pio_configure_pin+0x56>
   82956:	2000      	movs	r0, #0
   82958:	4770      	bx	lr
		pio_set_output(p_pio, (1 << (ul_pin & 0x1F)),
   8295a:	2201      	movs	r2, #1
   8295c:	f000 001f 	and.w	r0, r0, #31
   82960:	4082      	lsls	r2, r0
	if (ul_pull_up_enable) {
   82962:	07c8      	lsls	r0, r1, #31
	p_pio->PIO_IDR = ul_mask;
   82964:	645a      	str	r2, [r3, #68]	@ 0x44
				((ul_flags & PIO_TYPE_PIO_OUTPUT_1)
   82966:	f001 5c60 	and.w	ip, r1, #939524096	@ 0x38000000
		p_pio->PIO_PUER = ul_mask;
   8296a:	bf4c      	ite	mi
   8296c:	665a      	strmi	r2, [r3, #100]	@ 0x64
		p_pio->PIO_PUDR = ul_mask;
   8296e:	661a      	strpl	r2, [r3, #96]	@ 0x60
	if (ul_multidrive_enable) {
   82970:	0749      	lsls	r1, r1, #29
		p_pio->PIO_MDER = ul_mask;
   82972:	bf4c      	ite	mi
   82974:	651a      	strmi	r2, [r3, #80]	@ 0x50
		p_pio->PIO_MDDR = ul_mask;
   82976:	655a      	strpl	r2, [r3, #84]	@ 0x54
	if (ul_default_level) {
   82978:	f1bc 5f60 	cmp.w	ip, #939524096	@ 0x38000000
		p_pio->PIO_SODR = ul_mask;
   8297c:	bf0c      	ite	eq
   8297e:	631a      	streq	r2, [r3, #48]	@ 0x30
		p_pio->PIO_CODR = ul_mask;
   82980:	635a      	strne	r2, [r3, #52]	@ 0x34
	return 1;
   82982:	2001      	movs	r0, #1
	p_pio->PIO_OER = ul_mask;
   82984:	611a      	str	r2, [r3, #16]
	p_pio->PIO_PER = ul_mask;
   82986:	601a      	str	r2, [r3, #0]
}
   82988:	4770      	bx	lr
		pio_set_input(p_pio, (1 << (ul_pin & 0x1F)), ul_flags);
   8298a:	2201      	movs	r2, #1
   8298c:	f000 001f 	and.w	r0, r0, #31
   82990:	4082      	lsls	r2, r0
	if (ul_pull_up_enable) {
   82992:	07c8      	lsls	r0, r1, #31
	p_pio->PIO_IDR = ul_mask;
   82994:	645a      	str	r2, [r3, #68]	@ 0x44
		p_pio->PIO_PUER = ul_mask;
   82996:	bf4c      	ite	mi
   82998:	665a      	strmi	r2, [r3, #100]	@ 0x64
		p_pio->PIO_PUDR = ul_mask;
   8299a:	661a      	strpl	r2, [r3, #96]	@ 0x60
	if (ul_attribute & (PIO_DEGLITCH | PIO_DEBOUNCE)) {
   8299c:	f011 0f0a 	tst.w	r1, #10
   829a0:	d118      	bne.n	829d4 <pio_configure_pin+0xd0>
		p_pio->PIO_IFDR = ul_mask;
   829a2:	625a      	str	r2, [r3, #36]	@ 0x24
	p_pio->PIO_ODR = ul_mask;
   829a4:	615a      	str	r2, [r3, #20]
	return 1;
   829a6:	2001      	movs	r0, #1
	p_pio->PIO_PER = ul_mask;
   829a8:	601a      	str	r2, [r3, #0]
}
   829aa:	4770      	bx	lr
		pio_set_peripheral(p_pio, PIO_PERIPH_A, (1 << (ul_pin & 0x1F)));
   829ac:	2201      	movs	r2, #1
{
   829ae:	b410      	push	{r4}
		pio_set_peripheral(p_pio, PIO_PERIPH_A, (1 << (ul_pin & 0x1F)));
   829b0:	f000 001f 	and.w	r0, r0, #31
   829b4:	4082      	lsls	r2, r0
	p_pio->PIO_IDR = ul_mask;
   829b6:	645a      	str	r2, [r3, #68]	@ 0x44
		ul_sr = p_pio->PIO_ABSR;
   829b8:	6f18      	ldr	r0, [r3, #112]	@ 0x70
		p_pio->PIO_ABSR &= (~ul_mask & ul_sr);
   829ba:	6f1c      	ldr	r4, [r3, #112]	@ 0x70
   829bc:	4020      	ands	r0, r4
   829be:	ea20 0002 	bic.w	r0, r0, r2
   829c2:	6718      	str	r0, [r3, #112]	@ 0x70
	if (ul_pull_up_enable) {
   829c4:	07c8      	lsls	r0, r1, #31
	p_pio->PIO_PDR = ul_mask;
   829c6:	605a      	str	r2, [r3, #4]
		p_pio->PIO_PUER = ul_mask;
   829c8:	bf4c      	ite	mi
   829ca:	665a      	strmi	r2, [r3, #100]	@ 0x64
		p_pio->PIO_PUDR = ul_mask;
   829cc:	661a      	strpl	r2, [r3, #96]	@ 0x60
	return 1;
   829ce:	2001      	movs	r0, #1
}
   829d0:	bc10      	pop	{r4}
   829d2:	4770      	bx	lr
	if (ul_attribute & PIO_DEGLITCH) {
   829d4:	0788      	lsls	r0, r1, #30
		p_pio->PIO_IFER = ul_mask;
   829d6:	621a      	str	r2, [r3, #32]
		p_pio->PIO_SCIFSR = ul_mask;
   829d8:	bf48      	it	mi
   829da:	f8c3 2080 	strmi.w	r2, [r3, #128]	@ 0x80
	if (ul_attribute & PIO_DEGLITCH) {
   829de:	d4e1      	bmi.n	829a4 <pio_configure_pin+0xa0>
		if (ul_attribute & PIO_DEBOUNCE) {
   829e0:	0709      	lsls	r1, r1, #28
			p_pio->PIO_DIFSR = ul_mask;
   829e2:	bf48      	it	mi
   829e4:	f8c3 2084 	strmi.w	r2, [r3, #132]	@ 0x84
   829e8:	e7dc      	b.n	829a4 <pio_configure_pin+0xa0>
   829ea:	bf00      	nop

000829ec <pio_configure_pin_group>:
	switch (ul_flags & PIO_TYPE_Msk) {
   829ec:	f002 43f0 	and.w	r3, r2, #2013265920	@ 0x78000000
   829f0:	f1b3 5f20 	cmp.w	r3, #671088640	@ 0x28000000
   829f4:	d02e      	beq.n	82a54 <pio_configure_pin_group+0x68>
   829f6:	d811      	bhi.n	82a1c <pio_configure_pin_group+0x30>
   829f8:	f1b3 6f00 	cmp.w	r3, #134217728	@ 0x8000000
   829fc:	d037      	beq.n	82a6e <pio_configure_pin_group+0x82>
   829fe:	f1b3 5f80 	cmp.w	r3, #268435456	@ 0x10000000
   82a02:	d110      	bne.n	82a26 <pio_configure_pin_group+0x3a>
	p_pio->PIO_IDR = ul_mask;
   82a04:	6441      	str	r1, [r0, #68]	@ 0x44
		ul_sr = p_pio->PIO_ABSR;
   82a06:	6f03      	ldr	r3, [r0, #112]	@ 0x70
	if (ul_pull_up_enable) {
   82a08:	07d2      	lsls	r2, r2, #31
		p_pio->PIO_ABSR = (ul_mask | ul_sr);
   82a0a:	ea43 0301 	orr.w	r3, r3, r1
   82a0e:	6703      	str	r3, [r0, #112]	@ 0x70
	p_pio->PIO_PDR = ul_mask;
   82a10:	6041      	str	r1, [r0, #4]
		p_pio->PIO_PUER = ul_mask;
   82a12:	bf4c      	ite	mi
   82a14:	6641      	strmi	r1, [r0, #100]	@ 0x64
		p_pio->PIO_PUDR = ul_mask;
   82a16:	6601      	strpl	r1, [r0, #96]	@ 0x60
	return 1;
   82a18:	2001      	movs	r0, #1
}
   82a1a:	4770      	bx	lr
	switch (ul_flags & PIO_TYPE_Msk) {
   82a1c:	f002 43e0 	and.w	r3, r2, #1879048192	@ 0x70000000
   82a20:	f1b3 5f40 	cmp.w	r3, #805306368	@ 0x30000000
   82a24:	d001      	beq.n	82a2a <pio_configure_pin_group+0x3e>
   82a26:	2000      	movs	r0, #0
   82a28:	4770      	bx	lr
	if (ul_pull_up_enable) {
   82a2a:	f012 0f01 	tst.w	r2, #1
	p_pio->PIO_IDR = ul_mask;
   82a2e:	6441      	str	r1, [r0, #68]	@ 0x44
				((ul_flags & PIO_TYPE_PIO_OUTPUT_1)
   82a30:	f002 5360 	and.w	r3, r2, #939524096	@ 0x38000000
		p_pio->PIO_PUER = ul_mask;
   82a34:	bf14      	ite	ne
   82a36:	6641      	strne	r1, [r0, #100]	@ 0x64
		p_pio->PIO_PUDR = ul_mask;
   82a38:	6601      	streq	r1, [r0, #96]	@ 0x60
	if (ul_multidrive_enable) {
   82a3a:	0752      	lsls	r2, r2, #29
		p_pio->PIO_MDER = ul_mask;
   82a3c:	bf4c      	ite	mi
   82a3e:	6501      	strmi	r1, [r0, #80]	@ 0x50
		p_pio->PIO_MDDR = ul_mask;
   82a40:	6541      	strpl	r1, [r0, #84]	@ 0x54
	if (ul_default_level) {
   82a42:	f1b3 5f60 	cmp.w	r3, #939524096	@ 0x38000000
		p_pio->PIO_SODR = ul_mask;
   82a46:	bf0c      	ite	eq
   82a48:	6301      	streq	r1, [r0, #48]	@ 0x30
		p_pio->PIO_CODR = ul_mask;
   82a4a:	6341      	strne	r1, [r0, #52]	@ 0x34
	p_pio->PIO_OER = ul_mask;
   82a4c:	6101      	str	r1, [r0, #16]
	p_pio->PIO_PER = ul_mask;
   82a4e:	6001      	str	r1, [r0, #0]
	return 1;
   82a50:	2001      	movs	r0, #1
}
   82a52:	4770      	bx	lr
	if (ul_pull_up_enable) {
   82a54:	07d3      	lsls	r3, r2, #31
	p_pio->PIO_IDR = ul_mask;
   82a56:	6441      	str	r1, [r0, #68]	@ 0x44
		p_pio->PIO_PUER = ul_mask;
   82a58:	bf4c      	ite	mi
   82a5a:	6641      	strmi	r1, [r0, #100]	@ 0x64
		p_pio->PIO_PUDR = ul_mask;
   82a5c:	6601      	strpl	r1, [r0, #96]	@ 0x60
	if (ul_attribute & (PIO_DEGLITCH | PIO_DEBOUNCE)) {
   82a5e:	f012 0f0a 	tst.w	r2, #10
   82a62:	d114      	bne.n	82a8e <pio_configure_pin_group+0xa2>
		p_pio->PIO_IFDR = ul_mask;
   82a64:	6241      	str	r1, [r0, #36]	@ 0x24
	p_pio->PIO_ODR = ul_mask;
   82a66:	6141      	str	r1, [r0, #20]
	p_pio->PIO_PER = ul_mask;
   82a68:	6001      	str	r1, [r0, #0]
	return 1;
   82a6a:	2001      	movs	r0, #1
}
   82a6c:	4770      	bx	lr
{
   82a6e:	b410      	push	{r4}
	p_pio->PIO_IDR = ul_mask;
   82a70:	6441      	str	r1, [r0, #68]	@ 0x44
		ul_sr = p_pio->PIO_ABSR;
   82a72:	6f03      	ldr	r3, [r0, #112]	@ 0x70
		p_pio->PIO_ABSR &= (~ul_mask & ul_sr);
   82a74:	6f04      	ldr	r4, [r0, #112]	@ 0x70
   82a76:	4023      	ands	r3, r4
   82a78:	ea23 0301 	bic.w	r3, r3, r1
	if (ul_pull_up_enable) {
   82a7c:	07d4      	lsls	r4, r2, #31
		p_pio->PIO_ABSR &= (~ul_mask & ul_sr);
   82a7e:	6703      	str	r3, [r0, #112]	@ 0x70
	p_pio->PIO_PDR = ul_mask;
   82a80:	6041      	str	r1, [r0, #4]
		p_pio->PIO_PUER = ul_mask;
   82a82:	bf4c      	ite	mi
   82a84:	6641      	strmi	r1, [r0, #100]	@ 0x64
		p_pio->PIO_PUDR = ul_mask;
   82a86:	6601      	strpl	r1, [r0, #96]	@ 0x60
}
   82a88:	bc10      	pop	{r4}
	return 1;
   82a8a:	2001      	movs	r0, #1
}
   82a8c:	4770      	bx	lr
	if (ul_attribute & PIO_DEGLITCH) {
   82a8e:	0793      	lsls	r3, r2, #30
		p_pio->PIO_IFER = ul_mask;
   82a90:	6201      	str	r1, [r0, #32]
		p_pio->PIO_SCIFSR = ul_mask;
   82a92:	bf48      	it	mi
   82a94:	f8c0 1080 	strmi.w	r1, [r0, #128]	@ 0x80
	if (ul_attribute & PIO_DEGLITCH) {
   82a98:	d4e5      	bmi.n	82a66 <pio_configure_pin_group+0x7a>
		if (ul_attribute & PIO_DEBOUNCE) {
   82a9a:	0713      	lsls	r3, r2, #28
			p_pio->PIO_DIFSR = ul_mask;
   82a9c:	bf48      	it	mi
   82a9e:	f8c0 1084 	strmi.w	r1, [r0, #132]	@ 0x84
   82aa2:	e7e0      	b.n	82a66 <pio_configure_pin_group+0x7a>

00082aa4 <pmc_switch_mck_to_mainck>:
 */
uint32_t pmc_switch_mck_to_mainck(uint32_t ul_pres)
{
	uint32_t ul_timeout;

	PMC->PMC_MCKR = (PMC->PMC_MCKR & (~PMC_MCKR_CSS_Msk)) |
   82aa4:	4915      	ldr	r1, [pc, #84]	@ (82afc <pmc_switch_mck_to_mainck+0x58>)
   82aa6:	6b0b      	ldr	r3, [r1, #48]	@ 0x30
   82aa8:	f023 0303 	bic.w	r3, r3, #3
   82aac:	f043 0301 	orr.w	r3, r3, #1
   82ab0:	630b      	str	r3, [r1, #48]	@ 0x30
			PMC_MCKR_CSS_MAIN_CLK;
	for (ul_timeout = PMC_TIMEOUT; !(PMC->PMC_SR & PMC_SR_MCKRDY);
   82ab2:	6e8b      	ldr	r3, [r1, #104]	@ 0x68
   82ab4:	071b      	lsls	r3, r3, #28
   82ab6:	bf58      	it	pl
   82ab8:	f44f 6300 	movpl.w	r3, #2048	@ 0x800
   82abc:	d502      	bpl.n	82ac4 <pmc_switch_mck_to_mainck+0x20>
   82abe:	e004      	b.n	82aca <pmc_switch_mck_to_mainck+0x26>
			--ul_timeout) {
		if (ul_timeout == 0) {
   82ac0:	3b01      	subs	r3, #1
   82ac2:	d016      	beq.n	82af2 <pmc_switch_mck_to_mainck+0x4e>
	for (ul_timeout = PMC_TIMEOUT; !(PMC->PMC_SR & PMC_SR_MCKRDY);
   82ac4:	6e8a      	ldr	r2, [r1, #104]	@ 0x68
   82ac6:	0712      	lsls	r2, r2, #28
   82ac8:	d5fa      	bpl.n	82ac0 <pmc_switch_mck_to_mainck+0x1c>
			return 1;
		}
	}

	PMC->PMC_MCKR = (PMC->PMC_MCKR & (~PMC_MCKR_PRES_Msk)) | ul_pres;
   82aca:	490c      	ldr	r1, [pc, #48]	@ (82afc <pmc_switch_mck_to_mainck+0x58>)
   82acc:	6b0b      	ldr	r3, [r1, #48]	@ 0x30
   82ace:	f023 0370 	bic.w	r3, r3, #112	@ 0x70
   82ad2:	4303      	orrs	r3, r0
   82ad4:	630b      	str	r3, [r1, #48]	@ 0x30
	for (ul_timeout = PMC_TIMEOUT; !(PMC->PMC_SR & PMC_SR_MCKRDY);
   82ad6:	6e88      	ldr	r0, [r1, #104]	@ 0x68
   82ad8:	f010 0008 	ands.w	r0, r0, #8
   82adc:	bf08      	it	eq
   82ade:	f44f 6300 	moveq.w	r3, #2048	@ 0x800
   82ae2:	d002      	beq.n	82aea <pmc_switch_mck_to_mainck+0x46>
   82ae4:	e007      	b.n	82af6 <pmc_switch_mck_to_mainck+0x52>
			--ul_timeout) {
		if (ul_timeout == 0) {
   82ae6:	3b01      	subs	r3, #1
   82ae8:	d003      	beq.n	82af2 <pmc_switch_mck_to_mainck+0x4e>
	for (ul_timeout = PMC_TIMEOUT; !(PMC->PMC_SR & PMC_SR_MCKRDY);
   82aea:	6e8a      	ldr	r2, [r1, #104]	@ 0x68
   82aec:	0712      	lsls	r2, r2, #28
   82aee:	d5fa      	bpl.n	82ae6 <pmc_switch_mck_to_mainck+0x42>
			return 1;
		}
	}

	return 0;
}
   82af0:	4770      	bx	lr
			return 1;
   82af2:	2001      	movs	r0, #1
   82af4:	4770      	bx	lr
	return 0;
   82af6:	2000      	movs	r0, #0
   82af8:	4770      	bx	lr
   82afa:	bf00      	nop
   82afc:	400e0400 	.word	0x400e0400

00082b00 <pmc_switch_mck_to_pllack>:
 */
uint32_t pmc_switch_mck_to_pllack(uint32_t ul_pres)
{
	uint32_t ul_timeout;

	PMC->PMC_MCKR = (PMC->PMC_MCKR & (~PMC_MCKR_PRES_Msk)) | ul_pres;
   82b00:	4915      	ldr	r1, [pc, #84]	@ (82b58 <pmc_switch_mck_to_pllack+0x58>)
   82b02:	6b0b      	ldr	r3, [r1, #48]	@ 0x30
   82b04:	f023 0370 	bic.w	r3, r3, #112	@ 0x70
   82b08:	4303      	orrs	r3, r0
   82b0a:	630b      	str	r3, [r1, #48]	@ 0x30
	for (ul_timeout = PMC_TIMEOUT; !(PMC->PMC_SR & PMC_SR_MCKRDY);
   82b0c:	6e8b      	ldr	r3, [r1, #104]	@ 0x68
   82b0e:	071b      	lsls	r3, r3, #28
   82b10:	bf58      	it	pl
   82b12:	f44f 6300 	movpl.w	r3, #2048	@ 0x800
   82b16:	d502      	bpl.n	82b1e <pmc_switch_mck_to_pllack+0x1e>
   82b18:	e004      	b.n	82b24 <pmc_switch_mck_to_pllack+0x24>
			--ul_timeout) {
		if (ul_timeout == 0) {
   82b1a:	3b01      	subs	r3, #1
   82b1c:	d017      	beq.n	82b4e <pmc_switch_mck_to_pllack+0x4e>
	for (ul_timeout = PMC_TIMEOUT; !(PMC->PMC_SR & PMC_SR_MCKRDY);
   82b1e:	6e8a      	ldr	r2, [r1, #104]	@ 0x68
   82b20:	0710      	lsls	r0, r2, #28
   82b22:	d5fa      	bpl.n	82b1a <pmc_switch_mck_to_pllack+0x1a>
			return 1;
		}
	}

	PMC->PMC_MCKR = (PMC->PMC_MCKR & (~PMC_MCKR_CSS_Msk)) |
   82b24:	490c      	ldr	r1, [pc, #48]	@ (82b58 <pmc_switch_mck_to_pllack+0x58>)
   82b26:	6b0b      	ldr	r3, [r1, #48]	@ 0x30
   82b28:	f023 0303 	bic.w	r3, r3, #3
   82b2c:	f043 0302 	orr.w	r3, r3, #2
   82b30:	630b      	str	r3, [r1, #48]	@ 0x30
			PMC_MCKR_CSS_PLLA_CLK;

	for (ul_timeout = PMC_TIMEOUT; !(PMC->PMC_SR & PMC_SR_MCKRDY);
   82b32:	6e88      	ldr	r0, [r1, #104]	@ 0x68
   82b34:	f010 0008 	ands.w	r0, r0, #8
   82b38:	bf08      	it	eq
   82b3a:	f44f 6300 	moveq.w	r3, #2048	@ 0x800
   82b3e:	d002      	beq.n	82b46 <pmc_switch_mck_to_pllack+0x46>
   82b40:	e007      	b.n	82b52 <pmc_switch_mck_to_pllack+0x52>
			--ul_timeout) {
		if (ul_timeout == 0) {
   82b42:	3b01      	subs	r3, #1
   82b44:	d003      	beq.n	82b4e <pmc_switch_mck_to_pllack+0x4e>
	for (ul_timeout = PMC_TIMEOUT; !(PMC->PMC_SR & PMC_SR_MCKRDY);
   82b46:	6e8a      	ldr	r2, [r1, #104]	@ 0x68
   82b48:	0712      	lsls	r2, r2, #28
   82b4a:	d5fa      	bpl.n	82b42 <pmc_switch_mck_to_pllack+0x42>
			return 1;
		}
	}

	return 0;
}
   82b4c:	4770      	bx	lr
			return 1;
   82b4e:	2001      	movs	r0, #1
   82b50:	4770      	bx	lr
	return 0;
   82b52:	2000      	movs	r0, #0
   82b54:	4770      	bx	lr
   82b56:	bf00      	nop
   82b58:	400e0400 	.word	0x400e0400

00082b5c <pmc_osc_enable_main_xtal>:
 *
 * \param ul_xtal_startup_time Xtal start-up time, in number of slow clocks.
 */
void pmc_osc_enable_main_xtal(uint32_t ul_xtal_startup_time)
{
	uint32_t mor = PMC->CKGR_MOR;
   82b5c:	4a07      	ldr	r2, [pc, #28]	@ (82b7c <pmc_osc_enable_main_xtal+0x20>)
	mor &= ~(CKGR_MOR_MOSCXTBY|CKGR_MOR_MOSCXTEN);
	mor |= CKGR_MOR_KEY_PASSWD | CKGR_MOR_MOSCXTEN |
			CKGR_MOR_MOSCXTST(ul_xtal_startup_time);
   82b5e:	0203      	lsls	r3, r0, #8
	uint32_t mor = PMC->CKGR_MOR;
   82b60:	6a11      	ldr	r1, [r2, #32]
			CKGR_MOR_MOSCXTST(ul_xtal_startup_time);
   82b62:	b29b      	uxth	r3, r3
	mor &= ~(CKGR_MOR_MOSCXTBY|CKGR_MOR_MOSCXTEN);
   82b64:	f021 0103 	bic.w	r1, r1, #3
	mor |= CKGR_MOR_KEY_PASSWD | CKGR_MOR_MOSCXTEN |
   82b68:	430b      	orrs	r3, r1
   82b6a:	f443 135c 	orr.w	r3, r3, #3604480	@ 0x370000
   82b6e:	f043 0301 	orr.w	r3, r3, #1
	PMC->CKGR_MOR = mor;
   82b72:	6213      	str	r3, [r2, #32]
	/* Wait the main Xtal to stabilize */
	while (!(PMC->PMC_SR & PMC_SR_MOSCXTS));
   82b74:	6e93      	ldr	r3, [r2, #104]	@ 0x68
   82b76:	07db      	lsls	r3, r3, #31
   82b78:	d5fc      	bpl.n	82b74 <pmc_osc_enable_main_xtal+0x18>
}
   82b7a:	4770      	bx	lr
   82b7c:	400e0400 	.word	0x400e0400

00082b80 <pmc_osc_is_ready_main_xtal>:
 *
 * \retval 0 main crystal is not ready, otherwise ready.
 */
uint32_t pmc_osc_is_ready_main_xtal(void)
{
	return (PMC->PMC_SR & PMC_SR_MOSCXTS);
   82b80:	4b02      	ldr	r3, [pc, #8]	@ (82b8c <pmc_osc_is_ready_main_xtal+0xc>)
   82b82:	6e98      	ldr	r0, [r3, #104]	@ 0x68
}
   82b84:	f000 0001 	and.w	r0, r0, #1
   82b88:	4770      	bx	lr
   82b8a:	bf00      	nop
   82b8c:	400e0400 	.word	0x400e0400

00082b90 <pmc_osc_is_ready_mainck>:
 * \retval 1 Xtal is ready.
 * \retval 0 Xtal is not ready.
 */
uint32_t pmc_osc_is_ready_mainck(void)
{
	return PMC->PMC_SR & PMC_SR_MOSCSELS;
   82b90:	4b02      	ldr	r3, [pc, #8]	@ (82b9c <pmc_osc_is_ready_mainck+0xc>)
   82b92:	6e98      	ldr	r0, [r3, #104]	@ 0x68
}
   82b94:	f400 3080 	and.w	r0, r0, #65536	@ 0x10000
   82b98:	4770      	bx	lr
   82b9a:	bf00      	nop
   82b9c:	400e0400 	.word	0x400e0400

00082ba0 <pmc_mainck_osc_select>:
 *
 * \param ul_xtal_rc 0 internal RC is selected, otherwise Main Crystal.
 */
void pmc_mainck_osc_select(uint32_t ul_xtal_rc)
{
	uint32_t mor = PMC->CKGR_MOR;
   82ba0:	4b08      	ldr	r3, [pc, #32]	@ (82bc4 <pmc_mainck_osc_select+0x24>)
   82ba2:	6a1b      	ldr	r3, [r3, #32]
	if (ul_xtal_rc) {
   82ba4:	b130      	cbz	r0, 82bb4 <pmc_mainck_osc_select+0x14>
		mor |=  CKGR_MOR_MOSCSEL;
	} else {
		mor &= ~CKGR_MOR_MOSCSEL;
	}
	PMC->CKGR_MOR = CKGR_MOR_KEY_PASSWD | mor;
   82ba6:	4a07      	ldr	r2, [pc, #28]	@ (82bc4 <pmc_mainck_osc_select+0x24>)
		mor |=  CKGR_MOR_MOSCSEL;
   82ba8:	f043 7380 	orr.w	r3, r3, #16777216	@ 0x1000000
	PMC->CKGR_MOR = CKGR_MOR_KEY_PASSWD | mor;
   82bac:	f443 135c 	orr.w	r3, r3, #3604480	@ 0x370000
   82bb0:	6213      	str	r3, [r2, #32]
}
   82bb2:	4770      	bx	lr
	PMC->CKGR_MOR = CKGR_MOR_KEY_PASSWD | mor;
   82bb4:	4a03      	ldr	r2, [pc, #12]	@ (82bc4 <pmc_mainck_osc_select+0x24>)
		mor &= ~CKGR_MOR_MOSCSEL;
   82bb6:	f023 7380 	bic.w	r3, r3, #16777216	@ 0x1000000
	PMC->CKGR_MOR = CKGR_MOR_KEY_PASSWD | mor;
   82bba:	f443 135c 	orr.w	r3, r3, #3604480	@ 0x370000
   82bbe:	6213      	str	r3, [r2, #32]
}
   82bc0:	4770      	bx	lr
   82bc2:	bf00      	nop
   82bc4:	400e0400 	.word	0x400e0400

00082bc8 <pmc_disable_pllack>:
void pmc_disable_pllack(void)
{
#if (SAM4C || SAM4CM || SAM4CP || SAMG)
	PMC->CKGR_PLLAR = CKGR_PLLAR_MULA(0);
#else
	PMC->CKGR_PLLAR = CKGR_PLLAR_ONE | CKGR_PLLAR_MULA(0);
   82bc8:	f04f 5200 	mov.w	r2, #536870912	@ 0x20000000
   82bcc:	4b01      	ldr	r3, [pc, #4]	@ (82bd4 <pmc_disable_pllack+0xc>)
   82bce:	629a      	str	r2, [r3, #40]	@ 0x28
#endif
}
   82bd0:	4770      	bx	lr
   82bd2:	bf00      	nop
   82bd4:	400e0400 	.word	0x400e0400

00082bd8 <pmc_is_locked_pllack>:
 * \retval 0 Not locked.
 * \retval 1 Locked.
 */
uint32_t pmc_is_locked_pllack(void)
{
	return (PMC->PMC_SR & PMC_SR_LOCKA);
   82bd8:	4b02      	ldr	r3, [pc, #8]	@ (82be4 <pmc_is_locked_pllack+0xc>)
   82bda:	6e98      	ldr	r0, [r3, #104]	@ 0x68
}
   82bdc:	f000 0002 	and.w	r0, r0, #2
   82be0:	4770      	bx	lr
   82be2:	bf00      	nop
   82be4:	400e0400 	.word	0x400e0400

00082be8 <pmc_is_locked_upll>:
 * \retval 0 Not locked.
 * \retval 1 Locked.
 */
uint32_t pmc_is_locked_upll(void)
{
	return (PMC->PMC_SR & PMC_SR_LOCKU);
   82be8:	4b02      	ldr	r3, [pc, #8]	@ (82bf4 <pmc_is_locked_upll+0xc>)
   82bea:	6e98      	ldr	r0, [r3, #104]	@ 0x68
}
   82bec:	f000 0040 	and.w	r0, r0, #64	@ 0x40
   82bf0:	4770      	bx	lr
   82bf2:	bf00      	nop
   82bf4:	400e0400 	.word	0x400e0400

00082bf8 <pmc_enable_periph_clk>:
 * \retval 0 Success.
 * \retval 1 Invalid parameter.
 */
uint32_t pmc_enable_periph_clk(uint32_t ul_id)
{
	if (ul_id > MAX_PERIPH_ID) {
   82bf8:	281d      	cmp	r0, #29
   82bfa:	d809      	bhi.n	82c10 <pmc_enable_periph_clk+0x18>
		return 1;
	}

	if (ul_id < 32) {
		if ((PMC->PMC_PCSR0 & (1u << ul_id)) != (1u << ul_id)) {
   82bfc:	2301      	movs	r3, #1
   82bfe:	4905      	ldr	r1, [pc, #20]	@ (82c14 <pmc_enable_periph_clk+0x1c>)
   82c00:	4083      	lsls	r3, r0
   82c02:	698a      	ldr	r2, [r1, #24]
			PMC->PMC_PCER1 = 1 << ul_id;
		}
#endif
	}

	return 0;
   82c04:	2000      	movs	r0, #0
		if ((PMC->PMC_PCSR0 & (1u << ul_id)) != (1u << ul_id)) {
   82c06:	ea33 0202 	bics.w	r2, r3, r2
			PMC->PMC_PCER0 = 1 << ul_id;
   82c0a:	bf18      	it	ne
   82c0c:	610b      	strne	r3, [r1, #16]
   82c0e:	4770      	bx	lr
		return 1;
   82c10:	2001      	movs	r0, #1
}
   82c12:	4770      	bx	lr
   82c14:	400e0400 	.word	0x400e0400

00082c18 <pmc_disable_periph_clk>:
 * \retval 0 Success.
 * \retval 1 Invalid parameter.
 */
uint32_t pmc_disable_periph_clk(uint32_t ul_id)
{
	if (ul_id > MAX_PERIPH_ID) {
   82c18:	281d      	cmp	r0, #29
   82c1a:	d809      	bhi.n	82c30 <pmc_disable_periph_clk+0x18>
		return 1;
	}

	if (ul_id < 32) {
		if ((PMC->PMC_PCSR0 & (1u << ul_id)) == (1u << ul_id)) {
   82c1c:	2301      	movs	r3, #1
   82c1e:	4905      	ldr	r1, [pc, #20]	@ (82c34 <pmc_disable_periph_clk+0x1c>)
   82c20:	4083      	lsls	r3, r0
   82c22:	698a      	ldr	r2, [r1, #24]
		if ((PMC->PMC_PCSR1 & (1u << ul_id)) == (1u << ul_id)) {
			PMC->PMC_PCDR1 = 1 << ul_id;
		}
#endif
	}
	return 0;
   82c24:	2000      	movs	r0, #0
		if ((PMC->PMC_PCSR0 & (1u << ul_id)) == (1u << ul_id)) {
   82c26:	ea33 0202 	bics.w	r2, r3, r2
			PMC->PMC_PCDR0 = 1 << ul_id;
   82c2a:	bf08      	it	eq
   82c2c:	614b      	streq	r3, [r1, #20]
   82c2e:	4770      	bx	lr
		return 1;
   82c30:	2001      	movs	r0, #1
}
   82c32:	4770      	bx	lr
   82c34:	400e0400 	.word	0x400e0400

00082c38 <pmc_set_fast_startup_input>:
 * \param ul_inputs Wake up inputs to enable.
 */
void pmc_set_fast_startup_input(uint32_t ul_inputs)
{
	ul_inputs &= PMC_FAST_STARTUP_Msk;
	PMC->PMC_FSMR |= ul_inputs;
   82c38:	4b03      	ldr	r3, [pc, #12]	@ (82c48 <pmc_set_fast_startup_input+0x10>)
	ul_inputs &= PMC_FAST_STARTUP_Msk;
   82c3a:	f3c0 0012 	ubfx	r0, r0, #0, #19
	PMC->PMC_FSMR |= ul_inputs;
   82c3e:	6f1a      	ldr	r2, [r3, #112]	@ 0x70
   82c40:	4310      	orrs	r0, r2
   82c42:	6718      	str	r0, [r3, #112]	@ 0x70
}
   82c44:	4770      	bx	lr
   82c46:	bf00      	nop
   82c48:	400e0400 	.word	0x400e0400

00082c4c <_read>:
int __attribute__((weak))
_read (int file, char * ptr, int len); // Remove GCC compiler warning

int __attribute__((weak))
_read (int file, char * ptr, int len)
{
   82c4c:	e92d 41f0 	stmdb	sp!, {r4, r5, r6, r7, r8, lr}
	int nChars = 0;

	if (file != 0) {
   82c50:	b9a0      	cbnz	r0, 82c7c <_read+0x30>
		return -1;
	}

	for (; len > 0; --len) {
   82c52:	2a00      	cmp	r2, #0
   82c54:	4690      	mov	r8, r2
   82c56:	dd0d      	ble.n	82c74 <_read+0x28>
   82c58:	460c      	mov	r4, r1
   82c5a:	4f0a      	ldr	r7, [pc, #40]	@ (82c84 <_read+0x38>)
   82c5c:	4e0a      	ldr	r6, [pc, #40]	@ (82c88 <_read+0x3c>)
   82c5e:	188d      	adds	r5, r1, r2
		ptr_get(stdio_base, ptr);
   82c60:	4621      	mov	r1, r4
   82c62:	6838      	ldr	r0, [r7, #0]
   82c64:	6833      	ldr	r3, [r6, #0]
		ptr++;
   82c66:	3401      	adds	r4, #1
		ptr_get(stdio_base, ptr);
   82c68:	4798      	blx	r3
	for (; len > 0; --len) {
   82c6a:	42ac      	cmp	r4, r5
   82c6c:	d1f8      	bne.n	82c60 <_read+0x14>
		nChars++;
	}
	return nChars;
}
   82c6e:	4640      	mov	r0, r8
   82c70:	e8bd 81f0 	ldmia.w	sp!, {r4, r5, r6, r7, r8, pc}
	return nChars;
   82c74:	4680      	mov	r8, r0
}
   82c76:	4640      	mov	r0, r8
   82c78:	e8bd 81f0 	ldmia.w	sp!, {r4, r5, r6, r7, r8, pc}
		return -1;
   82c7c:	f04f 38ff 	mov.w	r8, #4294967295	@ 0xffffffff
   82c80:	e7f5      	b.n	82c6e <_read+0x22>
   82c82:	bf00      	nop
   82c84:	20003400 	.word	0x20003400
   82c88:	20003390 	.word	0x20003390

00082c8c <pmc_is_wakeup_clocks_restored>:
	}
}

bool pmc_is_wakeup_clocks_restored(void)
{
	return !b_is_sleep_clock_used;
   82c8c:	4b02      	ldr	r3, [pc, #8]	@ (82c98 <pmc_is_wakeup_clocks_restored+0xc>)
   82c8e:	7818      	ldrb	r0, [r3, #0]
}
   82c90:	f080 0001 	eor.w	r0, r0, #1
   82c94:	4770      	bx	lr
   82c96:	bf00      	nop
   82c98:	20003394 	.word	0x20003394

00082c9c <smc_set_setup_timing>:
 * \param ul_setup_timing Setup timing for NWE, NCS, NRD.
 */
void smc_set_setup_timing(Smc *p_smc, uint32_t ul_cs,
		uint32_t ul_setup_timing)
{
	p_smc->SMC_CS_NUMBER[ul_cs].SMC_SETUP = ul_setup_timing;
   82c9c:	eb01 0181 	add.w	r1, r1, r1, lsl #2
   82ca0:	eb00 0081 	add.w	r0, r0, r1, lsl #2
   82ca4:	6702      	str	r2, [r0, #112]	@ 0x70
}
   82ca6:	4770      	bx	lr

00082ca8 <smc_set_pulse_timing>:
 * \param ul_pulse_timing Pulse timing for NWE,NCS,NRD.
 */
void smc_set_pulse_timing(Smc *p_smc, uint32_t ul_cs,
		uint32_t ul_pulse_timing)
{
	p_smc->SMC_CS_NUMBER[ul_cs].SMC_PULSE = ul_pulse_timing;
   82ca8:	eb01 0181 	add.w	r1, r1, r1, lsl #2
   82cac:	eb00 0081 	add.w	r0, r0, r1, lsl #2
   82cb0:	6742      	str	r2, [r0, #116]	@ 0x74
}
   82cb2:	4770      	bx	lr

00082cb4 <smc_set_cycle_timing>:
 * \param ul_cycle_timing Cycle timing for NWE and NRD.
 */
void smc_set_cycle_timing(Smc *p_smc, uint32_t ul_cs,
		uint32_t ul_cycle_timing)
{
	p_smc->SMC_CS_NUMBER[ul_cs].SMC_CYCLE = ul_cycle_timing;
   82cb4:	eb01 0181 	add.w	r1, r1, r1, lsl #2
   82cb8:	eb00 0081 	add.w	r0, r0, r1, lsl #2
   82cbc:	6782      	str	r2, [r0, #120]	@ 0x78
}
   82cbe:	4770      	bx	lr

00082cc0 <smc_set_mode>:
 * \param ul_cs Chip select number to be set.
 * \param ul_mode SMC mode.
 */
void smc_set_mode(Smc *p_smc, uint32_t ul_cs, uint32_t ul_mode)
{
	p_smc->SMC_CS_NUMBER[ul_cs].SMC_MODE = ul_mode;
   82cc0:	eb01 0181 	add.w	r1, r1, r1, lsl #2
   82cc4:	eb00 0081 	add.w	r0, r0, r1, lsl #2
   82cc8:	f8c0 2080 	str.w	r2, [r0, #128]	@ 0x80
}
   82ccc:	4770      	bx	lr
   82cce:	bf00      	nop

00082cd0 <Reset_Handler>:
/**
 * \brief This is the code that gets called on processor reset.
 * To initialize the device, and call the main() routine.
 */
void Reset_Handler(void)
{
   82cd0:	b508      	push	{r3, lr}

	/* Initialize the relocate segment */
	pSrc = &_etext;
	pDest = &_srelocate;

	if (pSrc != pDest) {
   82cd2:	4818      	ldr	r0, [pc, #96]	@ (82d34 <Reset_Handler+0x64>)
   82cd4:	4b18      	ldr	r3, [pc, #96]	@ (82d38 <Reset_Handler+0x68>)
   82cd6:	4283      	cmp	r3, r0
   82cd8:	d00a      	beq.n	82cf0 <Reset_Handler+0x20>
		for (; pDest < &_erelocate;) {
   82cda:	4a18      	ldr	r2, [pc, #96]	@ (82d3c <Reset_Handler+0x6c>)
   82cdc:	4290      	cmp	r0, r2
   82cde:	d207      	bcs.n	82cf0 <Reset_Handler+0x20>
			*pDest++ = *pSrc++;
   82ce0:	3a01      	subs	r2, #1
   82ce2:	1a12      	subs	r2, r2, r0
   82ce4:	f022 0203 	bic.w	r2, r2, #3
   82ce8:	4619      	mov	r1, r3
   82cea:	3204      	adds	r2, #4
   82cec:	4b14      	ldr	r3, [pc, #80]	@ (82d40 <Reset_Handler+0x70>)
   82cee:	4798      	blx	r3
		}
	}

	/* Clear the zero segment */
	for (pDest = &_szero; pDest < &_ezero;) {
   82cf0:	4a14      	ldr	r2, [pc, #80]	@ (82d44 <Reset_Handler+0x74>)
   82cf2:	4b15      	ldr	r3, [pc, #84]	@ (82d48 <Reset_Handler+0x78>)
   82cf4:	4293      	cmp	r3, r2
   82cf6:	d208      	bcs.n	82d0a <Reset_Handler+0x3a>
		*pDest++ = 0;
   82cf8:	3a01      	subs	r2, #1
   82cfa:	1ad2      	subs	r2, r2, r3
   82cfc:	f022 0203 	bic.w	r2, r2, #3
   82d00:	4618      	mov	r0, r3
   82d02:	2100      	movs	r1, #0
   82d04:	4b11      	ldr	r3, [pc, #68]	@ (82d4c <Reset_Handler+0x7c>)
   82d06:	3204      	adds	r2, #4
   82d08:	4798      	blx	r3
	}

	/* Set the vector table base address */
	pSrc = (uint32_t *) & _sfixed;
	SCB->VTOR = ((uint32_t) pSrc & SCB_VTOR_TBLOFF_Msk);
   82d0a:	4b11      	ldr	r3, [pc, #68]	@ (82d50 <Reset_Handler+0x80>)
   82d0c:	4911      	ldr	r1, [pc, #68]	@ (82d54 <Reset_Handler+0x84>)
   82d0e:	f023 4260 	bic.w	r2, r3, #3758096384	@ 0xe0000000

	if (((uint32_t) pSrc >= IRAM0_ADDR) && ((uint32_t) pSrc < IRAM0_ADDR + IRAM_SIZE)) {
   82d12:	f103 4360 	add.w	r3, r3, #3758096384	@ 0xe0000000
	SCB->VTOR = ((uint32_t) pSrc & SCB_VTOR_TBLOFF_Msk);
   82d16:	f022 027f 	bic.w	r2, r2, #127	@ 0x7f
	if (((uint32_t) pSrc >= IRAM0_ADDR) && ((uint32_t) pSrc < IRAM0_ADDR + IRAM_SIZE)) {
   82d1a:	f5b3 4f40 	cmp.w	r3, #49152	@ 0xc000
	SCB->VTOR = ((uint32_t) pSrc & SCB_VTOR_TBLOFF_Msk);
   82d1e:	608a      	str	r2, [r1, #8]
	if (((uint32_t) pSrc >= IRAM0_ADDR) && ((uint32_t) pSrc < IRAM0_ADDR + IRAM_SIZE)) {
   82d20:	d203      	bcs.n	82d2a <Reset_Handler+0x5a>
		SCB->VTOR |= 1 << SCB_VTOR_TBLBASE_Pos;
   82d22:	688b      	ldr	r3, [r1, #8]
   82d24:	f043 5300 	orr.w	r3, r3, #536870912	@ 0x20000000
   82d28:	608b      	str	r3, [r1, #8]
	}

	/* Initialize the C library */
	__libc_init_array();
   82d2a:	4b0b      	ldr	r3, [pc, #44]	@ (82d58 <Reset_Handler+0x88>)
   82d2c:	4798      	blx	r3

	/* Branch to main function */
	main();
   82d2e:	4b0b      	ldr	r3, [pc, #44]	@ (82d5c <Reset_Handler+0x8c>)
   82d30:	4798      	blx	r3

	/* Infinite loop */
	while (1);
   82d32:	e7fe      	b.n	82d32 <Reset_Handler+0x62>
   82d34:	20000000 	.word	0x20000000
   82d38:	0008cb7c 	.word	0x0008cb7c
   82d3c:	20000a80 	.word	0x20000a80
   82d40:	00087645 	.word	0x00087645
   82d44:	20003718 	.word	0x20003718
   82d48:	20000a80 	.word	0x20000a80
   82d4c:	00087395 	.word	0x00087395
   82d50:	00080000 	.word	0x00080000
   82d54:	e000ed00 	.word	0xe000ed00
   82d58:	00087565 	.word	0x00087565
   82d5c:	000804f9 	.word	0x000804f9

00082d60 <_sbrk>:
{
	static unsigned char *heap = NULL;
	unsigned char *prev_heap;
	int ramend = (int)&__ram_end__;

	if (heap == NULL) {
   82d60:	4a0c      	ldr	r2, [pc, #48]	@ (82d94 <_sbrk+0x34>)
{
   82d62:	4603      	mov	r3, r0
	if (heap == NULL) {
   82d64:	6810      	ldr	r0, [r2, #0]
	int ramend = (int)&__ram_end__;
   82d66:	490c      	ldr	r1, [pc, #48]	@ (82d98 <_sbrk+0x38>)
	if (heap == NULL) {
   82d68:	b130      	cbz	r0, 82d78 <_sbrk+0x18>
		heap = (unsigned char *)&_end;
	}
	prev_heap = heap;

	if (((int)prev_heap + incr) > ramend) {
   82d6a:	4403      	add	r3, r0
   82d6c:	428b      	cmp	r3, r1
		return (caddr_t) -1;	
   82d6e:	bfcc      	ite	gt
   82d70:	f04f 30ff 	movgt.w	r0, #4294967295	@ 0xffffffff
	}

	heap += incr;
   82d74:	6013      	strle	r3, [r2, #0]

	return (caddr_t) prev_heap;
}
   82d76:	4770      	bx	lr
{
   82d78:	b410      	push	{r4}
		heap = (unsigned char *)&_end;
   82d7a:	4c08      	ldr	r4, [pc, #32]	@ (82d9c <_sbrk+0x3c>)
	if (((int)prev_heap + incr) > ramend) {
   82d7c:	4423      	add	r3, r4
   82d7e:	428b      	cmp	r3, r1
		heap = (unsigned char *)&_end;
   82d80:	6014      	str	r4, [r2, #0]
	heap += incr;
   82d82:	bfd8      	it	le
   82d84:	6013      	strle	r3, [r2, #0]
		heap = (unsigned char *)&_end;
   82d86:	4620      	mov	r0, r4
		return (caddr_t) -1;	
   82d88:	bfc8      	it	gt
   82d8a:	f04f 30ff 	movgt.w	r0, #4294967295	@ 0xffffffff
}
   82d8e:	bc10      	pop	{r4}
   82d90:	4770      	bx	lr
   82d92:	bf00      	nop
   82d94:	200033a0 	.word	0x200033a0
   82d98:	20083ffc 	.word	0x20083ffc
   82d9c:	20083000 	.word	0x20083000

00082da0 <_close>:
}

extern int _close(int file)
{
	return -1;
}
   82da0:	f04f 30ff 	mov.w	r0, #4294967295	@ 0xffffffff
   82da4:	4770      	bx	lr
   82da6:	bf00      	nop

00082da8 <_fstat>:

extern int _fstat(int file, struct stat *st)
{
	st->st_mode = S_IFCHR;
   82da8:	f44f 5300 	mov.w	r3, #8192	@ 0x2000

	return 0;
}
   82dac:	2000      	movs	r0, #0
	st->st_mode = S_IFCHR;
   82dae:	604b      	str	r3, [r1, #4]
}
   82db0:	4770      	bx	lr
   82db2:	bf00      	nop

00082db4 <_isatty>:

extern int _isatty(int file)
{
	return 1;
}
   82db4:	2001      	movs	r0, #1
   82db6:	4770      	bx	lr

00082db8 <_lseek>:

extern int _lseek(int file, int ptr, int dir)
{
	return 0;
}
   82db8:	2000      	movs	r0, #0
   82dba:	4770      	bx	lr

00082dbc <_exit>:

extern void _exit(int status)
{
   82dbc:	4601      	mov	r1, r0
   82dbe:	b508      	push	{r3, lr}
	printf("Exiting with status %d.\n", status);
   82dc0:	4801      	ldr	r0, [pc, #4]	@ (82dc8 <_exit+0xc>)
   82dc2:	4b02      	ldr	r3, [pc, #8]	@ (82dcc <_exit+0x10>)
   82dc4:	4798      	blx	r3

	for (;;);
   82dc6:	e7fe      	b.n	82dc6 <_exit+0xa>
   82dc8:	0008c670 	.word	0x0008c670
   82dcc:	000855e1 	.word	0x000855e1

00082dd0 <_kill>:
}

extern void _kill(int pid, int sig)
{
	return;
}
   82dd0:	4770      	bx	lr
   82dd2:	bf00      	nop

00082dd4 <_getpid>:

extern int _getpid(void)
{
	return -1;
}
   82dd4:	f04f 30ff 	mov.w	r0, #4294967295	@ 0xffffffff
   82dd8:	4770      	bx	lr
   82dda:	bf00      	nop

00082ddc <sysclk_enable_usb>:
 *
 * \param pll_id Source of the USB clock.
 * \param div Actual clock divisor. Must be superior to 0.
 */
void sysclk_enable_usb(void)
{
   82ddc:	b510      	push	{r4, lr}
		pmc_osc_enable_main_xtal(pmc_us_to_moscxtst(
   82dde:	203e      	movs	r0, #62	@ 0x3e
   82de0:	4b07      	ldr	r3, [pc, #28]	@ (82e00 <sysclk_enable_usb+0x24>)
   82de2:	4798      	blx	r3
   82de4:	4c07      	ldr	r4, [pc, #28]	@ (82e04 <sysclk_enable_usb+0x28>)
		return pmc_osc_is_ready_main_xtal();
   82de6:	47a0      	blx	r4
   82de8:	2800      	cmp	r0, #0
   82dea:	d0fc      	beq.n	82de6 <sysclk_enable_usb+0xa>

	if (ul_pll_id == PLLA_ID) {
		pmc_disable_pllack(); // Always stop PLL first!
		PMC->CKGR_PLLAR = CKGR_PLLAR_ONE | p_cfg->ctrl;
	} else {
		PMC->CKGR_UCKR = p_cfg->ctrl | CKGR_UCKR_UPLLEN;
   82dec:	f44f 0271 	mov.w	r2, #15794176	@ 0xf10000
   82df0:	4b05      	ldr	r3, [pc, #20]	@ (82e08 <sysclk_enable_usb+0x2c>)
   82df2:	4c06      	ldr	r4, [pc, #24]	@ (82e0c <sysclk_enable_usb+0x30>)
   82df4:	61da      	str	r2, [r3, #28]
	Assert(ul_pll_id < NR_PLLS);

	if (ul_pll_id == PLLA_ID) {
		return pmc_is_locked_pllack();
	} else {
		return pmc_is_locked_upll();
   82df6:	47a0      	blx	r4
 */
static inline int pll_wait_for_lock(unsigned int pll_id)
{
	Assert(pll_id < NR_PLLS);

	while (!pll_is_locked(pll_id)) {
   82df8:	2800      	cmp	r0, #0
   82dfa:	d0fc      	beq.n	82df6 <sysclk_enable_usb+0x1a>

	pll_enable_source(CONFIG_PLL1_SOURCE);
	pll_config_defaults(&pllcfg, 1);
	pll_enable(&pllcfg, 1);
	pll_wait_for_lock(1);
}
   82dfc:	bd10      	pop	{r4, pc}
   82dfe:	bf00      	nop
   82e00:	00082b5d 	.word	0x00082b5d
   82e04:	00082b81 	.word	0x00082b81
   82e08:	400e0400 	.word	0x400e0400
   82e0c:	00082be9 	.word	0x00082be9

00082e10 <sysclk_init>:
		pll_disable(1);
	}
}

void sysclk_init(void)
{
   82e10:	b570      	push	{r4, r5, r6, lr}
	struct pll_config pllcfg;

	/* Set flash wait state to max in case the below clock switching. */
	system_init_flash(CHIP_FREQ_CPU_MAX);
   82e12:	4812      	ldr	r0, [pc, #72]	@ (82e5c <sysclk_init+0x4c>)
   82e14:	4d12      	ldr	r5, [pc, #72]	@ (82e60 <sysclk_init+0x50>)
   82e16:	47a8      	blx	r5
		pmc_osc_enable_main_xtal(pmc_us_to_moscxtst(
   82e18:	203e      	movs	r0, #62	@ 0x3e
   82e1a:	4b12      	ldr	r3, [pc, #72]	@ (82e64 <sysclk_init+0x54>)
   82e1c:	4798      	blx	r3
   82e1e:	4c12      	ldr	r4, [pc, #72]	@ (82e68 <sysclk_init+0x58>)
		return pmc_osc_is_ready_main_xtal();
   82e20:	47a0      	blx	r4
   82e22:	2800      	cmp	r0, #0
   82e24:	d0fc      	beq.n	82e20 <sysclk_init+0x10>
#  ifndef CONFIG_PLL1_SOURCE
			pmc_osc_disable_main_xtal();
#  endif
		} else if (CONFIG_PLL0_SOURCE == PLL_SRC_MAINCK_XTAL ||
				CONFIG_PLL0_SOURCE == PLL_SRC_MAINCK_BYPASS) {
			pmc_mainck_osc_select(CKGR_MOR_MOSCSEL);
   82e26:	f04f 7080 	mov.w	r0, #16777216	@ 0x1000000
   82e2a:	4b10      	ldr	r3, [pc, #64]	@ (82e6c <sysclk_init+0x5c>)
   82e2c:	4798      	blx	r3
			while(!pmc_osc_is_ready_mainck());
   82e2e:	4c10      	ldr	r4, [pc, #64]	@ (82e70 <sysclk_init+0x60>)
   82e30:	47a0      	blx	r4
   82e32:	2800      	cmp	r0, #0
   82e34:	d0fc      	beq.n	82e30 <sysclk_init+0x20>
		pmc_disable_pllack(); // Always stop PLL first!
   82e36:	4b0f      	ldr	r3, [pc, #60]	@ (82e74 <sysclk_init+0x64>)
   82e38:	4798      	blx	r3
		PMC->CKGR_PLLAR = CKGR_PLLAR_ONE | p_cfg->ctrl;
   82e3a:	4b0f      	ldr	r3, [pc, #60]	@ (82e78 <sysclk_init+0x68>)
   82e3c:	4a0f      	ldr	r2, [pc, #60]	@ (82e7c <sysclk_init+0x6c>)
   82e3e:	4c10      	ldr	r4, [pc, #64]	@ (82e80 <sysclk_init+0x70>)
   82e40:	629a      	str	r2, [r3, #40]	@ 0x28
		return pmc_is_locked_pllack();
   82e42:	47a0      	blx	r4
   82e44:	2800      	cmp	r0, #0
   82e46:	d0fc      	beq.n	82e42 <sysclk_init+0x32>
		}
		pll_config_defaults(&pllcfg, 0);
		pll_enable(&pllcfg, 0);
		pll_wait_for_lock(0);
		pmc_switch_mck_to_pllack(CONFIG_SYSCLK_PRES);
   82e48:	4b0e      	ldr	r3, [pc, #56]	@ (82e84 <sysclk_init+0x74>)
   82e4a:	2010      	movs	r0, #16
   82e4c:	4798      	blx	r3
		pll_wait_for_lock(1);
		pmc_switch_mck_to_upllck(CONFIG_SYSCLK_PRES);
	}

	/* Update the SystemFrequency variable */
	SystemCoreClockUpdate();
   82e4e:	4b0e      	ldr	r3, [pc, #56]	@ (82e88 <sysclk_init+0x78>)
   82e50:	4798      	blx	r3

	/* Set a flash wait state depending on the new cpu frequency */
	system_init_flash(sysclk_get_cpu_hz());
   82e52:	462b      	mov	r3, r5

#if (defined CONFIG_SYSCLK_DEFAULT_RETURNS_SLOW_OSC)
	/* Signal that the internal frequencies are setup */
	sysclk_initialized = 1;
#endif
}
   82e54:	e8bd 4070 	ldmia.w	sp!, {r4, r5, r6, lr}
	system_init_flash(sysclk_get_cpu_hz());
   82e58:	4800      	ldr	r0, [pc, #0]	@ (82e5c <sysclk_init+0x4c>)
   82e5a:	4718      	bx	r3
   82e5c:	05b8d800 	.word	0x05b8d800
   82e60:	20000131 	.word	0x20000131
   82e64:	00082b5d 	.word	0x00082b5d
   82e68:	00082b81 	.word	0x00082b81
   82e6c:	00082ba1 	.word	0x00082ba1
   82e70:	00082b91 	.word	0x00082b91
   82e74:	00082bc9 	.word	0x00082bc9
   82e78:	400e0400 	.word	0x400e0400
   82e7c:	200f3f01 	.word	0x200f3f01
   82e80:	00082bd9 	.word	0x00082bd9
   82e84:	00082b01 	.word	0x00082b01
   82e88:	00082e8d 	.word	0x00082e8d

00082e8c <SystemCoreClockUpdate>:
}

void SystemCoreClockUpdate(void)
{
	/* Determine clock frequency according to clock register values */
	switch (PMC->PMC_MCKR & PMC_MCKR_CSS_Msk) {
   82e8c:	4a33      	ldr	r2, [pc, #204]	@ (82f5c <SystemCoreClockUpdate+0xd0>)
   82e8e:	6b13      	ldr	r3, [r2, #48]	@ 0x30
   82e90:	f003 0303 	and.w	r3, r3, #3
   82e94:	2b01      	cmp	r3, #1
   82e96:	d02e      	beq.n	82ef6 <SystemCoreClockUpdate+0x6a>
   82e98:	3b02      	subs	r3, #2
   82e9a:	2b01      	cmp	r3, #1
   82e9c:	d818      	bhi.n	82ed0 <SystemCoreClockUpdate+0x44>
			}
		}
		break;
	case PMC_MCKR_CSS_PLLA_CLK:	/* PLLA clock */
	case PMC_MCKR_CSS_UPLL_CLK:	/* UPLL clock */
		if (PMC->CKGR_MOR & CKGR_MOR_MOSCSEL) {
   82e9e:	6a13      	ldr	r3, [r2, #32]
   82ea0:	01d9      	lsls	r1, r3, #7
   82ea2:	d53c      	bpl.n	82f1e <SystemCoreClockUpdate+0x92>
			SystemCoreClock = CHIP_FREQ_XTAL_12M;
   82ea4:	482e      	ldr	r0, [pc, #184]	@ (82f60 <SystemCoreClockUpdate+0xd4>)
   82ea6:	4b2f      	ldr	r3, [pc, #188]	@ (82f64 <SystemCoreClockUpdate+0xd8>)
   82ea8:	6003      	str	r3, [r0, #0]
				break;
			default:
				break;
			}
		}
		if ((PMC->PMC_MCKR & PMC_MCKR_CSS_Msk) == PMC_MCKR_CSS_PLLA_CLK) {
   82eaa:	4a2c      	ldr	r2, [pc, #176]	@ (82f5c <SystemCoreClockUpdate+0xd0>)
   82eac:	6b13      	ldr	r3, [r2, #48]	@ 0x30
   82eae:	f003 0303 	and.w	r3, r3, #3
   82eb2:	2b02      	cmp	r3, #2
   82eb4:	d040      	beq.n	82f38 <SystemCoreClockUpdate+0xac>
   82eb6:	4b2c      	ldr	r3, [pc, #176]	@ (82f68 <SystemCoreClockUpdate+0xdc>)
			SystemCoreClock = SYS_UTMIPLL / 2U;
		}
		break;
	}

	if ((PMC->PMC_MCKR & PMC_MCKR_PRES_Msk) == PMC_MCKR_PRES_CLK_3) {
   82eb8:	4928      	ldr	r1, [pc, #160]	@ (82f5c <SystemCoreClockUpdate+0xd0>)
   82eba:	6b0a      	ldr	r2, [r1, #48]	@ 0x30
   82ebc:	f002 0270 	and.w	r2, r2, #112	@ 0x70
   82ec0:	2a70      	cmp	r2, #112	@ 0x70
   82ec2:	d012      	beq.n	82eea <SystemCoreClockUpdate+0x5e>
		SystemCoreClock /= 3U;
	} else {
		SystemCoreClock >>= ((PMC->PMC_MCKR & PMC_MCKR_PRES_Msk) >> 
   82ec4:	6b0a      	ldr	r2, [r1, #48]	@ 0x30
   82ec6:	f3c2 1202 	ubfx	r2, r2, #4, #3
   82eca:	40d3      	lsrs	r3, r2
   82ecc:	6003      	str	r3, [r0, #0]
			                           PMC_MCKR_PRES_Pos);
	}
}
   82ece:	4770      	bx	lr
		if (SUPC->SUPC_SR & SUPC_SR_OSCSEL) {
   82ed0:	4b26      	ldr	r3, [pc, #152]	@ (82f6c <SystemCoreClockUpdate+0xe0>)
   82ed2:	6a5b      	ldr	r3, [r3, #36]	@ 0x24
   82ed4:	061a      	lsls	r2, r3, #24
   82ed6:	d51e      	bpl.n	82f16 <SystemCoreClockUpdate+0x8a>
	if ((PMC->PMC_MCKR & PMC_MCKR_PRES_Msk) == PMC_MCKR_PRES_CLK_3) {
   82ed8:	4920      	ldr	r1, [pc, #128]	@ (82f5c <SystemCoreClockUpdate+0xd0>)
   82eda:	f44f 4300 	mov.w	r3, #32768	@ 0x8000
   82ede:	6b0a      	ldr	r2, [r1, #48]	@ 0x30
   82ee0:	481f      	ldr	r0, [pc, #124]	@ (82f60 <SystemCoreClockUpdate+0xd4>)
   82ee2:	f002 0270 	and.w	r2, r2, #112	@ 0x70
   82ee6:	2a70      	cmp	r2, #112	@ 0x70
   82ee8:	d1ec      	bne.n	82ec4 <SystemCoreClockUpdate+0x38>
		SystemCoreClock /= 3U;
   82eea:	4a21      	ldr	r2, [pc, #132]	@ (82f70 <SystemCoreClockUpdate+0xe4>)
   82eec:	fba2 2303 	umull	r2, r3, r2, r3
   82ef0:	085b      	lsrs	r3, r3, #1
   82ef2:	6003      	str	r3, [r0, #0]
}
   82ef4:	4770      	bx	lr
		if (PMC->CKGR_MOR & CKGR_MOR_MOSCSEL) {
   82ef6:	6a13      	ldr	r3, [r2, #32]
   82ef8:	01db      	lsls	r3, r3, #7
   82efa:	d409      	bmi.n	82f10 <SystemCoreClockUpdate+0x84>
			switch (PMC->CKGR_MOR & CKGR_MOR_MOSCRCF_Msk) {
   82efc:	6a13      	ldr	r3, [r2, #32]
   82efe:	f003 0370 	and.w	r3, r3, #112	@ 0x70
   82f02:	2b10      	cmp	r3, #16
   82f04:	d023      	beq.n	82f4e <SystemCoreClockUpdate+0xc2>
   82f06:	2b20      	cmp	r3, #32
   82f08:	d002      	beq.n	82f10 <SystemCoreClockUpdate+0x84>
   82f0a:	4b1a      	ldr	r3, [pc, #104]	@ (82f74 <SystemCoreClockUpdate+0xe8>)
   82f0c:	4814      	ldr	r0, [pc, #80]	@ (82f60 <SystemCoreClockUpdate+0xd4>)
   82f0e:	e7d3      	b.n	82eb8 <SystemCoreClockUpdate+0x2c>
   82f10:	4b14      	ldr	r3, [pc, #80]	@ (82f64 <SystemCoreClockUpdate+0xd8>)
   82f12:	4813      	ldr	r0, [pc, #76]	@ (82f60 <SystemCoreClockUpdate+0xd4>)
   82f14:	e7d0      	b.n	82eb8 <SystemCoreClockUpdate+0x2c>
		if (SUPC->SUPC_SR & SUPC_SR_OSCSEL) {
   82f16:	f44f 43fa 	mov.w	r3, #32000	@ 0x7d00
   82f1a:	4811      	ldr	r0, [pc, #68]	@ (82f60 <SystemCoreClockUpdate+0xd4>)
   82f1c:	e7cc      	b.n	82eb8 <SystemCoreClockUpdate+0x2c>
			SystemCoreClock = CHIP_FREQ_MAINCK_RC_4MHZ;
   82f1e:	4b15      	ldr	r3, [pc, #84]	@ (82f74 <SystemCoreClockUpdate+0xe8>)
   82f20:	480f      	ldr	r0, [pc, #60]	@ (82f60 <SystemCoreClockUpdate+0xd4>)
   82f22:	6003      	str	r3, [r0, #0]
			switch (PMC->CKGR_MOR & CKGR_MOR_MOSCRCF_Msk) {
   82f24:	6a13      	ldr	r3, [r2, #32]
   82f26:	f003 0370 	and.w	r3, r3, #112	@ 0x70
   82f2a:	2b10      	cmp	r3, #16
   82f2c:	d012      	beq.n	82f54 <SystemCoreClockUpdate+0xc8>
   82f2e:	2b20      	cmp	r3, #32
   82f30:	d1bb      	bne.n	82eaa <SystemCoreClockUpdate+0x1e>
				SystemCoreClock *= 3U;
   82f32:	4b0c      	ldr	r3, [pc, #48]	@ (82f64 <SystemCoreClockUpdate+0xd8>)
   82f34:	6003      	str	r3, [r0, #0]
				break;
   82f36:	e7b8      	b.n	82eaa <SystemCoreClockUpdate+0x1e>
			SystemCoreClock *= ((((PMC->CKGR_PLLAR) & CKGR_PLLAR_MULA_Msk) >> 
   82f38:	6a91      	ldr	r1, [r2, #40]	@ 0x28
   82f3a:	6803      	ldr	r3, [r0, #0]
   82f3c:	f3c1 410a 	ubfx	r1, r1, #16, #11
   82f40:	fb01 3303 	mla	r3, r1, r3, r3
			SystemCoreClock /= ((((PMC->CKGR_PLLAR) & CKGR_PLLAR_DIVA_Msk) >>
   82f44:	6a92      	ldr	r2, [r2, #40]	@ 0x28
   82f46:	b2d2      	uxtb	r2, r2
   82f48:	fbb3 f3f2 	udiv	r3, r3, r2
   82f4c:	e7b4      	b.n	82eb8 <SystemCoreClockUpdate+0x2c>
			switch (PMC->CKGR_MOR & CKGR_MOR_MOSCRCF_Msk) {
   82f4e:	4b0a      	ldr	r3, [pc, #40]	@ (82f78 <SystemCoreClockUpdate+0xec>)
   82f50:	4803      	ldr	r0, [pc, #12]	@ (82f60 <SystemCoreClockUpdate+0xd4>)
   82f52:	e7b1      	b.n	82eb8 <SystemCoreClockUpdate+0x2c>
				SystemCoreClock *= 2U;
   82f54:	4b08      	ldr	r3, [pc, #32]	@ (82f78 <SystemCoreClockUpdate+0xec>)
   82f56:	6003      	str	r3, [r0, #0]
				break;
   82f58:	e7a7      	b.n	82eaa <SystemCoreClockUpdate+0x1e>
   82f5a:	bf00      	nop
   82f5c:	400e0400 	.word	0x400e0400
   82f60:	20000308 	.word	0x20000308
   82f64:	00b71b00 	.word	0x00b71b00
   82f68:	0e4e1c00 	.word	0x0e4e1c00
   82f6c:	400e1200 	.word	0x400e1200
   82f70:	aaaaaaab 	.word	0xaaaaaaab
   82f74:	003d0900 	.word	0x003d0900
   82f78:	007a1200 	.word	0x007a1200

00082f7c <uart_init>:
uint32_t uart_init(Uart *p_uart, const sam_uart_opt_t *p_uart_opt)
{
	uint32_t cd = 0;

	/* Reset and disable receiver & transmitter */
	p_uart->UART_CR = UART_CR_RSTRX | UART_CR_RSTTX
   82f7c:	23ac      	movs	r3, #172	@ 0xac
   82f7e:	6003      	str	r3, [r0, #0]
{
   82f80:	4602      	mov	r2, r0
			| UART_CR_RXDIS | UART_CR_TXDIS;

	/* Check and configure baudrate */
	/* Asynchronous, no oversampling */
	cd = (p_uart_opt->ul_mck / p_uart_opt->ul_baudrate) / UART_MCK_DIV;
   82f82:	e9d1 3000 	ldrd	r3, r0, [r1]
   82f86:	fbb3 f3f0 	udiv	r3, r3, r0
	if (cd < UART_MCK_DIV_MIN_FACTOR || cd > UART_MCK_DIV_MAX_FACTOR)
   82f8a:	f64f 7cfe 	movw	ip, #65534	@ 0xfffe
	cd = (p_uart_opt->ul_mck / p_uart_opt->ul_baudrate) / UART_MCK_DIV;
   82f8e:	091b      	lsrs	r3, r3, #4
	if (cd < UART_MCK_DIV_MIN_FACTOR || cd > UART_MCK_DIV_MAX_FACTOR)
   82f90:	1e58      	subs	r0, r3, #1
   82f92:	4560      	cmp	r0, ip
   82f94:	d80c      	bhi.n	82fb0 <uart_init+0x34>
{
   82f96:	b430      	push	{r4, r5}
	p_uart->UART_BRGR = cd;
	/* Configure mode */
	p_uart->UART_MR = p_uart_opt->ul_mode;

	/* Disable PDC channel */
	p_uart->UART_PTCR = UART_PTCR_RXTDIS | UART_PTCR_TXTDIS;
   82f98:	f240 2502 	movw	r5, #514	@ 0x202

	/* Enable receiver and transmitter */
	p_uart->UART_CR = UART_CR_RXEN | UART_CR_TXEN;
   82f9c:	2450      	movs	r4, #80	@ 0x50
	p_uart->UART_BRGR = cd;
   82f9e:	6213      	str	r3, [r2, #32]
	p_uart->UART_MR = p_uart_opt->ul_mode;
   82fa0:	688b      	ldr	r3, [r1, #8]

	return 0;
   82fa2:	2000      	movs	r0, #0
	p_uart->UART_MR = p_uart_opt->ul_mode;
   82fa4:	6053      	str	r3, [r2, #4]
	p_uart->UART_PTCR = UART_PTCR_RXTDIS | UART_PTCR_TXTDIS;
   82fa6:	f8c2 5120 	str.w	r5, [r2, #288]	@ 0x120
	p_uart->UART_CR = UART_CR_RXEN | UART_CR_TXEN;
   82faa:	6014      	str	r4, [r2, #0]
}
   82fac:	bc30      	pop	{r4, r5}
   82fae:	4770      	bx	lr
		return 1;
   82fb0:	2001      	movs	r0, #1
}
   82fb2:	4770      	bx	lr

00082fb4 <uart_write>:
 *
 * \retval 0 Success.
 * \retval 1 I/O Failure, UART is not ready.
 */
uint32_t uart_write(Uart *p_uart, const uint8_t uc_data)
{
   82fb4:	4603      	mov	r3, r0
	/* Check if the transmitter is ready */
	if (!(p_uart->UART_SR & UART_SR_TXRDY))
   82fb6:	6942      	ldr	r2, [r0, #20]
   82fb8:	0792      	lsls	r2, r2, #30
		return 1;

	/* Send character */
	p_uart->UART_THR = uc_data;
	return 0;
   82fba:	bf46      	itte	mi
   82fbc:	2000      	movmi	r0, #0
	p_uart->UART_THR = uc_data;
   82fbe:	61d9      	strmi	r1, [r3, #28]
		return 1;
   82fc0:	2001      	movpl	r0, #1
}
   82fc2:	4770      	bx	lr

00082fc4 <uart_read>:
 * \retval 1 I/O Failure, UART is not ready.
 */
uint32_t uart_read(Uart *p_uart, uint8_t *puc_data)
{
	/* Check if the receiver is ready */
	if ((p_uart->UART_SR & UART_SR_RXRDY) == 0)
   82fc4:	6943      	ldr	r3, [r0, #20]
   82fc6:	07db      	lsls	r3, r3, #31
		return 1;

	/* Read character */
	*puc_data = (uint8_t) p_uart->UART_RHR;
   82fc8:	bf43      	ittte	mi
   82fca:	6983      	ldrmi	r3, [r0, #24]
	return 0;
   82fcc:	2000      	movmi	r0, #0
	*puc_data = (uint8_t) p_uart->UART_RHR;
   82fce:	700b      	strbmi	r3, [r1, #0]
		return 1;
   82fd0:	2001      	movpl	r0, #1
}
   82fd2:	4770      	bx	lr

00082fd4 <udi_vendor_getsetting>:
	return false; // Not supported request
}

uint8_t udi_vendor_getsetting(void)
{
	return udi_vendor_alternate_setting;
   82fd4:	4b01      	ldr	r3, [pc, #4]	@ (82fdc <udi_vendor_getsetting+0x8>)
}
   82fd6:	7818      	ldrb	r0, [r3, #0]
   82fd8:	4770      	bx	lr
   82fda:	bf00      	nop
   82fdc:	200033a4 	.word	0x200033a4

00082fe0 <udi_vendor_enable>:
	udi_vendor_alternate_setting = udc_get_interface_desc()->bAlternateSetting;
   82fe0:	4b06      	ldr	r3, [pc, #24]	@ (82ffc <udi_vendor_enable+0x1c>)
{
   82fe2:	b510      	push	{r4, lr}
	udi_vendor_alternate_setting = udc_get_interface_desc()->bAlternateSetting;
   82fe4:	4798      	blx	r3
   82fe6:	4a06      	ldr	r2, [pc, #24]	@ (83000 <udi_vendor_enable+0x20>)
   82fe8:	78c3      	ldrb	r3, [r0, #3]
   82fea:	7013      	strb	r3, [r2, #0]
	if (0 == udi_vendor_alternate_setting) {
   82fec:	b10b      	cbz	r3, 82ff2 <udi_vendor_enable+0x12>
}
   82fee:	2001      	movs	r0, #1
   82ff0:	bd10      	pop	{r4, pc}
		if (!UDI_VENDOR_ENABLE_EXT()) {
   82ff2:	4b04      	ldr	r3, [pc, #16]	@ (83004 <udi_vendor_enable+0x24>)
}
   82ff4:	e8bd 4010 	ldmia.w	sp!, {r4, lr}
		if (!UDI_VENDOR_ENABLE_EXT()) {
   82ff8:	4718      	bx	r3
   82ffa:	bf00      	nop
   82ffc:	00081f11 	.word	0x00081f11
   83000:	200033a4 	.word	0x200033a4
   83004:	00080c2d 	.word	0x00080c2d

00083008 <udi_vendor_disable>:
	if (0 == udi_vendor_alternate_setting) {
   83008:	4b02      	ldr	r3, [pc, #8]	@ (83014 <udi_vendor_disable+0xc>)
   8300a:	781b      	ldrb	r3, [r3, #0]
   8300c:	b103      	cbz	r3, 83010 <udi_vendor_disable+0x8>
}
   8300e:	4770      	bx	lr
		UDI_VENDOR_DISABLE_EXT();
   83010:	4b01      	ldr	r3, [pc, #4]	@ (83018 <udi_vendor_disable+0x10>)
   83012:	4718      	bx	r3
   83014:	200033a4 	.word	0x200033a4
   83018:	00080c55 	.word	0x00080c55

0008301c <udi_vendor_setup>:
	if (Udd_setup_is_in()) {
   8301c:	4b07      	ldr	r3, [pc, #28]	@ (8303c <udi_vendor_setup+0x20>)
   8301e:	781b      	ldrb	r3, [r3, #0]
   83020:	f003 0260 	and.w	r2, r3, #96	@ 0x60
   83024:	061b      	lsls	r3, r3, #24
   83026:	d403      	bmi.n	83030 <udi_vendor_setup+0x14>
		if (Udd_setup_type() == USB_REQ_TYPE_VENDOR) {
   83028:	2a40      	cmp	r2, #64	@ 0x40
   8302a:	d005      	beq.n	83038 <udi_vendor_setup+0x1c>
}
   8302c:	2000      	movs	r0, #0
   8302e:	4770      	bx	lr
		if (Udd_setup_type() == USB_REQ_TYPE_VENDOR) {
   83030:	2a40      	cmp	r2, #64	@ 0x40
   83032:	d1fb      	bne.n	8302c <udi_vendor_setup+0x10>
			return UDI_VENDOR_SETUP_IN_RECEIVED();
   83034:	4b02      	ldr	r3, [pc, #8]	@ (83040 <udi_vendor_setup+0x24>)
   83036:	4718      	bx	r3
			return UDI_VENDOR_SETUP_OUT_RECEIVED();
   83038:	4b02      	ldr	r3, [pc, #8]	@ (83044 <udi_vendor_setup+0x28>)
   8303a:	4718      	bx	r3
   8303c:	200033e0 	.word	0x200033e0
   83040:	00080cb1 	.word	0x00080cb1
   83044:	00080c61 	.word	0x00080c61

00083048 <udi_vendor_bulk_in_run>:
 *
 * \return \c 1 if function was successfully done, otherwise \c 0.
 */
bool udi_vendor_bulk_in_run(uint8_t * buf, iram_size_t buf_size,
		udd_callback_trans_t callback)
{
   83048:	b530      	push	{r4, r5, lr}
   8304a:	4684      	mov	ip, r0
   8304c:	4615      	mov	r5, r2
   8304e:	b083      	sub	sp, #12
   83050:	460b      	mov	r3, r1
	return udd_ep_run(UDI_VENDOR_EP_BULK_IN,
   83052:	4662      	mov	r2, ip
   83054:	2100      	movs	r1, #0
   83056:	4c03      	ldr	r4, [pc, #12]	@ (83064 <udi_vendor_bulk_in_run+0x1c>)
   83058:	9500      	str	r5, [sp, #0]
   8305a:	2081      	movs	r0, #129	@ 0x81
   8305c:	47a0      	blx	r4
			false,
			buf,
			buf_size,
			callback);
}
   8305e:	b003      	add	sp, #12
   83060:	bd30      	pop	{r4, r5, pc}
   83062:	bf00      	nop
   83064:	00084011 	.word	0x00084011

00083068 <udi_vendor_bulk_out_run>:
 *
 * \return \c 1 if function was successfully done, otherwise \c 0.
 */
bool udi_vendor_bulk_out_run(uint8_t * buf, iram_size_t buf_size,
		udd_callback_trans_t callback)
{
   83068:	b530      	push	{r4, r5, lr}
   8306a:	4684      	mov	ip, r0
   8306c:	4615      	mov	r5, r2
   8306e:	b083      	sub	sp, #12
   83070:	460b      	mov	r3, r1
	return udd_ep_run(UDI_VENDOR_EP_BULK_OUT,
   83072:	4662      	mov	r2, ip
   83074:	2100      	movs	r1, #0
   83076:	4c03      	ldr	r4, [pc, #12]	@ (83084 <udi_vendor_bulk_out_run+0x1c>)
   83078:	9500      	str	r5, [sp, #0]
   8307a:	2002      	movs	r0, #2
   8307c:	47a0      	blx	r4
			false,
			buf,
			buf_size,
			callback);
}
   8307e:	b003      	add	sp, #12
   83080:	bd30      	pop	{r4, r5, pc}
   83082:	bf00      	nop
   83084:	00084011 	.word	0x00084011

00083088 <udd_ep_finish_job>:
}


static void udd_ep_finish_job(udd_ep_job_t * ptr_job, bool b_abort, uint8_t ep_num)
{
	if (ptr_job->busy == false) {
   83088:	f890 c014 	ldrb.w	ip, [r0, #20]
{
   8308c:	4603      	mov	r3, r0
	if (ptr_job->busy == false) {
   8308e:	f01c 0f01 	tst.w	ip, #1
   83092:	d016      	beq.n	830c2 <udd_ep_finish_job+0x3a>
{
   83094:	b430      	push	{r4, r5}
		return; // No on-going job
	}
	ptr_job->busy = false;
	dbg_print("JobE%d ", b_abort);
	if (NULL == ptr_job->call_trans) {
   83096:	6804      	ldr	r4, [r0, #0]
	ptr_job->busy = false;
   83098:	f02c 0c01 	bic.w	ip, ip, #1
   8309c:	f880 c014 	strb.w	ip, [r0, #20]
	if (NULL == ptr_job->call_trans) {
   830a0:	b16c      	cbz	r4, 830be <udd_ep_finish_job+0x36>
		return; // No callback linked to job
	}
	if (Is_udd_endpoint_in(ep_num)) {
   830a2:	4d08      	ldr	r5, [pc, #32]	@ (830c4 <udd_ep_finish_job+0x3c>)
   830a4:	4608      	mov	r0, r1
   830a6:	f102 0108 	add.w	r1, r2, #8
   830aa:	0149      	lsls	r1, r1, #5
   830ac:	5869      	ldr	r1, [r5, r1]
   830ae:	0709      	lsls	r1, r1, #28
		ep_num |= USB_EP_DIR_IN;
   830b0:	bf48      	it	mi
   830b2:	f042 0280 	orrmi.w	r2, r2, #128	@ 0x80
	}
	ptr_job->call_trans((b_abort) ? UDD_EP_TRANSFER_ABORT :
   830b6:	6899      	ldr	r1, [r3, #8]
   830b8:	4623      	mov	r3, r4
			UDD_EP_TRANSFER_OK, ptr_job->buf_size, ep_num);
}
   830ba:	bc30      	pop	{r4, r5}
	ptr_job->call_trans((b_abort) ? UDD_EP_TRANSFER_ABORT :
   830bc:	4718      	bx	r3
}
   830be:	bc30      	pop	{r4, r5}
   830c0:	4770      	bx	lr
   830c2:	4770      	bx	lr
   830c4:	400a4000 	.word	0x400a4000

000830c8 <udd_ep_trans_done>:

static void udd_ep_trans_done(udd_ep_id_t ep)
{
   830c8:	e92d 43f0 	stmdb	sp!, {r4, r5, r6, r7, r8, r9, lr}
	udd_ep_job_t *ptr_job;
	iram_size_t next_trans;
	irqflags_t flags;

	// Get job corresponding at endpoint
	ptr_job = &udd_ep_job[ep - 1];
   830cc:	1e43      	subs	r3, r0, #1

	if (!ptr_job->busy) {
   830ce:	4c67      	ldr	r4, [pc, #412]	@ (8326c <udd_ep_trans_done+0x1a4>)
   830d0:	eb03 0143 	add.w	r1, r3, r3, lsl #1
   830d4:	eb04 01c1 	add.w	r1, r4, r1, lsl #3
   830d8:	f891 c014 	ldrb.w	ip, [r1, #20]
   830dc:	f01c 0f01 	tst.w	ip, #1
   830e0:	d037      	beq.n	83152 <udd_ep_trans_done+0x8a>
   830e2:	4602      	mov	r2, r0
		return; // No job is running, then ignore it (system error)
	}

	if (ptr_job->buf_cnt != ptr_job->buf_size) {
   830e4:	e9d1 5002 	ldrd	r5, r0, [r1, #8]
   830e8:	42a8      	cmp	r0, r5
   830ea:	ea4f 0643 	mov.w	r6, r3, lsl #1
   830ee:	d032      	beq.n	83156 <udd_ep_trans_done+0x8e>
		// Need to send or receive other data
		next_trans = ptr_job->buf_size - ptr_job->buf_cnt;
   830f0:	1a2d      	subs	r5, r5, r0

		if (UDD_ENDPOINT_MAX_TRANS < next_trans) {
   830f2:	f5b5 3f80 	cmp.w	r5, #65536	@ 0x10000
   830f6:	ea4f 1c42 	mov.w	ip, r2, lsl #5
   830fa:	d844      	bhi.n	83186 <udd_ep_trans_done+0xbe>
			next_trans = UDD_ENDPOINT_MAX_TRANS;

			// Set 0 to transfer the maximum
			udd_dma_ctrl = UDPHS_DMACONTROL_BUFF_LENGTH(0);
		} else {
			udd_dma_ctrl = UDPHS_DMACONTROL_BUFF_LENGTH(next_trans);
   830fc:	f10c 2e40 	add.w	lr, ip, #1073758208	@ 0x40004000
   83100:	f50e 2e20 	add.w	lr, lr, #655360	@ 0xa0000
		}
		if (Is_udd_endpoint_in(ep)) {
   83104:	f8de 8100 	ldr.w	r8, [lr, #256]	@ 0x100
			udd_dma_ctrl = UDPHS_DMACONTROL_BUFF_LENGTH(next_trans);
   83108:	042f      	lsls	r7, r5, #16
		if (Is_udd_endpoint_in(ep)) {
   8310a:	f018 0f08 	tst.w	r8, #8
   8310e:	d07b      	beq.n	83208 <udd_ep_trans_done+0x140>
			if (0 != (next_trans % udd_get_endpoint_size(ep))) {
   83110:	f8de 8100 	ldr.w	r8, [lr, #256]	@ 0x100
   83114:	f04f 0e08 	mov.w	lr, #8
   83118:	f008 0807 	and.w	r8, r8, #7
   8311c:	fa0e fe08 	lsl.w	lr, lr, r8
   83120:	f10e 3eff 	add.w	lr, lr, #4294967295	@ 0xffffffff
   83124:	ea1e 0f05 	tst.w	lr, r5
   83128:	d07d      	beq.n	83226 <udd_ep_trans_done+0x15e>
				// Enable short packet option
				// else the DMA transfer is accepted
				// and interrupt DMA valid but nothing is sent.
				udd_dma_ctrl |= UDPHS_DMACONTROL_END_B_EN;
				// No need to request another ZLP
				ptr_job->b_shortpacket = false;
   8312a:	f891 e014 	ldrb.w	lr, [r1, #20]
			}
		}

		// Start USB DMA to fill or read fifo of the selected endpoint
		udd_endpoint_dma_set_addr(ep, (uint32_t) & ptr_job->buf[ptr_job->buf_cnt]);
		udd_dma_ctrl |= UDPHS_DMACONTROL_END_BUFFIT | UDPHS_DMACONTROL_CHANN_ENB;
   8312e:	f047 0729 	orr.w	r7, r7, #41	@ 0x29
				ptr_job->b_shortpacket = false;
   83132:	f02e 0e02 	bic.w	lr, lr, #2
   83136:	f881 e014 	strb.w	lr, [r1, #20]
   8313a:	e037      	b.n	831ac <udd_ep_trans_done+0xe4>
	if (Is_udd_endpoint_in(ep)) {
		if (ptr_job->b_shortpacket) {
			dbg_print("zlp ");
			// Need to send a ZLP (No possible with USB DMA)
			// enable interrupt to wait a free bank to sent ZLP
			udd_enable_tx_pkt_ready_interrupt(ep);
   8313c:	f44f 6400 	mov.w	r4, #2048	@ 0x800
			udd_enable_endpoint_interrupt(ep);
   83140:	f44f 7380 	mov.w	r3, #256	@ 0x100
   83144:	484a      	ldr	r0, [pc, #296]	@ (83270 <udd_ep_trans_done+0x1a8>)
			udd_enable_tx_pkt_ready_interrupt(ep);
   83146:	f8c1 4104 	str.w	r4, [r1, #260]	@ 0x104
			udd_enable_endpoint_interrupt(ep);
   8314a:	4093      	lsls	r3, r2
   8314c:	6902      	ldr	r2, [r0, #16]
   8314e:	4313      	orrs	r3, r2
   83150:	6103      	str	r3, [r0, #16]
			return;
		}
	}
	// Call callback to signal end of transfer
	udd_ep_finish_job(ptr_job, false, ep);
}
   83152:	e8bd 83f0 	ldmia.w	sp!, {r4, r5, r6, r7, r8, r9, pc}
   83156:	ea4f 1c42 	mov.w	ip, r2, lsl #5
	if (Is_udd_endpoint_in(ep)) {
   8315a:	f10c 2140 	add.w	r1, ip, #1073758208	@ 0x40004000
   8315e:	f501 2120 	add.w	r1, r1, #655360	@ 0xa0000
   83162:	f8d1 0100 	ldr.w	r0, [r1, #256]	@ 0x100
   83166:	0705      	lsls	r5, r0, #28
   83168:	d505      	bpl.n	83176 <udd_ep_trans_done+0xae>
		if (ptr_job->b_shortpacket) {
   8316a:	18f0      	adds	r0, r6, r3
   8316c:	eb04 00c0 	add.w	r0, r4, r0, lsl #3
   83170:	7d00      	ldrb	r0, [r0, #20]
   83172:	0780      	lsls	r0, r0, #30
   83174:	d4e2      	bmi.n	8313c <udd_ep_trans_done+0x74>
	ptr_job = &udd_ep_job[ep - 1];
   83176:	18f0      	adds	r0, r6, r3
	udd_ep_finish_job(ptr_job, false, ep);
   83178:	eb04 00c0 	add.w	r0, r4, r0, lsl #3
   8317c:	2100      	movs	r1, #0
}
   8317e:	e8bd 43f0 	ldmia.w	sp!, {r4, r5, r6, r7, r8, r9, lr}
	udd_ep_finish_job(ptr_job, false, ep);
   83182:	4b3c      	ldr	r3, [pc, #240]	@ (83274 <udd_ep_trans_done+0x1ac>)
   83184:	4718      	bx	r3
		if (Is_udd_endpoint_in(ep)) {
   83186:	f10c 2140 	add.w	r1, ip, #1073758208	@ 0x40004000
   8318a:	f501 2120 	add.w	r1, r1, #655360	@ 0xa0000
   8318e:	f8d1 7100 	ldr.w	r7, [r1, #256]	@ 0x100
   83192:	f017 0708 	ands.w	r7, r7, #8
   83196:	d131      	bne.n	831fc <udd_ep_trans_done+0x134>
			if ((USB_EP_TYPE_ISOCHRONOUS != udd_get_endpoint_type(ep))
   83198:	f8d1 5100 	ldr.w	r5, [r1, #256]	@ 0x100
   8319c:	f005 0530 	and.w	r5, r5, #48	@ 0x30
   831a0:	2d10      	cmp	r5, #16
   831a2:	d05d      	beq.n	83260 <udd_ep_trans_done+0x198>
			next_trans = UDD_ENDPOINT_MAX_TRANS;
   831a4:	f44f 3580 	mov.w	r5, #65536	@ 0x10000
		udd_dma_ctrl |= UDPHS_DMACONTROL_END_BUFFIT | UDPHS_DMACONTROL_CHANN_ENB;
   831a8:	f047 0735 	orr.w	r7, r7, #53	@ 0x35
		udd_endpoint_dma_set_addr(ep, (uint32_t) & ptr_job->buf[ptr_job->buf_cnt]);
   831ac:	eb06 0e03 	add.w	lr, r6, r3
   831b0:	eb04 0ece 	add.w	lr, r4, lr, lsl #3
   831b4:	f8de 1004 	ldr.w	r1, [lr, #4]
   831b8:	4408      	add	r0, r1
   831ba:	492f      	ldr	r1, [pc, #188]	@ (83278 <udd_ep_trans_done+0x1b0>)
   831bc:	eb01 1102 	add.w	r1, r1, r2, lsl #4
   831c0:	6048      	str	r0, [r1, #4]
  __ASM volatile ("MRS %0, primask" : "=r" (result) );
   831c2:	f3ef 8810 	mrs	r8, PRIMASK
  __ASM volatile ("cpsid i");
   831c6:	b672      	cpsid	i
   831c8:	f3bf 8f5f 	dmb	sy
	cpu_irq_disable();
   831cc:	f04f 0900 	mov.w	r9, #0
   831d0:	482a      	ldr	r0, [pc, #168]	@ (8327c <udd_ep_trans_done+0x1b4>)
   831d2:	f880 9000 	strb.w	r9, [r0]
		if (!(udd_endpoint_dma_get_status(ep)
   831d6:	f8d1 900c 	ldr.w	r9, [r1, #12]
   831da:	f019 0f10 	tst.w	r9, #16
   831de:	d025      	beq.n	8322c <udd_ep_trans_done+0x164>
	if (cpu_irq_is_enabled_flags(flags))
   831e0:	f1b8 0f00 	cmp.w	r8, #0
   831e4:	d104      	bne.n	831f0 <udd_ep_trans_done+0x128>
		cpu_irq_enable();
   831e6:	2101      	movs	r1, #1
   831e8:	7001      	strb	r1, [r0, #0]
   831ea:	f3bf 8f5f 	dmb	sy
  __ASM volatile ("cpsie i");
   831ee:	b662      	cpsie	i
		ptr_job->buf_size = ptr_job->buf_cnt;
   831f0:	18f1      	adds	r1, r6, r3
   831f2:	eb04 01c1 	add.w	r1, r4, r1, lsl #3
   831f6:	68c8      	ldr	r0, [r1, #12]
   831f8:	6088      	str	r0, [r1, #8]
   831fa:	e7ae      	b.n	8315a <udd_ep_trans_done+0x92>
			if (0 != (next_trans % udd_get_endpoint_size(ep))) {
   831fc:	2721      	movs	r7, #33	@ 0x21
			next_trans = UDD_ENDPOINT_MAX_TRANS;
   831fe:	f44f 3580 	mov.w	r5, #65536	@ 0x10000
			if (0 != (next_trans % udd_get_endpoint_size(ep))) {
   83202:	f8d1 1100 	ldr.w	r1, [r1, #256]	@ 0x100
   83206:	e7d1      	b.n	831ac <udd_ep_trans_done+0xe4>
			if ((USB_EP_TYPE_ISOCHRONOUS != udd_get_endpoint_type(ep))
   83208:	f8de 1100 	ldr.w	r1, [lr, #256]	@ 0x100
   8320c:	f001 0130 	and.w	r1, r1, #48	@ 0x30
   83210:	2910      	cmp	r1, #16
   83212:	d1c9      	bne.n	831a8 <udd_ep_trans_done+0xe0>
					|| (next_trans <= (iram_size_t) udd_get_endpoint_size(ep))) {
   83214:	f8de 1100 	ldr.w	r1, [lr, #256]	@ 0x100
   83218:	f001 0e07 	and.w	lr, r1, #7
   8321c:	2108      	movs	r1, #8
   8321e:	fa01 f10e 	lsl.w	r1, r1, lr
   83222:	42a9      	cmp	r1, r5
   83224:	d2c0      	bcs.n	831a8 <udd_ep_trans_done+0xe0>
		udd_dma_ctrl |= UDPHS_DMACONTROL_END_BUFFIT | UDPHS_DMACONTROL_CHANN_ENB;
   83226:	f047 0721 	orr.w	r7, r7, #33	@ 0x21
   8322a:	e7bf      	b.n	831ac <udd_ep_trans_done+0xe4>
			udd_enable_endpoint_dma_interrupt(ep);
   8322c:	f04f 7200 	mov.w	r2, #33554432	@ 0x2000000
			udd_endpoint_dma_set_control(ep, udd_dma_ctrl);
   83230:	608f      	str	r7, [r1, #8]
			udd_enable_endpoint_dma_interrupt(ep);
   83232:	fa02 f303 	lsl.w	r3, r2, r3
			ptr_job->buf_cnt += next_trans;
   83236:	f8de 200c 	ldr.w	r2, [lr, #12]
			ptr_job->buf_load = next_trans;
   8323a:	f8ce 5010 	str.w	r5, [lr, #16]
			ptr_job->buf_cnt += next_trans;
   8323e:	442a      	add	r2, r5
   83240:	f8ce 200c 	str.w	r2, [lr, #12]
			udd_enable_endpoint_dma_interrupt(ep);
   83244:	4a0a      	ldr	r2, [pc, #40]	@ (83270 <udd_ep_trans_done+0x1a8>)
   83246:	6911      	ldr	r1, [r2, #16]
   83248:	430b      	orrs	r3, r1
   8324a:	6113      	str	r3, [r2, #16]
	if (cpu_irq_is_enabled_flags(flags))
   8324c:	f1b8 0f00 	cmp.w	r8, #0
   83250:	f47f af7f 	bne.w	83152 <udd_ep_trans_done+0x8a>
		cpu_irq_enable();
   83254:	2301      	movs	r3, #1
   83256:	7003      	strb	r3, [r0, #0]
   83258:	f3bf 8f5f 	dmb	sy
   8325c:	b662      	cpsie	i
}
   8325e:	e778      	b.n	83152 <udd_ep_trans_done+0x8a>
			next_trans = UDD_ENDPOINT_MAX_TRANS;
   83260:	f44f 3580 	mov.w	r5, #65536	@ 0x10000
					|| (next_trans <= (iram_size_t) udd_get_endpoint_size(ep))) {
   83264:	f8d1 1100 	ldr.w	r1, [r1, #256]	@ 0x100
   83268:	e7dd      	b.n	83226 <udd_ep_trans_done+0x15e>
   8326a:	bf00      	nop
   8326c:	200033a8 	.word	0x200033a8
   83270:	400a4000 	.word	0x400a4000
   83274:	00083089 	.word	0x00083089
   83278:	400a4300 	.word	0x400a4300
   8327c:	20000304 	.word	0x20000304

00083280 <udd_ctrl_in_sent>:
{
   83280:	e92d 47f0 	stmdb	sp!, {r4, r5, r6, r7, r8, r9, sl, lr}
  __ASM volatile ("MRS %0, primask" : "=r" (result) );
   83284:	f3ef 8310 	mrs	r3, PRIMASK
  __ASM volatile ("cpsid i");
   83288:	b672      	cpsid	i
   8328a:	f3bf 8f5f 	dmb	sy
	cpu_irq_disable();
   8328e:	2000      	movs	r0, #0
	udd_disable_in_send_interrupt(0);
   83290:	f44f 6180 	mov.w	r1, #1024	@ 0x400
   83294:	4d59      	ldr	r5, [pc, #356]	@ (833fc <udd_ctrl_in_sent+0x17c>)
   83296:	4a5a      	ldr	r2, [pc, #360]	@ (83400 <udd_ctrl_in_sent+0x180>)
   83298:	7028      	strb	r0, [r5, #0]
   8329a:	f8c2 1108 	str.w	r1, [r2, #264]	@ 0x108
	if (cpu_irq_is_enabled_flags(flags))
   8329e:	b923      	cbnz	r3, 832aa <udd_ctrl_in_sent+0x2a>
		cpu_irq_enable();
   832a0:	2301      	movs	r3, #1
   832a2:	702b      	strb	r3, [r5, #0]
   832a4:	f3bf 8f5f 	dmb	sy
  __ASM volatile ("cpsie i");
   832a8:	b662      	cpsie	i
	if (UDD_EPCTRL_HANDSHAKE_WAIT_IN_ZLP == udd_ep_control_state) {
   832aa:	f8df 8158 	ldr.w	r8, [pc, #344]	@ 83404 <udd_ctrl_in_sent+0x184>
   832ae:	f898 3000 	ldrb.w	r3, [r8]
   832b2:	2b03      	cmp	r3, #3
   832b4:	d065      	beq.n	83382 <udd_ctrl_in_sent+0x102>
	nb_remain = udd_g_ctrlreq.payload_size - udd_ctrl_payload_buf_cnt;
   832b6:	4f54      	ldr	r7, [pc, #336]	@ (83408 <udd_ctrl_in_sent+0x188>)
   832b8:	4e54      	ldr	r6, [pc, #336]	@ (8340c <udd_ctrl_in_sent+0x18c>)
   832ba:	883b      	ldrh	r3, [r7, #0]
   832bc:	89b4      	ldrh	r4, [r6, #12]
   832be:	1ae4      	subs	r4, r4, r3
   832c0:	b2a4      	uxth	r4, r4
	if (0 == nb_remain) {
   832c2:	2c00      	cmp	r4, #0
   832c4:	d039      	beq.n	8333a <udd_ctrl_in_sent+0xba>
   832c6:	f8df 9148 	ldr.w	r9, [pc, #328]	@ 83410 <udd_ctrl_in_sent+0x190>
	if (nb_remain >= USB_DEVICE_EP_CTRL_SIZE) {
   832ca:	2c3f      	cmp	r4, #63	@ 0x3f
   832cc:	d94c      	bls.n	83368 <udd_ctrl_in_sent+0xe8>
		b_shortpacket = false;
   832ce:	2200      	movs	r2, #0
		nb_remain = USB_DEVICE_EP_CTRL_SIZE;
   832d0:	2440      	movs	r4, #64	@ 0x40
	ptr_src = udd_g_ctrlreq.payload + udd_ctrl_payload_buf_cnt;
   832d2:	68b0      	ldr	r0, [r6, #8]
   832d4:	f889 2000 	strb.w	r2, [r9]
  __ASM volatile ("MRS %0, primask" : "=r" (result) );
   832d8:	f3ef 8610 	mrs	r6, PRIMASK
  __ASM volatile ("cpsid i");
   832dc:	b672      	cpsid	i
   832de:	f3bf 8f5f 	dmb	sy
	cpu_irq_disable();
   832e2:	2200      	movs	r2, #0
   832e4:	702a      	strb	r2, [r5, #0]
	if (Is_udd_out_received(0)) {
   832e6:	4a46      	ldr	r2, [pc, #280]	@ (83400 <udd_ctrl_in_sent+0x180>)
   832e8:	f8d2 211c 	ldr.w	r2, [r2, #284]	@ 0x11c
   832ec:	0592      	lsls	r2, r2, #22
   832ee:	d43d      	bmi.n	8336c <udd_ctrl_in_sent+0xec>
	for (i = 0; i < nb_remain; i++) {
   832f0:	b16c      	cbz	r4, 8330e <udd_ctrl_in_sent+0x8e>
	ptr_src = udd_g_ctrlreq.payload + udd_ctrl_payload_buf_cnt;
   832f2:	4418      	add	r0, r3
   832f4:	4603      	mov	r3, r0
   832f6:	f1c3 5c00 	rsb	ip, r3, #536870912	@ 0x20000000
   832fa:	4420      	add	r0, r4
   832fc:	f50c 1cc0 	add.w	ip, ip, #1572864	@ 0x180000
   83300:	eb03 020c 	add.w	r2, r3, ip
		*ptr_dest++ = *ptr_src++;
   83304:	f813 1b01 	ldrb.w	r1, [r3], #1
	for (i = 0; i < nb_remain; i++) {
   83308:	4298      	cmp	r0, r3
		*ptr_dest++ = *ptr_src++;
   8330a:	7011      	strb	r1, [r2, #0]
	for (i = 0; i < nb_remain; i++) {
   8330c:	d1f8      	bne.n	83300 <udd_ctrl_in_sent+0x80>
	udd_ctrl_payload_buf_cnt += nb_remain;
   8330e:	883a      	ldrh	r2, [r7, #0]
	udd_ack_in_send(0);
   83310:	f44f 6180 	mov.w	r1, #1024	@ 0x400
	udd_ctrl_payload_buf_cnt += nb_remain;
   83314:	4422      	add	r2, r4
   83316:	803a      	strh	r2, [r7, #0]
	udd_raise_tx_pkt_ready(0);
   83318:	f44f 6200 	mov.w	r2, #2048	@ 0x800
	udd_ack_in_send(0);
   8331c:	4b38      	ldr	r3, [pc, #224]	@ (83400 <udd_ctrl_in_sent+0x180>)
   8331e:	f8c3 1118 	str.w	r1, [r3, #280]	@ 0x118
	udd_raise_tx_pkt_ready(0);
   83322:	f8c3 2114 	str.w	r2, [r3, #276]	@ 0x114
	udd_enable_in_send_interrupt(0);
   83326:	f8c3 1104 	str.w	r1, [r3, #260]	@ 0x104
	if (cpu_irq_is_enabled_flags(flags))
   8332a:	b926      	cbnz	r6, 83336 <udd_ctrl_in_sent+0xb6>
		cpu_irq_enable();
   8332c:	2301      	movs	r3, #1
   8332e:	702b      	strb	r3, [r5, #0]
   83330:	f3bf 8f5f 	dmb	sy
  __ASM volatile ("cpsie i");
   83334:	b662      	cpsie	i
}
   83336:	e8bd 87f0 	ldmia.w	sp!, {r4, r5, r6, r7, r8, r9, sl, pc}
		udd_ctrl_prev_payload_buf_cnt += udd_ctrl_payload_buf_cnt;
   8333a:	4936      	ldr	r1, [pc, #216]	@ (83414 <udd_ctrl_in_sent+0x194>)
		if ((udd_g_ctrlreq.req.wLength == udd_ctrl_prev_payload_buf_cnt)
   8333c:	88f0      	ldrh	r0, [r6, #6]
		udd_ctrl_prev_payload_buf_cnt += udd_ctrl_payload_buf_cnt;
   8333e:	880a      	ldrh	r2, [r1, #0]
   83340:	441a      	add	r2, r3
   83342:	b292      	uxth	r2, r2
		if ((udd_g_ctrlreq.req.wLength == udd_ctrl_prev_payload_buf_cnt)
   83344:	4290      	cmp	r0, r2
		udd_ctrl_prev_payload_buf_cnt += udd_ctrl_payload_buf_cnt;
   83346:	800a      	strh	r2, [r1, #0]
		if ((udd_g_ctrlreq.req.wLength == udd_ctrl_prev_payload_buf_cnt)
   83348:	d040      	beq.n	833cc <udd_ctrl_in_sent+0x14c>
				|| b_shortpacket) {
   8334a:	f8df 90c4 	ldr.w	r9, [pc, #196]	@ 83410 <udd_ctrl_in_sent+0x190>
   8334e:	f899 a000 	ldrb.w	sl, [r9]
   83352:	f1ba 0f00 	cmp.w	sl, #0
   83356:	d139      	bne.n	833cc <udd_ctrl_in_sent+0x14c>
		if ((!udd_g_ctrlreq.over_under_run)
   83358:	6972      	ldr	r2, [r6, #20]
   8335a:	b12a      	cbz	r2, 83368 <udd_ctrl_in_sent+0xe8>
				|| (!udd_g_ctrlreq.over_under_run())) {
   8335c:	4790      	blx	r2
   8335e:	2800      	cmp	r0, #0
   83360:	d148      	bne.n	833f4 <udd_ctrl_in_sent+0x174>
		b_shortpacket = true;
   83362:	2201      	movs	r2, #1
	ptr_src = udd_g_ctrlreq.payload + udd_ctrl_payload_buf_cnt;
   83364:	883b      	ldrh	r3, [r7, #0]
   83366:	e7b4      	b.n	832d2 <udd_ctrl_in_sent+0x52>
		b_shortpacket = true;
   83368:	2201      	movs	r2, #1
   8336a:	e7b2      	b.n	832d2 <udd_ctrl_in_sent+0x52>
	if (cpu_irq_is_enabled_flags(flags))
   8336c:	b926      	cbnz	r6, 83378 <udd_ctrl_in_sent+0xf8>
		cpu_irq_enable();
   8336e:	2301      	movs	r3, #1
   83370:	702b      	strb	r3, [r5, #0]
   83372:	f3bf 8f5f 	dmb	sy
   83376:	b662      	cpsie	i
		udd_ep_control_state = UDD_EPCTRL_HANDSHAKE_WAIT_OUT_ZLP;
   83378:	2304      	movs	r3, #4
   8337a:	f888 3000 	strb.w	r3, [r8]
}
   8337e:	e8bd 87f0 	ldmia.w	sp!, {r4, r5, r6, r7, r8, r9, sl, pc}
	if (udd_g_ctrlreq.callback) {
   83382:	4e22      	ldr	r6, [pc, #136]	@ (8340c <udd_ctrl_in_sent+0x18c>)
   83384:	6933      	ldr	r3, [r6, #16]
   83386:	b103      	cbz	r3, 8338a <udd_ctrl_in_sent+0x10a>
		udd_g_ctrlreq.callback();
   83388:	4798      	blx	r3
  __ASM volatile ("MRS %0, primask" : "=r" (result) );
   8338a:	f3ef 8310 	mrs	r3, PRIMASK
  __ASM volatile ("cpsid i");
   8338e:	b672      	cpsid	i
   83390:	f3bf 8f5f 	dmb	sy
	cpu_irq_disable();
   83394:	2000      	movs	r0, #0
	udd_disable_in_send_interrupt(0);
   83396:	f44f 6180 	mov.w	r1, #1024	@ 0x400
   8339a:	4a19      	ldr	r2, [pc, #100]	@ (83400 <udd_ctrl_in_sent+0x180>)
   8339c:	7028      	strb	r0, [r5, #0]
   8339e:	f8c2 1108 	str.w	r1, [r2, #264]	@ 0x108
	if (cpu_irq_is_enabled_flags(flags))
   833a2:	b923      	cbnz	r3, 833ae <udd_ctrl_in_sent+0x12e>
		cpu_irq_enable();
   833a4:	2301      	movs	r3, #1
   833a6:	702b      	strb	r3, [r5, #0]
   833a8:	f3bf 8f5f 	dmb	sy
  __ASM volatile ("cpsie i");
   833ac:	b662      	cpsie	i
	udd_ack_out_received(0);
   833ae:	f44f 7100 	mov.w	r1, #512	@ 0x200
   833b2:	4a13      	ldr	r2, [pc, #76]	@ (83400 <udd_ctrl_in_sent+0x180>)
	udd_g_ctrlreq.callback = NULL;
   833b4:	2000      	movs	r0, #0
	udd_ack_out_received(0);
   833b6:	f8c2 1118 	str.w	r1, [r2, #280]	@ 0x118
	udd_g_ctrlreq.callback = NULL;
   833ba:	2100      	movs	r1, #0
	udd_g_ctrlreq.payload_size = 0;
   833bc:	2300      	movs	r3, #0
	udd_g_ctrlreq.callback = NULL;
   833be:	e9c6 0104 	strd	r0, r1, [r6, #16]
	udd_g_ctrlreq.payload_size = 0;
   833c2:	81b3      	strh	r3, [r6, #12]
	udd_ep_control_state = UDD_EPCTRL_SETUP;
   833c4:	f888 3000 	strb.w	r3, [r8]
}
   833c8:	e8bd 87f0 	ldmia.w	sp!, {r4, r5, r6, r7, r8, r9, sl, pc}
	udd_ep_control_state = UDD_EPCTRL_HANDSHAKE_WAIT_OUT_ZLP;
   833cc:	2304      	movs	r3, #4
   833ce:	f888 3000 	strb.w	r3, [r8]
  __ASM volatile ("MRS %0, primask" : "=r" (result) );
   833d2:	f3ef 8110 	mrs	r1, PRIMASK
  __ASM volatile ("cpsid i");
   833d6:	b672      	cpsid	i
   833d8:	f3bf 8f5f 	dmb	sy
	udd_ack_nak_in(0);
   833dc:	f44f 4280 	mov.w	r2, #16384	@ 0x4000
	cpu_irq_disable();
   833e0:	2000      	movs	r0, #0
   833e2:	4b07      	ldr	r3, [pc, #28]	@ (83400 <udd_ctrl_in_sent+0x180>)
   833e4:	7028      	strb	r0, [r5, #0]
   833e6:	f8c3 2118 	str.w	r2, [r3, #280]	@ 0x118
	udd_enable_nak_in_interrupt(0);
   833ea:	f8c3 2104 	str.w	r2, [r3, #260]	@ 0x104
	if (cpu_irq_is_enabled_flags(flags))
   833ee:	2900      	cmp	r1, #0
   833f0:	d1a1      	bne.n	83336 <udd_ctrl_in_sent+0xb6>
   833f2:	e79b      	b.n	8332c <udd_ctrl_in_sent+0xac>
			udd_ctrl_payload_buf_cnt = 0;
   833f4:	803c      	strh	r4, [r7, #0]
			nb_remain = udd_g_ctrlreq.payload_size;
   833f6:	4653      	mov	r3, sl
   833f8:	89b4      	ldrh	r4, [r6, #12]
   833fa:	e766      	b.n	832ca <udd_ctrl_in_sent+0x4a>
   833fc:	20000304 	.word	0x20000304
   83400:	400a4000 	.word	0x400a4000
   83404:	200033dc 	.word	0x200033dc
   83408:	200033d8 	.word	0x200033d8
   8340c:	200033e0 	.word	0x200033e0
   83410:	200033a5 	.word	0x200033a5
   83414:	200033da 	.word	0x200033da

00083418 <UDPHS_Handler>:
{
   83418:	e92d 47f0 	stmdb	sp!, {r4, r5, r6, r7, r8, r9, sl, lr}
	udd_enable_periph_ck();
   8341c:	4ba2      	ldr	r3, [pc, #648]	@ (836a8 <UDPHS_Handler+0x290>)
   8341e:	201d      	movs	r0, #29
   83420:	4798      	blx	r3
	if (!pmc_is_wakeup_clocks_restored() && !Is_udd_suspend()) {
   83422:	4ba2      	ldr	r3, [pc, #648]	@ (836ac <UDPHS_Handler+0x294>)
   83424:	4798      	blx	r3
   83426:	b928      	cbnz	r0, 83434 <UDPHS_Handler+0x1c>
   83428:	4ba1      	ldr	r3, [pc, #644]	@ (836b0 <UDPHS_Handler+0x298>)
   8342a:	695b      	ldr	r3, [r3, #20]
   8342c:	f013 0302 	ands.w	r3, r3, #2
   83430:	f000 809d 	beq.w	8356e <UDPHS_Handler+0x156>
	if (Is_udd_sof()) {
   83434:	4b9e      	ldr	r3, [pc, #632]	@ (836b0 <UDPHS_Handler+0x298>)
   83436:	695a      	ldr	r2, [r3, #20]
   83438:	0715      	lsls	r5, r2, #28
   8343a:	f100 8089 	bmi.w	83550 <UDPHS_Handler+0x138>
	if (Is_udd_msof()) {
   8343e:	695a      	ldr	r2, [r3, #20]
   83440:	0750      	lsls	r0, r2, #29
   83442:	f100 808e 	bmi.w	83562 <UDPHS_Handler+0x14a>
	uint32_t status = udd_get_endpoint_status(0);
   83446:	f8d3 211c 	ldr.w	r2, [r3, #284]	@ 0x11c
	if (!Is_udd_endpoint_interrupt(0)) {
   8344a:	6959      	ldr	r1, [r3, #20]
   8344c:	05c9      	lsls	r1, r1, #23
   8344e:	d521      	bpl.n	83494 <UDPHS_Handler+0x7c>
	udd_disable_nak_in_interrupt(0);
   83450:	f44f 4080 	mov.w	r0, #16384	@ 0x4000
	udd_disable_nak_out_interrupt(0);
   83454:	f44f 4100 	mov.w	r1, #32768	@ 0x8000
	if (Is_udd_endpoint_status_setup_received(status)) {
   83458:	04d7      	lsls	r7, r2, #19
	udd_disable_nak_in_interrupt(0);
   8345a:	f8c3 0108 	str.w	r0, [r3, #264]	@ 0x108
	udd_disable_nak_out_interrupt(0);
   8345e:	f8c3 1108 	str.w	r1, [r3, #264]	@ 0x108
	if (Is_udd_endpoint_status_setup_received(status)) {
   83462:	f100 80b1 	bmi.w	835c8 <UDPHS_Handler+0x1b0>
	if (Is_udd_endpoint_status_in_sent(status)
   83466:	0556      	lsls	r6, r2, #21
   83468:	d504      	bpl.n	83474 <UDPHS_Handler+0x5c>
			&& Is_udd_in_send_interrupt_enabled(0)) {
   8346a:	f8d3 310c 	ldr.w	r3, [r3, #268]	@ 0x10c
   8346e:	055d      	lsls	r5, r3, #21
   83470:	f100 825b 	bmi.w	8392a <UDPHS_Handler+0x512>
	if (Is_udd_endpoint_status_out_received(status)) {
   83474:	0594      	lsls	r4, r2, #22
   83476:	f100 8153 	bmi.w	83720 <UDPHS_Handler+0x308>
	if (Is_udd_endpoint_status_stall(status)) {
   8347a:	0490      	lsls	r0, r2, #18
   8347c:	d504      	bpl.n	83488 <UDPHS_Handler+0x70>
		udd_ack_stall(0);
   8347e:	f44f 5100 	mov.w	r1, #8192	@ 0x2000
   83482:	4b8b      	ldr	r3, [pc, #556]	@ (836b0 <UDPHS_Handler+0x298>)
   83484:	f8c3 1118 	str.w	r1, [r3, #280]	@ 0x118
	if (Is_udd_endpoint_status_nak_out(status)) {
   83488:	0411      	lsls	r1, r2, #16
   8348a:	f100 817b 	bmi.w	83784 <UDPHS_Handler+0x36c>
	if (Is_udd_endpoint_status_nak_in(status)) {
   8348e:	0453      	lsls	r3, r2, #17
   83490:	f100 80d3 	bmi.w	8363a <UDPHS_Handler+0x222>
	uint8_t *ptr_src = (uint8_t *) & udd_get_endpoint_fifo_access(0, 8);
   83494:	2301      	movs	r3, #1
	for (ep = 1; ep <= USB_DEVICE_MAX_EP; ep++) {
		// Get job corresponding at endpoint
		ptr_job = &udd_ep_job[ep - 1];

		// Check DMA event
		if (Is_udd_endpoint_dma_interrupt_enabled(ep)
   83496:	f04f 7700 	mov.w	r7, #33554432	@ 0x2000000
			}
			udd_ep_trans_done(ep);
			return true;
		}
		// Check empty bank interrupt event
		if (Is_udd_endpoint_interrupt_enabled(ep)) {
   8349a:	f44f 7880 	mov.w	r8, #256	@ 0x100
   8349e:	2402      	movs	r4, #2
		if (Is_udd_endpoint_dma_interrupt_enabled(ep)
   834a0:	4a83      	ldr	r2, [pc, #524]	@ (836b0 <UDPHS_Handler+0x298>)
   834a2:	6915      	ldr	r5, [r2, #16]
   834a4:	f103 3cff 	add.w	ip, r3, #4294967295	@ 0xffffffff
   834a8:	fa07 f10c 	lsl.w	r1, r7, ip
   834ac:	420d      	tst	r5, r1
				// One bank is free then send a ZLP
				udd_raise_tx_pkt_ready(ep);
				udd_ep_finish_job(ptr_job, false, ep);
				return true;
			}
			if (Is_udd_bank_interrupt_enabled(ep)
   834ae:	4880      	ldr	r0, [pc, #512]	@ (836b0 <UDPHS_Handler+0x298>)
   834b0:	f103 0e01 	add.w	lr, r3, #1
   834b4:	fa5f f983 	uxtb.w	r9, r3
			if (Is_udd_tx_pkt_ready_interrupt_enabled(ep)
   834b8:	eb02 1643 	add.w	r6, r2, r3, lsl #5
		if (Is_udd_endpoint_dma_interrupt_enabled(ep)
   834bc:	d003      	beq.n	834c6 <UDPHS_Handler+0xae>
				&& Is_udd_endpoint_dma_interrupt(ep)) {
   834be:	6955      	ldr	r5, [r2, #20]
   834c0:	4229      	tst	r1, r5
   834c2:	f040 80cf 	bne.w	83664 <UDPHS_Handler+0x24c>
		if (Is_udd_endpoint_interrupt_enabled(ep)) {
   834c6:	6911      	ldr	r1, [r2, #16]
   834c8:	fa08 f503 	lsl.w	r5, r8, r3
   834cc:	4229      	tst	r1, r5
   834ce:	d016      	beq.n	834fe <UDPHS_Handler+0xe6>
			if (Is_udd_tx_pkt_ready_interrupt_enabled(ep)
   834d0:	f8d6 110c 	ldr.w	r1, [r6, #268]	@ 0x10c
   834d4:	015b      	lsls	r3, r3, #5
   834d6:	f411 6f00 	tst.w	r1, #2048	@ 0x800
			if (Is_udd_bank_interrupt_enabled(ep)
   834da:	4403      	add	r3, r0
			if (Is_udd_tx_pkt_ready_interrupt_enabled(ep)
   834dc:	d005      	beq.n	834ea <UDPHS_Handler+0xd2>
					&& !Is_udd_tx_pkt_ready(ep)) {
   834de:	f8d6 111c 	ldr.w	r1, [r6, #284]	@ 0x11c
   834e2:	f411 6100 	ands.w	r1, r1, #2048	@ 0x800
   834e6:	f000 833d 	beq.w	83b64 <UDPHS_Handler+0x74c>
			if (Is_udd_bank_interrupt_enabled(ep)
   834ea:	f8d3 110c 	ldr.w	r1, [r3, #268]	@ 0x10c
   834ee:	034e      	lsls	r6, r1, #13
   834f0:	d505      	bpl.n	834fe <UDPHS_Handler+0xe6>
					&& (0 == udd_nb_busy_bank(ep))) {
   834f2:	f8d3 111c 	ldr.w	r1, [r3, #284]	@ 0x11c
   834f6:	f411 2140 	ands.w	r1, r1, #786432	@ 0xc0000
   834fa:	f000 80f3 	beq.w	836e4 <UDPHS_Handler+0x2cc>
	for (ep = 1; ep <= USB_DEVICE_MAX_EP; ep++) {
   834fe:	f1be 0f03 	cmp.w	lr, #3
   83502:	f04f 0302 	mov.w	r3, #2
   83506:	d1cc      	bne.n	834a2 <UDPHS_Handler+0x8a>
	if (Is_udd_reset()) {
   83508:	4969      	ldr	r1, [pc, #420]	@ (836b0 <UDPHS_Handler+0x298>)
   8350a:	694d      	ldr	r5, [r1, #20]
   8350c:	f015 0510 	ands.w	r5, r5, #16
   83510:	f040 8185 	bne.w	8381e <UDPHS_Handler+0x406>
	if (Is_udd_suspend_interrupt_enabled() && Is_udd_suspend()) {
   83514:	690b      	ldr	r3, [r1, #16]
   83516:	0798      	lsls	r0, r3, #30
   83518:	d533      	bpl.n	83582 <UDPHS_Handler+0x16a>
   8351a:	694b      	ldr	r3, [r1, #20]
   8351c:	079a      	lsls	r2, r3, #30
   8351e:	d530      	bpl.n	83582 <UDPHS_Handler+0x16a>
		udd_ack_wake_up();
   83520:	2320      	movs	r3, #32
   83522:	618b      	str	r3, [r1, #24]
		udd_disable_suspend_interrupt();
   83524:	690b      	ldr	r3, [r1, #16]
		udd_disable_periph_ck();
   83526:	4a63      	ldr	r2, [pc, #396]	@ (836b4 <UDPHS_Handler+0x29c>)
		udd_disable_suspend_interrupt();
   83528:	f023 0302 	bic.w	r3, r3, #2
   8352c:	610b      	str	r3, [r1, #16]
		udd_enable_wake_up_interrupt();
   8352e:	690b      	ldr	r3, [r1, #16]
		udd_disable_periph_ck();
   83530:	201d      	movs	r0, #29
		udd_enable_wake_up_interrupt();
   83532:	f043 0320 	orr.w	r3, r3, #32
   83536:	610b      	str	r3, [r1, #16]
		udd_ack_suspend();
   83538:	618c      	str	r4, [r1, #24]
		udd_disable_periph_ck();
   8353a:	4790      	blx	r2
		UDC_SUSPEND_EVENT();
   8353c:	4b5e      	ldr	r3, [pc, #376]	@ (836b8 <UDPHS_Handler+0x2a0>)
   8353e:	4798      	blx	r3
	if (!b_idle && udd_b_idle) {
   83540:	4a5e      	ldr	r2, [pc, #376]	@ (836bc <UDPHS_Handler+0x2a4>)
   83542:	7813      	ldrb	r3, [r2, #0]
   83544:	2b00      	cmp	r3, #0
   83546:	f040 82c6 	bne.w	83ad6 <UDPHS_Handler+0x6be>
	udd_b_idle = b_idle;
   8354a:	2300      	movs	r3, #0
   8354c:	7013      	strb	r3, [r2, #0]
		goto udd_interrupt_end;
   8354e:	e013      	b.n	83578 <UDPHS_Handler+0x160>
		udd_ack_sof();
   83550:	2208      	movs	r2, #8
   83552:	619a      	str	r2, [r3, #24]
		if (Is_udd_full_speed_mode()) {
   83554:	695b      	ldr	r3, [r3, #20]
   83556:	07dc      	lsls	r4, r3, #31
   83558:	d510      	bpl.n	8357c <UDPHS_Handler+0x164>
}
   8355a:	e8bd 47f0 	ldmia.w	sp!, {r4, r5, r6, r7, r8, r9, sl, lr}
		UDC_SOF_EVENT();
   8355e:	4b58      	ldr	r3, [pc, #352]	@ (836c0 <UDPHS_Handler+0x2a8>)
   83560:	4718      	bx	r3
		udd_ack_msof();
   83562:	2104      	movs	r1, #4
   83564:	6199      	str	r1, [r3, #24]
		udc_sof_notify();
   83566:	4a57      	ldr	r2, [pc, #348]	@ (836c4 <UDPHS_Handler+0x2ac>)
}
   83568:	e8bd 47f0 	ldmia.w	sp!, {r4, r5, r6, r7, r8, r9, sl, lr}
		udc_sof_notify();
   8356c:	4710      	bx	r2
   8356e:	b672      	cpsid	i
   83570:	f3bf 8f5f 	dmb	sy
		cpu_irq_disable();
   83574:	4a54      	ldr	r2, [pc, #336]	@ (836c8 <UDPHS_Handler+0x2b0>)
   83576:	7013      	strb	r3, [r2, #0]
}
   83578:	e8bd 87f0 	ldmia.w	sp!, {r4, r5, r6, r7, r8, r9, sl, pc}
			udc_sof_notify();
   8357c:	4b51      	ldr	r3, [pc, #324]	@ (836c4 <UDPHS_Handler+0x2ac>)
   8357e:	4798      	blx	r3
   83580:	e7eb      	b.n	8355a <UDPHS_Handler+0x142>
	if (Is_udd_wake_up()) {
   83582:	4b4b      	ldr	r3, [pc, #300]	@ (836b0 <UDPHS_Handler+0x298>)
   83584:	695b      	ldr	r3, [r3, #20]
   83586:	069b      	lsls	r3, r3, #26
   83588:	d5f6      	bpl.n	83578 <UDPHS_Handler+0x160>
	if (b_idle && !udd_b_idle) {
   8358a:	4a4c      	ldr	r2, [pc, #304]	@ (836bc <UDPHS_Handler+0x2a4>)
   8358c:	7813      	ldrb	r3, [r2, #0]
   8358e:	2b00      	cmp	r3, #0
   83590:	f000 8282 	beq.w	83a98 <UDPHS_Handler+0x680>
		udd_ack_suspend();
   83594:	2402      	movs	r4, #2
	udd_b_idle = b_idle;
   83596:	2501      	movs	r5, #1
		udd_ack_wake_up();
   83598:	2020      	movs	r0, #32
		udd_ack_suspend();
   8359a:	4b45      	ldr	r3, [pc, #276]	@ (836b0 <UDPHS_Handler+0x298>)
	udd_b_idle = b_idle;
   8359c:	7015      	strb	r5, [r2, #0]
		udd_ack_suspend();
   8359e:	619c      	str	r4, [r3, #24]
		udd_ack_wake_up();
   835a0:	6198      	str	r0, [r3, #24]
		udd_disable_wake_up_interrupt();
   835a2:	691a      	ldr	r2, [r3, #16]
		UDC_RESUME_EVENT();
   835a4:	4949      	ldr	r1, [pc, #292]	@ (836cc <UDPHS_Handler+0x2b4>)
		udd_disable_wake_up_interrupt();
   835a6:	f022 0220 	bic.w	r2, r2, #32
   835aa:	611a      	str	r2, [r3, #16]
		udd_enable_suspend_interrupt();
   835ac:	691a      	ldr	r2, [r3, #16]
   835ae:	4322      	orrs	r2, r4
   835b0:	611a      	str	r2, [r3, #16]
		udd_enable_sof_interrupt();
   835b2:	691a      	ldr	r2, [r3, #16]
   835b4:	f042 0208 	orr.w	r2, r2, #8
   835b8:	611a      	str	r2, [r3, #16]
		udd_enable_msof_interrupt();
   835ba:	691a      	ldr	r2, [r3, #16]
   835bc:	f042 0204 	orr.w	r2, r2, #4
   835c0:	611a      	str	r2, [r3, #16]
}
   835c2:	e8bd 47f0 	ldmia.w	sp!, {r4, r5, r6, r7, r8, r9, sl, lr}
		UDC_RESUME_EVENT();
   835c6:	4708      	bx	r1
	if (UDD_EPCTRL_SETUP != udd_ep_control_state) {
   835c8:	4c41      	ldr	r4, [pc, #260]	@ (836d0 <UDPHS_Handler+0x2b8>)
   835ca:	7823      	ldrb	r3, [r4, #0]
   835cc:	b313      	cbz	r3, 83614 <UDPHS_Handler+0x1fc>
	if (udd_g_ctrlreq.callback) {
   835ce:	4e41      	ldr	r6, [pc, #260]	@ (836d4 <UDPHS_Handler+0x2bc>)
   835d0:	6933      	ldr	r3, [r6, #16]
   835d2:	b103      	cbz	r3, 835d6 <UDPHS_Handler+0x1be>
		udd_g_ctrlreq.callback();
   835d4:	4798      	blx	r3
  __ASM volatile ("MRS %0, primask" : "=r" (result) );
   835d6:	f3ef 8210 	mrs	r2, PRIMASK
  __ASM volatile ("cpsid i");
   835da:	b672      	cpsid	i
   835dc:	f3bf 8f5f 	dmb	sy
	cpu_irq_disable();
   835e0:	2100      	movs	r1, #0
	udd_disable_in_send_interrupt(0);
   835e2:	f44f 6080 	mov.w	r0, #1024	@ 0x400
   835e6:	4b38      	ldr	r3, [pc, #224]	@ (836c8 <UDPHS_Handler+0x2b0>)
   835e8:	7019      	strb	r1, [r3, #0]
   835ea:	4931      	ldr	r1, [pc, #196]	@ (836b0 <UDPHS_Handler+0x298>)
   835ec:	f8c1 0108 	str.w	r0, [r1, #264]	@ 0x108
	if (cpu_irq_is_enabled_flags(flags))
   835f0:	b922      	cbnz	r2, 835fc <UDPHS_Handler+0x1e4>
		cpu_irq_enable();
   835f2:	2201      	movs	r2, #1
   835f4:	701a      	strb	r2, [r3, #0]
   835f6:	f3bf 8f5f 	dmb	sy
  __ASM volatile ("cpsie i");
   835fa:	b662      	cpsie	i
	udd_ack_out_received(0);
   835fc:	f44f 7200 	mov.w	r2, #512	@ 0x200
   83600:	4b2b      	ldr	r3, [pc, #172]	@ (836b0 <UDPHS_Handler+0x298>)
	udd_g_ctrlreq.callback = NULL;
   83602:	2000      	movs	r0, #0
   83604:	2100      	movs	r1, #0
	udd_ack_out_received(0);
   83606:	f8c3 2118 	str.w	r2, [r3, #280]	@ 0x118
	udd_g_ctrlreq.payload_size = 0;
   8360a:	2300      	movs	r3, #0
	udd_g_ctrlreq.callback = NULL;
   8360c:	e9c6 0104 	strd	r0, r1, [r6, #16]
	udd_g_ctrlreq.payload_size = 0;
   83610:	81b3      	strh	r3, [r6, #12]
	udd_ep_control_state = UDD_EPCTRL_SETUP;
   83612:	7023      	strb	r3, [r4, #0]
	if (8 != udd_byte_count(0)) {
   83614:	4a26      	ldr	r2, [pc, #152]	@ (836b0 <UDPHS_Handler+0x298>)
   83616:	4b30      	ldr	r3, [pc, #192]	@ (836d8 <UDPHS_Handler+0x2c0>)
   83618:	f8d2 111c 	ldr.w	r1, [r2, #284]	@ 0x11c
   8361c:	400b      	ands	r3, r1
   8361e:	f5b3 0f00 	cmp.w	r3, #8388608	@ 0x800000
   83622:	f000 80c2 	beq.w	837aa <UDPHS_Handler+0x392>
	udd_ep_control_state = UDD_EPCTRL_STALL_REQ;
   83626:	2005      	movs	r0, #5
	udd_enable_stall_handshake(0);
   83628:	2120      	movs	r1, #32
		udd_ack_setup_received(0);
   8362a:	f44f 5380 	mov.w	r3, #4096	@ 0x1000
	udd_ep_control_state = UDD_EPCTRL_STALL_REQ;
   8362e:	7020      	strb	r0, [r4, #0]
	udd_enable_stall_handshake(0);
   83630:	f8c2 1114 	str.w	r1, [r2, #276]	@ 0x114
		udd_ack_setup_received(0);
   83634:	f8c2 3118 	str.w	r3, [r2, #280]	@ 0x118
		return; // Error data number doesn't correspond to SETUP packet
   83638:	e79e      	b.n	83578 <UDPHS_Handler+0x160>
		udd_ack_nak_in(0);
   8363a:	f44f 4380 	mov.w	r3, #16384	@ 0x4000
   8363e:	4a1c      	ldr	r2, [pc, #112]	@ (836b0 <UDPHS_Handler+0x298>)
   83640:	f8c2 3118 	str.w	r3, [r2, #280]	@ 0x118
	if (Is_udd_out_received(0))
   83644:	f8d2 311c 	ldr.w	r3, [r2, #284]	@ 0x11c
   83648:	f413 7300 	ands.w	r3, r3, #512	@ 0x200
   8364c:	d194      	bne.n	83578 <UDPHS_Handler+0x160>
	if (UDD_EPCTRL_DATA_OUT == udd_ep_control_state) {
   8364e:	4820      	ldr	r0, [pc, #128]	@ (836d0 <UDPHS_Handler+0x2b8>)
   83650:	7801      	ldrb	r1, [r0, #0]
   83652:	2901      	cmp	r1, #1
   83654:	f000 8253 	beq.w	83afe <UDPHS_Handler+0x6e6>
	} else if (UDD_EPCTRL_HANDSHAKE_WAIT_OUT_ZLP == udd_ep_control_state) {
   83658:	2904      	cmp	r1, #4
   8365a:	d18d      	bne.n	83578 <UDPHS_Handler+0x160>
		udd_enable_stall_handshake(0);
   8365c:	2320      	movs	r3, #32
   8365e:	f8c2 3114 	str.w	r3, [r2, #276]	@ 0x114
   83662:	e789      	b.n	83578 <UDPHS_Handler+0x160>
			if (udd_endpoint_dma_get_status(ep)
   83664:	f500 7040 	add.w	r0, r0, #768	@ 0x300
   83668:	eb00 1303 	add.w	r3, r0, r3, lsl #4
   8366c:	68d8      	ldr	r0, [r3, #12]
   8366e:	07c7      	lsls	r7, r0, #31
   83670:	d482      	bmi.n	83578 <UDPHS_Handler+0x160>
			udd_disable_endpoint_dma_interrupt(ep);
   83672:	6910      	ldr	r0, [r2, #16]
   83674:	ea20 0101 	bic.w	r1, r0, r1
   83678:	6111      	str	r1, [r2, #16]
			nb_remaining = (udd_endpoint_dma_get_status(ep) &
   8367a:	68da      	ldr	r2, [r3, #12]
			if (nb_remaining) {
   8367c:	0c12      	lsrs	r2, r2, #16
   8367e:	d00e      	beq.n	8369e <UDPHS_Handler+0x286>
				ptr_job->buf_cnt -= nb_remaining;
   83680:	4816      	ldr	r0, [pc, #88]	@ (836dc <UDPHS_Handler+0x2c4>)
   83682:	eb0c 014c 	add.w	r1, ip, ip, lsl #1
   83686:	eb00 01c1 	add.w	r1, r0, r1, lsl #3
   8368a:	68c9      	ldr	r1, [r1, #12]
				ptr_job->buf_size = ptr_job->buf_cnt;
   8368c:	f1cc 0300 	rsb	r3, ip, #0
   83690:	f003 0318 	and.w	r3, r3, #24
   83694:	3308      	adds	r3, #8
				ptr_job->buf_cnt -= nb_remaining;
   83696:	1a8a      	subs	r2, r1, r2
				ptr_job->buf_size = ptr_job->buf_cnt;
   83698:	50c2      	str	r2, [r0, r3]
   8369a:	4403      	add	r3, r0
   8369c:	605a      	str	r2, [r3, #4]
			udd_ep_trans_done(ep);
   8369e:	4648      	mov	r0, r9
}
   836a0:	e8bd 47f0 	ldmia.w	sp!, {r4, r5, r6, r7, r8, r9, sl, lr}
			udd_ep_trans_done(ep);
   836a4:	4b0e      	ldr	r3, [pc, #56]	@ (836e0 <UDPHS_Handler+0x2c8>)
   836a6:	4718      	bx	r3
   836a8:	00082bf9 	.word	0x00082bf9
   836ac:	00082c8d 	.word	0x00082c8d
   836b0:	400a4000 	.word	0x400a4000
   836b4:	00082c19 	.word	0x00082c19
   836b8:	00080bf9 	.word	0x00080bf9
   836bc:	200033f8 	.word	0x200033f8
   836c0:	00080c09 	.word	0x00080c09
   836c4:	00081f69 	.word	0x00081f69
   836c8:	20000304 	.word	0x20000304
   836cc:	00080c01 	.word	0x00080c01
   836d0:	200033dc 	.word	0x200033dc
   836d4:	200033e0 	.word	0x200033e0
   836d8:	7ff00000 	.word	0x7ff00000
   836dc:	200033a8 	.word	0x200033a8
   836e0:	000830c9 	.word	0x000830c9
				// End of background transfer on IN endpoint
				udd_disable_bank_interrupt(ep);
   836e4:	f44f 2280 	mov.w	r2, #262144	@ 0x40000

				Assert(ptr_job->stall_requested);
				// A stall has been requested during background transfer
				ptr_job->stall_requested = false;
				udd_disable_endpoint_bank_autoswitch(ep);
				udd_enable_stall_handshake(ep);
   836e8:	2620      	movs	r6, #32
				udd_reset_data_toggle(ep);
   836ea:	2440      	movs	r4, #64	@ 0x40
				udd_disable_bank_interrupt(ep);
   836ec:	f8c3 2108 	str.w	r2, [r3, #264]	@ 0x108
				udd_disable_endpoint_interrupt(ep);
   836f0:	6902      	ldr	r2, [r0, #16]
				ptr_job->stall_requested = false;
   836f2:	eb0c 0c4c 	add.w	ip, ip, ip, lsl #1
				udd_disable_endpoint_interrupt(ep);
   836f6:	ea22 0205 	bic.w	r2, r2, r5
   836fa:	6102      	str	r2, [r0, #16]
				ptr_job->stall_requested = false;
   836fc:	4ab2      	ldr	r2, [pc, #712]	@ (839c8 <UDPHS_Handler+0x5b0>)
   836fe:	eb02 02cc 	add.w	r2, r2, ip, lsl #3
   83702:	7d10      	ldrb	r0, [r2, #20]
   83704:	f361 0082 	bfi	r0, r1, #2, #1
   83708:	7510      	strb	r0, [r2, #20]
				udd_disable_endpoint_bank_autoswitch(ep);
   8370a:	f8d3 2108 	ldr.w	r2, [r3, #264]	@ 0x108
   8370e:	f022 0202 	bic.w	r2, r2, #2
   83712:	f8c3 2108 	str.w	r2, [r3, #264]	@ 0x108
				udd_enable_stall_handshake(ep);
   83716:	f8c3 6114 	str.w	r6, [r3, #276]	@ 0x114
				udd_reset_data_toggle(ep);
   8371a:	f8c3 4118 	str.w	r4, [r3, #280]	@ 0x118
				//dbg_print("exHalt%x ", ep);
				return true;
   8371e:	e72b      	b.n	83578 <UDPHS_Handler+0x160>
	if (UDD_EPCTRL_DATA_OUT != udd_ep_control_state) {
   83720:	4caa      	ldr	r4, [pc, #680]	@ (839cc <UDPHS_Handler+0x5b4>)
   83722:	7823      	ldrb	r3, [r4, #0]
   83724:	2b01      	cmp	r3, #1
   83726:	f000 8104 	beq.w	83932 <UDPHS_Handler+0x51a>
		if ((UDD_EPCTRL_DATA_IN == udd_ep_control_state)
   8372a:	2b02      	cmp	r3, #2
   8372c:	f000 8139 	beq.w	839a2 <UDPHS_Handler+0x58a>
				|| (UDD_EPCTRL_HANDSHAKE_WAIT_OUT_ZLP ==
   83730:	2b04      	cmp	r3, #4
   83732:	f000 8136 	beq.w	839a2 <UDPHS_Handler+0x58a>
	udd_ep_control_state = UDD_EPCTRL_STALL_REQ;
   83736:	2105      	movs	r1, #5
	udd_enable_stall_handshake(0);
   83738:	2220      	movs	r2, #32
   8373a:	4ba5      	ldr	r3, [pc, #660]	@ (839d0 <UDPHS_Handler+0x5b8>)
   8373c:	4ea5      	ldr	r6, [pc, #660]	@ (839d4 <UDPHS_Handler+0x5bc>)
	udd_ep_control_state = UDD_EPCTRL_STALL_REQ;
   8373e:	7021      	strb	r1, [r4, #0]
	udd_enable_stall_handshake(0);
   83740:	f8c3 2114 	str.w	r2, [r3, #276]	@ 0x114
  __ASM volatile ("MRS %0, primask" : "=r" (result) );
   83744:	f3ef 8210 	mrs	r2, PRIMASK
  __ASM volatile ("cpsid i");
   83748:	b672      	cpsid	i
   8374a:	f3bf 8f5f 	dmb	sy
	cpu_irq_disable();
   8374e:	2100      	movs	r1, #0
	udd_disable_in_send_interrupt(0);
   83750:	f44f 6080 	mov.w	r0, #1024	@ 0x400
   83754:	4ba0      	ldr	r3, [pc, #640]	@ (839d8 <UDPHS_Handler+0x5c0>)
   83756:	7019      	strb	r1, [r3, #0]
   83758:	499d      	ldr	r1, [pc, #628]	@ (839d0 <UDPHS_Handler+0x5b8>)
   8375a:	f8c1 0108 	str.w	r0, [r1, #264]	@ 0x108
	if (cpu_irq_is_enabled_flags(flags))
   8375e:	b922      	cbnz	r2, 8376a <UDPHS_Handler+0x352>
		cpu_irq_enable();
   83760:	2201      	movs	r2, #1
   83762:	701a      	strb	r2, [r3, #0]
   83764:	f3bf 8f5f 	dmb	sy
  __ASM volatile ("cpsie i");
   83768:	b662      	cpsie	i
	udd_ack_out_received(0);
   8376a:	f44f 7100 	mov.w	r1, #512	@ 0x200
   8376e:	4a98      	ldr	r2, [pc, #608]	@ (839d0 <UDPHS_Handler+0x5b8>)
	udd_g_ctrlreq.payload_size = 0;
   83770:	2300      	movs	r3, #0
	udd_ack_out_received(0);
   83772:	f8c2 1118 	str.w	r1, [r2, #280]	@ 0x118
	udd_g_ctrlreq.callback = NULL;
   83776:	2000      	movs	r0, #0
   83778:	2100      	movs	r1, #0
	udd_g_ctrlreq.payload_size = 0;
   8377a:	81b3      	strh	r3, [r6, #12]
	udd_g_ctrlreq.callback = NULL;
   8377c:	e9c6 0104 	strd	r0, r1, [r6, #16]
	udd_ep_control_state = UDD_EPCTRL_SETUP;
   83780:	7023      	strb	r3, [r4, #0]
   83782:	e6f9      	b.n	83578 <UDPHS_Handler+0x160>
		udd_ack_nak_out(0);
   83784:	f44f 4200 	mov.w	r2, #32768	@ 0x8000
   83788:	4b91      	ldr	r3, [pc, #580]	@ (839d0 <UDPHS_Handler+0x5b8>)
   8378a:	f8c3 2118 	str.w	r2, [r3, #280]	@ 0x118
	if (Is_udd_in_send(0))
   8378e:	f8d3 211c 	ldr.w	r2, [r3, #284]	@ 0x11c
   83792:	0552      	lsls	r2, r2, #21
   83794:	f53f aef0 	bmi.w	83578 <UDPHS_Handler+0x160>
	if (UDD_EPCTRL_HANDSHAKE_WAIT_IN_ZLP == udd_ep_control_state) {
   83798:	4a8c      	ldr	r2, [pc, #560]	@ (839cc <UDPHS_Handler+0x5b4>)
   8379a:	7812      	ldrb	r2, [r2, #0]
   8379c:	2a03      	cmp	r2, #3
   8379e:	f47f aeeb 	bne.w	83578 <UDPHS_Handler+0x160>
		udd_enable_stall_handshake(0);
   837a2:	2220      	movs	r2, #32
   837a4:	f8c3 2114 	str.w	r2, [r3, #276]	@ 0x114
   837a8:	e6e6      	b.n	83578 <UDPHS_Handler+0x160>
   837aa:	4a8c      	ldr	r2, [pc, #560]	@ (839dc <UDPHS_Handler+0x5c4>)
	uint8_t *ptr = (uint8_t *) & udd_get_endpoint_fifo_access(0, 8);
   837ac:	4b8c      	ldr	r3, [pc, #560]	@ (839e0 <UDPHS_Handler+0x5c8>)
	for (i = 0; i < 8; i++) {
   837ae:	488d      	ldr	r0, [pc, #564]	@ (839e4 <UDPHS_Handler+0x5cc>)
		((uint8_t *) & udd_g_ctrlreq.req)[i] = *ptr++;
   837b0:	4619      	mov	r1, r3
   837b2:	3301      	adds	r3, #1
   837b4:	7809      	ldrb	r1, [r1, #0]
	for (i = 0; i < 8; i++) {
   837b6:	4283      	cmp	r3, r0
		((uint8_t *) & udd_g_ctrlreq.req)[i] = *ptr++;
   837b8:	f802 1f01 	strb.w	r1, [r2, #1]!
	for (i = 0; i < 8; i++) {
   837bc:	d1f8      	bne.n	837b0 <UDPHS_Handler+0x398>
	if (udc_process_setup() == false) {
   837be:	4b8a      	ldr	r3, [pc, #552]	@ (839e8 <UDPHS_Handler+0x5d0>)
   837c0:	4798      	blx	r3
   837c2:	2800      	cmp	r0, #0
   837c4:	f000 80f4 	beq.w	839b0 <UDPHS_Handler+0x598>
	udd_ack_setup_received(0);
   837c8:	f44f 5180 	mov.w	r1, #4096	@ 0x1000
   837cc:	4b80      	ldr	r3, [pc, #512]	@ (839d0 <UDPHS_Handler+0x5b8>)
	if (Udd_setup_is_in()) {
   837ce:	4a81      	ldr	r2, [pc, #516]	@ (839d4 <UDPHS_Handler+0x5bc>)
	udd_ack_setup_received(0);
   837d0:	f8c3 1118 	str.w	r1, [r3, #280]	@ 0x118
	if (Udd_setup_is_in()) {
   837d4:	f992 1000 	ldrsb.w	r1, [r2]
   837d8:	2900      	cmp	r1, #0
   837da:	f2c0 8171 	blt.w	83ac0 <UDPHS_Handler+0x6a8>
		if (0 == udd_g_ctrlreq.req.wLength) {
   837de:	88d2      	ldrh	r2, [r2, #6]
   837e0:	2a00      	cmp	r2, #0
   837e2:	f000 81ad 	beq.w	83b40 <UDPHS_Handler+0x728>
		udd_ctrl_prev_payload_buf_cnt = 0;
   837e6:	2200      	movs	r2, #0
		udd_ep_control_state = UDD_EPCTRL_DATA_OUT;
   837e8:	2501      	movs	r5, #1
		udd_ack_nak_in(0);
   837ea:	f44f 4180 	mov.w	r1, #16384	@ 0x4000
		udd_ctrl_prev_payload_buf_cnt = 0;
   837ee:	487f      	ldr	r0, [pc, #508]	@ (839ec <UDPHS_Handler+0x5d4>)
		udd_ep_control_state = UDD_EPCTRL_DATA_OUT;
   837f0:	7025      	strb	r5, [r4, #0]
		udd_ctrl_prev_payload_buf_cnt = 0;
   837f2:	8002      	strh	r2, [r0, #0]
		udd_ctrl_payload_buf_cnt = 0;
   837f4:	487e      	ldr	r0, [pc, #504]	@ (839f0 <UDPHS_Handler+0x5d8>)
   837f6:	8002      	strh	r2, [r0, #0]
		udd_ack_nak_in(0);
   837f8:	f8c3 1118 	str.w	r1, [r3, #280]	@ 0x118
  __ASM volatile ("MRS %0, primask" : "=r" (result) );
   837fc:	f3ef 8410 	mrs	r4, PRIMASK
  __ASM volatile ("cpsid i");
   83800:	b672      	cpsid	i
   83802:	f3bf 8f5f 	dmb	sy
	cpu_irq_disable();
   83806:	4874      	ldr	r0, [pc, #464]	@ (839d8 <UDPHS_Handler+0x5c0>)
   83808:	7002      	strb	r2, [r0, #0]
		udd_enable_nak_in_interrupt(0);
   8380a:	f8c3 1104 	str.w	r1, [r3, #260]	@ 0x104
	if (cpu_irq_is_enabled_flags(flags))
   8380e:	2c00      	cmp	r4, #0
   83810:	f47f aeb2 	bne.w	83578 <UDPHS_Handler+0x160>
		cpu_irq_enable();
   83814:	7005      	strb	r5, [r0, #0]
   83816:	f3bf 8f5f 	dmb	sy
  __ASM volatile ("cpsie i");
   8381a:	b662      	cpsie	i
   8381c:	e6ac      	b.n	83578 <UDPHS_Handler+0x160>
		udd_ack_reset();
   8381e:	2210      	movs	r2, #16
	if (ptr_job->busy == false) {
   83820:	4c69      	ldr	r4, [pc, #420]	@ (839c8 <UDPHS_Handler+0x5b0>)
   83822:	7d23      	ldrb	r3, [r4, #20]
		udd_ack_reset();
   83824:	618a      	str	r2, [r1, #24]
	if (ptr_job->busy == false) {
   83826:	f013 0201 	ands.w	r2, r3, #1
   8382a:	d00d      	beq.n	83848 <UDPHS_Handler+0x430>
	if (NULL == ptr_job->call_trans) {
   8382c:	6825      	ldr	r5, [r4, #0]
	ptr_job->busy = false;
   8382e:	f023 0301 	bic.w	r3, r3, #1
   83832:	7523      	strb	r3, [r4, #20]
	if (NULL == ptr_job->call_trans) {
   83834:	b145      	cbz	r5, 83848 <UDPHS_Handler+0x430>
	if (Is_udd_endpoint_in(ep_num)) {
   83836:	f8d1 3120 	ldr.w	r3, [r1, #288]	@ 0x120
	ptr_job->call_trans((b_abort) ? UDD_EP_TRANSFER_ABORT :
   8383a:	2001      	movs	r0, #1
		ep_num |= USB_EP_DIR_IN;
   8383c:	f013 0f08 	tst.w	r3, #8
	ptr_job->call_trans((b_abort) ? UDD_EP_TRANSFER_ABORT :
   83840:	bf18      	it	ne
   83842:	2281      	movne	r2, #129	@ 0x81
   83844:	68a1      	ldr	r1, [r4, #8]
   83846:	47a8      	blx	r5
	if (ptr_job->busy == false) {
   83848:	f894 302c 	ldrb.w	r3, [r4, #44]	@ 0x2c
   8384c:	07dd      	lsls	r5, r3, #31
   8384e:	d510      	bpl.n	83872 <UDPHS_Handler+0x45a>
	if (NULL == ptr_job->call_trans) {
   83850:	69a5      	ldr	r5, [r4, #24]
	ptr_job->busy = false;
   83852:	f023 0301 	bic.w	r3, r3, #1
   83856:	f884 302c 	strb.w	r3, [r4, #44]	@ 0x2c
	if (NULL == ptr_job->call_trans) {
   8385a:	b155      	cbz	r5, 83872 <UDPHS_Handler+0x45a>
	if (Is_udd_endpoint_in(ep_num)) {
   8385c:	4b5c      	ldr	r3, [pc, #368]	@ (839d0 <UDPHS_Handler+0x5b8>)
	ptr_job->call_trans((b_abort) ? UDD_EP_TRANSFER_ABORT :
   8385e:	2001      	movs	r0, #1
	if (Is_udd_endpoint_in(ep_num)) {
   83860:	f8d3 3140 	ldr.w	r3, [r3, #320]	@ 0x140
	ptr_job->call_trans((b_abort) ? UDD_EP_TRANSFER_ABORT :
   83864:	6a21      	ldr	r1, [r4, #32]
		ep_num |= USB_EP_DIR_IN;
   83866:	f013 0f08 	tst.w	r3, #8
	ptr_job->call_trans((b_abort) ? UDD_EP_TRANSFER_ABORT :
   8386a:	bf0c      	ite	eq
   8386c:	2202      	moveq	r2, #2
   8386e:	2282      	movne	r2, #130	@ 0x82
   83870:	47a8      	blx	r5
		udc_reset();
   83872:	4b60      	ldr	r3, [pc, #384]	@ (839f4 <UDPHS_Handler+0x5dc>)
   83874:	4798      	blx	r3
	udd_enable_endpoint(0);
   83876:	2001      	movs	r0, #1
	udd_configure_address(0);
   83878:	4b55      	ldr	r3, [pc, #340]	@ (839d0 <UDPHS_Handler+0x5b8>)
   8387a:	681a      	ldr	r2, [r3, #0]
   8387c:	f022 027f 	bic.w	r2, r2, #127	@ 0x7f
   83880:	601a      	str	r2, [r3, #0]
	udd_enable_address();
   83882:	681a      	ldr	r2, [r3, #0]
   83884:	f042 0280 	orr.w	r2, r2, #128	@ 0x80
   83888:	601a      	str	r2, [r3, #0]
	udd_configure_endpoint(0,
   8388a:	f8d3 2100 	ldr.w	r2, [r3, #256]	@ 0x100
   8388e:	f36f 0209 	bfc	r2, #0, #10
   83892:	f042 0243 	orr.w	r2, r2, #67	@ 0x43
   83896:	f8c3 2100 	str.w	r2, [r3, #256]	@ 0x100
	udd_enable_endpoint(0);
   8389a:	f8c3 0104 	str.w	r0, [r3, #260]	@ 0x104
  __ASM volatile ("MRS %0, primask" : "=r" (result) );
   8389e:	f3ef 8410 	mrs	r4, PRIMASK
  __ASM volatile ("cpsid i");
   838a2:	b672      	cpsid	i
   838a4:	f3bf 8f5f 	dmb	sy
	udd_enable_setup_received_interrupt(0);
   838a8:	f44f 5280 	mov.w	r2, #4096	@ 0x1000
	cpu_irq_disable();
   838ac:	2500      	movs	r5, #0
   838ae:	494a      	ldr	r1, [pc, #296]	@ (839d8 <UDPHS_Handler+0x5c0>)
   838b0:	700d      	strb	r5, [r1, #0]
   838b2:	f8c3 2104 	str.w	r2, [r3, #260]	@ 0x104
	udd_enable_out_received_interrupt(0);
   838b6:	f44f 7200 	mov.w	r2, #512	@ 0x200
   838ba:	f8c3 2104 	str.w	r2, [r3, #260]	@ 0x104
	udd_enable_endpoint_interrupt(0);
   838be:	691a      	ldr	r2, [r3, #16]
   838c0:	f442 7280 	orr.w	r2, r2, #256	@ 0x100
   838c4:	611a      	str	r2, [r3, #16]
	if (cpu_irq_is_enabled_flags(flags))
   838c6:	b91c      	cbnz	r4, 838d0 <UDPHS_Handler+0x4b8>
		cpu_irq_enable();
   838c8:	7008      	strb	r0, [r1, #0]
   838ca:	f3bf 8f5f 	dmb	sy
  __ASM volatile ("cpsie i");
   838ce:	b662      	cpsie	i
  __ASM volatile ("MRS %0, primask" : "=r" (result) );
   838d0:	f3ef 8310 	mrs	r3, PRIMASK
  __ASM volatile ("cpsid i");
   838d4:	b672      	cpsid	i
   838d6:	f3bf 8f5f 	dmb	sy
	cpu_irq_disable();
   838da:	2400      	movs	r4, #0
	udd_disable_in_send_interrupt(0);
   838dc:	f44f 6080 	mov.w	r0, #1024	@ 0x400
   838e0:	4a3b      	ldr	r2, [pc, #236]	@ (839d0 <UDPHS_Handler+0x5b8>)
   838e2:	700c      	strb	r4, [r1, #0]
   838e4:	f8c2 0108 	str.w	r0, [r2, #264]	@ 0x108
	if (cpu_irq_is_enabled_flags(flags))
   838e8:	b923      	cbnz	r3, 838f4 <UDPHS_Handler+0x4dc>
		cpu_irq_enable();
   838ea:	2301      	movs	r3, #1
   838ec:	700b      	strb	r3, [r1, #0]
   838ee:	f3bf 8f5f 	dmb	sy
  __ASM volatile ("cpsie i");
   838f2:	b662      	cpsie	i
	udd_g_ctrlreq.callback = NULL;
   838f4:	2600      	movs	r6, #0
   838f6:	2700      	movs	r7, #0
	udd_g_ctrlreq.payload_size = 0;
   838f8:	2100      	movs	r1, #0
	udd_ack_out_received(0);
   838fa:	f44f 7400 	mov.w	r4, #512	@ 0x200
	udd_g_ctrlreq.callback = NULL;
   838fe:	4a35      	ldr	r2, [pc, #212]	@ (839d4 <UDPHS_Handler+0x5bc>)
	udd_ack_out_received(0);
   83900:	4b33      	ldr	r3, [pc, #204]	@ (839d0 <UDPHS_Handler+0x5b8>)
	udd_g_ctrlreq.callback = NULL;
   83902:	e9c2 6704 	strd	r6, r7, [r2, #16]
	udd_ep_control_state = UDD_EPCTRL_SETUP;
   83906:	4831      	ldr	r0, [pc, #196]	@ (839cc <UDPHS_Handler+0x5b4>)
	udd_ack_out_received(0);
   83908:	f8c3 4118 	str.w	r4, [r3, #280]	@ 0x118
	udd_ep_control_state = UDD_EPCTRL_SETUP;
   8390c:	7001      	strb	r1, [r0, #0]
	udd_g_ctrlreq.payload_size = 0;
   8390e:	8191      	strh	r1, [r2, #12]
		udd_enable_sof_interrupt();
   83910:	691a      	ldr	r2, [r3, #16]
   83912:	f042 0208 	orr.w	r2, r2, #8
   83916:	611a      	str	r2, [r3, #16]
		udd_enable_msof_interrupt();
   83918:	691a      	ldr	r2, [r3, #16]
   8391a:	f042 0204 	orr.w	r2, r2, #4
   8391e:	611a      	str	r2, [r3, #16]
		udd_enable_suspend_interrupt();
   83920:	691a      	ldr	r2, [r3, #16]
   83922:	f042 0202 	orr.w	r2, r2, #2
   83926:	611a      	str	r2, [r3, #16]
		goto udd_interrupt_end;
   83928:	e626      	b.n	83578 <UDPHS_Handler+0x160>
		udd_ctrl_in_sent();
   8392a:	4b33      	ldr	r3, [pc, #204]	@ (839f8 <UDPHS_Handler+0x5e0>)
}
   8392c:	e8bd 47f0 	ldmia.w	sp!, {r4, r5, r6, r7, r8, r9, sl, lr}
		udd_ctrl_in_sent();
   83930:	4718      	bx	r3
	nb_data = udd_byte_count(0);
   83932:	4b27      	ldr	r3, [pc, #156]	@ (839d0 <UDPHS_Handler+0x5b8>)
	if (udd_g_ctrlreq.payload_size < (udd_ctrl_payload_buf_cnt + nb_data)) {
   83934:	4f2e      	ldr	r7, [pc, #184]	@ (839f0 <UDPHS_Handler+0x5d8>)
	nb_data = udd_byte_count(0);
   83936:	f8d3 511c 	ldr.w	r5, [r3, #284]	@ 0x11c
	if (udd_g_ctrlreq.payload_size < (udd_ctrl_payload_buf_cnt + nb_data)) {
   8393a:	4e26      	ldr	r6, [pc, #152]	@ (839d4 <UDPHS_Handler+0x5bc>)
   8393c:	f8b7 c000 	ldrh.w	ip, [r7]
   83940:	89b3      	ldrh	r3, [r6, #12]
	nb_data = udd_byte_count(0);
   83942:	f3c5 550a 	ubfx	r5, r5, #20, #11
	if (udd_g_ctrlreq.payload_size < (udd_ctrl_payload_buf_cnt + nb_data)) {
   83946:	eb0c 0205 	add.w	r2, ip, r5
   8394a:	4293      	cmp	r3, r2
		nb_data = udd_g_ctrlreq.payload_size - udd_ctrl_payload_buf_cnt;
   8394c:	bfb8      	it	lt
   8394e:	eba3 030c 	sublt.w	r3, r3, ip
	uint8_t *ptr_dest = udd_g_ctrlreq.payload + udd_ctrl_payload_buf_cnt;
   83952:	68b2      	ldr	r2, [r6, #8]
		nb_data = udd_g_ctrlreq.payload_size - udd_ctrl_payload_buf_cnt;
   83954:	bfb8      	it	lt
   83956:	b29d      	uxthlt	r5, r3
	uint8_t *ptr_dest = udd_g_ctrlreq.payload + udd_ctrl_payload_buf_cnt;
   83958:	4462      	add	r2, ip
	for (i = 0; i < nb_data; i++) {
   8395a:	b17d      	cbz	r5, 8397c <UDPHS_Handler+0x564>
	uint8_t *ptr_src = (uint8_t *) & udd_get_endpoint_fifo_access(0, 8);
   8395c:	4b20      	ldr	r3, [pc, #128]	@ (839e0 <UDPHS_Handler+0x5c8>)
		*ptr_dest++ = *ptr_src++;
   8395e:	4618      	mov	r0, r3
   83960:	3301      	adds	r3, #1
   83962:	7800      	ldrb	r0, [r0, #0]
	for (i = 0; i < nb_data; i++) {
   83964:	b2d9      	uxtb	r1, r3
   83966:	42a9      	cmp	r1, r5
		*ptr_dest++ = *ptr_src++;
   83968:	f802 0b01 	strb.w	r0, [r2], #1
	for (i = 0; i < nb_data; i++) {
   8396c:	d3f7      	bcc.n	8395e <UDPHS_Handler+0x546>
	udd_ctrl_payload_buf_cnt += nb_data;
   8396e:	44ac      	add	ip, r5
   83970:	fa1f fc8c 	uxth.w	ip, ip
	if ((USB_DEVICE_EP_CTRL_SIZE != nb_data)
   83974:	2d40      	cmp	r5, #64	@ 0x40
	udd_ctrl_payload_buf_cnt += nb_data;
   83976:	f8a7 c000 	strh.w	ip, [r7]
	if ((USB_DEVICE_EP_CTRL_SIZE != nb_data)
   8397a:	d067      	beq.n	83a4c <UDPHS_Handler+0x634>
		if (NULL != udd_g_ctrlreq.over_under_run) {
   8397c:	6973      	ldr	r3, [r6, #20]
		udd_g_ctrlreq.payload_size = udd_ctrl_payload_buf_cnt;
   8397e:	f8a6 c00c 	strh.w	ip, [r6, #12]
		if (NULL != udd_g_ctrlreq.over_under_run) {
   83982:	2b00      	cmp	r3, #0
   83984:	d03a      	beq.n	839fc <UDPHS_Handler+0x5e4>
			if (!udd_g_ctrlreq.over_under_run()) {
   83986:	4798      	blx	r3
   83988:	2800      	cmp	r0, #0
   8398a:	d137      	bne.n	839fc <UDPHS_Handler+0x5e4>
	udd_ep_control_state = UDD_EPCTRL_STALL_REQ;
   8398c:	2005      	movs	r0, #5
	udd_enable_stall_handshake(0);
   8398e:	2120      	movs	r1, #32
			udd_ack_out_received(0);
   83990:	f44f 7200 	mov.w	r2, #512	@ 0x200
	udd_enable_stall_handshake(0);
   83994:	4b0e      	ldr	r3, [pc, #56]	@ (839d0 <UDPHS_Handler+0x5b8>)
	udd_ep_control_state = UDD_EPCTRL_STALL_REQ;
   83996:	7020      	strb	r0, [r4, #0]
	udd_enable_stall_handshake(0);
   83998:	f8c3 1114 	str.w	r1, [r3, #276]	@ 0x114
			udd_ack_out_received(0);
   8399c:	f8c3 2118 	str.w	r2, [r3, #280]	@ 0x118
			return;
   839a0:	e5ea      	b.n	83578 <UDPHS_Handler+0x160>
	if (udd_g_ctrlreq.callback) {
   839a2:	4e0c      	ldr	r6, [pc, #48]	@ (839d4 <UDPHS_Handler+0x5bc>)
   839a4:	6933      	ldr	r3, [r6, #16]
   839a6:	2b00      	cmp	r3, #0
   839a8:	f43f aecc 	beq.w	83744 <UDPHS_Handler+0x32c>
		udd_g_ctrlreq.callback();
   839ac:	4798      	blx	r3
   839ae:	e6c9      	b.n	83744 <UDPHS_Handler+0x32c>
	udd_ep_control_state = UDD_EPCTRL_STALL_REQ;
   839b0:	2005      	movs	r0, #5
	udd_enable_stall_handshake(0);
   839b2:	2120      	movs	r1, #32
		udd_ack_setup_received(0);
   839b4:	f44f 5280 	mov.w	r2, #4096	@ 0x1000
	udd_enable_stall_handshake(0);
   839b8:	4b05      	ldr	r3, [pc, #20]	@ (839d0 <UDPHS_Handler+0x5b8>)
	udd_ep_control_state = UDD_EPCTRL_STALL_REQ;
   839ba:	7020      	strb	r0, [r4, #0]
	udd_enable_stall_handshake(0);
   839bc:	f8c3 1114 	str.w	r1, [r3, #276]	@ 0x114
		udd_ack_setup_received(0);
   839c0:	f8c3 2118 	str.w	r2, [r3, #280]	@ 0x118
		return;
   839c4:	e5d8      	b.n	83578 <UDPHS_Handler+0x160>
   839c6:	bf00      	nop
   839c8:	200033a8 	.word	0x200033a8
   839cc:	200033dc 	.word	0x200033dc
   839d0:	400a4000 	.word	0x400a4000
   839d4:	200033e0 	.word	0x200033e0
   839d8:	20000304 	.word	0x20000304
   839dc:	200033df 	.word	0x200033df
   839e0:	20180000 	.word	0x20180000
   839e4:	20180008 	.word	0x20180008
   839e8:	00081fa1 	.word	0x00081fa1
   839ec:	200033da 	.word	0x200033da
   839f0:	200033d8 	.word	0x200033d8
   839f4:	00081f25 	.word	0x00081f25
   839f8:	00083281 	.word	0x00083281
		udd_ack_out_received(0);
   839fc:	f44f 7100 	mov.w	r1, #512	@ 0x200
	udd_ep_control_state = UDD_EPCTRL_HANDSHAKE_WAIT_IN_ZLP;
   83a00:	2203      	movs	r2, #3
		udd_ack_out_received(0);
   83a02:	4b68      	ldr	r3, [pc, #416]	@ (83ba4 <UDPHS_Handler+0x78c>)
   83a04:	f8c3 1118 	str.w	r1, [r3, #280]	@ 0x118
	udd_ep_control_state = UDD_EPCTRL_HANDSHAKE_WAIT_IN_ZLP;
   83a08:	7022      	strb	r2, [r4, #0]
  __ASM volatile ("MRS %0, primask" : "=r" (result) );
   83a0a:	f3ef 8410 	mrs	r4, PRIMASK
  __ASM volatile ("cpsid i");
   83a0e:	b672      	cpsid	i
   83a10:	f3bf 8f5f 	dmb	sy
	cpu_irq_disable();
   83a14:	2500      	movs	r5, #0
   83a16:	4864      	ldr	r0, [pc, #400]	@ (83ba8 <UDPHS_Handler+0x790>)
	udd_ack_in_send(0);
   83a18:	f44f 6180 	mov.w	r1, #1024	@ 0x400
   83a1c:	7005      	strb	r5, [r0, #0]
	udd_ack_nak_out(0);
   83a1e:	f44f 4200 	mov.w	r2, #32768	@ 0x8000
	udd_raise_tx_pkt_ready(0);
   83a22:	f44f 6500 	mov.w	r5, #2048	@ 0x800
	udd_ack_in_send(0);
   83a26:	f8c3 1118 	str.w	r1, [r3, #280]	@ 0x118
	udd_raise_tx_pkt_ready(0);
   83a2a:	f8c3 5114 	str.w	r5, [r3, #276]	@ 0x114
	udd_enable_in_send_interrupt(0);
   83a2e:	f8c3 1104 	str.w	r1, [r3, #260]	@ 0x104
	udd_ack_nak_out(0);
   83a32:	f8c3 2118 	str.w	r2, [r3, #280]	@ 0x118
	udd_enable_nak_out_interrupt(0);
   83a36:	f8c3 2104 	str.w	r2, [r3, #260]	@ 0x104
	if (cpu_irq_is_enabled_flags(flags))
   83a3a:	2c00      	cmp	r4, #0
   83a3c:	f47f ad9c 	bne.w	83578 <UDPHS_Handler+0x160>
		cpu_irq_enable();
   83a40:	2301      	movs	r3, #1
   83a42:	7003      	strb	r3, [r0, #0]
   83a44:	f3bf 8f5f 	dmb	sy
  __ASM volatile ("cpsie i");
   83a48:	b662      	cpsie	i
   83a4a:	e595      	b.n	83578 <UDPHS_Handler+0x160>
			(udd_ctrl_prev_payload_buf_cnt +
   83a4c:	4d57      	ldr	r5, [pc, #348]	@ (83bac <UDPHS_Handler+0x794>)
			|| (udd_g_ctrlreq.req.wLength <=
   83a4e:	88f2      	ldrh	r2, [r6, #6]
			(udd_ctrl_prev_payload_buf_cnt +
   83a50:	882b      	ldrh	r3, [r5, #0]
   83a52:	4463      	add	r3, ip
			|| (udd_g_ctrlreq.req.wLength <=
   83a54:	429a      	cmp	r2, r3
   83a56:	dd91      	ble.n	8397c <UDPHS_Handler+0x564>
	if (udd_g_ctrlreq.payload_size == udd_ctrl_payload_buf_cnt) {
   83a58:	89b3      	ldrh	r3, [r6, #12]
   83a5a:	4563      	cmp	r3, ip
   83a5c:	f000 8093 	beq.w	83b86 <UDPHS_Handler+0x76e>
	udd_ack_out_received(0);
   83a60:	f44f 7100 	mov.w	r1, #512	@ 0x200
	udd_ack_nak_in(0);
   83a64:	f44f 4280 	mov.w	r2, #16384	@ 0x4000
	udd_ack_out_received(0);
   83a68:	4b4e      	ldr	r3, [pc, #312]	@ (83ba4 <UDPHS_Handler+0x78c>)
   83a6a:	f8c3 1118 	str.w	r1, [r3, #280]	@ 0x118
	udd_ack_nak_in(0);
   83a6e:	f8c3 2118 	str.w	r2, [r3, #280]	@ 0x118
  __ASM volatile ("MRS %0, primask" : "=r" (result) );
   83a72:	f3ef 8010 	mrs	r0, PRIMASK
  __ASM volatile ("cpsid i");
   83a76:	b672      	cpsid	i
   83a78:	f3bf 8f5f 	dmb	sy
	cpu_irq_disable();
   83a7c:	2400      	movs	r4, #0
   83a7e:	494a      	ldr	r1, [pc, #296]	@ (83ba8 <UDPHS_Handler+0x790>)
   83a80:	700c      	strb	r4, [r1, #0]
	udd_enable_nak_in_interrupt(0);
   83a82:	f8c3 2104 	str.w	r2, [r3, #260]	@ 0x104
	if (cpu_irq_is_enabled_flags(flags))
   83a86:	2800      	cmp	r0, #0
   83a88:	f47f ad76 	bne.w	83578 <UDPHS_Handler+0x160>
		cpu_irq_enable();
   83a8c:	2301      	movs	r3, #1
   83a8e:	700b      	strb	r3, [r1, #0]
   83a90:	f3bf 8f5f 	dmb	sy
  __ASM volatile ("cpsie i");
   83a94:	b662      	cpsie	i
   83a96:	e56f      	b.n	83578 <UDPHS_Handler+0x160>
  __ASM volatile ("MRS %0, primask" : "=r" (result) );
   83a98:	f3ef 8410 	mrs	r4, PRIMASK
  __ASM volatile ("cpsid i");
   83a9c:	b672      	cpsid	i
   83a9e:	f3bf 8f5f 	dmb	sy
	cpu_irq_disable();
   83aa2:	4841      	ldr	r0, [pc, #260]	@ (83ba8 <UDPHS_Handler+0x790>)
	Assert(sleepmgr_locks[mode] < 0xff);

	// Enter a critical section
	flags = cpu_irq_save();

	++sleepmgr_locks[mode];
   83aa4:	4942      	ldr	r1, [pc, #264]	@ (83bb0 <UDPHS_Handler+0x798>)
   83aa6:	7003      	strb	r3, [r0, #0]
   83aa8:	788b      	ldrb	r3, [r1, #2]
   83aaa:	3301      	adds	r3, #1
   83aac:	708b      	strb	r3, [r1, #2]
	if (cpu_irq_is_enabled_flags(flags))
   83aae:	2c00      	cmp	r4, #0
   83ab0:	f47f ad70 	bne.w	83594 <UDPHS_Handler+0x17c>
		cpu_irq_enable();
   83ab4:	2301      	movs	r3, #1
   83ab6:	7003      	strb	r3, [r0, #0]
   83ab8:	f3bf 8f5f 	dmb	sy
  __ASM volatile ("cpsie i");
   83abc:	b662      	cpsie	i
}
   83abe:	e569      	b.n	83594 <UDPHS_Handler+0x17c>
		udd_ctrl_prev_payload_buf_cnt = 0;
   83ac0:	2300      	movs	r3, #0
		udd_ep_control_state = UDD_EPCTRL_DATA_IN;
   83ac2:	2102      	movs	r1, #2
		udd_ctrl_prev_payload_buf_cnt = 0;
   83ac4:	4d39      	ldr	r5, [pc, #228]	@ (83bac <UDPHS_Handler+0x794>)
		udd_ctrl_payload_buf_cnt = 0;
   83ac6:	483b      	ldr	r0, [pc, #236]	@ (83bb4 <UDPHS_Handler+0x79c>)
		udd_ctrl_prev_payload_buf_cnt = 0;
   83ac8:	802b      	strh	r3, [r5, #0]
		udd_ctrl_payload_buf_cnt = 0;
   83aca:	8003      	strh	r3, [r0, #0]
		udd_ep_control_state = UDD_EPCTRL_DATA_IN;
   83acc:	7021      	strb	r1, [r4, #0]
		udd_ctrl_in_sent(); // Send first data transfer
   83ace:	4a3a      	ldr	r2, [pc, #232]	@ (83bb8 <UDPHS_Handler+0x7a0>)
}
   83ad0:	e8bd 47f0 	ldmia.w	sp!, {r4, r5, r6, r7, r8, r9, sl, lr}
		udd_ctrl_in_sent(); // Send first data transfer
   83ad4:	4710      	bx	r2
  __ASM volatile ("MRS %0, primask" : "=r" (result) );
   83ad6:	f3ef 8410 	mrs	r4, PRIMASK
  __ASM volatile ("cpsid i");
   83ada:	b672      	cpsid	i
   83adc:	f3bf 8f5f 	dmb	sy
	cpu_irq_disable();
   83ae0:	4831      	ldr	r0, [pc, #196]	@ (83ba8 <UDPHS_Handler+0x790>)
	Assert(sleepmgr_locks[mode]);

	// Enter a critical section
	flags = cpu_irq_save();

	--sleepmgr_locks[mode];
   83ae2:	4933      	ldr	r1, [pc, #204]	@ (83bb0 <UDPHS_Handler+0x798>)
   83ae4:	7005      	strb	r5, [r0, #0]
   83ae6:	788b      	ldrb	r3, [r1, #2]
   83ae8:	3b01      	subs	r3, #1
   83aea:	708b      	strb	r3, [r1, #2]
	if (cpu_irq_is_enabled_flags(flags))
   83aec:	2c00      	cmp	r4, #0
   83aee:	f47f ad2c 	bne.w	8354a <UDPHS_Handler+0x132>
		cpu_irq_enable();
   83af2:	2301      	movs	r3, #1
   83af4:	7003      	strb	r3, [r0, #0]
   83af6:	f3bf 8f5f 	dmb	sy
  __ASM volatile ("cpsie i");
   83afa:	b662      	cpsie	i
}
   83afc:	e525      	b.n	8354a <UDPHS_Handler+0x132>
	udd_ep_control_state = UDD_EPCTRL_HANDSHAKE_WAIT_IN_ZLP;
   83afe:	2403      	movs	r4, #3
   83b00:	7004      	strb	r4, [r0, #0]
  __ASM volatile ("MRS %0, primask" : "=r" (result) );
   83b02:	f3ef 8510 	mrs	r5, PRIMASK
  __ASM volatile ("cpsid i");
   83b06:	b672      	cpsid	i
   83b08:	f3bf 8f5f 	dmb	sy
	cpu_irq_disable();
   83b0c:	4c26      	ldr	r4, [pc, #152]	@ (83ba8 <UDPHS_Handler+0x790>)
	udd_ack_in_send(0);
   83b0e:	f44f 6080 	mov.w	r0, #1024	@ 0x400
   83b12:	7023      	strb	r3, [r4, #0]
	udd_raise_tx_pkt_ready(0);
   83b14:	f44f 6600 	mov.w	r6, #2048	@ 0x800
	udd_ack_nak_out(0);
   83b18:	f44f 4300 	mov.w	r3, #32768	@ 0x8000
	udd_ack_in_send(0);
   83b1c:	f8c2 0118 	str.w	r0, [r2, #280]	@ 0x118
	udd_raise_tx_pkt_ready(0);
   83b20:	f8c2 6114 	str.w	r6, [r2, #276]	@ 0x114
	udd_enable_in_send_interrupt(0);
   83b24:	f8c2 0104 	str.w	r0, [r2, #260]	@ 0x104
	udd_ack_nak_out(0);
   83b28:	f8c2 3118 	str.w	r3, [r2, #280]	@ 0x118
	udd_enable_nak_out_interrupt(0);
   83b2c:	f8c2 3104 	str.w	r3, [r2, #260]	@ 0x104
	if (cpu_irq_is_enabled_flags(flags))
   83b30:	2d00      	cmp	r5, #0
   83b32:	f47f ad21 	bne.w	83578 <UDPHS_Handler+0x160>
		cpu_irq_enable();
   83b36:	7021      	strb	r1, [r4, #0]
   83b38:	f3bf 8f5f 	dmb	sy
  __ASM volatile ("cpsie i");
   83b3c:	b662      	cpsie	i
   83b3e:	e51b      	b.n	83578 <UDPHS_Handler+0x160>
	udd_ep_control_state = UDD_EPCTRL_HANDSHAKE_WAIT_IN_ZLP;
   83b40:	2103      	movs	r1, #3
   83b42:	7021      	strb	r1, [r4, #0]
  __ASM volatile ("MRS %0, primask" : "=r" (result) );
   83b44:	f3ef 8410 	mrs	r4, PRIMASK
  __ASM volatile ("cpsid i");
   83b48:	b672      	cpsid	i
   83b4a:	f3bf 8f5f 	dmb	sy
	udd_ack_in_send(0);
   83b4e:	f44f 6180 	mov.w	r1, #1024	@ 0x400
	cpu_irq_disable();
   83b52:	4815      	ldr	r0, [pc, #84]	@ (83ba8 <UDPHS_Handler+0x790>)
	udd_raise_tx_pkt_ready(0);
   83b54:	f44f 6500 	mov.w	r5, #2048	@ 0x800
   83b58:	7002      	strb	r2, [r0, #0]
	udd_ack_nak_out(0);
   83b5a:	f44f 4200 	mov.w	r2, #32768	@ 0x8000
	udd_ack_in_send(0);
   83b5e:	f8c3 1118 	str.w	r1, [r3, #280]	@ 0x118
	udd_raise_tx_pkt_ready(0);
   83b62:	e762      	b.n	83a2a <UDPHS_Handler+0x612>
				udd_disable_tx_pkt_ready_interrupt(ep);
   83b64:	f44f 6400 	mov.w	r4, #2048	@ 0x800
		ptr_job = &udd_ep_job[ep - 1];
   83b68:	4814      	ldr	r0, [pc, #80]	@ (83bbc <UDPHS_Handler+0x7a4>)
   83b6a:	f1cc 0300 	rsb	r3, ip, #0
   83b6e:	f003 0318 	and.w	r3, r3, #24
				udd_disable_tx_pkt_ready_interrupt(ep);
   83b72:	f8c6 4108 	str.w	r4, [r6, #264]	@ 0x108
				udd_raise_tx_pkt_ready(ep);
   83b76:	f8c6 4114 	str.w	r4, [r6, #276]	@ 0x114
				udd_ep_finish_job(ptr_job, false, ep);
   83b7a:	464a      	mov	r2, r9
}
   83b7c:	e8bd 47f0 	ldmia.w	sp!, {r4, r5, r6, r7, r8, r9, sl, lr}
				udd_ep_finish_job(ptr_job, false, ep);
   83b80:	4418      	add	r0, r3
   83b82:	4b0f      	ldr	r3, [pc, #60]	@ (83bc0 <UDPHS_Handler+0x7a8>)
   83b84:	4718      	bx	r3
		if (!udd_g_ctrlreq.over_under_run) {
   83b86:	6973      	ldr	r3, [r6, #20]
   83b88:	2b00      	cmp	r3, #0
   83b8a:	f43f aeff 	beq.w	8398c <UDPHS_Handler+0x574>
		if (!udd_g_ctrlreq.over_under_run()) {
   83b8e:	4798      	blx	r3
   83b90:	2800      	cmp	r0, #0
   83b92:	f43f aefb 	beq.w	8398c <UDPHS_Handler+0x574>
		udd_ctrl_payload_buf_cnt = 0;
   83b96:	2200      	movs	r2, #0
		udd_ctrl_prev_payload_buf_cnt += udd_ctrl_payload_buf_cnt;
   83b98:	882b      	ldrh	r3, [r5, #0]
   83b9a:	8839      	ldrh	r1, [r7, #0]
		udd_ctrl_payload_buf_cnt = 0;
   83b9c:	803a      	strh	r2, [r7, #0]
		udd_ctrl_prev_payload_buf_cnt += udd_ctrl_payload_buf_cnt;
   83b9e:	440b      	add	r3, r1
   83ba0:	802b      	strh	r3, [r5, #0]
		udd_ctrl_payload_buf_cnt = 0;
   83ba2:	e75d      	b.n	83a60 <UDPHS_Handler+0x648>
   83ba4:	400a4000 	.word	0x400a4000
   83ba8:	20000304 	.word	0x20000304
   83bac:	200033da 	.word	0x200033da
   83bb0:	20003398 	.word	0x20003398
   83bb4:	200033d8 	.word	0x200033d8
   83bb8:	00083281 	.word	0x00083281
   83bbc:	200033a8 	.word	0x200033a8
   83bc0:	00083089 	.word	0x00083089

00083bc4 <udd_attach>:
{
   83bc4:	e92d 41f0 	stmdb	sp!, {r4, r5, r6, r7, r8, lr}
  __ASM volatile ("MRS %0, primask" : "=r" (result) );
   83bc8:	f3ef 8610 	mrs	r6, PRIMASK
  __ASM volatile ("cpsid i");
   83bcc:	b672      	cpsid	i
   83bce:	f3bf 8f5f 	dmb	sy
   83bd2:	2100      	movs	r1, #0
	if (b_idle && !udd_b_idle) {
   83bd4:	4b29      	ldr	r3, [pc, #164]	@ (83c7c <udd_attach+0xb8>)
   83bd6:	4c2a      	ldr	r4, [pc, #168]	@ (83c80 <udd_attach+0xbc>)
   83bd8:	781a      	ldrb	r2, [r3, #0]
   83bda:	7021      	strb	r1, [r4, #0]
   83bdc:	2a00      	cmp	r2, #0
   83bde:	d03b      	beq.n	83c58 <udd_attach+0x94>
	udd_b_idle = b_idle;
   83be0:	2501      	movs	r5, #1
	udd_enable_periph_ck();
   83be2:	4a28      	ldr	r2, [pc, #160]	@ (83c84 <udd_attach+0xc0>)
   83be4:	201d      	movs	r0, #29
	udd_b_idle = b_idle;
   83be6:	701d      	strb	r5, [r3, #0]
	udd_ack_sof();
   83be8:	f04f 0808 	mov.w	r8, #8
	udd_enable_periph_ck();
   83bec:	4790      	blx	r2
	udd_ack_suspend();
   83bee:	2702      	movs	r7, #2
	udd_ack_msof();
   83bf0:	f04f 0e04 	mov.w	lr, #4
	udd_ack_reset();
   83bf4:	f04f 0c10 	mov.w	ip, #16
	udd_ack_wake_up();
   83bf8:	2120      	movs	r1, #32
	udd_attach_device();
   83bfa:	4b23      	ldr	r3, [pc, #140]	@ (83c88 <udd_attach+0xc4>)
	udd_disable_periph_ck();
   83bfc:	201d      	movs	r0, #29
	udd_attach_device();
   83bfe:	681a      	ldr	r2, [r3, #0]
   83c00:	f442 6200 	orr.w	r2, r2, #2048	@ 0x800
   83c04:	601a      	str	r2, [r3, #0]
   83c06:	681a      	ldr	r2, [r3, #0]
   83c08:	f422 7200 	bic.w	r2, r2, #512	@ 0x200
   83c0c:	601a      	str	r2, [r3, #0]
	udd_enable_reset_interrupt();
   83c0e:	691a      	ldr	r2, [r3, #16]
   83c10:	f042 0210 	orr.w	r2, r2, #16
   83c14:	611a      	str	r2, [r3, #16]
	udd_enable_suspend_interrupt();
   83c16:	691a      	ldr	r2, [r3, #16]
   83c18:	f042 0202 	orr.w	r2, r2, #2
   83c1c:	611a      	str	r2, [r3, #16]
	udd_enable_wake_up_interrupt();
   83c1e:	691a      	ldr	r2, [r3, #16]
   83c20:	f042 0220 	orr.w	r2, r2, #32
   83c24:	611a      	str	r2, [r3, #16]
	udd_enable_sof_interrupt();
   83c26:	691a      	ldr	r2, [r3, #16]
   83c28:	f042 0208 	orr.w	r2, r2, #8
   83c2c:	611a      	str	r2, [r3, #16]
	udd_enable_msof_interrupt();
   83c2e:	691a      	ldr	r2, [r3, #16]
   83c30:	f042 0204 	orr.w	r2, r2, #4
   83c34:	611a      	str	r2, [r3, #16]
	udd_ack_sof();
   83c36:	f8c3 8018 	str.w	r8, [r3, #24]
	udd_disable_periph_ck();
   83c3a:	4a14      	ldr	r2, [pc, #80]	@ (83c8c <udd_attach+0xc8>)
	udd_ack_msof();
   83c3c:	f8c3 e018 	str.w	lr, [r3, #24]
	udd_ack_reset();
   83c40:	f8c3 c018 	str.w	ip, [r3, #24]
	udd_ack_suspend();
   83c44:	619f      	str	r7, [r3, #24]
	udd_ack_wake_up();
   83c46:	6199      	str	r1, [r3, #24]
	udd_disable_periph_ck();
   83c48:	4790      	blx	r2
	if (cpu_irq_is_enabled_flags(flags))
   83c4a:	b91e      	cbnz	r6, 83c54 <udd_attach+0x90>
		cpu_irq_enable();
   83c4c:	7025      	strb	r5, [r4, #0]
   83c4e:	f3bf 8f5f 	dmb	sy
  __ASM volatile ("cpsie i");
   83c52:	b662      	cpsie	i
}
   83c54:	e8bd 81f0 	ldmia.w	sp!, {r4, r5, r6, r7, r8, pc}
  __ASM volatile ("MRS %0, primask" : "=r" (result) );
   83c58:	f3ef 8010 	mrs	r0, PRIMASK
  __ASM volatile ("cpsid i");
   83c5c:	b672      	cpsid	i
   83c5e:	f3bf 8f5f 	dmb	sy
	++sleepmgr_locks[mode];
   83c62:	490b      	ldr	r1, [pc, #44]	@ (83c90 <udd_attach+0xcc>)
	cpu_irq_disable();
   83c64:	7022      	strb	r2, [r4, #0]
   83c66:	788a      	ldrb	r2, [r1, #2]
   83c68:	3201      	adds	r2, #1
   83c6a:	708a      	strb	r2, [r1, #2]
	if (cpu_irq_is_enabled_flags(flags))
   83c6c:	2800      	cmp	r0, #0
   83c6e:	d1b7      	bne.n	83be0 <udd_attach+0x1c>
		cpu_irq_enable();
   83c70:	2201      	movs	r2, #1
   83c72:	7022      	strb	r2, [r4, #0]
   83c74:	f3bf 8f5f 	dmb	sy
  __ASM volatile ("cpsie i");
   83c78:	b662      	cpsie	i
}
   83c7a:	e7b1      	b.n	83be0 <udd_attach+0x1c>
   83c7c:	200033f8 	.word	0x200033f8
   83c80:	20000304 	.word	0x20000304
   83c84:	00082bf9 	.word	0x00082bf9
   83c88:	400a4000 	.word	0x400a4000
   83c8c:	00082c19 	.word	0x00082c19
   83c90:	20003398 	.word	0x20003398

00083c94 <udd_enable>:
{
   83c94:	b5f8      	push	{r3, r4, r5, r6, r7, lr}
	sysclk_enable_usb();
   83c96:	4b26      	ldr	r3, [pc, #152]	@ (83d30 <udd_enable+0x9c>)
   83c98:	4798      	blx	r3
	udd_enable_periph_ck();
   83c9a:	4b26      	ldr	r3, [pc, #152]	@ (83d34 <udd_enable+0xa0>)
   83c9c:	201d      	movs	r0, #29
   83c9e:	4798      	blx	r3
  __ASM volatile ("MRS %0, primask" : "=r" (result) );
   83ca0:	f3ef 8610 	mrs	r6, PRIMASK
  __ASM volatile ("cpsid i");
   83ca4:	b672      	cpsid	i
   83ca6:	f3bf 8f5f 	dmb	sy
	cpu_irq_disable();
   83caa:	2500      	movs	r5, #0
__STATIC_INLINE void NVIC_SetPriority(IRQn_Type IRQn, uint32_t priority)
{
  if(IRQn < 0) {
    SCB->SHP[((uint32_t)(IRQn) & 0xF)-4] = ((priority << (8 - __NVIC_PRIO_BITS)) & 0xff); } /* set Priority for Cortex-M  System Interrupts */
  else {
    NVIC->IP[(uint32_t)(IRQn)] = ((priority << (8 - __NVIC_PRIO_BITS)) & 0xff);    }        /* set Priority for device specific Interrupts  */
   83cac:	f04f 0e50 	mov.w	lr, #80	@ 0x50
  NVIC->ISER[((uint32_t)(IRQn) >> 5)] = (1 << ((uint32_t)(IRQn) & 0x1F)); /* enable interrupt */
   83cb0:	f04f 5700 	mov.w	r7, #536870912	@ 0x20000000
		udd_ep_job[i].busy = false;
   83cb4:	4a20      	ldr	r2, [pc, #128]	@ (83d38 <udd_enable+0xa4>)
   83cb6:	4c21      	ldr	r4, [pc, #132]	@ (83d3c <udd_enable+0xa8>)
   83cb8:	f892 c014 	ldrb.w	ip, [r2, #20]
	udd_enable_periph();
   83cbc:	4b20      	ldr	r3, [pc, #128]	@ (83d40 <udd_enable+0xac>)
		udd_ep_job[i].busy = false;
   83cbe:	f02c 0c05 	bic.w	ip, ip, #5
   83cc2:	f882 c014 	strb.w	ip, [r2, #20]
   83cc6:	f892 c02c 	ldrb.w	ip, [r2, #44]	@ 0x2c
   83cca:	7025      	strb	r5, [r4, #0]
   83ccc:	f02c 0c05 	bic.w	ip, ip, #5
   83cd0:	f882 c02c 	strb.w	ip, [r2, #44]	@ 0x2c
	udd_enable_periph();
   83cd4:	681a      	ldr	r2, [r3, #0]
    NVIC->IP[(uint32_t)(IRQn)] = ((priority << (8 - __NVIC_PRIO_BITS)) & 0xff);    }        /* set Priority for device specific Interrupts  */
   83cd6:	491b      	ldr	r1, [pc, #108]	@ (83d44 <udd_enable+0xb0>)
   83cd8:	f442 7280 	orr.w	r2, r2, #256	@ 0x100
   83cdc:	601a      	str	r2, [r3, #0]
   83cde:	f881 e31d 	strb.w	lr, [r1, #797]	@ 0x31d
  NVIC->ISER[((uint32_t)(IRQn) >> 5)] = (1 << ((uint32_t)(IRQn) & 0x1F)); /* enable interrupt */
   83ce2:	600f      	str	r7, [r1, #0]
	udd_high_speed_enable();
   83ce4:	f8d3 20e0 	ldr.w	r2, [r3, #224]	@ 0xe0
	pmc_set_fast_startup_input(PMC_FSMR_USBAL);
   83ce8:	f44f 2080 	mov.w	r0, #262144	@ 0x40000
	udd_high_speed_enable();
   83cec:	f022 0203 	bic.w	r2, r2, #3
   83cf0:	f8c3 20e0 	str.w	r2, [r3, #224]	@ 0xe0
	pmc_set_fast_startup_input(PMC_FSMR_USBAL);
   83cf4:	4b14      	ldr	r3, [pc, #80]	@ (83d48 <udd_enable+0xb4>)
   83cf6:	4798      	blx	r3
	udd_b_idle = false;
   83cf8:	4b14      	ldr	r3, [pc, #80]	@ (83d4c <udd_enable+0xb8>)
   83cfa:	701d      	strb	r5, [r3, #0]
  __ASM volatile ("MRS %0, primask" : "=r" (result) );
   83cfc:	f3ef 8110 	mrs	r1, PRIMASK
  __ASM volatile ("cpsid i");
   83d00:	b672      	cpsid	i
   83d02:	f3bf 8f5f 	dmb	sy
   83d06:	4a12      	ldr	r2, [pc, #72]	@ (83d50 <udd_enable+0xbc>)
   83d08:	7025      	strb	r5, [r4, #0]
   83d0a:	78d3      	ldrb	r3, [r2, #3]
   83d0c:	3301      	adds	r3, #1
   83d0e:	70d3      	strb	r3, [r2, #3]
	if (cpu_irq_is_enabled_flags(flags))
   83d10:	b921      	cbnz	r1, 83d1c <udd_enable+0x88>
		cpu_irq_enable();
   83d12:	2301      	movs	r3, #1
   83d14:	7023      	strb	r3, [r4, #0]
   83d16:	f3bf 8f5f 	dmb	sy
  __ASM volatile ("cpsie i");
   83d1a:	b662      	cpsie	i
	udd_attach();
   83d1c:	4b0d      	ldr	r3, [pc, #52]	@ (83d54 <udd_enable+0xc0>)
   83d1e:	4798      	blx	r3
	if (cpu_irq_is_enabled_flags(flags))
   83d20:	b926      	cbnz	r6, 83d2c <udd_enable+0x98>
		cpu_irq_enable();
   83d22:	2301      	movs	r3, #1
   83d24:	7023      	strb	r3, [r4, #0]
   83d26:	f3bf 8f5f 	dmb	sy
   83d2a:	b662      	cpsie	i
}
   83d2c:	bdf8      	pop	{r3, r4, r5, r6, r7, pc}
   83d2e:	bf00      	nop
   83d30:	00082ddd 	.word	0x00082ddd
   83d34:	00082bf9 	.word	0x00082bf9
   83d38:	200033a8 	.word	0x200033a8
   83d3c:	20000304 	.word	0x20000304
   83d40:	400a4000 	.word	0x400a4000
   83d44:	e000e100 	.word	0xe000e100
   83d48:	00082c39 	.word	0x00082c39
   83d4c:	200033f8 	.word	0x200033f8
   83d50:	20003398 	.word	0x20003398
   83d54:	00083bc5 	.word	0x00083bc5

00083d58 <udd_detach>:
{
   83d58:	b510      	push	{r4, lr}
	udd_enable_periph_ck();
   83d5a:	4b16      	ldr	r3, [pc, #88]	@ (83db4 <udd_detach+0x5c>)
   83d5c:	201d      	movs	r0, #29
   83d5e:	4798      	blx	r3
	udd_detach_device();
   83d60:	4b15      	ldr	r3, [pc, #84]	@ (83db8 <udd_detach+0x60>)
	udd_disable_periph_ck();
   83d62:	201d      	movs	r0, #29
	udd_detach_device();
   83d64:	681a      	ldr	r2, [r3, #0]
	udd_disable_periph_ck();
   83d66:	4915      	ldr	r1, [pc, #84]	@ (83dbc <udd_detach+0x64>)
	udd_detach_device();
   83d68:	f442 7200 	orr.w	r2, r2, #512	@ 0x200
   83d6c:	601a      	str	r2, [r3, #0]
   83d6e:	681a      	ldr	r2, [r3, #0]
   83d70:	f422 6200 	bic.w	r2, r2, #2048	@ 0x800
   83d74:	601a      	str	r2, [r3, #0]
	udd_disable_periph_ck();
   83d76:	4788      	blx	r1
	if (!b_idle && udd_b_idle) {
   83d78:	4b11      	ldr	r3, [pc, #68]	@ (83dc0 <udd_detach+0x68>)
   83d7a:	781a      	ldrb	r2, [r3, #0]
   83d7c:	b912      	cbnz	r2, 83d84 <udd_detach+0x2c>
	udd_b_idle = b_idle;
   83d7e:	2200      	movs	r2, #0
   83d80:	701a      	strb	r2, [r3, #0]
}
   83d82:	bd10      	pop	{r4, pc}
  __ASM volatile ("MRS %0, primask" : "=r" (result) );
   83d84:	f3ef 8410 	mrs	r4, PRIMASK
  __ASM volatile ("cpsid i");
   83d88:	b672      	cpsid	i
   83d8a:	f3bf 8f5f 	dmb	sy
	cpu_irq_disable();
   83d8e:	f04f 0c00 	mov.w	ip, #0
	--sleepmgr_locks[mode];
   83d92:	490c      	ldr	r1, [pc, #48]	@ (83dc4 <udd_detach+0x6c>)
   83d94:	480c      	ldr	r0, [pc, #48]	@ (83dc8 <udd_detach+0x70>)
   83d96:	788a      	ldrb	r2, [r1, #2]
   83d98:	3a01      	subs	r2, #1
   83d9a:	708a      	strb	r2, [r1, #2]
   83d9c:	f880 c000 	strb.w	ip, [r0]
	if (cpu_irq_is_enabled_flags(flags))
   83da0:	2c00      	cmp	r4, #0
   83da2:	d1ec      	bne.n	83d7e <udd_detach+0x26>
		cpu_irq_enable();
   83da4:	2201      	movs	r2, #1
   83da6:	7002      	strb	r2, [r0, #0]
   83da8:	f3bf 8f5f 	dmb	sy
  __ASM volatile ("cpsie i");
   83dac:	b662      	cpsie	i
	udd_b_idle = b_idle;
   83dae:	2200      	movs	r2, #0
   83db0:	701a      	strb	r2, [r3, #0]
}
   83db2:	bd10      	pop	{r4, pc}
   83db4:	00082bf9 	.word	0x00082bf9
   83db8:	400a4000 	.word	0x400a4000
   83dbc:	00082c19 	.word	0x00082c19
   83dc0:	200033f8 	.word	0x200033f8
   83dc4:	20003398 	.word	0x20003398
   83dc8:	20000304 	.word	0x20000304

00083dcc <udd_is_high_speed>:
	return !Is_udd_full_speed_mode();
   83dcc:	4b02      	ldr	r3, [pc, #8]	@ (83dd8 <udd_is_high_speed+0xc>)
   83dce:	6958      	ldr	r0, [r3, #20]
}
   83dd0:	f000 0001 	and.w	r0, r0, #1
   83dd4:	4770      	bx	lr
   83dd6:	bf00      	nop
   83dd8:	400a4000 	.word	0x400a4000

00083ddc <udd_set_address>:
	udd_disable_address();
   83ddc:	4b06      	ldr	r3, [pc, #24]	@ (83df8 <udd_set_address+0x1c>)
   83dde:	681a      	ldr	r2, [r3, #0]
   83de0:	f022 0280 	bic.w	r2, r2, #128	@ 0x80
   83de4:	601a      	str	r2, [r3, #0]
	udd_configure_address(address);
   83de6:	681a      	ldr	r2, [r3, #0]
   83de8:	f360 0206 	bfi	r2, r0, #0, #7
   83dec:	601a      	str	r2, [r3, #0]
	udd_enable_address();
   83dee:	681a      	ldr	r2, [r3, #0]
   83df0:	f042 0280 	orr.w	r2, r2, #128	@ 0x80
   83df4:	601a      	str	r2, [r3, #0]
}
   83df6:	4770      	bx	lr
   83df8:	400a4000 	.word	0x400a4000

00083dfc <udd_getaddress>:
	return udd_get_configured_address();
   83dfc:	4b02      	ldr	r3, [pc, #8]	@ (83e08 <udd_getaddress+0xc>)
   83dfe:	6818      	ldr	r0, [r3, #0]
}
   83e00:	f000 007f 	and.w	r0, r0, #127	@ 0x7f
   83e04:	4770      	bx	lr
   83e06:	bf00      	nop
   83e08:	400a4000 	.word	0x400a4000

00083e0c <udd_get_frame_number>:
	return udd_frame_number();
   83e0c:	4b02      	ldr	r3, [pc, #8]	@ (83e18 <udd_get_frame_number+0xc>)
   83e0e:	6858      	ldr	r0, [r3, #4]
}
   83e10:	f3c0 00ca 	ubfx	r0, r0, #3, #11
   83e14:	4770      	bx	lr
   83e16:	bf00      	nop
   83e18:	400a4000 	.word	0x400a4000

00083e1c <udd_set_setup_payload>:
	udd_g_ctrlreq.payload = payload;
   83e1c:	4b01      	ldr	r3, [pc, #4]	@ (83e24 <udd_set_setup_payload+0x8>)
   83e1e:	6098      	str	r0, [r3, #8]
	udd_g_ctrlreq.payload_size = payload_size;
   83e20:	8199      	strh	r1, [r3, #12]
}
   83e22:	4770      	bx	lr
   83e24:	200033e0 	.word	0x200033e0

00083e28 <udd_ep_free>:
	uint8_t ep_index = ep & USB_EP_ADDR_MASK;
   83e28:	f000 020f 	and.w	r2, r0, #15
	if (USB_DEVICE_MAX_EP < ep_index) {
   83e2c:	2a02      	cmp	r2, #2
   83e2e:	d900      	bls.n	83e32 <udd_ep_free+0xa>
   83e30:	4770      	bx	lr
	udd_disable_endpoint(ep_index);
   83e32:	2101      	movs	r1, #1
   83e34:	0153      	lsls	r3, r2, #5
{
   83e36:	b570      	push	{r4, r5, r6, lr}
	udd_disable_endpoint(ep_index);
   83e38:	f103 2540 	add.w	r5, r3, #1073758208	@ 0x40004000
   83e3c:	f505 2520 	add.w	r5, r5, #655360	@ 0xa0000
   83e40:	462b      	mov	r3, r5
   83e42:	f8c5 1108 	str.w	r1, [r5, #264]	@ 0x108
	udd_configure_endpoint_bank(ep_index, 0);
   83e46:	f8d5 5100 	ldr.w	r5, [r5, #256]	@ 0x100
	udd_ep_finish_job(&udd_ep_job[ep - 1], true, ep);
   83e4a:	1e50      	subs	r0, r2, #1
   83e4c:	4c08      	ldr	r4, [pc, #32]	@ (83e70 <udd_ep_free+0x48>)
   83e4e:	eb00 0040 	add.w	r0, r0, r0, lsl #1
   83e52:	eb04 04c0 	add.w	r4, r4, r0, lsl #3
	udd_configure_endpoint_bank(ep_index, 0);
   83e56:	f025 05c0 	bic.w	r5, r5, #192	@ 0xc0
   83e5a:	f8c3 5100 	str.w	r5, [r3, #256]	@ 0x100
	udd_ep_finish_job(&udd_ep_job[ep - 1], true, ep);
   83e5e:	4620      	mov	r0, r4
   83e60:	4e04      	ldr	r6, [pc, #16]	@ (83e74 <udd_ep_free+0x4c>)
   83e62:	47b0      	blx	r6
	udd_ep_job[ep_index - 1].stall_requested = false;
   83e64:	7d23      	ldrb	r3, [r4, #20]
   83e66:	f023 0304 	bic.w	r3, r3, #4
   83e6a:	7523      	strb	r3, [r4, #20]
}
   83e6c:	bd70      	pop	{r4, r5, r6, pc}
   83e6e:	bf00      	nop
   83e70:	200033a8 	.word	0x200033a8
   83e74:	00083089 	.word	0x00083089

00083e78 <udd_ep_is_halted>:
	udd_ep_job_t *ptr_job = &udd_ep_job[ep_index - 1];
   83e78:	f000 000f 	and.w	r0, r0, #15
	return (Is_udd_endpoint_stall_requested(ep_index)
   83e7c:	0143      	lsls	r3, r0, #5
   83e7e:	f103 2340 	add.w	r3, r3, #1073758208	@ 0x40004000
   83e82:	f503 2320 	add.w	r3, r3, #655360	@ 0xa0000
   83e86:	f8d3 311c 	ldr.w	r3, [r3, #284]	@ 0x11c
			|| ptr_job->stall_requested);
   83e8a:	069b      	lsls	r3, r3, #26
   83e8c:	d409      	bmi.n	83ea2 <udd_ep_is_halted+0x2a>
   83e8e:	4b06      	ldr	r3, [pc, #24]	@ (83ea8 <udd_ep_is_halted+0x30>)
   83e90:	eb00 0040 	add.w	r0, r0, r0, lsl #1
   83e94:	eb03 03c0 	add.w	r3, r3, r0, lsl #3
   83e98:	f813 0c04 	ldrb.w	r0, [r3, #-4]
   83e9c:	f3c0 0080 	ubfx	r0, r0, #2, #1
   83ea0:	4770      	bx	lr
   83ea2:	2001      	movs	r0, #1
}
   83ea4:	4770      	bx	lr
   83ea6:	bf00      	nop
   83ea8:	200033a8 	.word	0x200033a8

00083eac <udd_ep_set_halt>:
	uint8_t ep_index = ep & USB_EP_ADDR_MASK;
   83eac:	f000 030f 	and.w	r3, r0, #15
	if (USB_DEVICE_MAX_EP < ep_index) {
   83eb0:	2b02      	cmp	r3, #2
   83eb2:	d82b      	bhi.n	83f0c <udd_ep_set_halt+0x60>
{
   83eb4:	b530      	push	{r4, r5, lr}
	if (Is_udd_endpoint_stall_requested(ep_index) // Endpoint stalled
   83eb6:	4d23      	ldr	r5, [pc, #140]	@ (83f44 <udd_ep_set_halt+0x98>)
   83eb8:	0159      	lsls	r1, r3, #5
   83eba:	eb05 1e43 	add.w	lr, r5, r3, lsl #5
   83ebe:	f8de 211c 	ldr.w	r2, [lr, #284]	@ 0x11c
   83ec2:	0692      	lsls	r2, r2, #26
   83ec4:	d420      	bmi.n	83f08 <udd_ep_set_halt+0x5c>
			|| ptr_job->stall_requested) { // Endpoint stall is requested
   83ec6:	4c20      	ldr	r4, [pc, #128]	@ (83f48 <udd_ep_set_halt+0x9c>)
	ptr_job = &udd_ep_job[ep_index - 1];
   83ec8:	1e5a      	subs	r2, r3, #1
			|| ptr_job->stall_requested) { // Endpoint stall is requested
   83eca:	eb02 0242 	add.w	r2, r2, r2, lsl #1
   83ece:	eb04 0cc2 	add.w	ip, r4, r2, lsl #3
   83ed2:	f89c 4014 	ldrb.w	r4, [ip, #20]
   83ed6:	f014 0204 	ands.w	r2, r4, #4
   83eda:	d115      	bne.n	83f08 <udd_ep_set_halt+0x5c>
	if (ptr_job->busy == true) {
   83edc:	f014 0f01 	tst.w	r4, #1
   83ee0:	d116      	bne.n	83f10 <udd_ep_set_halt+0x64>
	if ((ep & USB_EP_DIR_IN) && (0 != udd_nb_busy_bank(ep_index))) {
   83ee2:	0602      	lsls	r2, r0, #24
   83ee4:	d416      	bmi.n	83f14 <udd_ep_set_halt+0x68>
	udd_ack_stall(ep_index);
   83ee6:	f44f 5400 	mov.w	r4, #8192	@ 0x2000
	udd_enable_stall_handshake(ep_index);
   83eea:	2020      	movs	r0, #32
	udd_disable_endpoint_bank_autoswitch(ep_index);
   83eec:	f101 2340 	add.w	r3, r1, #1073758208	@ 0x40004000
   83ef0:	f503 2320 	add.w	r3, r3, #655360	@ 0xa0000
   83ef4:	f8d3 2108 	ldr.w	r2, [r3, #264]	@ 0x108
   83ef8:	f022 0202 	bic.w	r2, r2, #2
   83efc:	f8c3 2108 	str.w	r2, [r3, #264]	@ 0x108
	udd_ack_stall(ep_index);
   83f00:	f8c3 4118 	str.w	r4, [r3, #280]	@ 0x118
	udd_enable_stall_handshake(ep_index);
   83f04:	f8c3 0114 	str.w	r0, [r3, #276]	@ 0x114
		return true; // Already STALL
   83f08:	2001      	movs	r0, #1
}
   83f0a:	bd30      	pop	{r4, r5, pc}
		return false;
   83f0c:	2000      	movs	r0, #0
}
   83f0e:	4770      	bx	lr
		return false;
   83f10:	4610      	mov	r0, r2
}
   83f12:	bd30      	pop	{r4, r5, pc}
	if ((ep & USB_EP_DIR_IN) && (0 != udd_nb_busy_bank(ep_index))) {
   83f14:	f8de 211c 	ldr.w	r2, [lr, #284]	@ 0x11c
   83f18:	f412 2f40 	tst.w	r2, #786432	@ 0xc0000
   83f1c:	d0e3      	beq.n	83ee6 <udd_ep_set_halt+0x3a>
			udd_enable_bank_interrupt(ep_index);
   83f1e:	f44f 2080 	mov.w	r0, #262144	@ 0x40000
			udd_enable_endpoint_interrupt(ep_index);
   83f22:	f44f 7280 	mov.w	r2, #256	@ 0x100
			ptr_job->stall_requested = true;
   83f26:	f044 0104 	orr.w	r1, r4, #4
   83f2a:	f88c 1014 	strb.w	r1, [ip, #20]
			udd_enable_bank_interrupt(ep_index);
   83f2e:	eb05 1143 	add.w	r1, r5, r3, lsl #5
   83f32:	f8c1 0104 	str.w	r0, [r1, #260]	@ 0x104
			udd_enable_endpoint_interrupt(ep_index);
   83f36:	6929      	ldr	r1, [r5, #16]
   83f38:	fa02 f303 	lsl.w	r3, r2, r3
   83f3c:	430b      	orrs	r3, r1
   83f3e:	612b      	str	r3, [r5, #16]
			return true;
   83f40:	e7e2      	b.n	83f08 <udd_ep_set_halt+0x5c>
   83f42:	bf00      	nop
   83f44:	400a4000 	.word	0x400a4000
   83f48:	200033a8 	.word	0x200033a8

00083f4c <udd_ep_clear_halt>:
	ep &= USB_EP_ADDR_MASK;
   83f4c:	f000 000f 	and.w	r0, r0, #15
	if (USB_DEVICE_MAX_EP < ep)
   83f50:	2802      	cmp	r0, #2
   83f52:	d857      	bhi.n	84004 <udd_ep_clear_halt+0xb8>
{
   83f54:	b570      	push	{r4, r5, r6, lr}
	ptr_job = &udd_ep_job[ep - 1];
   83f56:	1e41      	subs	r1, r0, #1
	if (ptr_job->stall_requested) {
   83f58:	4c2b      	ldr	r4, [pc, #172]	@ (84008 <udd_ep_clear_halt+0xbc>)
   83f5a:	eb01 0341 	add.w	r3, r1, r1, lsl #1
   83f5e:	eb04 03c3 	add.w	r3, r4, r3, lsl #3
   83f62:	7d1d      	ldrb	r5, [r3, #20]
   83f64:	004a      	lsls	r2, r1, #1
   83f66:	076d      	lsls	r5, r5, #29
   83f68:	d525      	bpl.n	83fb6 <udd_ep_clear_halt+0x6a>
		udd_disable_bank_interrupt(ep);
   83f6a:	f44f 2680 	mov.w	r6, #262144	@ 0x40000
		udd_disable_endpoint_interrupt(ep);
   83f6e:	f44f 7c80 	mov.w	ip, #256	@ 0x100
		ptr_job->stall_requested = false;
   83f72:	7d1d      	ldrb	r5, [r3, #20]
		udd_disable_endpoint_interrupt(ep);
   83f74:	fa0c fc00 	lsl.w	ip, ip, r0
		ptr_job->stall_requested = false;
   83f78:	f025 0504 	bic.w	r5, r5, #4
   83f7c:	751d      	strb	r5, [r3, #20]
		udd_disable_bank_interrupt(ep);
   83f7e:	4d23      	ldr	r5, [pc, #140]	@ (8400c <udd_ep_clear_halt+0xc0>)
   83f80:	0143      	lsls	r3, r0, #5
   83f82:	eb05 1e40 	add.w	lr, r5, r0, lsl #5
   83f86:	f8ce 6108 	str.w	r6, [lr, #264]	@ 0x108
		udd_disable_endpoint_interrupt(ep);
   83f8a:	6928      	ldr	r0, [r5, #16]
   83f8c:	ea20 000c 	bic.w	r0, r0, ip
   83f90:	6128      	str	r0, [r5, #16]
	if (Is_udd_endpoint_stall_requested(ep)) {
   83f92:	f8de 011c 	ldr.w	r0, [lr, #284]	@ 0x11c
   83f96:	0685      	lsls	r5, r0, #26
   83f98:	d416      	bmi.n	83fc8 <udd_ep_clear_halt+0x7c>
		if (ptr_job->busy == true) {
   83f9a:	1853      	adds	r3, r2, r1
   83f9c:	eb04 02c3 	add.w	r2, r4, r3, lsl #3
   83fa0:	7d11      	ldrb	r1, [r2, #20]
   83fa2:	00db      	lsls	r3, r3, #3
   83fa4:	07c8      	lsls	r0, r1, #31
   83fa6:	d504      	bpl.n	83fb2 <udd_ep_clear_halt+0x66>
			ptr_job->busy = false;
   83fa8:	f021 0101 	bic.w	r1, r1, #1
			ptr_job->call_nohalt();
   83fac:	58e3      	ldr	r3, [r4, r3]
			ptr_job->busy = false;
   83fae:	7511      	strb	r1, [r2, #20]
			ptr_job->call_nohalt();
   83fb0:	4798      	blx	r3
	return true;
   83fb2:	2001      	movs	r0, #1
}
   83fb4:	bd70      	pop	{r4, r5, r6, pc}
	if (Is_udd_endpoint_stall_requested(ep)) {
   83fb6:	0143      	lsls	r3, r0, #5
   83fb8:	f103 2040 	add.w	r0, r3, #1073758208	@ 0x40004000
   83fbc:	f500 2020 	add.w	r0, r0, #655360	@ 0xa0000
   83fc0:	f8d0 011c 	ldr.w	r0, [r0, #284]	@ 0x11c
   83fc4:	0680      	lsls	r0, r0, #26
   83fc6:	d5f4      	bpl.n	83fb2 <udd_ep_clear_halt+0x66>
		if (Is_udd_stall(ep)) {
   83fc8:	f103 2040 	add.w	r0, r3, #1073758208	@ 0x40004000
   83fcc:	f500 2020 	add.w	r0, r0, #655360	@ 0xa0000
   83fd0:	f8d0 511c 	ldr.w	r5, [r0, #284]	@ 0x11c
   83fd4:	04ae      	lsls	r6, r5, #18
   83fd6:	d506      	bpl.n	83fe6 <udd_ep_clear_halt+0x9a>
			udd_ack_stall(ep);
   83fd8:	f44f 5500 	mov.w	r5, #8192	@ 0x2000
   83fdc:	f8c0 5118 	str.w	r5, [r0, #280]	@ 0x118
			udd_reset_data_toggle(ep);
   83fe0:	2540      	movs	r5, #64	@ 0x40
   83fe2:	f8c0 5118 	str.w	r5, [r0, #280]	@ 0x118
		udd_disable_stall_handshake(ep);
   83fe6:	2520      	movs	r5, #32
   83fe8:	f103 2040 	add.w	r0, r3, #1073758208	@ 0x40004000
   83fec:	f500 2020 	add.w	r0, r0, #655360	@ 0xa0000
   83ff0:	4603      	mov	r3, r0
   83ff2:	f8c0 5118 	str.w	r5, [r0, #280]	@ 0x118
		udd_enable_endpoint_bank_autoswitch(ep);
   83ff6:	f8d0 0104 	ldr.w	r0, [r0, #260]	@ 0x104
   83ffa:	f040 0002 	orr.w	r0, r0, #2
   83ffe:	f8c3 0104 	str.w	r0, [r3, #260]	@ 0x104
	if (b_stall_cleared) {
   84002:	e7ca      	b.n	83f9a <udd_ep_clear_halt+0x4e>
		return false;
   84004:	2000      	movs	r0, #0
}
   84006:	4770      	bx	lr
   84008:	200033a8 	.word	0x200033a8
   8400c:	400a4000 	.word	0x400a4000

00084010 <udd_ep_run>:
	ep &= USB_EP_ADDR_MASK;
   84010:	f000 000f 	and.w	r0, r0, #15
	if (USB_DEVICE_MAX_EP < ep) {
   84014:	2802      	cmp	r0, #2
   84016:	d860      	bhi.n	840da <udd_ep_run+0xca>
{
   84018:	e92d 41f0 	stmdb	sp!, {r4, r5, r6, r7, r8, lr}
	if ((!Is_udd_endpoint_enabled(ep))
   8401c:	ea4f 1c40 	mov.w	ip, r0, lsl #5
   84020:	f10c 2c40 	add.w	ip, ip, #1073758208	@ 0x40004000
   84024:	f50c 2c20 	add.w	ip, ip, #655360	@ 0xa0000
   84028:	f8dc 410c 	ldr.w	r4, [ip, #268]	@ 0x10c
   8402c:	07e5      	lsls	r5, r4, #31
   8402e:	d551      	bpl.n	840d4 <udd_ep_run+0xc4>
			|| Is_udd_endpoint_stall_requested(ep)
   84030:	f8dc 411c 	ldr.w	r4, [ip, #284]	@ 0x11c
   84034:	06a4      	lsls	r4, r4, #26
   84036:	d44d      	bmi.n	840d4 <udd_ep_run+0xc4>
	ptr_job = &udd_ep_job[ep - 1];
   84038:	1e46      	subs	r6, r0, #1
			|| ptr_job->stall_requested) {
   8403a:	4d29      	ldr	r5, [pc, #164]	@ (840e0 <udd_ep_run+0xd0>)
   8403c:	eb06 0c46 	add.w	ip, r6, r6, lsl #1
   84040:	eb05 0ccc 	add.w	ip, r5, ip, lsl #3
   84044:	f89c e014 	ldrb.w	lr, [ip, #20]
   84048:	0074      	lsls	r4, r6, #1
   8404a:	f01e 0e04 	ands.w	lr, lr, #4
   8404e:	d141      	bne.n	840d4 <udd_ep_run+0xc4>
  __ASM volatile ("MRS %0, primask" : "=r" (result) );
   84050:	f3ef 8810 	mrs	r8, PRIMASK
  __ASM volatile ("cpsid i");
   84054:	b672      	cpsid	i
   84056:	f3bf 8f5f 	dmb	sy
	cpu_irq_disable();
   8405a:	4f22      	ldr	r7, [pc, #136]	@ (840e4 <udd_ep_run+0xd4>)
   8405c:	f887 e000 	strb.w	lr, [r7]
	if (ptr_job->busy == true) {
   84060:	f89c e014 	ldrb.w	lr, [ip, #20]
   84064:	f01e 0f01 	tst.w	lr, #1
   84068:	d12c      	bne.n	840c4 <udd_ep_run+0xb4>
	ptr_job->busy = true;
   8406a:	f89c e014 	ldrb.w	lr, [ip, #20]
   8406e:	f04e 0e01 	orr.w	lr, lr, #1
   84072:	f88c e014 	strb.w	lr, [ip, #20]
	if (cpu_irq_is_enabled_flags(flags))
   84076:	f1b8 0f00 	cmp.w	r8, #0
   8407a:	d106      	bne.n	8408a <udd_ep_run+0x7a>
		cpu_irq_enable();
   8407c:	f04f 0c01 	mov.w	ip, #1
   84080:	f887 c000 	strb.w	ip, [r7]
   84084:	f3bf 8f5f 	dmb	sy
  __ASM volatile ("cpsie i");
   84088:	b662      	cpsie	i
	ptr_job->buf = buf;
   8408a:	4434      	add	r4, r6
	ptr_job->call_trans = callback;
   8408c:	9e06      	ldr	r6, [sp, #24]
	ptr_job->buf = buf;
   8408e:	eb05 0cc4 	add.w	ip, r5, r4, lsl #3
	ptr_job->call_trans = callback;
   84092:	f845 6034 	str.w	r6, [r5, r4, lsl #3]
	ptr_job->buf = buf;
   84096:	f8cc 2004 	str.w	r2, [ip, #4]
	ptr_job->buf_cnt = 0;
   8409a:	2400      	movs	r4, #0
	ptr_job->buf_load = 0;
   8409c:	4662      	mov	r2, ip
	ptr_job->b_shortpacket = b_shortpacket || (buf_size == 0);
   8409e:	2b00      	cmp	r3, #0
   840a0:	bf08      	it	eq
   840a2:	f041 0101 	orreq.w	r1, r1, #1
	ptr_job->buf_load = 0;
   840a6:	f842 4f10 	str.w	r4, [r2, #16]!
	ptr_job->buf_size = buf_size;
   840aa:	f8cc 3008 	str.w	r3, [ip, #8]
	ptr_job->b_shortpacket = b_shortpacket || (buf_size == 0);
   840ae:	7913      	ldrb	r3, [r2, #4]
	udd_ep_trans_done(ep);
   840b0:	4d0d      	ldr	r5, [pc, #52]	@ (840e8 <udd_ep_run+0xd8>)
	ptr_job->b_shortpacket = b_shortpacket || (buf_size == 0);
   840b2:	f361 0341 	bfi	r3, r1, #1, #1
	ptr_job->buf_cnt = 0;
   840b6:	f8cc 400c 	str.w	r4, [ip, #12]
	ptr_job->b_shortpacket = b_shortpacket || (buf_size == 0);
   840ba:	7113      	strb	r3, [r2, #4]
	udd_ep_trans_done(ep);
   840bc:	47a8      	blx	r5
	return true;
   840be:	2001      	movs	r0, #1
}
   840c0:	e8bd 81f0 	ldmia.w	sp!, {r4, r5, r6, r7, r8, pc}
	if (cpu_irq_is_enabled_flags(flags))
   840c4:	f1b8 0f00 	cmp.w	r8, #0
   840c8:	d104      	bne.n	840d4 <udd_ep_run+0xc4>
		cpu_irq_enable();
   840ca:	2301      	movs	r3, #1
   840cc:	703b      	strb	r3, [r7, #0]
   840ce:	f3bf 8f5f 	dmb	sy
   840d2:	b662      	cpsie	i
		return false;
   840d4:	2000      	movs	r0, #0
}
   840d6:	e8bd 81f0 	ldmia.w	sp!, {r4, r5, r6, r7, r8, pc}
		return false;
   840da:	2000      	movs	r0, #0
}
   840dc:	4770      	bx	lr
   840de:	bf00      	nop
   840e0:	200033a8 	.word	0x200033a8
   840e4:	20000304 	.word	0x20000304
   840e8:	000830c9 	.word	0x000830c9

000840ec <udd_ep_alloc>:
{
   840ec:	e92d 4ff0 	stmdb	sp!, {r4, r5, r6, r7, r8, r9, sl, fp, lr}
	ep = ep & USB_EP_ADDR_MASK;
   840f0:	f000 040f 	and.w	r4, r0, #15
	if (ep > USB_DEVICE_MAX_EP) {
   840f4:	2c02      	cmp	r4, #2
{
   840f6:	b083      	sub	sp, #12
	if (ep > USB_DEVICE_MAX_EP) {
   840f8:	f200 80d0 	bhi.w	8429c <udd_ep_alloc+0x1b0>
	if (Is_udd_endpoint_enabled(ep)) {
   840fc:	0165      	lsls	r5, r4, #5
   840fe:	f105 2340 	add.w	r3, r5, #1073758208	@ 0x40004000
   84102:	f503 2320 	add.w	r3, r3, #655360	@ 0xa0000
   84106:	f8d3 310c 	ldr.w	r3, [r3, #268]	@ 0x10c
   8410a:	07de      	lsls	r6, r3, #31
   8410c:	f100 80c6 	bmi.w	8429c <udd_ep_alloc+0x1b0>
	switch (bmAttributes & USB_EP_TYPE_MASK) {
   84110:	f001 0603 	and.w	r6, r1, #3
   84114:	2e01      	cmp	r6, #1
   84116:	f000 80c5 	beq.w	842a4 <udd_ep_alloc+0x1b8>
   8411a:	3e02      	subs	r6, #2
   8411c:	2e01      	cmp	r6, #1
   8411e:	f200 80bd 	bhi.w	8429c <udd_ep_alloc+0x1b0>
   84122:	f402 53c0 	and.w	r3, r2, #6144	@ 0x1800
	} else if (MaxEndpointSize & (0x3u << 11)) {
   84126:	b29f      	uxth	r7, r3
   84128:	2b00      	cmp	r3, #0
   8412a:	f040 80b7 	bne.w	8429c <udd_ep_alloc+0x1b0>
	uint8_t nb_bank, bank, nb_tran = 0, i;
   8412e:	463e      	mov	r6, r7
	udd_configure_endpoint(ep, bmAttributes, (b_dir_in ? 1 : 0),
   84130:	f105 2540 	add.w	r5, r5, #1073758208	@ 0x40004000
   84134:	f505 2520 	add.w	r5, r5, #655360	@ 0xa0000
   84138:	f8d5 3100 	ldr.w	r3, [r5, #256]	@ 0x100
   8413c:	0109      	lsls	r1, r1, #4
   8413e:	09c0      	lsrs	r0, r0, #7
   84140:	f423 7c7f 	bic.w	ip, r3, #1020	@ 0x3fc
   84144:	f5b2 6f80 	cmp.w	r2, #1024	@ 0x400
   84148:	f001 0130 	and.w	r1, r1, #48	@ 0x30
   8414c:	ea4f 00c0 	mov.w	r0, r0, lsl #3
   84150:	f02c 0c03 	bic.w	ip, ip, #3
   84154:	f080 80b7 	bcs.w	842c6 <udd_ep_alloc+0x1da>
   84158:	2a08      	cmp	r2, #8
   8415a:	bf38      	it	cc
   8415c:	2208      	movcc	r2, #8
   8415e:	0053      	lsls	r3, r2, #1
   84160:	3b01      	subs	r3, #1
   84162:	fab3 f383 	clz	r3, r3
   84166:	f1c3 031c 	rsb	r3, r3, #28
   8416a:	b10f      	cbz	r7, 84170 <udd_ep_alloc+0x84>
   8416c:	ea41 2106 	orr.w	r1, r1, r6, lsl #8
   84170:	ea4c 0200 	orr.w	r2, ip, r0
   84174:	430a      	orrs	r2, r1
   84176:	4313      	orrs	r3, r2
   84178:	f043 0340 	orr.w	r3, r3, #64	@ 0x40
   8417c:	f8c5 3100 	str.w	r3, [r5, #256]	@ 0x100
	if (!Is_udd_endpoint_mapped(ep)) {
   84180:	f8d5 3100 	ldr.w	r3, [r5, #256]	@ 0x100
   84184:	2b00      	cmp	r3, #0
   84186:	f280 8089 	bge.w	8429c <udd_ep_alloc+0x1b0>
	udd_enable_endpoint(ep);
   8418a:	2701      	movs	r7, #1
	for (i = USB_DEVICE_MAX_EP; i >= ep; i--) {
   8418c:	2302      	movs	r3, #2
	ep_allocated = 0;
   8418e:	f04f 0800 	mov.w	r8, #0
		if (Is_udd_endpoint_enabled(i)) {
   84192:	4e59      	ldr	r6, [pc, #356]	@ (842f8 <udd_ep_alloc+0x20c>)
	udd_enable_endpoint(ep);
   84194:	f8c5 7104 	str.w	r7, [r5, #260]	@ 0x104
		if (Is_udd_endpoint_enabled(i)) {
   84198:	eb06 1043 	add.w	r0, r6, r3, lsl #5
   8419c:	f8d0 110c 	ldr.w	r1, [r0, #268]	@ 0x10c
	for (i = USB_DEVICE_MAX_EP; i >= ep; i--) {
   841a0:	1e5d      	subs	r5, r3, #1
		if (Is_udd_endpoint_enabled(i)) {
   841a2:	07c9      	lsls	r1, r1, #31
   841a4:	ea4f 1243 	mov.w	r2, r3, lsl #5
   841a8:	d516      	bpl.n	841d8 <udd_ep_alloc+0xec>
   841aa:	f102 2240 	add.w	r2, r2, #1073758208	@ 0x40004000
   841ae:	f502 2220 	add.w	r2, r2, #655360	@ 0xa0000
			bank = udd_get_endpoint_bank(i);
   841b2:	f8d2 1100 	ldr.w	r1, [r2, #256]	@ 0x100
			ep_allocated |=  bank << (i * 2);
   841b6:	005b      	lsls	r3, r3, #1
   841b8:	f3c1 1181 	ubfx	r1, r1, #6, #2
			udd_disable_endpoint(i);
   841bc:	f8c0 7108 	str.w	r7, [r0, #264]	@ 0x108
			ep_allocated |=  bank << (i * 2);
   841c0:	fa01 f303 	lsl.w	r3, r1, r3
   841c4:	ea48 0803 	orr.w	r8, r8, r3
			udd_configure_endpoint_bank(i, 0);
   841c8:	f8d2 3100 	ldr.w	r3, [r2, #256]	@ 0x100
			ep_allocated |=  bank << (i * 2);
   841cc:	fa1f f888 	uxth.w	r8, r8
			udd_configure_endpoint_bank(i, 0);
   841d0:	f023 03c0 	bic.w	r3, r3, #192	@ 0xc0
   841d4:	f8c2 3100 	str.w	r3, [r2, #256]	@ 0x100
	for (i = USB_DEVICE_MAX_EP; i >= ep; i--) {
   841d8:	b2eb      	uxtb	r3, r5
   841da:	429c      	cmp	r4, r3
   841dc:	d9dc      	bls.n	84198 <udd_ep_alloc+0xac>
   841de:	4e47      	ldr	r6, [pc, #284]	@ (842fc <udd_ep_alloc+0x210>)
   841e0:	eb04 0544 	add.w	r5, r4, r4, lsl #1
		udd_enable_endpoint(i);
   841e4:	2701      	movs	r7, #1
   841e6:	eb06 05c5 	add.w	r5, r6, r5, lsl #3
   841ea:	e005      	b.n	841f8 <udd_ep_alloc+0x10c>
	for (i = ep; i <= USB_DEVICE_MAX_EP; i++) {
   841ec:	3401      	adds	r4, #1
   841ee:	b2e3      	uxtb	r3, r4
   841f0:	2b03      	cmp	r3, #3
   841f2:	f105 0518 	add.w	r5, r5, #24
   841f6:	d068      	beq.n	842ca <udd_ep_alloc+0x1de>
		udd_ep_job_t *ptr_job = &udd_ep_job[i - 1];
   841f8:	f104 39ff 	add.w	r9, r4, #4294967295	@ 0xffffffff
		bank = (ep_allocated >> (i * 2)) & 0x03;
   841fc:	0063      	lsls	r3, r4, #1
		bool b_restart = ptr_job->busy;
   841fe:	eb09 0c49 	add.w	ip, r9, r9, lsl #1
		bank = (ep_allocated >> (i * 2)) & 0x03;
   84202:	fa48 f303 	asr.w	r3, r8, r3
		bool b_restart = ptr_job->busy;
   84206:	eb06 00cc 	add.w	r0, r6, ip, lsl #3
		if (bank == 0) {
   8420a:	f013 0203 	ands.w	r2, r3, #3
		bool b_restart = ptr_job->busy;
   8420e:	f100 0110 	add.w	r1, r0, #16
   84212:	fa5f fb84 	uxtb.w	fp, r4
   84216:	ea4f 0ccc 	mov.w	ip, ip, lsl #3
		if (bank == 0) {
   8421a:	d0e7      	beq.n	841ec <udd_ep_alloc+0x100>
		bool b_restart = ptr_job->busy;
   8421c:	7d00      	ldrb	r0, [r0, #20]
   8421e:	0163      	lsls	r3, r4, #5
		ptr_job->busy = false;
   84220:	4682      	mov	sl, r0
   84222:	f103 2340 	add.w	r3, r3, #1073758208	@ 0x40004000
   84226:	f503 2320 	add.w	r3, r3, #655360	@ 0xa0000
		udd_configure_endpoint_bank(i, bank);
   8422a:	f8d3 e100 	ldr.w	lr, [r3, #256]	@ 0x100
		ptr_job->busy = false;
   8422e:	f02a 0a01 	bic.w	sl, sl, #1
		udd_configure_endpoint_bank(i, bank);
   84232:	f02e 0ec0 	bic.w	lr, lr, #192	@ 0xc0
   84236:	ea4e 1282 	orr.w	r2, lr, r2, lsl #6
   8423a:	f8c3 2100 	str.w	r2, [r3, #256]	@ 0x100
		udd_enable_endpoint(i);
   8423e:	f8c3 7104 	str.w	r7, [r3, #260]	@ 0x104
		if (!Is_udd_endpoint_mapped(i)) {
   84242:	f8d3 2100 	ldr.w	r2, [r3, #256]	@ 0x100
		bool b_restart = ptr_job->busy;
   84246:	f000 0001 	and.w	r0, r0, #1
		if (!Is_udd_endpoint_mapped(i)) {
   8424a:	2a00      	cmp	r2, #0
		bool b_restart = ptr_job->busy;
   8424c:	ea4f 0e49 	mov.w	lr, r9, lsl #1
		ptr_job->busy = false;
   84250:	f881 a004 	strb.w	sl, [r1, #4]
		if (!Is_udd_endpoint_mapped(i)) {
   84254:	da3d      	bge.n	842d2 <udd_ep_alloc+0x1e6>
		udd_enable_endpoint_bank_autoswitch(i);
   84256:	f8d3 2104 	ldr.w	r2, [r3, #260]	@ 0x104
   8425a:	f042 0202 	orr.w	r2, r2, #2
   8425e:	f8c3 2104 	str.w	r2, [r3, #260]	@ 0x104
		if (b_restart) {
   84262:	2800      	cmp	r0, #0
   84264:	d0c2      	beq.n	841ec <udd_ep_alloc+0x100>
			ptr_job->buf_cnt -= ptr_job->buf_load;
   84266:	e955 e203 	ldrd	lr, r2, [r5, #-12]
			b_restart = udd_ep_run(i,
   8426a:	f855 3c10 	ldr.w	r3, [r5, #-16]
   8426e:	f855 cc14 	ldr.w	ip, [r5, #-20]
   84272:	4413      	add	r3, r2
			ptr_job->buf_cnt -= ptr_job->buf_load;
   84274:	ebae 0202 	sub.w	r2, lr, r2
   84278:	f845 2c0c 	str.w	r2, [r5, #-12]
					ptr_job->b_shortpacket,
   8427c:	7909      	ldrb	r1, [r1, #4]
			b_restart = udd_ep_run(i,
   8427e:	4462      	add	r2, ip
   84280:	f855 cc18 	ldr.w	ip, [r5, #-24]
   84284:	4658      	mov	r0, fp
   84286:	f8cd c000 	str.w	ip, [sp]
   8428a:	eba3 030e 	sub.w	r3, r3, lr
   8428e:	f8df c070 	ldr.w	ip, [pc, #112]	@ 84300 <udd_ep_alloc+0x214>
   84292:	f3c1 0140 	ubfx	r1, r1, #1, #1
   84296:	47e0      	blx	ip
			if (!b_restart) {
   84298:	2800      	cmp	r0, #0
   8429a:	d1a7      	bne.n	841ec <udd_ep_alloc+0x100>
		return false;
   8429c:	2000      	movs	r0, #0
}
   8429e:	b003      	add	sp, #12
   842a0:	e8bd 8ff0 	ldmia.w	sp!, {r4, r5, r6, r7, r8, r9, sl, fp, pc}
		b_iso_hbw = Is_udd_endpoint_high_bw_supported(ep);
   842a4:	f402 53c0 	and.w	r3, r2, #6144	@ 0x1800
   842a8:	2c00      	cmp	r4, #0
   842aa:	f43f af3c 	beq.w	84126 <udd_ep_alloc+0x3a>
		switch(MaxEndpointSize & (0x3u << 11)) {
   842ae:	f5b3 6f00 	cmp.w	r3, #2048	@ 0x800
   842b2:	d00c      	beq.n	842ce <udd_ep_alloc+0x1e2>
   842b4:	f5b3 5f80 	cmp.w	r3, #4096	@ 0x1000
   842b8:	bf08      	it	eq
   842ba:	2603      	moveq	r6, #3
		MaxEndpointSize &= ~(0x3u << 11);
   842bc:	f422 52c0 	bic.w	r2, r2, #6144	@ 0x1800
		b_iso_hbw = Is_udd_endpoint_high_bw_supported(ep);
   842c0:	2701      	movs	r7, #1
		MaxEndpointSize &= ~(0x3u << 11);
   842c2:	b292      	uxth	r2, r2
   842c4:	e734      	b.n	84130 <udd_ep_alloc+0x44>
   842c6:	2307      	movs	r3, #7
   842c8:	e74f      	b.n	8416a <udd_ep_alloc+0x7e>
	return true;
   842ca:	2001      	movs	r0, #1
   842cc:	e7e7      	b.n	8429e <udd_ep_alloc+0x1b2>
			nb_tran = 2;
   842ce:	2602      	movs	r6, #2
   842d0:	e7f4      	b.n	842bc <udd_ep_alloc+0x1d0>
			if (NULL == ptr_job->call_trans) {
   842d2:	f856 400c 	ldr.w	r4, [r6, ip]
   842d6:	4658      	mov	r0, fp
   842d8:	2c00      	cmp	r4, #0
   842da:	d0df      	beq.n	8429c <udd_ep_alloc+0x1b0>
			if (Is_udd_endpoint_in(i)) {
   842dc:	f8d3 3100 	ldr.w	r3, [r3, #256]	@ 0x100
			ptr_job->call_trans(UDD_EP_TRANSFER_ABORT,
   842e0:	44ce      	add	lr, r9
			if (Is_udd_endpoint_in(i)) {
   842e2:	071b      	lsls	r3, r3, #28
				i |= USB_EP_DIR_IN;
   842e4:	bf48      	it	mi
   842e6:	f04b 0080 	orrmi.w	r0, fp, #128	@ 0x80
			ptr_job->call_trans(UDD_EP_TRANSFER_ABORT,
   842ea:	eb06 06ce 	add.w	r6, r6, lr, lsl #3
   842ee:	4602      	mov	r2, r0
   842f0:	68f1      	ldr	r1, [r6, #12]
   842f2:	2001      	movs	r0, #1
   842f4:	47a0      	blx	r4
			return false;
   842f6:	e7d1      	b.n	8429c <udd_ep_alloc+0x1b0>
   842f8:	400a4000 	.word	0x400a4000
   842fc:	200033a8 	.word	0x200033a8
   84300:	00084011 	.word	0x00084011

00084304 <udd_ep_abort>:
	udd_endpoint_dma_set_control(ep_index, 0);
   84304:	2100      	movs	r1, #0
   84306:	4b16      	ldr	r3, [pc, #88]	@ (84360 <udd_ep_abort+0x5c>)
	uint8_t ep_index = ep & USB_EP_ADDR_MASK;
   84308:	f000 020f 	and.w	r2, r0, #15
	udd_endpoint_dma_set_control(ep_index, 0);
   8430c:	eb03 1302 	add.w	r3, r3, r2, lsl #4
{
   84310:	b410      	push	{r4}
	udd_endpoint_dma_set_control(ep_index, 0);
   84312:	6099      	str	r1, [r3, #8]
	if (ep & USB_EP_DIR_IN) {
   84314:	0601      	lsls	r1, r0, #24
   84316:	d40a      	bmi.n	8432e <udd_ep_abort+0x2a>
	udd_ep_finish_job(&udd_ep_job[ep - 1], true, ep);
   84318:	4c12      	ldr	r4, [pc, #72]	@ (84364 <udd_ep_abort+0x60>)
   8431a:	4813      	ldr	r0, [pc, #76]	@ (84368 <udd_ep_abort+0x64>)
   8431c:	1e53      	subs	r3, r2, #1
   8431e:	eb03 0343 	add.w	r3, r3, r3, lsl #1
   84322:	eb00 00c3 	add.w	r0, r0, r3, lsl #3
   84326:	2101      	movs	r1, #1
   84328:	4623      	mov	r3, r4
}
   8432a:	bc10      	pop	{r4}
	udd_ep_finish_job(&udd_ep_job[ep - 1], true, ep);
   8432c:	4718      	bx	r3
		for(;udd_nb_busy_bank(ep_index);) {
   8432e:	0151      	lsls	r1, r2, #5
   84330:	f101 2140 	add.w	r1, r1, #1073758208	@ 0x40004000
   84334:	f501 2120 	add.w	r1, r1, #655360	@ 0xa0000
   84338:	f8d1 311c 	ldr.w	r3, [r1, #284]	@ 0x11c
   8433c:	f413 2f40 	tst.w	r3, #786432	@ 0xc0000
   84340:	d0ea      	beq.n	84318 <udd_ep_abort+0x14>
			udd_kill_last_in_bank(ep_index);
   84342:	f44f 7400 	mov.w	r4, #512	@ 0x200
   84346:	f501 708a 	add.w	r0, r1, #276	@ 0x114
   8434a:	6004      	str	r4, [r0, #0]
			while(Is_udd_kill_last(ep_index));
   8434c:	f8d1 311c 	ldr.w	r3, [r1, #284]	@ 0x11c
   84350:	059b      	lsls	r3, r3, #22
   84352:	d4fb      	bmi.n	8434c <udd_ep_abort+0x48>
		for(;udd_nb_busy_bank(ep_index);) {
   84354:	f8d1 311c 	ldr.w	r3, [r1, #284]	@ 0x11c
   84358:	f413 2f40 	tst.w	r3, #786432	@ 0xc0000
   8435c:	d1f5      	bne.n	8434a <udd_ep_abort+0x46>
   8435e:	e7db      	b.n	84318 <udd_ep_abort+0x14>
   84360:	400a4300 	.word	0x400a4300
   84364:	00083089 	.word	0x00083089
   84368:	200033a8 	.word	0x200033a8

0008436c <udd_test_mode_j>:
	udd_enable_hs_test_mode();
   8436c:	4a07      	ldr	r2, [pc, #28]	@ (8438c <udd_test_mode_j+0x20>)
   8436e:	f8d2 30e0 	ldr.w	r3, [r2, #224]	@ 0xe0
   84372:	f023 0303 	bic.w	r3, r3, #3
   84376:	f043 0302 	orr.w	r3, r3, #2
   8437a:	f8c2 30e0 	str.w	r3, [r2, #224]	@ 0xe0
	udd_enable_hs_test_mode_j();
   8437e:	f8d2 30e0 	ldr.w	r3, [r2, #224]	@ 0xe0
   84382:	f043 0304 	orr.w	r3, r3, #4
   84386:	f8c2 30e0 	str.w	r3, [r2, #224]	@ 0xe0
}
   8438a:	4770      	bx	lr
   8438c:	400a4000 	.word	0x400a4000

00084390 <udd_test_mode_k>:
	udd_enable_hs_test_mode();
   84390:	4a07      	ldr	r2, [pc, #28]	@ (843b0 <udd_test_mode_k+0x20>)
   84392:	f8d2 30e0 	ldr.w	r3, [r2, #224]	@ 0xe0
   84396:	f023 0303 	bic.w	r3, r3, #3
   8439a:	f043 0302 	orr.w	r3, r3, #2
   8439e:	f8c2 30e0 	str.w	r3, [r2, #224]	@ 0xe0
	udd_enable_hs_test_mode_k();
   843a2:	f8d2 30e0 	ldr.w	r3, [r2, #224]	@ 0xe0
   843a6:	f043 0308 	orr.w	r3, r3, #8
   843aa:	f8c2 30e0 	str.w	r3, [r2, #224]	@ 0xe0
}
   843ae:	4770      	bx	lr
   843b0:	400a4000 	.word	0x400a4000

000843b4 <udd_test_mode_se0_nak>:
	udd_enable_hs_test_mode();
   843b4:	4a04      	ldr	r2, [pc, #16]	@ (843c8 <udd_test_mode_se0_nak+0x14>)
   843b6:	f8d2 30e0 	ldr.w	r3, [r2, #224]	@ 0xe0
   843ba:	f023 0303 	bic.w	r3, r3, #3
   843be:	f043 0302 	orr.w	r3, r3, #2
   843c2:	f8c2 30e0 	str.w	r3, [r2, #224]	@ 0xe0
}
   843c6:	4770      	bx	lr
   843c8:	400a4000 	.word	0x400a4000

000843cc <udd_test_mode_packet>:
{
   843cc:	e92d 41f0 	stmdb	sp!, {r4, r5, r6, r7, r8, lr}
   843d0:	b08e      	sub	sp, #56	@ 0x38
	const uint8_t test_packet[] = {
   843d2:	466d      	mov	r5, sp
	udd_disable_endpoint(0);
   843d4:	f04f 0801 	mov.w	r8, #1
	ptr_src = test_packet;
   843d8:	46ec      	mov	ip, sp
	const uint8_t test_packet[] = {
   843da:	4e20      	ldr	r6, [pc, #128]	@ (8445c <udd_test_mode_packet+0x90>)
	udd_disable_endpoint(0);
   843dc:	4f20      	ldr	r7, [pc, #128]	@ (84460 <udd_test_mode_packet+0x94>)
	const uint8_t test_packet[] = {
   843de:	ce0f      	ldmia	r6!, {r0, r1, r2, r3}
   843e0:	c50f      	stmia	r5!, {r0, r1, r2, r3}
   843e2:	ce0f      	ldmia	r6!, {r0, r1, r2, r3}
   843e4:	c50f      	stmia	r5!, {r0, r1, r2, r3}
   843e6:	ce0f      	ldmia	r6!, {r0, r1, r2, r3}
   843e8:	c50f      	stmia	r5!, {r0, r1, r2, r3}
   843ea:	e896 0003 	ldmia.w	r6, {r0, r1}
   843ee:	f845 0b04 	str.w	r0, [r5], #4
   843f2:	7029      	strb	r1, [r5, #0]
	udd_disable_endpoint(0);
   843f4:	f8c7 8108 	str.w	r8, [r7, #264]	@ 0x108
	udd_configure_endpoint(0, // endpoint number: 0
   843f8:	f8d7 3100 	ldr.w	r3, [r7, #256]	@ 0x100
   843fc:	f1cc 5e00 	rsb	lr, ip, #536870912	@ 0x20000000
   84400:	f36f 0309 	bfc	r3, #0, #10
   84404:	f043 036b 	orr.w	r3, r3, #107	@ 0x6b
   84408:	f8c7 3100 	str.w	r3, [r7, #256]	@ 0x100
	udd_enable_endpoint(0);
   8440c:	f8c7 8104 	str.w	r8, [r7, #260]	@ 0x104
	udd_enable_hs_test_mode();
   84410:	f8d7 30e0 	ldr.w	r3, [r7, #224]	@ 0xe0
   84414:	f10d 0435 	add.w	r4, sp, #53	@ 0x35
   84418:	f023 0303 	bic.w	r3, r3, #3
   8441c:	f043 0302 	orr.w	r3, r3, #2
   84420:	f8c7 30e0 	str.w	r3, [r7, #224]	@ 0xe0
	udd_enable_hs_test_mode_packet();
   84424:	f8d7 30e0 	ldr.w	r3, [r7, #224]	@ 0xe0
   84428:	f50e 1ec0 	add.w	lr, lr, #1572864	@ 0x180000
   8442c:	f043 0310 	orr.w	r3, r3, #16
   84430:	f8c7 30e0 	str.w	r3, [r7, #224]	@ 0xe0
	for (i = 0; i < sizeof(test_packet); i++) {
   84434:	eb0c 030e 	add.w	r3, ip, lr
		*ptr_dest++ = *ptr_src++;
   84438:	f81c 2b01 	ldrb.w	r2, [ip], #1
	for (i = 0; i < sizeof(test_packet); i++) {
   8443c:	45a4      	cmp	ip, r4
		*ptr_dest++ = *ptr_src++;
   8443e:	701a      	strb	r2, [r3, #0]
	for (i = 0; i < sizeof(test_packet); i++) {
   84440:	d1f8      	bne.n	84434 <udd_test_mode_packet+0x68>
	udd_ack_in_send(0);
   84442:	f44f 6180 	mov.w	r1, #1024	@ 0x400
	udd_raise_tx_pkt_ready(0);
   84446:	f44f 6200 	mov.w	r2, #2048	@ 0x800
	udd_ack_in_send(0);
   8444a:	4b05      	ldr	r3, [pc, #20]	@ (84460 <udd_test_mode_packet+0x94>)
   8444c:	f8c3 1118 	str.w	r1, [r3, #280]	@ 0x118
	udd_raise_tx_pkt_ready(0);
   84450:	f8c3 2114 	str.w	r2, [r3, #276]	@ 0x114
}
   84454:	b00e      	add	sp, #56	@ 0x38
   84456:	e8bd 81f0 	ldmia.w	sp!, {r4, r5, r6, r7, r8, pc}
   8445a:	bf00      	nop
   8445c:	0008c8c8 	.word	0x0008c8c8
   84460:	400a4000 	.word	0x400a4000

00084464 <usart_write>:
 *
 * \retval 0 on success.
 * \retval 1 on failure.
 */
uint32_t usart_write(Usart *p_usart, uint32_t c)
{
   84464:	4603      	mov	r3, r0
	if (!(p_usart->US_CSR & US_CSR_TXRDY)) {
   84466:	6942      	ldr	r2, [r0, #20]
   84468:	0792      	lsls	r2, r2, #30
		return 1;
	}

	p_usart->US_THR = US_THR_TXCHR(c);
   8446a:	bf43      	ittte	mi
   8446c:	f3c1 0108 	ubfxmi	r1, r1, #0, #9
	return 0;
   84470:	2000      	movmi	r0, #0
	p_usart->US_THR = US_THR_TXCHR(c);
   84472:	61d9      	strmi	r1, [r3, #28]
		return 1;
   84474:	2001      	movpl	r0, #1
}
   84476:	4770      	bx	lr

00084478 <usart_read>:
 * \retval 0 on success.
 * \retval 1 if no data is available or errors.
 */
uint32_t usart_read(Usart *p_usart, uint32_t *c)
{
	if (!(p_usart->US_CSR & US_CSR_RXRDY)) {
   84478:	6943      	ldr	r3, [r0, #20]
   8447a:	07db      	lsls	r3, r3, #31
   8447c:	d505      	bpl.n	8448a <usart_read+0x12>
		return 1;
	}

	/* Read character */
	*c = p_usart->US_RHR & US_RHR_RXCHR_Msk;
   8447e:	6983      	ldr	r3, [r0, #24]

	return 0;
   84480:	2000      	movs	r0, #0
	*c = p_usart->US_RHR & US_RHR_RXCHR_Msk;
   84482:	f3c3 0308 	ubfx	r3, r3, #0, #9
   84486:	600b      	str	r3, [r1, #0]
	return 0;
   84488:	4770      	bx	lr
		return 1;
   8448a:	2001      	movs	r0, #1
}
   8448c:	4770      	bx	lr
   8448e:	bf00      	nop

00084490 <_write>:
int __attribute__((weak))
_write (int file, const char *ptr, int len)
{
	int nChars = 0;

	if ((file != 1) && (file != 2) && (file!=3)) {
   84490:	1e43      	subs	r3, r0, #1
   84492:	2b02      	cmp	r3, #2
   84494:	d81e      	bhi.n	844d4 <_write+0x44>
{
   84496:	e92d 41f0 	stmdb	sp!, {r4, r5, r6, r7, r8, lr}
   8449a:	4617      	mov	r7, r2
		return -1;
	}

	for (; len != 0; --len) {
   8449c:	b1c2      	cbz	r2, 844d0 <_write+0x40>
   8449e:	460d      	mov	r5, r1
   844a0:	4614      	mov	r4, r2
   844a2:	4e0e      	ldr	r6, [pc, #56]	@ (844dc <_write+0x4c>)
   844a4:	f8df 8038 	ldr.w	r8, [pc, #56]	@ 844e0 <_write+0x50>
   844a8:	e002      	b.n	844b0 <_write+0x20>
   844aa:	1e63      	subs	r3, r4, #1
   844ac:	d00c      	beq.n	844c8 <_write+0x38>
   844ae:	461c      	mov	r4, r3
		if (ptr_put(stdio_base, *ptr++) < 0) {
   844b0:	6830      	ldr	r0, [r6, #0]
   844b2:	f8d8 3000 	ldr.w	r3, [r8]
   844b6:	f815 1b01 	ldrb.w	r1, [r5], #1
   844ba:	4798      	blx	r3
   844bc:	2800      	cmp	r0, #0
   844be:	daf4      	bge.n	844aa <_write+0x1a>
		return -1;
   844c0:	f04f 30ff 	mov.w	r0, #4294967295	@ 0xffffffff
			return -1;
		}
		++nChars;
	}
	return nChars;
}
   844c4:	e8bd 81f0 	ldmia.w	sp!, {r4, r5, r6, r7, r8, pc}
		++nChars;
   844c8:	3701      	adds	r7, #1
   844ca:	1b38      	subs	r0, r7, r4
}
   844cc:	e8bd 81f0 	ldmia.w	sp!, {r4, r5, r6, r7, r8, pc}
	return nChars;
   844d0:	4610      	mov	r0, r2
   844d2:	e7f7      	b.n	844c4 <_write+0x34>
		return -1;
   844d4:	f04f 30ff 	mov.w	r0, #4294967295	@ 0xffffffff
}
   844d8:	4770      	bx	lr
   844da:	bf00      	nop
   844dc:	20003400 	.word	0x20003400
   844e0:	200033fc 	.word	0x200033fc

000844e4 <sqrt>:
   844e4:	b5f8      	push	{r3, r4, r5, r6, r7, lr}
   844e6:	4604      	mov	r4, r0
   844e8:	460d      	mov	r5, r1
   844ea:	f000 f823 	bl	84534 <__ieee754_sqrt>
   844ee:	4622      	mov	r2, r4
   844f0:	4606      	mov	r6, r0
   844f2:	460f      	mov	r7, r1
   844f4:	462b      	mov	r3, r5
   844f6:	4620      	mov	r0, r4
   844f8:	4629      	mov	r1, r5
   844fa:	f000 fd5f 	bl	84fbc <__aeabi_dcmpun>
   844fe:	b930      	cbnz	r0, 8450e <sqrt+0x2a>
   84500:	4620      	mov	r0, r4
   84502:	4629      	mov	r1, r5
   84504:	2200      	movs	r2, #0
   84506:	2300      	movs	r3, #0
   84508:	f000 fd30 	bl	84f6c <__aeabi_dcmplt>
   8450c:	b910      	cbnz	r0, 84514 <sqrt+0x30>
   8450e:	4630      	mov	r0, r6
   84510:	4639      	mov	r1, r7
   84512:	bdf8      	pop	{r3, r4, r5, r6, r7, pc}
   84514:	f003 f820 	bl	87558 <__errno>
   84518:	2200      	movs	r2, #0
   8451a:	2300      	movs	r3, #0
   8451c:	2121      	movs	r1, #33	@ 0x21
   8451e:	6001      	str	r1, [r0, #0]
   84520:	4610      	mov	r0, r2
   84522:	4619      	mov	r1, r3
   84524:	f000 fbda 	bl	84cdc <__aeabi_ddiv>
   84528:	4606      	mov	r6, r0
   8452a:	460f      	mov	r7, r1
   8452c:	4630      	mov	r0, r6
   8452e:	4639      	mov	r1, r7
   84530:	bdf8      	pop	{r3, r4, r5, r6, r7, pc}
   84532:	bf00      	nop

00084534 <__ieee754_sqrt>:
   84534:	4a73      	ldr	r2, [pc, #460]	@ (84704 <__ieee754_sqrt+0x1d0>)
   84536:	e92d 4ff8 	stmdb	sp!, {r3, r4, r5, r6, r7, r8, r9, sl, fp, lr}
   8453a:	438a      	bics	r2, r1
   8453c:	4606      	mov	r6, r0
   8453e:	460f      	mov	r7, r1
   84540:	f000 80ac 	beq.w	8469c <__ieee754_sqrt+0x168>
   84544:	2900      	cmp	r1, #0
   84546:	460c      	mov	r4, r1
   84548:	4603      	mov	r3, r0
   8454a:	dd55      	ble.n	845f8 <__ieee754_sqrt+0xc4>
   8454c:	1508      	asrs	r0, r1, #20
   8454e:	d062      	beq.n	84616 <__ieee754_sqrt+0xe2>
   84550:	f3c4 0213 	ubfx	r2, r4, #0, #20
   84554:	07c1      	lsls	r1, r0, #31
   84556:	f2a0 37ff 	subw	r7, r0, #1023	@ 0x3ff
   8455a:	f442 1280 	orr.w	r2, r2, #1048576	@ 0x100000
   8455e:	d403      	bmi.n	84568 <__ieee754_sqrt+0x34>
   84560:	0052      	lsls	r2, r2, #1
   84562:	eb02 72d3 	add.w	r2, r2, r3, lsr #31
   84566:	005b      	lsls	r3, r3, #1
   84568:	2600      	movs	r6, #0
   8456a:	2416      	movs	r4, #22
   8456c:	f44f 1100 	mov.w	r1, #2097152	@ 0x200000
   84570:	46b4      	mov	ip, r6
   84572:	0052      	lsls	r2, r2, #1
   84574:	eb02 72d3 	add.w	r2, r2, r3, lsr #31
   84578:	107f      	asrs	r7, r7, #1
   8457a:	005b      	lsls	r3, r3, #1
   8457c:	eb0c 0001 	add.w	r0, ip, r1
   84580:	4290      	cmp	r0, r2
   84582:	ea4f 75d3 	mov.w	r5, r3, lsr #31
   84586:	ea4f 0343 	mov.w	r3, r3, lsl #1
   8458a:	dc03      	bgt.n	84594 <__ieee754_sqrt+0x60>
   8458c:	eb00 0c01 	add.w	ip, r0, r1
   84590:	1a12      	subs	r2, r2, r0
   84592:	440e      	add	r6, r1
   84594:	3c01      	subs	r4, #1
   84596:	eb05 0242 	add.w	r2, r5, r2, lsl #1
   8459a:	ea4f 0151 	mov.w	r1, r1, lsr #1
   8459e:	d1ed      	bne.n	8457c <__ieee754_sqrt+0x48>
   845a0:	2520      	movs	r5, #32
   845a2:	f04f 4000 	mov.w	r0, #2147483648	@ 0x80000000
   845a6:	46a0      	mov	r8, r4
   845a8:	e00a      	b.n	845c0 <__ieee754_sqrt+0x8c>
   845aa:	d043      	beq.n	84634 <__ieee754_sqrt+0x100>
   845ac:	0051      	lsls	r1, r2, #1
   845ae:	eb01 71d3 	add.w	r1, r1, r3, lsr #31
   845b2:	3d01      	subs	r5, #1
   845b4:	460a      	mov	r2, r1
   845b6:	ea4f 0343 	mov.w	r3, r3, lsl #1
   845ba:	ea4f 0050 	mov.w	r0, r0, lsr #1
   845be:	d045      	beq.n	8464c <__ieee754_sqrt+0x118>
   845c0:	4562      	cmp	r2, ip
   845c2:	eb00 0e08 	add.w	lr, r0, r8
   845c6:	ddf0      	ble.n	845aa <__ieee754_sqrt+0x76>
   845c8:	f1be 0f00 	cmp.w	lr, #0
   845cc:	eb0e 0800 	add.w	r8, lr, r0
   845d0:	db0c      	blt.n	845ec <__ieee754_sqrt+0xb8>
   845d2:	46e1      	mov	r9, ip
   845d4:	eba2 010c 	sub.w	r1, r2, ip
   845d8:	46cc      	mov	ip, r9
   845da:	459e      	cmp	lr, r3
   845dc:	bf88      	it	hi
   845de:	f101 31ff 	addhi.w	r1, r1, #4294967295	@ 0xffffffff
   845e2:	0049      	lsls	r1, r1, #1
   845e4:	eba3 030e 	sub.w	r3, r3, lr
   845e8:	4404      	add	r4, r0
   845ea:	e7e0      	b.n	845ae <__ieee754_sqrt+0x7a>
   845ec:	f1b8 0f00 	cmp.w	r8, #0
   845f0:	dbef      	blt.n	845d2 <__ieee754_sqrt+0x9e>
   845f2:	f10c 0901 	add.w	r9, ip, #1
   845f6:	e7ed      	b.n	845d4 <__ieee754_sqrt+0xa0>
   845f8:	f021 4200 	bic.w	r2, r1, #2147483648	@ 0x80000000
   845fc:	4302      	orrs	r2, r0
   845fe:	d044      	beq.n	8468a <__ieee754_sqrt+0x156>
   84600:	2900      	cmp	r1, #0
   84602:	d16e      	bne.n	846e2 <__ieee754_sqrt+0x1ae>
   84604:	0ada      	lsrs	r2, r3, #11
   84606:	3c15      	subs	r4, #21
   84608:	055b      	lsls	r3, r3, #21
   8460a:	2a00      	cmp	r2, #0
   8460c:	d0fa      	beq.n	84604 <__ieee754_sqrt+0xd0>
   8460e:	02d6      	lsls	r6, r2, #11
   84610:	4620      	mov	r0, r4
   84612:	d473      	bmi.n	846fc <__ieee754_sqrt+0x1c8>
   84614:	4614      	mov	r4, r2
   84616:	2200      	movs	r2, #0
   84618:	0064      	lsls	r4, r4, #1
   8461a:	02e5      	lsls	r5, r4, #11
   8461c:	4611      	mov	r1, r2
   8461e:	f102 0201 	add.w	r2, r2, #1
   84622:	d5f9      	bpl.n	84618 <__ieee754_sqrt+0xe4>
   84624:	f1c2 0520 	rsb	r5, r2, #32
   84628:	fa23 f505 	lsr.w	r5, r3, r5
   8462c:	432c      	orrs	r4, r5
   8462e:	4093      	lsls	r3, r2
   84630:	1a40      	subs	r0, r0, r1
   84632:	e78d      	b.n	84550 <__ieee754_sqrt+0x1c>
   84634:	459e      	cmp	lr, r3
   84636:	d902      	bls.n	8463e <__ieee754_sqrt+0x10a>
   84638:	ea4f 014c 	mov.w	r1, ip, lsl #1
   8463c:	e7b7      	b.n	845ae <__ieee754_sqrt+0x7a>
   8463e:	f1be 0f00 	cmp.w	lr, #0
   84642:	eb0e 0800 	add.w	r8, lr, r0
   84646:	db22      	blt.n	8468e <__ieee754_sqrt+0x15a>
   84648:	2100      	movs	r1, #0
   8464a:	e7cb      	b.n	845e4 <__ieee754_sqrt+0xb0>
   8464c:	4319      	orrs	r1, r3
   8464e:	d012      	beq.n	84676 <__ieee754_sqrt+0x142>
   84650:	f8df a0b4 	ldr.w	sl, [pc, #180]	@ 84708 <__ieee754_sqrt+0x1d4>
   84654:	f8df b0b4 	ldr.w	fp, [pc, #180]	@ 8470c <__ieee754_sqrt+0x1d8>
   84658:	e9da 0100 	ldrd	r0, r1, [sl]
   8465c:	e9db 2300 	ldrd	r2, r3, [fp]
   84660:	f000 f85a 	bl	84718 <__aeabi_dsub>
   84664:	e9da 8900 	ldrd	r8, r9, [sl]
   84668:	4602      	mov	r2, r0
   8466a:	460b      	mov	r3, r1
   8466c:	4640      	mov	r0, r8
   8466e:	4649      	mov	r1, r9
   84670:	f000 fc86 	bl	84f80 <__aeabi_dcmple>
   84674:	b9e0      	cbnz	r0, 846b0 <__ieee754_sqrt+0x17c>
   84676:	0865      	lsrs	r5, r4, #1
   84678:	1073      	asrs	r3, r6, #1
   8467a:	f103 537f 	add.w	r3, r3, #1069547520	@ 0x3fc00000
   8467e:	f503 1300 	add.w	r3, r3, #2097152	@ 0x200000
   84682:	eb03 5107 	add.w	r1, r3, r7, lsl #20
   84686:	ea45 70c6 	orr.w	r0, r5, r6, lsl #31
   8468a:	e8bd 8ff8 	ldmia.w	sp!, {r3, r4, r5, r6, r7, r8, r9, sl, fp, pc}
   8468e:	f1b8 0f00 	cmp.w	r8, #0
   84692:	dbd9      	blt.n	84648 <__ieee754_sqrt+0x114>
   84694:	2100      	movs	r1, #0
   84696:	f10c 0c01 	add.w	ip, ip, #1
   8469a:	e7a3      	b.n	845e4 <__ieee754_sqrt+0xb0>
   8469c:	4602      	mov	r2, r0
   8469e:	460b      	mov	r3, r1
   846a0:	f000 f9f2 	bl	84a88 <__aeabi_dmul>
   846a4:	4632      	mov	r2, r6
   846a6:	463b      	mov	r3, r7
   846a8:	f000 f838 	bl	8471c <__adddf3>
   846ac:	e8bd 8ff8 	ldmia.w	sp!, {r3, r4, r5, r6, r7, r8, r9, sl, fp, pc}
   846b0:	f1b4 3fff 	cmp.w	r4, #4294967295	@ 0xffffffff
   846b4:	e9da 0100 	ldrd	r0, r1, [sl]
   846b8:	e9db 2300 	ldrd	r2, r3, [fp]
   846bc:	d01a      	beq.n	846f4 <__ieee754_sqrt+0x1c0>
   846be:	e9da 8900 	ldrd	r8, r9, [sl]
   846c2:	f000 f82b 	bl	8471c <__adddf3>
   846c6:	4602      	mov	r2, r0
   846c8:	460b      	mov	r3, r1
   846ca:	4640      	mov	r0, r8
   846cc:	4649      	mov	r1, r9
   846ce:	f000 fc4d 	bl	84f6c <__aeabi_dcmplt>
   846d2:	b188      	cbz	r0, 846f8 <__ieee754_sqrt+0x1c4>
   846d4:	1ca3      	adds	r3, r4, #2
   846d6:	f104 0502 	add.w	r5, r4, #2
   846da:	bf08      	it	eq
   846dc:	3601      	addeq	r6, #1
   846de:	086d      	lsrs	r5, r5, #1
   846e0:	e7ca      	b.n	84678 <__ieee754_sqrt+0x144>
   846e2:	4602      	mov	r2, r0
   846e4:	460b      	mov	r3, r1
   846e6:	f000 f817 	bl	84718 <__aeabi_dsub>
   846ea:	4602      	mov	r2, r0
   846ec:	460b      	mov	r3, r1
   846ee:	f000 faf5 	bl	84cdc <__aeabi_ddiv>
   846f2:	e7ca      	b.n	8468a <__ieee754_sqrt+0x156>
   846f4:	3601      	adds	r6, #1
   846f6:	e7bf      	b.n	84678 <__ieee754_sqrt+0x144>
   846f8:	3401      	adds	r4, #1
   846fa:	e7bc      	b.n	84676 <__ieee754_sqrt+0x142>
   846fc:	f04f 31ff 	mov.w	r1, #4294967295	@ 0xffffffff
   84700:	4614      	mov	r4, r2
   84702:	e795      	b.n	84630 <__ieee754_sqrt+0xfc>
   84704:	7ff00000 	.word	0x7ff00000
   84708:	0008c908 	.word	0x0008c908
   8470c:	0008c900 	.word	0x0008c900

00084710 <__aeabi_drsub>:
   84710:	f081 4100 	eor.w	r1, r1, #2147483648	@ 0x80000000
   84714:	e002      	b.n	8471c <__adddf3>
   84716:	bf00      	nop

00084718 <__aeabi_dsub>:
   84718:	f083 4300 	eor.w	r3, r3, #2147483648	@ 0x80000000

0008471c <__adddf3>:
   8471c:	b530      	push	{r4, r5, lr}
   8471e:	ea4f 0441 	mov.w	r4, r1, lsl #1
   84722:	ea4f 0543 	mov.w	r5, r3, lsl #1
   84726:	ea94 0f05 	teq	r4, r5
   8472a:	bf08      	it	eq
   8472c:	ea90 0f02 	teqeq	r0, r2
   84730:	bf1f      	itttt	ne
   84732:	ea54 0c00 	orrsne.w	ip, r4, r0
   84736:	ea55 0c02 	orrsne.w	ip, r5, r2
   8473a:	ea7f 5c64 	mvnsne.w	ip, r4, asr #21
   8473e:	ea7f 5c65 	mvnsne.w	ip, r5, asr #21
   84742:	f000 80e2 	beq.w	8490a <__adddf3+0x1ee>
   84746:	ea4f 5454 	mov.w	r4, r4, lsr #21
   8474a:	ebd4 5555 	rsbs	r5, r4, r5, lsr #21
   8474e:	bfb8      	it	lt
   84750:	426d      	neglt	r5, r5
   84752:	dd0c      	ble.n	8476e <__adddf3+0x52>
   84754:	442c      	add	r4, r5
   84756:	ea80 0202 	eor.w	r2, r0, r2
   8475a:	ea81 0303 	eor.w	r3, r1, r3
   8475e:	ea82 0000 	eor.w	r0, r2, r0
   84762:	ea83 0101 	eor.w	r1, r3, r1
   84766:	ea80 0202 	eor.w	r2, r0, r2
   8476a:	ea81 0303 	eor.w	r3, r1, r3
   8476e:	2d36      	cmp	r5, #54	@ 0x36
   84770:	bf88      	it	hi
   84772:	bd30      	pophi	{r4, r5, pc}
   84774:	f011 4f00 	tst.w	r1, #2147483648	@ 0x80000000
   84778:	ea4f 3101 	mov.w	r1, r1, lsl #12
   8477c:	f44f 1c80 	mov.w	ip, #1048576	@ 0x100000
   84780:	ea4c 3111 	orr.w	r1, ip, r1, lsr #12
   84784:	d002      	beq.n	8478c <__adddf3+0x70>
   84786:	4240      	negs	r0, r0
   84788:	eb61 0141 	sbc.w	r1, r1, r1, lsl #1
   8478c:	f013 4f00 	tst.w	r3, #2147483648	@ 0x80000000
   84790:	ea4f 3303 	mov.w	r3, r3, lsl #12
   84794:	ea4c 3313 	orr.w	r3, ip, r3, lsr #12
   84798:	d002      	beq.n	847a0 <__adddf3+0x84>
   8479a:	4252      	negs	r2, r2
   8479c:	eb63 0343 	sbc.w	r3, r3, r3, lsl #1
   847a0:	ea94 0f05 	teq	r4, r5
   847a4:	f000 80a7 	beq.w	848f6 <__adddf3+0x1da>
   847a8:	f1a4 0401 	sub.w	r4, r4, #1
   847ac:	f1d5 0e20 	rsbs	lr, r5, #32
   847b0:	db0d      	blt.n	847ce <__adddf3+0xb2>
   847b2:	fa02 fc0e 	lsl.w	ip, r2, lr
   847b6:	fa22 f205 	lsr.w	r2, r2, r5
   847ba:	1880      	adds	r0, r0, r2
   847bc:	f141 0100 	adc.w	r1, r1, #0
   847c0:	fa03 f20e 	lsl.w	r2, r3, lr
   847c4:	1880      	adds	r0, r0, r2
   847c6:	fa43 f305 	asr.w	r3, r3, r5
   847ca:	4159      	adcs	r1, r3
   847cc:	e00e      	b.n	847ec <__adddf3+0xd0>
   847ce:	f1a5 0520 	sub.w	r5, r5, #32
   847d2:	f10e 0e20 	add.w	lr, lr, #32
   847d6:	2a01      	cmp	r2, #1
   847d8:	fa03 fc0e 	lsl.w	ip, r3, lr
   847dc:	bf28      	it	cs
   847de:	f04c 0c02 	orrcs.w	ip, ip, #2
   847e2:	fa43 f305 	asr.w	r3, r3, r5
   847e6:	18c0      	adds	r0, r0, r3
   847e8:	eb51 71e3 	adcs.w	r1, r1, r3, asr #31
   847ec:	f001 4500 	and.w	r5, r1, #2147483648	@ 0x80000000
   847f0:	d507      	bpl.n	84802 <__adddf3+0xe6>
   847f2:	f04f 0e00 	mov.w	lr, #0
   847f6:	f1dc 0c00 	rsbs	ip, ip, #0
   847fa:	eb7e 0000 	sbcs.w	r0, lr, r0
   847fe:	eb6e 0101 	sbc.w	r1, lr, r1
   84802:	f5b1 1f80 	cmp.w	r1, #1048576	@ 0x100000
   84806:	d31b      	bcc.n	84840 <__adddf3+0x124>
   84808:	f5b1 1f00 	cmp.w	r1, #2097152	@ 0x200000
   8480c:	d30c      	bcc.n	84828 <__adddf3+0x10c>
   8480e:	0849      	lsrs	r1, r1, #1
   84810:	ea5f 0030 	movs.w	r0, r0, rrx
   84814:	ea4f 0c3c 	mov.w	ip, ip, rrx
   84818:	f104 0401 	add.w	r4, r4, #1
   8481c:	ea4f 5244 	mov.w	r2, r4, lsl #21
   84820:	f512 0f80 	cmn.w	r2, #4194304	@ 0x400000
   84824:	f080 809a 	bcs.w	8495c <__adddf3+0x240>
   84828:	f1bc 4f00 	cmp.w	ip, #2147483648	@ 0x80000000
   8482c:	bf08      	it	eq
   8482e:	ea5f 0c50 	movseq.w	ip, r0, lsr #1
   84832:	f150 0000 	adcs.w	r0, r0, #0
   84836:	eb41 5104 	adc.w	r1, r1, r4, lsl #20
   8483a:	ea41 0105 	orr.w	r1, r1, r5
   8483e:	bd30      	pop	{r4, r5, pc}
   84840:	ea5f 0c4c 	movs.w	ip, ip, lsl #1
   84844:	4140      	adcs	r0, r0
   84846:	eb41 0101 	adc.w	r1, r1, r1
   8484a:	3c01      	subs	r4, #1
   8484c:	bf28      	it	cs
   8484e:	f5b1 1f80 	cmpcs.w	r1, #1048576	@ 0x100000
   84852:	d2e9      	bcs.n	84828 <__adddf3+0x10c>
   84854:	f091 0f00 	teq	r1, #0
   84858:	bf04      	itt	eq
   8485a:	4601      	moveq	r1, r0
   8485c:	2000      	moveq	r0, #0
   8485e:	fab1 f381 	clz	r3, r1
   84862:	bf08      	it	eq
   84864:	3320      	addeq	r3, #32
   84866:	f1a3 030b 	sub.w	r3, r3, #11
   8486a:	f1b3 0220 	subs.w	r2, r3, #32
   8486e:	da0c      	bge.n	8488a <__adddf3+0x16e>
   84870:	320c      	adds	r2, #12
   84872:	dd08      	ble.n	84886 <__adddf3+0x16a>
   84874:	f102 0c14 	add.w	ip, r2, #20
   84878:	f1c2 020c 	rsb	r2, r2, #12
   8487c:	fa01 f00c 	lsl.w	r0, r1, ip
   84880:	fa21 f102 	lsr.w	r1, r1, r2
   84884:	e00c      	b.n	848a0 <__adddf3+0x184>
   84886:	f102 0214 	add.w	r2, r2, #20
   8488a:	bfd8      	it	le
   8488c:	f1c2 0c20 	rsble	ip, r2, #32
   84890:	fa01 f102 	lsl.w	r1, r1, r2
   84894:	fa20 fc0c 	lsr.w	ip, r0, ip
   84898:	bfdc      	itt	le
   8489a:	ea41 010c 	orrle.w	r1, r1, ip
   8489e:	4090      	lslle	r0, r2
   848a0:	1ae4      	subs	r4, r4, r3
   848a2:	bfa2      	ittt	ge
   848a4:	eb01 5104 	addge.w	r1, r1, r4, lsl #20
   848a8:	4329      	orrge	r1, r5
   848aa:	bd30      	popge	{r4, r5, pc}
   848ac:	ea6f 0404 	mvn.w	r4, r4
   848b0:	3c1f      	subs	r4, #31
   848b2:	da1c      	bge.n	848ee <__adddf3+0x1d2>
   848b4:	340c      	adds	r4, #12
   848b6:	dc0e      	bgt.n	848d6 <__adddf3+0x1ba>
   848b8:	f104 0414 	add.w	r4, r4, #20
   848bc:	f1c4 0220 	rsb	r2, r4, #32
   848c0:	fa20 f004 	lsr.w	r0, r0, r4
   848c4:	fa01 f302 	lsl.w	r3, r1, r2
   848c8:	ea40 0003 	orr.w	r0, r0, r3
   848cc:	fa21 f304 	lsr.w	r3, r1, r4
   848d0:	ea45 0103 	orr.w	r1, r5, r3
   848d4:	bd30      	pop	{r4, r5, pc}
   848d6:	f1c4 040c 	rsb	r4, r4, #12
   848da:	f1c4 0220 	rsb	r2, r4, #32
   848de:	fa20 f002 	lsr.w	r0, r0, r2
   848e2:	fa01 f304 	lsl.w	r3, r1, r4
   848e6:	ea40 0003 	orr.w	r0, r0, r3
   848ea:	4629      	mov	r1, r5
   848ec:	bd30      	pop	{r4, r5, pc}
   848ee:	fa21 f004 	lsr.w	r0, r1, r4
   848f2:	4629      	mov	r1, r5
   848f4:	bd30      	pop	{r4, r5, pc}
   848f6:	f094 0f00 	teq	r4, #0
   848fa:	f483 1380 	eor.w	r3, r3, #1048576	@ 0x100000
   848fe:	bf06      	itte	eq
   84900:	f481 1180 	eoreq.w	r1, r1, #1048576	@ 0x100000
   84904:	3401      	addeq	r4, #1
   84906:	3d01      	subne	r5, #1
   84908:	e74e      	b.n	847a8 <__adddf3+0x8c>
   8490a:	ea7f 5c64 	mvns.w	ip, r4, asr #21
   8490e:	bf18      	it	ne
   84910:	ea7f 5c65 	mvnsne.w	ip, r5, asr #21
   84914:	d029      	beq.n	8496a <__adddf3+0x24e>
   84916:	ea94 0f05 	teq	r4, r5
   8491a:	bf08      	it	eq
   8491c:	ea90 0f02 	teqeq	r0, r2
   84920:	d005      	beq.n	8492e <__adddf3+0x212>
   84922:	ea54 0c00 	orrs.w	ip, r4, r0
   84926:	bf04      	itt	eq
   84928:	4619      	moveq	r1, r3
   8492a:	4610      	moveq	r0, r2
   8492c:	bd30      	pop	{r4, r5, pc}
   8492e:	ea91 0f03 	teq	r1, r3
   84932:	bf1e      	ittt	ne
   84934:	2100      	movne	r1, #0
   84936:	2000      	movne	r0, #0
   84938:	bd30      	popne	{r4, r5, pc}
   8493a:	ea5f 5c54 	movs.w	ip, r4, lsr #21
   8493e:	d105      	bne.n	8494c <__adddf3+0x230>
   84940:	0040      	lsls	r0, r0, #1
   84942:	4149      	adcs	r1, r1
   84944:	bf28      	it	cs
   84946:	f041 4100 	orrcs.w	r1, r1, #2147483648	@ 0x80000000
   8494a:	bd30      	pop	{r4, r5, pc}
   8494c:	f514 0480 	adds.w	r4, r4, #4194304	@ 0x400000
   84950:	bf3c      	itt	cc
   84952:	f501 1180 	addcc.w	r1, r1, #1048576	@ 0x100000
   84956:	bd30      	popcc	{r4, r5, pc}
   84958:	f001 4500 	and.w	r5, r1, #2147483648	@ 0x80000000
   8495c:	f045 41fe 	orr.w	r1, r5, #2130706432	@ 0x7f000000
   84960:	f441 0170 	orr.w	r1, r1, #15728640	@ 0xf00000
   84964:	f04f 0000 	mov.w	r0, #0
   84968:	bd30      	pop	{r4, r5, pc}
   8496a:	ea7f 5c64 	mvns.w	ip, r4, asr #21
   8496e:	bf1a      	itte	ne
   84970:	4619      	movne	r1, r3
   84972:	4610      	movne	r0, r2
   84974:	ea7f 5c65 	mvnseq.w	ip, r5, asr #21
   84978:	bf1c      	itt	ne
   8497a:	460b      	movne	r3, r1
   8497c:	4602      	movne	r2, r0
   8497e:	ea50 3401 	orrs.w	r4, r0, r1, lsl #12
   84982:	bf06      	itte	eq
   84984:	ea52 3503 	orrseq.w	r5, r2, r3, lsl #12
   84988:	ea91 0f03 	teqeq	r1, r3
   8498c:	f441 2100 	orrne.w	r1, r1, #524288	@ 0x80000
   84990:	bd30      	pop	{r4, r5, pc}
   84992:	bf00      	nop

00084994 <__aeabi_ui2d>:
   84994:	f090 0f00 	teq	r0, #0
   84998:	bf04      	itt	eq
   8499a:	2100      	moveq	r1, #0
   8499c:	4770      	bxeq	lr
   8499e:	b530      	push	{r4, r5, lr}
   849a0:	f44f 6480 	mov.w	r4, #1024	@ 0x400
   849a4:	f104 0432 	add.w	r4, r4, #50	@ 0x32
   849a8:	f04f 0500 	mov.w	r5, #0
   849ac:	f04f 0100 	mov.w	r1, #0
   849b0:	e750      	b.n	84854 <__adddf3+0x138>
   849b2:	bf00      	nop

000849b4 <__aeabi_i2d>:
   849b4:	f090 0f00 	teq	r0, #0
   849b8:	bf04      	itt	eq
   849ba:	2100      	moveq	r1, #0
   849bc:	4770      	bxeq	lr
   849be:	b530      	push	{r4, r5, lr}
   849c0:	f44f 6480 	mov.w	r4, #1024	@ 0x400
   849c4:	f104 0432 	add.w	r4, r4, #50	@ 0x32
   849c8:	f010 4500 	ands.w	r5, r0, #2147483648	@ 0x80000000
   849cc:	bf48      	it	mi
   849ce:	4240      	negmi	r0, r0
   849d0:	f04f 0100 	mov.w	r1, #0
   849d4:	e73e      	b.n	84854 <__adddf3+0x138>
   849d6:	bf00      	nop

000849d8 <__aeabi_f2d>:
   849d8:	0042      	lsls	r2, r0, #1
   849da:	ea4f 01e2 	mov.w	r1, r2, asr #3
   849de:	ea4f 0131 	mov.w	r1, r1, rrx
   849e2:	ea4f 7002 	mov.w	r0, r2, lsl #28
   849e6:	bf1f      	itttt	ne
   849e8:	f012 437f 	andsne.w	r3, r2, #4278190080	@ 0xff000000
   849ec:	f093 4f7f 	teqne	r3, #4278190080	@ 0xff000000
   849f0:	f081 5160 	eorne.w	r1, r1, #939524096	@ 0x38000000
   849f4:	4770      	bxne	lr
   849f6:	f032 427f 	bics.w	r2, r2, #4278190080	@ 0xff000000
   849fa:	bf08      	it	eq
   849fc:	4770      	bxeq	lr
   849fe:	f093 4f7f 	teq	r3, #4278190080	@ 0xff000000
   84a02:	bf04      	itt	eq
   84a04:	f441 2100 	orreq.w	r1, r1, #524288	@ 0x80000
   84a08:	4770      	bxeq	lr
   84a0a:	b530      	push	{r4, r5, lr}
   84a0c:	f44f 7460 	mov.w	r4, #896	@ 0x380
   84a10:	f001 4500 	and.w	r5, r1, #2147483648	@ 0x80000000
   84a14:	f021 4100 	bic.w	r1, r1, #2147483648	@ 0x80000000
   84a18:	e71c      	b.n	84854 <__adddf3+0x138>
   84a1a:	bf00      	nop

00084a1c <__aeabi_ul2d>:
   84a1c:	ea50 0201 	orrs.w	r2, r0, r1
   84a20:	bf08      	it	eq
   84a22:	4770      	bxeq	lr
   84a24:	b530      	push	{r4, r5, lr}
   84a26:	f04f 0500 	mov.w	r5, #0
   84a2a:	e00a      	b.n	84a42 <__aeabi_l2d+0x16>

00084a2c <__aeabi_l2d>:
   84a2c:	ea50 0201 	orrs.w	r2, r0, r1
   84a30:	bf08      	it	eq
   84a32:	4770      	bxeq	lr
   84a34:	b530      	push	{r4, r5, lr}
   84a36:	f011 4500 	ands.w	r5, r1, #2147483648	@ 0x80000000
   84a3a:	d502      	bpl.n	84a42 <__aeabi_l2d+0x16>
   84a3c:	4240      	negs	r0, r0
   84a3e:	eb61 0141 	sbc.w	r1, r1, r1, lsl #1
   84a42:	f44f 6480 	mov.w	r4, #1024	@ 0x400
   84a46:	f104 0432 	add.w	r4, r4, #50	@ 0x32
   84a4a:	ea5f 5c91 	movs.w	ip, r1, lsr #22
   84a4e:	f43f aed8 	beq.w	84802 <__adddf3+0xe6>
   84a52:	f04f 0203 	mov.w	r2, #3
   84a56:	ea5f 0cdc 	movs.w	ip, ip, lsr #3
   84a5a:	bf18      	it	ne
   84a5c:	3203      	addne	r2, #3
   84a5e:	ea5f 0cdc 	movs.w	ip, ip, lsr #3
   84a62:	bf18      	it	ne
   84a64:	3203      	addne	r2, #3
   84a66:	eb02 02dc 	add.w	r2, r2, ip, lsr #3
   84a6a:	f1c2 0320 	rsb	r3, r2, #32
   84a6e:	fa00 fc03 	lsl.w	ip, r0, r3
   84a72:	fa20 f002 	lsr.w	r0, r0, r2
   84a76:	fa01 fe03 	lsl.w	lr, r1, r3
   84a7a:	ea40 000e 	orr.w	r0, r0, lr
   84a7e:	fa21 f102 	lsr.w	r1, r1, r2
   84a82:	4414      	add	r4, r2
   84a84:	e6bd      	b.n	84802 <__adddf3+0xe6>
   84a86:	bf00      	nop

00084a88 <__aeabi_dmul>:
   84a88:	b570      	push	{r4, r5, r6, lr}
   84a8a:	f04f 0cff 	mov.w	ip, #255	@ 0xff
   84a8e:	f44c 6ce0 	orr.w	ip, ip, #1792	@ 0x700
   84a92:	ea1c 5411 	ands.w	r4, ip, r1, lsr #20
   84a96:	bf1d      	ittte	ne
   84a98:	ea1c 5513 	andsne.w	r5, ip, r3, lsr #20
   84a9c:	ea94 0f0c 	teqne	r4, ip
   84aa0:	ea95 0f0c 	teqne	r5, ip
   84aa4:	f000 f8de 	bleq	84c64 <__aeabi_dmul+0x1dc>
   84aa8:	442c      	add	r4, r5
   84aaa:	ea81 0603 	eor.w	r6, r1, r3
   84aae:	ea21 514c 	bic.w	r1, r1, ip, lsl #21
   84ab2:	ea23 534c 	bic.w	r3, r3, ip, lsl #21
   84ab6:	ea50 3501 	orrs.w	r5, r0, r1, lsl #12
   84aba:	bf18      	it	ne
   84abc:	ea52 3503 	orrsne.w	r5, r2, r3, lsl #12
   84ac0:	f441 1180 	orr.w	r1, r1, #1048576	@ 0x100000
   84ac4:	f443 1380 	orr.w	r3, r3, #1048576	@ 0x100000
   84ac8:	d038      	beq.n	84b3c <__aeabi_dmul+0xb4>
   84aca:	fba0 ce02 	umull	ip, lr, r0, r2
   84ace:	f04f 0500 	mov.w	r5, #0
   84ad2:	fbe1 e502 	umlal	lr, r5, r1, r2
   84ad6:	f006 4200 	and.w	r2, r6, #2147483648	@ 0x80000000
   84ada:	fbe0 e503 	umlal	lr, r5, r0, r3
   84ade:	f04f 0600 	mov.w	r6, #0
   84ae2:	fbe1 5603 	umlal	r5, r6, r1, r3
   84ae6:	f09c 0f00 	teq	ip, #0
   84aea:	bf18      	it	ne
   84aec:	f04e 0e01 	orrne.w	lr, lr, #1
   84af0:	f1a4 04ff 	sub.w	r4, r4, #255	@ 0xff
   84af4:	f5b6 7f00 	cmp.w	r6, #512	@ 0x200
   84af8:	f564 7440 	sbc.w	r4, r4, #768	@ 0x300
   84afc:	d204      	bcs.n	84b08 <__aeabi_dmul+0x80>
   84afe:	ea5f 0e4e 	movs.w	lr, lr, lsl #1
   84b02:	416d      	adcs	r5, r5
   84b04:	eb46 0606 	adc.w	r6, r6, r6
   84b08:	ea42 21c6 	orr.w	r1, r2, r6, lsl #11
   84b0c:	ea41 5155 	orr.w	r1, r1, r5, lsr #21
   84b10:	ea4f 20c5 	mov.w	r0, r5, lsl #11
   84b14:	ea40 505e 	orr.w	r0, r0, lr, lsr #21
   84b18:	ea4f 2ece 	mov.w	lr, lr, lsl #11
   84b1c:	f1b4 0cfd 	subs.w	ip, r4, #253	@ 0xfd
   84b20:	bf88      	it	hi
   84b22:	f5bc 6fe0 	cmphi.w	ip, #1792	@ 0x700
   84b26:	d81e      	bhi.n	84b66 <__aeabi_dmul+0xde>
   84b28:	f1be 4f00 	cmp.w	lr, #2147483648	@ 0x80000000
   84b2c:	bf08      	it	eq
   84b2e:	ea5f 0e50 	movseq.w	lr, r0, lsr #1
   84b32:	f150 0000 	adcs.w	r0, r0, #0
   84b36:	eb41 5104 	adc.w	r1, r1, r4, lsl #20
   84b3a:	bd70      	pop	{r4, r5, r6, pc}
   84b3c:	f006 4600 	and.w	r6, r6, #2147483648	@ 0x80000000
   84b40:	ea46 0101 	orr.w	r1, r6, r1
   84b44:	ea40 0002 	orr.w	r0, r0, r2
   84b48:	ea81 0103 	eor.w	r1, r1, r3
   84b4c:	ebb4 045c 	subs.w	r4, r4, ip, lsr #1
   84b50:	bfc2      	ittt	gt
   84b52:	ebd4 050c 	rsbsgt	r5, r4, ip
   84b56:	ea41 5104 	orrgt.w	r1, r1, r4, lsl #20
   84b5a:	bd70      	popgt	{r4, r5, r6, pc}
   84b5c:	f441 1180 	orr.w	r1, r1, #1048576	@ 0x100000
   84b60:	f04f 0e00 	mov.w	lr, #0
   84b64:	3c01      	subs	r4, #1
   84b66:	f300 80ab 	bgt.w	84cc0 <__aeabi_dmul+0x238>
   84b6a:	f114 0f36 	cmn.w	r4, #54	@ 0x36
   84b6e:	bfde      	ittt	le
   84b70:	2000      	movle	r0, #0
   84b72:	f001 4100 	andle.w	r1, r1, #2147483648	@ 0x80000000
   84b76:	bd70      	pople	{r4, r5, r6, pc}
   84b78:	f1c4 0400 	rsb	r4, r4, #0
   84b7c:	3c20      	subs	r4, #32
   84b7e:	da35      	bge.n	84bec <__aeabi_dmul+0x164>
   84b80:	340c      	adds	r4, #12
   84b82:	dc1b      	bgt.n	84bbc <__aeabi_dmul+0x134>
   84b84:	f104 0414 	add.w	r4, r4, #20
   84b88:	f1c4 0520 	rsb	r5, r4, #32
   84b8c:	fa00 f305 	lsl.w	r3, r0, r5
   84b90:	fa20 f004 	lsr.w	r0, r0, r4
   84b94:	fa01 f205 	lsl.w	r2, r1, r5
   84b98:	ea40 0002 	orr.w	r0, r0, r2
   84b9c:	f001 4200 	and.w	r2, r1, #2147483648	@ 0x80000000
   84ba0:	f021 4100 	bic.w	r1, r1, #2147483648	@ 0x80000000
   84ba4:	eb10 70d3 	adds.w	r0, r0, r3, lsr #31
   84ba8:	fa21 f604 	lsr.w	r6, r1, r4
   84bac:	eb42 0106 	adc.w	r1, r2, r6
   84bb0:	ea5e 0e43 	orrs.w	lr, lr, r3, lsl #1
   84bb4:	bf08      	it	eq
   84bb6:	ea20 70d3 	biceq.w	r0, r0, r3, lsr #31
   84bba:	bd70      	pop	{r4, r5, r6, pc}
   84bbc:	f1c4 040c 	rsb	r4, r4, #12
   84bc0:	f1c4 0520 	rsb	r5, r4, #32
   84bc4:	fa00 f304 	lsl.w	r3, r0, r4
   84bc8:	fa20 f005 	lsr.w	r0, r0, r5
   84bcc:	fa01 f204 	lsl.w	r2, r1, r4
   84bd0:	ea40 0002 	orr.w	r0, r0, r2
   84bd4:	f001 4100 	and.w	r1, r1, #2147483648	@ 0x80000000
   84bd8:	eb10 70d3 	adds.w	r0, r0, r3, lsr #31
   84bdc:	f141 0100 	adc.w	r1, r1, #0
   84be0:	ea5e 0e43 	orrs.w	lr, lr, r3, lsl #1
   84be4:	bf08      	it	eq
   84be6:	ea20 70d3 	biceq.w	r0, r0, r3, lsr #31
   84bea:	bd70      	pop	{r4, r5, r6, pc}
   84bec:	f1c4 0520 	rsb	r5, r4, #32
   84bf0:	fa00 f205 	lsl.w	r2, r0, r5
   84bf4:	ea4e 0e02 	orr.w	lr, lr, r2
   84bf8:	fa20 f304 	lsr.w	r3, r0, r4
   84bfc:	fa01 f205 	lsl.w	r2, r1, r5
   84c00:	ea43 0302 	orr.w	r3, r3, r2
   84c04:	fa21 f004 	lsr.w	r0, r1, r4
   84c08:	f001 4100 	and.w	r1, r1, #2147483648	@ 0x80000000
   84c0c:	fa21 f204 	lsr.w	r2, r1, r4
   84c10:	ea20 0002 	bic.w	r0, r0, r2
   84c14:	eb00 70d3 	add.w	r0, r0, r3, lsr #31
   84c18:	ea5e 0e43 	orrs.w	lr, lr, r3, lsl #1
   84c1c:	bf08      	it	eq
   84c1e:	ea20 70d3 	biceq.w	r0, r0, r3, lsr #31
   84c22:	bd70      	pop	{r4, r5, r6, pc}
   84c24:	f094 0f00 	teq	r4, #0
   84c28:	d10f      	bne.n	84c4a <__aeabi_dmul+0x1c2>
   84c2a:	f001 4600 	and.w	r6, r1, #2147483648	@ 0x80000000
   84c2e:	0040      	lsls	r0, r0, #1
   84c30:	eb41 0101 	adc.w	r1, r1, r1
   84c34:	f411 1f80 	tst.w	r1, #1048576	@ 0x100000
   84c38:	bf08      	it	eq
   84c3a:	3c01      	subeq	r4, #1
   84c3c:	d0f7      	beq.n	84c2e <__aeabi_dmul+0x1a6>
   84c3e:	ea41 0106 	orr.w	r1, r1, r6
   84c42:	f095 0f00 	teq	r5, #0
   84c46:	bf18      	it	ne
   84c48:	4770      	bxne	lr
   84c4a:	f003 4600 	and.w	r6, r3, #2147483648	@ 0x80000000
   84c4e:	0052      	lsls	r2, r2, #1
   84c50:	eb43 0303 	adc.w	r3, r3, r3
   84c54:	f413 1f80 	tst.w	r3, #1048576	@ 0x100000
   84c58:	bf08      	it	eq
   84c5a:	3d01      	subeq	r5, #1
   84c5c:	d0f7      	beq.n	84c4e <__aeabi_dmul+0x1c6>
   84c5e:	ea43 0306 	orr.w	r3, r3, r6
   84c62:	4770      	bx	lr
   84c64:	ea94 0f0c 	teq	r4, ip
   84c68:	ea0c 5513 	and.w	r5, ip, r3, lsr #20
   84c6c:	bf18      	it	ne
   84c6e:	ea95 0f0c 	teqne	r5, ip
   84c72:	d00c      	beq.n	84c8e <__aeabi_dmul+0x206>
   84c74:	ea50 0641 	orrs.w	r6, r0, r1, lsl #1
   84c78:	bf18      	it	ne
   84c7a:	ea52 0643 	orrsne.w	r6, r2, r3, lsl #1
   84c7e:	d1d1      	bne.n	84c24 <__aeabi_dmul+0x19c>
   84c80:	ea81 0103 	eor.w	r1, r1, r3
   84c84:	f001 4100 	and.w	r1, r1, #2147483648	@ 0x80000000
   84c88:	f04f 0000 	mov.w	r0, #0
   84c8c:	bd70      	pop	{r4, r5, r6, pc}
   84c8e:	ea50 0641 	orrs.w	r6, r0, r1, lsl #1
   84c92:	bf06      	itte	eq
   84c94:	4610      	moveq	r0, r2
   84c96:	4619      	moveq	r1, r3
   84c98:	ea52 0643 	orrsne.w	r6, r2, r3, lsl #1
   84c9c:	d019      	beq.n	84cd2 <__aeabi_dmul+0x24a>
   84c9e:	ea94 0f0c 	teq	r4, ip
   84ca2:	d102      	bne.n	84caa <__aeabi_dmul+0x222>
   84ca4:	ea50 3601 	orrs.w	r6, r0, r1, lsl #12
   84ca8:	d113      	bne.n	84cd2 <__aeabi_dmul+0x24a>
   84caa:	ea95 0f0c 	teq	r5, ip
   84cae:	d105      	bne.n	84cbc <__aeabi_dmul+0x234>
   84cb0:	ea52 3603 	orrs.w	r6, r2, r3, lsl #12
   84cb4:	bf1c      	itt	ne
   84cb6:	4610      	movne	r0, r2
   84cb8:	4619      	movne	r1, r3
   84cba:	d10a      	bne.n	84cd2 <__aeabi_dmul+0x24a>
   84cbc:	ea81 0103 	eor.w	r1, r1, r3
   84cc0:	f001 4100 	and.w	r1, r1, #2147483648	@ 0x80000000
   84cc4:	f041 41fe 	orr.w	r1, r1, #2130706432	@ 0x7f000000
   84cc8:	f441 0170 	orr.w	r1, r1, #15728640	@ 0xf00000
   84ccc:	f04f 0000 	mov.w	r0, #0
   84cd0:	bd70      	pop	{r4, r5, r6, pc}
   84cd2:	f041 41fe 	orr.w	r1, r1, #2130706432	@ 0x7f000000
   84cd6:	f441 0178 	orr.w	r1, r1, #16252928	@ 0xf80000
   84cda:	bd70      	pop	{r4, r5, r6, pc}

00084cdc <__aeabi_ddiv>:
   84cdc:	b570      	push	{r4, r5, r6, lr}
   84cde:	f04f 0cff 	mov.w	ip, #255	@ 0xff
   84ce2:	f44c 6ce0 	orr.w	ip, ip, #1792	@ 0x700
   84ce6:	ea1c 5411 	ands.w	r4, ip, r1, lsr #20
   84cea:	bf1d      	ittte	ne
   84cec:	ea1c 5513 	andsne.w	r5, ip, r3, lsr #20
   84cf0:	ea94 0f0c 	teqne	r4, ip
   84cf4:	ea95 0f0c 	teqne	r5, ip
   84cf8:	f000 f8a7 	bleq	84e4a <__aeabi_ddiv+0x16e>
   84cfc:	eba4 0405 	sub.w	r4, r4, r5
   84d00:	ea81 0e03 	eor.w	lr, r1, r3
   84d04:	ea52 3503 	orrs.w	r5, r2, r3, lsl #12
   84d08:	ea4f 3101 	mov.w	r1, r1, lsl #12
   84d0c:	f000 8088 	beq.w	84e20 <__aeabi_ddiv+0x144>
   84d10:	ea4f 3303 	mov.w	r3, r3, lsl #12
   84d14:	f04f 5580 	mov.w	r5, #268435456	@ 0x10000000
   84d18:	ea45 1313 	orr.w	r3, r5, r3, lsr #4
   84d1c:	ea43 6312 	orr.w	r3, r3, r2, lsr #24
   84d20:	ea4f 2202 	mov.w	r2, r2, lsl #8
   84d24:	ea45 1511 	orr.w	r5, r5, r1, lsr #4
   84d28:	ea45 6510 	orr.w	r5, r5, r0, lsr #24
   84d2c:	ea4f 2600 	mov.w	r6, r0, lsl #8
   84d30:	f00e 4100 	and.w	r1, lr, #2147483648	@ 0x80000000
   84d34:	429d      	cmp	r5, r3
   84d36:	bf08      	it	eq
   84d38:	4296      	cmpeq	r6, r2
   84d3a:	f144 04fd 	adc.w	r4, r4, #253	@ 0xfd
   84d3e:	f504 7440 	add.w	r4, r4, #768	@ 0x300
   84d42:	d202      	bcs.n	84d4a <__aeabi_ddiv+0x6e>
   84d44:	085b      	lsrs	r3, r3, #1
   84d46:	ea4f 0232 	mov.w	r2, r2, rrx
   84d4a:	1ab6      	subs	r6, r6, r2
   84d4c:	eb65 0503 	sbc.w	r5, r5, r3
   84d50:	085b      	lsrs	r3, r3, #1
   84d52:	ea4f 0232 	mov.w	r2, r2, rrx
   84d56:	f44f 1080 	mov.w	r0, #1048576	@ 0x100000
   84d5a:	f44f 2c00 	mov.w	ip, #524288	@ 0x80000
   84d5e:	ebb6 0e02 	subs.w	lr, r6, r2
   84d62:	eb75 0e03 	sbcs.w	lr, r5, r3
   84d66:	bf22      	ittt	cs
   84d68:	1ab6      	subcs	r6, r6, r2
   84d6a:	4675      	movcs	r5, lr
   84d6c:	ea40 000c 	orrcs.w	r0, r0, ip
   84d70:	085b      	lsrs	r3, r3, #1
   84d72:	ea4f 0232 	mov.w	r2, r2, rrx
   84d76:	ebb6 0e02 	subs.w	lr, r6, r2
   84d7a:	eb75 0e03 	sbcs.w	lr, r5, r3
   84d7e:	bf22      	ittt	cs
   84d80:	1ab6      	subcs	r6, r6, r2
   84d82:	4675      	movcs	r5, lr
   84d84:	ea40 005c 	orrcs.w	r0, r0, ip, lsr #1
   84d88:	085b      	lsrs	r3, r3, #1
   84d8a:	ea4f 0232 	mov.w	r2, r2, rrx
   84d8e:	ebb6 0e02 	subs.w	lr, r6, r2
   84d92:	eb75 0e03 	sbcs.w	lr, r5, r3
   84d96:	bf22      	ittt	cs
   84d98:	1ab6      	subcs	r6, r6, r2
   84d9a:	4675      	movcs	r5, lr
   84d9c:	ea40 009c 	orrcs.w	r0, r0, ip, lsr #2
   84da0:	085b      	lsrs	r3, r3, #1
   84da2:	ea4f 0232 	mov.w	r2, r2, rrx
   84da6:	ebb6 0e02 	subs.w	lr, r6, r2
   84daa:	eb75 0e03 	sbcs.w	lr, r5, r3
   84dae:	bf22      	ittt	cs
   84db0:	1ab6      	subcs	r6, r6, r2
   84db2:	4675      	movcs	r5, lr
   84db4:	ea40 00dc 	orrcs.w	r0, r0, ip, lsr #3
   84db8:	ea55 0e06 	orrs.w	lr, r5, r6
   84dbc:	d018      	beq.n	84df0 <__aeabi_ddiv+0x114>
   84dbe:	ea4f 1505 	mov.w	r5, r5, lsl #4
   84dc2:	ea45 7516 	orr.w	r5, r5, r6, lsr #28
   84dc6:	ea4f 1606 	mov.w	r6, r6, lsl #4
   84dca:	ea4f 03c3 	mov.w	r3, r3, lsl #3
   84dce:	ea43 7352 	orr.w	r3, r3, r2, lsr #29
   84dd2:	ea4f 02c2 	mov.w	r2, r2, lsl #3
   84dd6:	ea5f 1c1c 	movs.w	ip, ip, lsr #4
   84dda:	d1c0      	bne.n	84d5e <__aeabi_ddiv+0x82>
   84ddc:	f411 1f80 	tst.w	r1, #1048576	@ 0x100000
   84de0:	d10b      	bne.n	84dfa <__aeabi_ddiv+0x11e>
   84de2:	ea41 0100 	orr.w	r1, r1, r0
   84de6:	f04f 0000 	mov.w	r0, #0
   84dea:	f04f 4c00 	mov.w	ip, #2147483648	@ 0x80000000
   84dee:	e7b6      	b.n	84d5e <__aeabi_ddiv+0x82>
   84df0:	f411 1f80 	tst.w	r1, #1048576	@ 0x100000
   84df4:	bf04      	itt	eq
   84df6:	4301      	orreq	r1, r0
   84df8:	2000      	moveq	r0, #0
   84dfa:	f1b4 0cfd 	subs.w	ip, r4, #253	@ 0xfd
   84dfe:	bf88      	it	hi
   84e00:	f5bc 6fe0 	cmphi.w	ip, #1792	@ 0x700
   84e04:	f63f aeaf 	bhi.w	84b66 <__aeabi_dmul+0xde>
   84e08:	ebb5 0c03 	subs.w	ip, r5, r3
   84e0c:	bf04      	itt	eq
   84e0e:	ebb6 0c02 	subseq.w	ip, r6, r2
   84e12:	ea5f 0c50 	movseq.w	ip, r0, lsr #1
   84e16:	f150 0000 	adcs.w	r0, r0, #0
   84e1a:	eb41 5104 	adc.w	r1, r1, r4, lsl #20
   84e1e:	bd70      	pop	{r4, r5, r6, pc}
   84e20:	f00e 4e00 	and.w	lr, lr, #2147483648	@ 0x80000000
   84e24:	ea4e 3111 	orr.w	r1, lr, r1, lsr #12
   84e28:	eb14 045c 	adds.w	r4, r4, ip, lsr #1
   84e2c:	bfc2      	ittt	gt
   84e2e:	ebd4 050c 	rsbsgt	r5, r4, ip
   84e32:	ea41 5104 	orrgt.w	r1, r1, r4, lsl #20
   84e36:	bd70      	popgt	{r4, r5, r6, pc}
   84e38:	f441 1180 	orr.w	r1, r1, #1048576	@ 0x100000
   84e3c:	f04f 0e00 	mov.w	lr, #0
   84e40:	3c01      	subs	r4, #1
   84e42:	e690      	b.n	84b66 <__aeabi_dmul+0xde>
   84e44:	ea45 0e06 	orr.w	lr, r5, r6
   84e48:	e68d      	b.n	84b66 <__aeabi_dmul+0xde>
   84e4a:	ea0c 5513 	and.w	r5, ip, r3, lsr #20
   84e4e:	ea94 0f0c 	teq	r4, ip
   84e52:	bf08      	it	eq
   84e54:	ea95 0f0c 	teqeq	r5, ip
   84e58:	f43f af3b 	beq.w	84cd2 <__aeabi_dmul+0x24a>
   84e5c:	ea94 0f0c 	teq	r4, ip
   84e60:	d10a      	bne.n	84e78 <__aeabi_ddiv+0x19c>
   84e62:	ea50 3401 	orrs.w	r4, r0, r1, lsl #12
   84e66:	f47f af34 	bne.w	84cd2 <__aeabi_dmul+0x24a>
   84e6a:	ea95 0f0c 	teq	r5, ip
   84e6e:	f47f af25 	bne.w	84cbc <__aeabi_dmul+0x234>
   84e72:	4610      	mov	r0, r2
   84e74:	4619      	mov	r1, r3
   84e76:	e72c      	b.n	84cd2 <__aeabi_dmul+0x24a>
   84e78:	ea95 0f0c 	teq	r5, ip
   84e7c:	d106      	bne.n	84e8c <__aeabi_ddiv+0x1b0>
   84e7e:	ea52 3503 	orrs.w	r5, r2, r3, lsl #12
   84e82:	f43f aefd 	beq.w	84c80 <__aeabi_dmul+0x1f8>
   84e86:	4610      	mov	r0, r2
   84e88:	4619      	mov	r1, r3
   84e8a:	e722      	b.n	84cd2 <__aeabi_dmul+0x24a>
   84e8c:	ea50 0641 	orrs.w	r6, r0, r1, lsl #1
   84e90:	bf18      	it	ne
   84e92:	ea52 0643 	orrsne.w	r6, r2, r3, lsl #1
   84e96:	f47f aec5 	bne.w	84c24 <__aeabi_dmul+0x19c>
   84e9a:	ea50 0441 	orrs.w	r4, r0, r1, lsl #1
   84e9e:	f47f af0d 	bne.w	84cbc <__aeabi_dmul+0x234>
   84ea2:	ea52 0543 	orrs.w	r5, r2, r3, lsl #1
   84ea6:	f47f aeeb 	bne.w	84c80 <__aeabi_dmul+0x1f8>
   84eaa:	e712      	b.n	84cd2 <__aeabi_dmul+0x24a>

00084eac <__gedf2>:
   84eac:	f04f 3cff 	mov.w	ip, #4294967295	@ 0xffffffff
   84eb0:	e006      	b.n	84ec0 <__cmpdf2+0x4>
   84eb2:	bf00      	nop

00084eb4 <__ledf2>:
   84eb4:	f04f 0c01 	mov.w	ip, #1
   84eb8:	e002      	b.n	84ec0 <__cmpdf2+0x4>
   84eba:	bf00      	nop

00084ebc <__cmpdf2>:
   84ebc:	f04f 0c01 	mov.w	ip, #1
   84ec0:	f84d cd04 	str.w	ip, [sp, #-4]!
   84ec4:	ea4f 0c41 	mov.w	ip, r1, lsl #1
   84ec8:	ea7f 5c6c 	mvns.w	ip, ip, asr #21
   84ecc:	ea4f 0c43 	mov.w	ip, r3, lsl #1
   84ed0:	bf18      	it	ne
   84ed2:	ea7f 5c6c 	mvnsne.w	ip, ip, asr #21
   84ed6:	d01b      	beq.n	84f10 <__cmpdf2+0x54>
   84ed8:	b001      	add	sp, #4
   84eda:	ea50 0c41 	orrs.w	ip, r0, r1, lsl #1
   84ede:	bf0c      	ite	eq
   84ee0:	ea52 0c43 	orrseq.w	ip, r2, r3, lsl #1
   84ee4:	ea91 0f03 	teqne	r1, r3
   84ee8:	bf02      	ittt	eq
   84eea:	ea90 0f02 	teqeq	r0, r2
   84eee:	2000      	moveq	r0, #0
   84ef0:	4770      	bxeq	lr
   84ef2:	f110 0f00 	cmn.w	r0, #0
   84ef6:	ea91 0f03 	teq	r1, r3
   84efa:	bf58      	it	pl
   84efc:	4299      	cmppl	r1, r3
   84efe:	bf08      	it	eq
   84f00:	4290      	cmpeq	r0, r2
   84f02:	bf2c      	ite	cs
   84f04:	17d8      	asrcs	r0, r3, #31
   84f06:	ea6f 70e3 	mvncc.w	r0, r3, asr #31
   84f0a:	f040 0001 	orr.w	r0, r0, #1
   84f0e:	4770      	bx	lr
   84f10:	ea4f 0c41 	mov.w	ip, r1, lsl #1
   84f14:	ea7f 5c6c 	mvns.w	ip, ip, asr #21
   84f18:	d102      	bne.n	84f20 <__cmpdf2+0x64>
   84f1a:	ea50 3c01 	orrs.w	ip, r0, r1, lsl #12
   84f1e:	d107      	bne.n	84f30 <__cmpdf2+0x74>
   84f20:	ea4f 0c43 	mov.w	ip, r3, lsl #1
   84f24:	ea7f 5c6c 	mvns.w	ip, ip, asr #21
   84f28:	d1d6      	bne.n	84ed8 <__cmpdf2+0x1c>
   84f2a:	ea52 3c03 	orrs.w	ip, r2, r3, lsl #12
   84f2e:	d0d3      	beq.n	84ed8 <__cmpdf2+0x1c>
   84f30:	f85d 0b04 	ldr.w	r0, [sp], #4
   84f34:	4770      	bx	lr
   84f36:	bf00      	nop

00084f38 <__aeabi_cdrcmple>:
   84f38:	4684      	mov	ip, r0
   84f3a:	4610      	mov	r0, r2
   84f3c:	4662      	mov	r2, ip
   84f3e:	468c      	mov	ip, r1
   84f40:	4619      	mov	r1, r3
   84f42:	4663      	mov	r3, ip
   84f44:	e000      	b.n	84f48 <__aeabi_cdcmpeq>
   84f46:	bf00      	nop

00084f48 <__aeabi_cdcmpeq>:
   84f48:	b501      	push	{r0, lr}
   84f4a:	f7ff ffb7 	bl	84ebc <__cmpdf2>
   84f4e:	2800      	cmp	r0, #0
   84f50:	bf48      	it	mi
   84f52:	f110 0f00 	cmnmi.w	r0, #0
   84f56:	bd01      	pop	{r0, pc}

00084f58 <__aeabi_dcmpeq>:
   84f58:	f84d ed08 	str.w	lr, [sp, #-8]!
   84f5c:	f7ff fff4 	bl	84f48 <__aeabi_cdcmpeq>
   84f60:	bf0c      	ite	eq
   84f62:	2001      	moveq	r0, #1
   84f64:	2000      	movne	r0, #0
   84f66:	f85d fb08 	ldr.w	pc, [sp], #8
   84f6a:	bf00      	nop

00084f6c <__aeabi_dcmplt>:
   84f6c:	f84d ed08 	str.w	lr, [sp, #-8]!
   84f70:	f7ff ffea 	bl	84f48 <__aeabi_cdcmpeq>
   84f74:	bf34      	ite	cc
   84f76:	2001      	movcc	r0, #1
   84f78:	2000      	movcs	r0, #0
   84f7a:	f85d fb08 	ldr.w	pc, [sp], #8
   84f7e:	bf00      	nop

00084f80 <__aeabi_dcmple>:
   84f80:	f84d ed08 	str.w	lr, [sp, #-8]!
   84f84:	f7ff ffe0 	bl	84f48 <__aeabi_cdcmpeq>
   84f88:	bf94      	ite	ls
   84f8a:	2001      	movls	r0, #1
   84f8c:	2000      	movhi	r0, #0
   84f8e:	f85d fb08 	ldr.w	pc, [sp], #8
   84f92:	bf00      	nop

00084f94 <__aeabi_dcmpge>:
   84f94:	f84d ed08 	str.w	lr, [sp, #-8]!
   84f98:	f7ff ffce 	bl	84f38 <__aeabi_cdrcmple>
   84f9c:	bf94      	ite	ls
   84f9e:	2001      	movls	r0, #1
   84fa0:	2000      	movhi	r0, #0
   84fa2:	f85d fb08 	ldr.w	pc, [sp], #8
   84fa6:	bf00      	nop

00084fa8 <__aeabi_dcmpgt>:
   84fa8:	f84d ed08 	str.w	lr, [sp, #-8]!
   84fac:	f7ff ffc4 	bl	84f38 <__aeabi_cdrcmple>
   84fb0:	bf34      	ite	cc
   84fb2:	2001      	movcc	r0, #1
   84fb4:	2000      	movcs	r0, #0
   84fb6:	f85d fb08 	ldr.w	pc, [sp], #8
   84fba:	bf00      	nop

00084fbc <__aeabi_dcmpun>:
   84fbc:	ea4f 0c41 	mov.w	ip, r1, lsl #1
   84fc0:	ea7f 5c6c 	mvns.w	ip, ip, asr #21
   84fc4:	d102      	bne.n	84fcc <__aeabi_dcmpun+0x10>
   84fc6:	ea50 3c01 	orrs.w	ip, r0, r1, lsl #12
   84fca:	d10a      	bne.n	84fe2 <__aeabi_dcmpun+0x26>
   84fcc:	ea4f 0c43 	mov.w	ip, r3, lsl #1
   84fd0:	ea7f 5c6c 	mvns.w	ip, ip, asr #21
   84fd4:	d102      	bne.n	84fdc <__aeabi_dcmpun+0x20>
   84fd6:	ea52 3c03 	orrs.w	ip, r2, r3, lsl #12
   84fda:	d102      	bne.n	84fe2 <__aeabi_dcmpun+0x26>
   84fdc:	f04f 0000 	mov.w	r0, #0
   84fe0:	4770      	bx	lr
   84fe2:	f04f 0001 	mov.w	r0, #1
   84fe6:	4770      	bx	lr

00084fe8 <__aeabi_d2iz>:
   84fe8:	ea4f 0241 	mov.w	r2, r1, lsl #1
   84fec:	f512 1200 	adds.w	r2, r2, #2097152	@ 0x200000
   84ff0:	d215      	bcs.n	8501e <__aeabi_d2iz+0x36>
   84ff2:	d511      	bpl.n	85018 <__aeabi_d2iz+0x30>
   84ff4:	f46f 7378 	mvn.w	r3, #992	@ 0x3e0
   84ff8:	ebb3 5262 	subs.w	r2, r3, r2, asr #21
   84ffc:	d912      	bls.n	85024 <__aeabi_d2iz+0x3c>
   84ffe:	ea4f 23c1 	mov.w	r3, r1, lsl #11
   85002:	f043 4300 	orr.w	r3, r3, #2147483648	@ 0x80000000
   85006:	ea43 5350 	orr.w	r3, r3, r0, lsr #21
   8500a:	f011 4f00 	tst.w	r1, #2147483648	@ 0x80000000
   8500e:	fa23 f002 	lsr.w	r0, r3, r2
   85012:	bf18      	it	ne
   85014:	4240      	negne	r0, r0
   85016:	4770      	bx	lr
   85018:	f04f 0000 	mov.w	r0, #0
   8501c:	4770      	bx	lr
   8501e:	ea50 3001 	orrs.w	r0, r0, r1, lsl #12
   85022:	d105      	bne.n	85030 <__aeabi_d2iz+0x48>
   85024:	f011 4000 	ands.w	r0, r1, #2147483648	@ 0x80000000
   85028:	bf08      	it	eq
   8502a:	f06f 4000 	mvneq.w	r0, #2147483648	@ 0x80000000
   8502e:	4770      	bx	lr
   85030:	f04f 0000 	mov.w	r0, #0
   85034:	4770      	bx	lr
   85036:	bf00      	nop

00085038 <__aeabi_d2f>:
   85038:	ea4f 0241 	mov.w	r2, r1, lsl #1
   8503c:	f1b2 43e0 	subs.w	r3, r2, #1879048192	@ 0x70000000
   85040:	bf24      	itt	cs
   85042:	f5b3 1c00 	subscs.w	ip, r3, #2097152	@ 0x200000
   85046:	f1dc 5cfe 	rsbscs	ip, ip, #532676608	@ 0x1fc00000
   8504a:	d90d      	bls.n	85068 <__aeabi_d2f+0x30>
   8504c:	f001 4c00 	and.w	ip, r1, #2147483648	@ 0x80000000
   85050:	ea4f 02c0 	mov.w	r2, r0, lsl #3
   85054:	ea4c 7050 	orr.w	r0, ip, r0, lsr #29
   85058:	f1b2 4f00 	cmp.w	r2, #2147483648	@ 0x80000000
   8505c:	eb40 0083 	adc.w	r0, r0, r3, lsl #2
   85060:	bf08      	it	eq
   85062:	f020 0001 	biceq.w	r0, r0, #1
   85066:	4770      	bx	lr
   85068:	f011 4f80 	tst.w	r1, #1073741824	@ 0x40000000
   8506c:	d121      	bne.n	850b2 <__aeabi_d2f+0x7a>
   8506e:	f113 7238 	adds.w	r2, r3, #48234496	@ 0x2e00000
   85072:	bfbc      	itt	lt
   85074:	f001 4000 	andlt.w	r0, r1, #2147483648	@ 0x80000000
   85078:	4770      	bxlt	lr
   8507a:	f441 1180 	orr.w	r1, r1, #1048576	@ 0x100000
   8507e:	ea4f 5252 	mov.w	r2, r2, lsr #21
   85082:	f1c2 0218 	rsb	r2, r2, #24
   85086:	f1c2 0c20 	rsb	ip, r2, #32
   8508a:	fa10 f30c 	lsls.w	r3, r0, ip
   8508e:	fa20 f002 	lsr.w	r0, r0, r2
   85092:	bf18      	it	ne
   85094:	f040 0001 	orrne.w	r0, r0, #1
   85098:	ea4f 23c1 	mov.w	r3, r1, lsl #11
   8509c:	ea4f 23d3 	mov.w	r3, r3, lsr #11
   850a0:	fa03 fc0c 	lsl.w	ip, r3, ip
   850a4:	ea40 000c 	orr.w	r0, r0, ip
   850a8:	fa23 f302 	lsr.w	r3, r3, r2
   850ac:	ea4f 0343 	mov.w	r3, r3, lsl #1
   850b0:	e7cc      	b.n	8504c <__aeabi_d2f+0x14>
   850b2:	ea7f 5362 	mvns.w	r3, r2, asr #21
   850b6:	d107      	bne.n	850c8 <__aeabi_d2f+0x90>
   850b8:	ea50 3301 	orrs.w	r3, r0, r1, lsl #12
   850bc:	bf1e      	ittt	ne
   850be:	f04f 40fe 	movne.w	r0, #2130706432	@ 0x7f000000
   850c2:	f440 0040 	orrne.w	r0, r0, #12582912	@ 0xc00000
   850c6:	4770      	bxne	lr
   850c8:	f001 4000 	and.w	r0, r1, #2147483648	@ 0x80000000
   850cc:	f040 40fe 	orr.w	r0, r0, #2130706432	@ 0x7f000000
   850d0:	f440 0000 	orr.w	r0, r0, #8388608	@ 0x800000
   850d4:	4770      	bx	lr
   850d6:	bf00      	nop

000850d8 <__aeabi_frsub>:
   850d8:	f080 4000 	eor.w	r0, r0, #2147483648	@ 0x80000000
   850dc:	e002      	b.n	850e4 <__addsf3>
   850de:	bf00      	nop

000850e0 <__aeabi_fsub>:
   850e0:	f081 4100 	eor.w	r1, r1, #2147483648	@ 0x80000000

000850e4 <__addsf3>:
   850e4:	0042      	lsls	r2, r0, #1
   850e6:	bf1f      	itttt	ne
   850e8:	ea5f 0341 	movsne.w	r3, r1, lsl #1
   850ec:	ea92 0f03 	teqne	r2, r3
   850f0:	ea7f 6c22 	mvnsne.w	ip, r2, asr #24
   850f4:	ea7f 6c23 	mvnsne.w	ip, r3, asr #24
   850f8:	d06a      	beq.n	851d0 <__addsf3+0xec>
   850fa:	ea4f 6212 	mov.w	r2, r2, lsr #24
   850fe:	ebd2 6313 	rsbs	r3, r2, r3, lsr #24
   85102:	bfc1      	itttt	gt
   85104:	18d2      	addgt	r2, r2, r3
   85106:	4041      	eorgt	r1, r0
   85108:	4048      	eorgt	r0, r1
   8510a:	4041      	eorgt	r1, r0
   8510c:	bfb8      	it	lt
   8510e:	425b      	neglt	r3, r3
   85110:	2b19      	cmp	r3, #25
   85112:	bf88      	it	hi
   85114:	4770      	bxhi	lr
   85116:	f010 4f00 	tst.w	r0, #2147483648	@ 0x80000000
   8511a:	f440 0000 	orr.w	r0, r0, #8388608	@ 0x800000
   8511e:	f020 407f 	bic.w	r0, r0, #4278190080	@ 0xff000000
   85122:	bf18      	it	ne
   85124:	4240      	negne	r0, r0
   85126:	f011 4f00 	tst.w	r1, #2147483648	@ 0x80000000
   8512a:	f441 0100 	orr.w	r1, r1, #8388608	@ 0x800000
   8512e:	f021 417f 	bic.w	r1, r1, #4278190080	@ 0xff000000
   85132:	bf18      	it	ne
   85134:	4249      	negne	r1, r1
   85136:	ea92 0f03 	teq	r2, r3
   8513a:	d03f      	beq.n	851bc <__addsf3+0xd8>
   8513c:	f1a2 0201 	sub.w	r2, r2, #1
   85140:	fa41 fc03 	asr.w	ip, r1, r3
   85144:	eb10 000c 	adds.w	r0, r0, ip
   85148:	f1c3 0320 	rsb	r3, r3, #32
   8514c:	fa01 f103 	lsl.w	r1, r1, r3
   85150:	f000 4300 	and.w	r3, r0, #2147483648	@ 0x80000000
   85154:	d502      	bpl.n	8515c <__addsf3+0x78>
   85156:	4249      	negs	r1, r1
   85158:	eb60 0040 	sbc.w	r0, r0, r0, lsl #1
   8515c:	f5b0 0f00 	cmp.w	r0, #8388608	@ 0x800000
   85160:	d313      	bcc.n	8518a <__addsf3+0xa6>
   85162:	f1b0 7f80 	cmp.w	r0, #16777216	@ 0x1000000
   85166:	d306      	bcc.n	85176 <__addsf3+0x92>
   85168:	0840      	lsrs	r0, r0, #1
   8516a:	ea4f 0131 	mov.w	r1, r1, rrx
   8516e:	f102 0201 	add.w	r2, r2, #1
   85172:	2afe      	cmp	r2, #254	@ 0xfe
   85174:	d251      	bcs.n	8521a <__addsf3+0x136>
   85176:	f1b1 4f00 	cmp.w	r1, #2147483648	@ 0x80000000
   8517a:	eb40 50c2 	adc.w	r0, r0, r2, lsl #23
   8517e:	bf08      	it	eq
   85180:	f020 0001 	biceq.w	r0, r0, #1
   85184:	ea40 0003 	orr.w	r0, r0, r3
   85188:	4770      	bx	lr
   8518a:	0049      	lsls	r1, r1, #1
   8518c:	eb40 0000 	adc.w	r0, r0, r0
   85190:	3a01      	subs	r2, #1
   85192:	bf28      	it	cs
   85194:	f5b0 0f00 	cmpcs.w	r0, #8388608	@ 0x800000
   85198:	d2ed      	bcs.n	85176 <__addsf3+0x92>
   8519a:	fab0 fc80 	clz	ip, r0
   8519e:	f1ac 0c08 	sub.w	ip, ip, #8
   851a2:	ebb2 020c 	subs.w	r2, r2, ip
   851a6:	fa00 f00c 	lsl.w	r0, r0, ip
   851aa:	bfaa      	itet	ge
   851ac:	eb00 50c2 	addge.w	r0, r0, r2, lsl #23
   851b0:	4252      	neglt	r2, r2
   851b2:	4318      	orrge	r0, r3
   851b4:	bfbc      	itt	lt
   851b6:	40d0      	lsrlt	r0, r2
   851b8:	4318      	orrlt	r0, r3
   851ba:	4770      	bx	lr
   851bc:	f092 0f00 	teq	r2, #0
   851c0:	f481 0100 	eor.w	r1, r1, #8388608	@ 0x800000
   851c4:	bf06      	itte	eq
   851c6:	f480 0000 	eoreq.w	r0, r0, #8388608	@ 0x800000
   851ca:	3201      	addeq	r2, #1
   851cc:	3b01      	subne	r3, #1
   851ce:	e7b5      	b.n	8513c <__addsf3+0x58>
   851d0:	ea4f 0341 	mov.w	r3, r1, lsl #1
   851d4:	ea7f 6c22 	mvns.w	ip, r2, asr #24
   851d8:	bf18      	it	ne
   851da:	ea7f 6c23 	mvnsne.w	ip, r3, asr #24
   851de:	d021      	beq.n	85224 <__addsf3+0x140>
   851e0:	ea92 0f03 	teq	r2, r3
   851e4:	d004      	beq.n	851f0 <__addsf3+0x10c>
   851e6:	f092 0f00 	teq	r2, #0
   851ea:	bf08      	it	eq
   851ec:	4608      	moveq	r0, r1
   851ee:	4770      	bx	lr
   851f0:	ea90 0f01 	teq	r0, r1
   851f4:	bf1c      	itt	ne
   851f6:	2000      	movne	r0, #0
   851f8:	4770      	bxne	lr
   851fa:	f012 4f7f 	tst.w	r2, #4278190080	@ 0xff000000
   851fe:	d104      	bne.n	8520a <__addsf3+0x126>
   85200:	0040      	lsls	r0, r0, #1
   85202:	bf28      	it	cs
   85204:	f040 4000 	orrcs.w	r0, r0, #2147483648	@ 0x80000000
   85208:	4770      	bx	lr
   8520a:	f112 7200 	adds.w	r2, r2, #33554432	@ 0x2000000
   8520e:	bf3c      	itt	cc
   85210:	f500 0000 	addcc.w	r0, r0, #8388608	@ 0x800000
   85214:	4770      	bxcc	lr
   85216:	f000 4300 	and.w	r3, r0, #2147483648	@ 0x80000000
   8521a:	f043 40fe 	orr.w	r0, r3, #2130706432	@ 0x7f000000
   8521e:	f440 0000 	orr.w	r0, r0, #8388608	@ 0x800000
   85222:	4770      	bx	lr
   85224:	ea7f 6222 	mvns.w	r2, r2, asr #24
   85228:	bf16      	itet	ne
   8522a:	4608      	movne	r0, r1
   8522c:	ea7f 6323 	mvnseq.w	r3, r3, asr #24
   85230:	4601      	movne	r1, r0
   85232:	0242      	lsls	r2, r0, #9
   85234:	bf06      	itte	eq
   85236:	ea5f 2341 	movseq.w	r3, r1, lsl #9
   8523a:	ea90 0f01 	teqeq	r0, r1
   8523e:	f440 0080 	orrne.w	r0, r0, #4194304	@ 0x400000
   85242:	4770      	bx	lr

00085244 <__aeabi_ui2f>:
   85244:	f04f 0300 	mov.w	r3, #0
   85248:	e004      	b.n	85254 <__aeabi_i2f+0x8>
   8524a:	bf00      	nop

0008524c <__aeabi_i2f>:
   8524c:	f010 4300 	ands.w	r3, r0, #2147483648	@ 0x80000000
   85250:	bf48      	it	mi
   85252:	4240      	negmi	r0, r0
   85254:	ea5f 0c00 	movs.w	ip, r0
   85258:	bf08      	it	eq
   8525a:	4770      	bxeq	lr
   8525c:	f043 4396 	orr.w	r3, r3, #1258291200	@ 0x4b000000
   85260:	4601      	mov	r1, r0
   85262:	f04f 0000 	mov.w	r0, #0
   85266:	e01c      	b.n	852a2 <__aeabi_l2f+0x2a>

00085268 <__aeabi_ul2f>:
   85268:	ea50 0201 	orrs.w	r2, r0, r1
   8526c:	bf08      	it	eq
   8526e:	4770      	bxeq	lr
   85270:	f04f 0300 	mov.w	r3, #0
   85274:	e00a      	b.n	8528c <__aeabi_l2f+0x14>
   85276:	bf00      	nop

00085278 <__aeabi_l2f>:
   85278:	ea50 0201 	orrs.w	r2, r0, r1
   8527c:	bf08      	it	eq
   8527e:	4770      	bxeq	lr
   85280:	f011 4300 	ands.w	r3, r1, #2147483648	@ 0x80000000
   85284:	d502      	bpl.n	8528c <__aeabi_l2f+0x14>
   85286:	4240      	negs	r0, r0
   85288:	eb61 0141 	sbc.w	r1, r1, r1, lsl #1
   8528c:	ea5f 0c01 	movs.w	ip, r1
   85290:	bf02      	ittt	eq
   85292:	4684      	moveq	ip, r0
   85294:	4601      	moveq	r1, r0
   85296:	2000      	moveq	r0, #0
   85298:	f043 43b6 	orr.w	r3, r3, #1526726656	@ 0x5b000000
   8529c:	bf08      	it	eq
   8529e:	f1a3 5380 	subeq.w	r3, r3, #268435456	@ 0x10000000
   852a2:	f5a3 0300 	sub.w	r3, r3, #8388608	@ 0x800000
   852a6:	fabc f28c 	clz	r2, ip
   852aa:	3a08      	subs	r2, #8
   852ac:	eba3 53c2 	sub.w	r3, r3, r2, lsl #23
   852b0:	db10      	blt.n	852d4 <__aeabi_l2f+0x5c>
   852b2:	fa01 fc02 	lsl.w	ip, r1, r2
   852b6:	4463      	add	r3, ip
   852b8:	fa00 fc02 	lsl.w	ip, r0, r2
   852bc:	f1c2 0220 	rsb	r2, r2, #32
   852c0:	f1bc 4f00 	cmp.w	ip, #2147483648	@ 0x80000000
   852c4:	fa20 f202 	lsr.w	r2, r0, r2
   852c8:	eb43 0002 	adc.w	r0, r3, r2
   852cc:	bf08      	it	eq
   852ce:	f020 0001 	biceq.w	r0, r0, #1
   852d2:	4770      	bx	lr
   852d4:	f102 0220 	add.w	r2, r2, #32
   852d8:	fa01 fc02 	lsl.w	ip, r1, r2
   852dc:	f1c2 0220 	rsb	r2, r2, #32
   852e0:	ea50 004c 	orrs.w	r0, r0, ip, lsl #1
   852e4:	fa21 f202 	lsr.w	r2, r1, r2
   852e8:	eb43 0002 	adc.w	r0, r3, r2
   852ec:	bf08      	it	eq
   852ee:	ea20 70dc 	biceq.w	r0, r0, ip, lsr #31
   852f2:	4770      	bx	lr

000852f4 <__aeabi_fmul>:
   852f4:	f04f 0cff 	mov.w	ip, #255	@ 0xff
   852f8:	ea1c 52d0 	ands.w	r2, ip, r0, lsr #23
   852fc:	bf1e      	ittt	ne
   852fe:	ea1c 53d1 	andsne.w	r3, ip, r1, lsr #23
   85302:	ea92 0f0c 	teqne	r2, ip
   85306:	ea93 0f0c 	teqne	r3, ip
   8530a:	d06f      	beq.n	853ec <__aeabi_fmul+0xf8>
   8530c:	441a      	add	r2, r3
   8530e:	ea80 0c01 	eor.w	ip, r0, r1
   85312:	0240      	lsls	r0, r0, #9
   85314:	bf18      	it	ne
   85316:	ea5f 2141 	movsne.w	r1, r1, lsl #9
   8531a:	d01e      	beq.n	8535a <__aeabi_fmul+0x66>
   8531c:	f04f 6300 	mov.w	r3, #134217728	@ 0x8000000
   85320:	ea43 1050 	orr.w	r0, r3, r0, lsr #5
   85324:	ea43 1151 	orr.w	r1, r3, r1, lsr #5
   85328:	fba0 3101 	umull	r3, r1, r0, r1
   8532c:	f00c 4000 	and.w	r0, ip, #2147483648	@ 0x80000000
   85330:	f5b1 0f00 	cmp.w	r1, #8388608	@ 0x800000
   85334:	bf3e      	ittt	cc
   85336:	0049      	lslcc	r1, r1, #1
   85338:	ea41 71d3 	orrcc.w	r1, r1, r3, lsr #31
   8533c:	005b      	lslcc	r3, r3, #1
   8533e:	ea40 0001 	orr.w	r0, r0, r1
   85342:	f162 027f 	sbc.w	r2, r2, #127	@ 0x7f
   85346:	2afd      	cmp	r2, #253	@ 0xfd
   85348:	d81d      	bhi.n	85386 <__aeabi_fmul+0x92>
   8534a:	f1b3 4f00 	cmp.w	r3, #2147483648	@ 0x80000000
   8534e:	eb40 50c2 	adc.w	r0, r0, r2, lsl #23
   85352:	bf08      	it	eq
   85354:	f020 0001 	biceq.w	r0, r0, #1
   85358:	4770      	bx	lr
   8535a:	f090 0f00 	teq	r0, #0
   8535e:	f00c 4c00 	and.w	ip, ip, #2147483648	@ 0x80000000
   85362:	bf08      	it	eq
   85364:	0249      	lsleq	r1, r1, #9
   85366:	ea4c 2050 	orr.w	r0, ip, r0, lsr #9
   8536a:	ea40 2051 	orr.w	r0, r0, r1, lsr #9
   8536e:	3a7f      	subs	r2, #127	@ 0x7f
   85370:	bfc2      	ittt	gt
   85372:	f1d2 03ff 	rsbsgt	r3, r2, #255	@ 0xff
   85376:	ea40 50c2 	orrgt.w	r0, r0, r2, lsl #23
   8537a:	4770      	bxgt	lr
   8537c:	f440 0000 	orr.w	r0, r0, #8388608	@ 0x800000
   85380:	f04f 0300 	mov.w	r3, #0
   85384:	3a01      	subs	r2, #1
   85386:	dc5d      	bgt.n	85444 <__aeabi_fmul+0x150>
   85388:	f112 0f19 	cmn.w	r2, #25
   8538c:	bfdc      	itt	le
   8538e:	f000 4000 	andle.w	r0, r0, #2147483648	@ 0x80000000
   85392:	4770      	bxle	lr
   85394:	f1c2 0200 	rsb	r2, r2, #0
   85398:	0041      	lsls	r1, r0, #1
   8539a:	fa21 f102 	lsr.w	r1, r1, r2
   8539e:	f1c2 0220 	rsb	r2, r2, #32
   853a2:	fa00 fc02 	lsl.w	ip, r0, r2
   853a6:	ea5f 0031 	movs.w	r0, r1, rrx
   853aa:	f140 0000 	adc.w	r0, r0, #0
   853ae:	ea53 034c 	orrs.w	r3, r3, ip, lsl #1
   853b2:	bf08      	it	eq
   853b4:	ea20 70dc 	biceq.w	r0, r0, ip, lsr #31
   853b8:	4770      	bx	lr
   853ba:	f092 0f00 	teq	r2, #0
   853be:	f000 4c00 	and.w	ip, r0, #2147483648	@ 0x80000000
   853c2:	bf02      	ittt	eq
   853c4:	0040      	lsleq	r0, r0, #1
   853c6:	f410 0f00 	tsteq.w	r0, #8388608	@ 0x800000
   853ca:	3a01      	subeq	r2, #1
   853cc:	d0f9      	beq.n	853c2 <__aeabi_fmul+0xce>
   853ce:	ea40 000c 	orr.w	r0, r0, ip
   853d2:	f093 0f00 	teq	r3, #0
   853d6:	f001 4c00 	and.w	ip, r1, #2147483648	@ 0x80000000
   853da:	bf02      	ittt	eq
   853dc:	0049      	lsleq	r1, r1, #1
   853de:	f411 0f00 	tsteq.w	r1, #8388608	@ 0x800000
   853e2:	3b01      	subeq	r3, #1
   853e4:	d0f9      	beq.n	853da <__aeabi_fmul+0xe6>
   853e6:	ea41 010c 	orr.w	r1, r1, ip
   853ea:	e78f      	b.n	8530c <__aeabi_fmul+0x18>
   853ec:	ea0c 53d1 	and.w	r3, ip, r1, lsr #23
   853f0:	ea92 0f0c 	teq	r2, ip
   853f4:	bf18      	it	ne
   853f6:	ea93 0f0c 	teqne	r3, ip
   853fa:	d00a      	beq.n	85412 <__aeabi_fmul+0x11e>
   853fc:	f030 4c00 	bics.w	ip, r0, #2147483648	@ 0x80000000
   85400:	bf18      	it	ne
   85402:	f031 4c00 	bicsne.w	ip, r1, #2147483648	@ 0x80000000
   85406:	d1d8      	bne.n	853ba <__aeabi_fmul+0xc6>
   85408:	ea80 0001 	eor.w	r0, r0, r1
   8540c:	f000 4000 	and.w	r0, r0, #2147483648	@ 0x80000000
   85410:	4770      	bx	lr
   85412:	f090 0f00 	teq	r0, #0
   85416:	bf17      	itett	ne
   85418:	f090 4f00 	teqne	r0, #2147483648	@ 0x80000000
   8541c:	4608      	moveq	r0, r1
   8541e:	f091 0f00 	teqne	r1, #0
   85422:	f091 4f00 	teqne	r1, #2147483648	@ 0x80000000
   85426:	d014      	beq.n	85452 <__aeabi_fmul+0x15e>
   85428:	ea92 0f0c 	teq	r2, ip
   8542c:	d101      	bne.n	85432 <__aeabi_fmul+0x13e>
   8542e:	0242      	lsls	r2, r0, #9
   85430:	d10f      	bne.n	85452 <__aeabi_fmul+0x15e>
   85432:	ea93 0f0c 	teq	r3, ip
   85436:	d103      	bne.n	85440 <__aeabi_fmul+0x14c>
   85438:	024b      	lsls	r3, r1, #9
   8543a:	bf18      	it	ne
   8543c:	4608      	movne	r0, r1
   8543e:	d108      	bne.n	85452 <__aeabi_fmul+0x15e>
   85440:	ea80 0001 	eor.w	r0, r0, r1
   85444:	f000 4000 	and.w	r0, r0, #2147483648	@ 0x80000000
   85448:	f040 40fe 	orr.w	r0, r0, #2130706432	@ 0x7f000000
   8544c:	f440 0000 	orr.w	r0, r0, #8388608	@ 0x800000
   85450:	4770      	bx	lr
   85452:	f040 40fe 	orr.w	r0, r0, #2130706432	@ 0x7f000000
   85456:	f440 0040 	orr.w	r0, r0, #12582912	@ 0xc00000
   8545a:	4770      	bx	lr

0008545c <__aeabi_fdiv>:
   8545c:	f04f 0cff 	mov.w	ip, #255	@ 0xff
   85460:	ea1c 52d0 	ands.w	r2, ip, r0, lsr #23
   85464:	bf1e      	ittt	ne
   85466:	ea1c 53d1 	andsne.w	r3, ip, r1, lsr #23
   8546a:	ea92 0f0c 	teqne	r2, ip
   8546e:	ea93 0f0c 	teqne	r3, ip
   85472:	d069      	beq.n	85548 <__aeabi_fdiv+0xec>
   85474:	eba2 0203 	sub.w	r2, r2, r3
   85478:	ea80 0c01 	eor.w	ip, r0, r1
   8547c:	0249      	lsls	r1, r1, #9
   8547e:	ea4f 2040 	mov.w	r0, r0, lsl #9
   85482:	d037      	beq.n	854f4 <__aeabi_fdiv+0x98>
   85484:	f04f 5380 	mov.w	r3, #268435456	@ 0x10000000
   85488:	ea43 1111 	orr.w	r1, r3, r1, lsr #4
   8548c:	ea43 1310 	orr.w	r3, r3, r0, lsr #4
   85490:	f00c 4000 	and.w	r0, ip, #2147483648	@ 0x80000000
   85494:	428b      	cmp	r3, r1
   85496:	bf38      	it	cc
   85498:	005b      	lslcc	r3, r3, #1
   8549a:	f142 027d 	adc.w	r2, r2, #125	@ 0x7d
   8549e:	f44f 0c00 	mov.w	ip, #8388608	@ 0x800000
   854a2:	428b      	cmp	r3, r1
   854a4:	bf24      	itt	cs
   854a6:	1a5b      	subcs	r3, r3, r1
   854a8:	ea40 000c 	orrcs.w	r0, r0, ip
   854ac:	ebb3 0f51 	cmp.w	r3, r1, lsr #1
   854b0:	bf24      	itt	cs
   854b2:	eba3 0351 	subcs.w	r3, r3, r1, lsr #1
   854b6:	ea40 005c 	orrcs.w	r0, r0, ip, lsr #1
   854ba:	ebb3 0f91 	cmp.w	r3, r1, lsr #2
   854be:	bf24      	itt	cs
   854c0:	eba3 0391 	subcs.w	r3, r3, r1, lsr #2
   854c4:	ea40 009c 	orrcs.w	r0, r0, ip, lsr #2
   854c8:	ebb3 0fd1 	cmp.w	r3, r1, lsr #3
   854cc:	bf24      	itt	cs
   854ce:	eba3 03d1 	subcs.w	r3, r3, r1, lsr #3
   854d2:	ea40 00dc 	orrcs.w	r0, r0, ip, lsr #3
   854d6:	011b      	lsls	r3, r3, #4
   854d8:	bf18      	it	ne
   854da:	ea5f 1c1c 	movsne.w	ip, ip, lsr #4
   854de:	d1e0      	bne.n	854a2 <__aeabi_fdiv+0x46>
   854e0:	2afd      	cmp	r2, #253	@ 0xfd
   854e2:	f63f af50 	bhi.w	85386 <__aeabi_fmul+0x92>
   854e6:	428b      	cmp	r3, r1
   854e8:	eb40 50c2 	adc.w	r0, r0, r2, lsl #23
   854ec:	bf08      	it	eq
   854ee:	f020 0001 	biceq.w	r0, r0, #1
   854f2:	4770      	bx	lr
   854f4:	f00c 4c00 	and.w	ip, ip, #2147483648	@ 0x80000000
   854f8:	ea4c 2050 	orr.w	r0, ip, r0, lsr #9
   854fc:	327f      	adds	r2, #127	@ 0x7f
   854fe:	bfc2      	ittt	gt
   85500:	f1d2 03ff 	rsbsgt	r3, r2, #255	@ 0xff
   85504:	ea40 50c2 	orrgt.w	r0, r0, r2, lsl #23
   85508:	4770      	bxgt	lr
   8550a:	f440 0000 	orr.w	r0, r0, #8388608	@ 0x800000
   8550e:	f04f 0300 	mov.w	r3, #0
   85512:	3a01      	subs	r2, #1
   85514:	e737      	b.n	85386 <__aeabi_fmul+0x92>
   85516:	f092 0f00 	teq	r2, #0
   8551a:	f000 4c00 	and.w	ip, r0, #2147483648	@ 0x80000000
   8551e:	bf02      	ittt	eq
   85520:	0040      	lsleq	r0, r0, #1
   85522:	f410 0f00 	tsteq.w	r0, #8388608	@ 0x800000
   85526:	3a01      	subeq	r2, #1
   85528:	d0f9      	beq.n	8551e <__aeabi_fdiv+0xc2>
   8552a:	ea40 000c 	orr.w	r0, r0, ip
   8552e:	f093 0f00 	teq	r3, #0
   85532:	f001 4c00 	and.w	ip, r1, #2147483648	@ 0x80000000
   85536:	bf02      	ittt	eq
   85538:	0049      	lsleq	r1, r1, #1
   8553a:	f411 0f00 	tsteq.w	r1, #8388608	@ 0x800000
   8553e:	3b01      	subeq	r3, #1
   85540:	d0f9      	beq.n	85536 <__aeabi_fdiv+0xda>
   85542:	ea41 010c 	orr.w	r1, r1, ip
   85546:	e795      	b.n	85474 <__aeabi_fdiv+0x18>
   85548:	ea0c 53d1 	and.w	r3, ip, r1, lsr #23
   8554c:	ea92 0f0c 	teq	r2, ip
   85550:	d108      	bne.n	85564 <__aeabi_fdiv+0x108>
   85552:	0242      	lsls	r2, r0, #9
   85554:	f47f af7d 	bne.w	85452 <__aeabi_fmul+0x15e>
   85558:	ea93 0f0c 	teq	r3, ip
   8555c:	f47f af70 	bne.w	85440 <__aeabi_fmul+0x14c>
   85560:	4608      	mov	r0, r1
   85562:	e776      	b.n	85452 <__aeabi_fmul+0x15e>
   85564:	ea93 0f0c 	teq	r3, ip
   85568:	d104      	bne.n	85574 <__aeabi_fdiv+0x118>
   8556a:	024b      	lsls	r3, r1, #9
   8556c:	f43f af4c 	beq.w	85408 <__aeabi_fmul+0x114>
   85570:	4608      	mov	r0, r1
   85572:	e76e      	b.n	85452 <__aeabi_fmul+0x15e>
   85574:	f030 4c00 	bics.w	ip, r0, #2147483648	@ 0x80000000
   85578:	bf18      	it	ne
   8557a:	f031 4c00 	bicsne.w	ip, r1, #2147483648	@ 0x80000000
   8557e:	d1ca      	bne.n	85516 <__aeabi_fdiv+0xba>
   85580:	f030 4200 	bics.w	r2, r0, #2147483648	@ 0x80000000
   85584:	f47f af5c 	bne.w	85440 <__aeabi_fmul+0x14c>
   85588:	f031 4300 	bics.w	r3, r1, #2147483648	@ 0x80000000
   8558c:	f47f af3c 	bne.w	85408 <__aeabi_fmul+0x114>
   85590:	e75f      	b.n	85452 <__aeabi_fmul+0x15e>
   85592:	bf00      	nop

00085594 <__aeabi_f2iz>:
   85594:	ea4f 0240 	mov.w	r2, r0, lsl #1
   85598:	f1b2 4ffe 	cmp.w	r2, #2130706432	@ 0x7f000000
   8559c:	d30f      	bcc.n	855be <__aeabi_f2iz+0x2a>
   8559e:	f04f 039e 	mov.w	r3, #158	@ 0x9e
   855a2:	ebb3 6212 	subs.w	r2, r3, r2, lsr #24
   855a6:	d90d      	bls.n	855c4 <__aeabi_f2iz+0x30>
   855a8:	ea4f 2300 	mov.w	r3, r0, lsl #8
   855ac:	f043 4300 	orr.w	r3, r3, #2147483648	@ 0x80000000
   855b0:	f010 4f00 	tst.w	r0, #2147483648	@ 0x80000000
   855b4:	fa23 f002 	lsr.w	r0, r3, r2
   855b8:	bf18      	it	ne
   855ba:	4240      	negne	r0, r0
   855bc:	4770      	bx	lr
   855be:	f04f 0000 	mov.w	r0, #0
   855c2:	4770      	bx	lr
   855c4:	f112 0f61 	cmn.w	r2, #97	@ 0x61
   855c8:	d101      	bne.n	855ce <__aeabi_f2iz+0x3a>
   855ca:	0242      	lsls	r2, r0, #9
   855cc:	d105      	bne.n	855da <__aeabi_f2iz+0x46>
   855ce:	f010 4000 	ands.w	r0, r0, #2147483648	@ 0x80000000
   855d2:	bf08      	it	eq
   855d4:	f06f 4000 	mvneq.w	r0, #2147483648	@ 0x80000000
   855d8:	4770      	bx	lr
   855da:	f04f 0000 	mov.w	r0, #0
   855de:	4770      	bx	lr

000855e0 <iprintf>:
   855e0:	b40f      	push	{r0, r1, r2, r3}
   855e2:	b500      	push	{lr}
   855e4:	4a07      	ldr	r2, [pc, #28]	@ (85604 <iprintf+0x24>)
   855e6:	b083      	sub	sp, #12
   855e8:	ab04      	add	r3, sp, #16
   855ea:	6810      	ldr	r0, [r2, #0]
   855ec:	f853 2b04 	ldr.w	r2, [r3], #4
   855f0:	6881      	ldr	r1, [r0, #8]
   855f2:	9301      	str	r3, [sp, #4]
   855f4:	f000 f808 	bl	85608 <_vfiprintf_r>
   855f8:	b003      	add	sp, #12
   855fa:	f85d eb04 	ldr.w	lr, [sp], #4
   855fe:	b004      	add	sp, #16
   85600:	4770      	bx	lr
   85602:	bf00      	nop
   85604:	20000524 	.word	0x20000524

00085608 <_vfiprintf_r>:
   85608:	e92d 4ff0 	stmdb	sp!, {r4, r5, r6, r7, r8, r9, sl, fp, lr}
   8560c:	4605      	mov	r5, r0
   8560e:	460e      	mov	r6, r1
   85610:	b0c3      	sub	sp, #268	@ 0x10c
   85612:	af12      	add	r7, sp, #72	@ 0x48
   85614:	4692      	mov	sl, r2
   85616:	2100      	movs	r1, #0
   85618:	2208      	movs	r2, #8
   8561a:	4638      	mov	r0, r7
   8561c:	461c      	mov	r4, r3
   8561e:	46ab      	mov	fp, r5
   85620:	9602      	str	r6, [sp, #8]
   85622:	9309      	str	r3, [sp, #36]	@ 0x24
   85624:	f001 feb6 	bl	87394 <memset>
   85628:	b11d      	cbz	r5, 85632 <_vfiprintf_r+0x2a>
   8562a:	6b6b      	ldr	r3, [r5, #52]	@ 0x34
   8562c:	2b00      	cmp	r3, #0
   8562e:	f000 871f 	beq.w	86470 <_vfiprintf_r+0xe68>
   85632:	9a02      	ldr	r2, [sp, #8]
   85634:	6e53      	ldr	r3, [r2, #100]	@ 0x64
   85636:	f9b2 200c 	ldrsh.w	r2, [r2, #12]
   8563a:	07de      	lsls	r6, r3, #31
   8563c:	f140 8140 	bpl.w	858c0 <_vfiprintf_r+0x2b8>
   85640:	0495      	lsls	r5, r2, #18
   85642:	f100 85db 	bmi.w	861fc <_vfiprintf_r+0xbf4>
   85646:	9902      	ldr	r1, [sp, #8]
   85648:	f442 5200 	orr.w	r2, r2, #8192	@ 0x2000
   8564c:	f423 5300 	bic.w	r3, r3, #8192	@ 0x2000
   85650:	818a      	strh	r2, [r1, #12]
   85652:	664b      	str	r3, [r1, #100]	@ 0x64
   85654:	b212      	sxth	r2, r2
   85656:	0716      	lsls	r6, r2, #28
   85658:	f140 80be 	bpl.w	857d8 <_vfiprintf_r+0x1d0>
   8565c:	9b02      	ldr	r3, [sp, #8]
   8565e:	691b      	ldr	r3, [r3, #16]
   85660:	2b00      	cmp	r3, #0
   85662:	f000 80b9 	beq.w	857d8 <_vfiprintf_r+0x1d0>
   85666:	f002 031a 	and.w	r3, r2, #26
   8566a:	2b0a      	cmp	r3, #10
   8566c:	f000 80c3 	beq.w	857f6 <_vfiprintf_r+0x1ee>
   85670:	2300      	movs	r3, #0
   85672:	aa19      	add	r2, sp, #100	@ 0x64
   85674:	4691      	mov	r9, r2
   85676:	e9cd 3317 	strd	r3, r3, [sp, #92]	@ 0x5c
   8567a:	e9cd 330b 	strd	r3, r3, [sp, #44]	@ 0x2c
   8567e:	9216      	str	r2, [sp, #88]	@ 0x58
   85680:	930d      	str	r3, [sp, #52]	@ 0x34
   85682:	9305      	str	r3, [sp, #20]
   85684:	4655      	mov	r5, sl
   85686:	4b93      	ldr	r3, [pc, #588]	@ (858d4 <_vfiprintf_r+0x2cc>)
   85688:	f8d3 40e4 	ldr.w	r4, [r3, #228]	@ 0xe4
   8568c:	f001 ff06 	bl	8749c <__locale_mb_cur_max>
   85690:	462a      	mov	r2, r5
   85692:	4603      	mov	r3, r0
   85694:	a910      	add	r1, sp, #64	@ 0x40
   85696:	4658      	mov	r0, fp
   85698:	9700      	str	r7, [sp, #0]
   8569a:	47a0      	blx	r4
   8569c:	2800      	cmp	r0, #0
   8569e:	f000 80c9 	beq.w	85834 <_vfiprintf_r+0x22c>
   856a2:	f2c0 80bf 	blt.w	85824 <_vfiprintf_r+0x21c>
   856a6:	9b10      	ldr	r3, [sp, #64]	@ 0x40
   856a8:	2b25      	cmp	r3, #37	@ 0x25
   856aa:	d001      	beq.n	856b0 <_vfiprintf_r+0xa8>
   856ac:	4405      	add	r5, r0
   856ae:	e7ea      	b.n	85686 <_vfiprintf_r+0x7e>
   856b0:	ebb5 060a 	subs.w	r6, r5, sl
   856b4:	4604      	mov	r4, r0
   856b6:	f040 80c1 	bne.w	8583c <_vfiprintf_r+0x234>
   856ba:	2200      	movs	r2, #0
   856bc:	f04f 33ff 	mov.w	r3, #4294967295	@ 0xffffffff
   856c0:	4690      	mov	r8, r2
   856c2:	9304      	str	r3, [sp, #16]
   856c4:	786b      	ldrb	r3, [r5, #1]
   856c6:	f105 0a01 	add.w	sl, r5, #1
   856ca:	f88d 203b 	strb.w	r2, [sp, #59]	@ 0x3b
   856ce:	9206      	str	r2, [sp, #24]
   856d0:	f10a 0a01 	add.w	sl, sl, #1
   856d4:	f1a3 0220 	sub.w	r2, r3, #32
   856d8:	2a5a      	cmp	r2, #90	@ 0x5a
   856da:	f200 80fd 	bhi.w	858d8 <_vfiprintf_r+0x2d0>
   856de:	e8df f012 	tbh	[pc, r2, lsl #1]
   856e2:	0391      	.short	0x0391
   856e4:	00fb00fb 	.word	0x00fb00fb
   856e8:	00fb038c 	.word	0x00fb038c
   856ec:	00fb00fb 	.word	0x00fb00fb
   856f0:	00fb036e 	.word	0x00fb036e
   856f4:	006b00fb 	.word	0x006b00fb
   856f8:	00fb0233 	.word	0x00fb0233
   856fc:	03a1022e 	.word	0x03a1022e
   85700:	039c00fb 	.word	0x039c00fb
   85704:	005b005b 	.word	0x005b005b
   85708:	005b005b 	.word	0x005b005b
   8570c:	005b005b 	.word	0x005b005b
   85710:	005b005b 	.word	0x005b005b
   85714:	00fb005b 	.word	0x00fb005b
   85718:	00fb00fb 	.word	0x00fb00fb
   8571c:	00fb00fb 	.word	0x00fb00fb
   85720:	00fb00fb 	.word	0x00fb00fb
   85724:	00fb00fb 	.word	0x00fb00fb
   85728:	030901ea 	.word	0x030901ea
   8572c:	00fb00fb 	.word	0x00fb00fb
   85730:	00fb00fb 	.word	0x00fb00fb
   85734:	00fb00fb 	.word	0x00fb00fb
   85738:	00fb00fb 	.word	0x00fb00fb
   8573c:	00fb00fb 	.word	0x00fb00fb
   85740:	00fb0239 	.word	0x00fb0239
   85744:	00fb00fb 	.word	0x00fb00fb
   85748:	00fb01bd 	.word	0x00fb01bd
   8574c:	00fb0334 	.word	0x00fb0334
   85750:	05de00fb 	.word	0x05de00fb
   85754:	00fb00fb 	.word	0x00fb00fb
   85758:	00fb00fb 	.word	0x00fb00fb
   8575c:	00fb00fb 	.word	0x00fb00fb
   85760:	00fb00fb 	.word	0x00fb00fb
   85764:	00fb00fb 	.word	0x00fb00fb
   85768:	017b01ea 	.word	0x017b01ea
   8576c:	00fb00fb 	.word	0x00fb00fb
   85770:	032700fb 	.word	0x032700fb
   85774:	0076017b 	.word	0x0076017b
   85778:	043200fb 	.word	0x043200fb
   8577c:	042300fb 	.word	0x042300fb
   85780:	03bd040c 	.word	0x03bd040c
   85784:	00fb0076 	.word	0x00fb0076
   85788:	007301bd 	.word	0x007301bd
   8578c:	00fb0271 	.word	0x00fb0271
   85790:	060a00fb 	.word	0x060a00fb
   85794:	007300fb 	.word	0x007300fb
   85798:	f1a3 0230 	sub.w	r2, r3, #48	@ 0x30
   8579c:	2300      	movs	r3, #0
   8579e:	4619      	mov	r1, r3
   857a0:	f81a 3b01 	ldrb.w	r3, [sl], #1
   857a4:	eb01 0181 	add.w	r1, r1, r1, lsl #2
   857a8:	eb02 0141 	add.w	r1, r2, r1, lsl #1
   857ac:	f1a3 0230 	sub.w	r2, r3, #48	@ 0x30
   857b0:	2a09      	cmp	r2, #9
   857b2:	d9f5      	bls.n	857a0 <_vfiprintf_r+0x198>
   857b4:	9106      	str	r1, [sp, #24]
   857b6:	e78d      	b.n	856d4 <_vfiprintf_r+0xcc>
   857b8:	9b09      	ldr	r3, [sp, #36]	@ 0x24
   857ba:	f853 2b04 	ldr.w	r2, [r3], #4
   857be:	2a00      	cmp	r2, #0
   857c0:	9206      	str	r2, [sp, #24]
   857c2:	9309      	str	r3, [sp, #36]	@ 0x24
   857c4:	f2c0 81b8 	blt.w	85b38 <_vfiprintf_r+0x530>
   857c8:	f89a 3000 	ldrb.w	r3, [sl]
   857cc:	e780      	b.n	856d0 <_vfiprintf_r+0xc8>
   857ce:	f89a 3000 	ldrb.w	r3, [sl]
   857d2:	f048 0820 	orr.w	r8, r8, #32
   857d6:	e77b      	b.n	856d0 <_vfiprintf_r+0xc8>
   857d8:	9d02      	ldr	r5, [sp, #8]
   857da:	4658      	mov	r0, fp
   857dc:	4629      	mov	r1, r5
   857de:	f001 fcdd 	bl	8719c <__swsetup_r>
   857e2:	2800      	cmp	r0, #0
   857e4:	f040 87f3 	bne.w	867ce <_vfiprintf_r+0x11c6>
   857e8:	f9b5 200c 	ldrsh.w	r2, [r5, #12]
   857ec:	f002 031a 	and.w	r3, r2, #26
   857f0:	2b0a      	cmp	r3, #10
   857f2:	f47f af3d 	bne.w	85670 <_vfiprintf_r+0x68>
   857f6:	9902      	ldr	r1, [sp, #8]
   857f8:	f9b1 300e 	ldrsh.w	r3, [r1, #14]
   857fc:	2b00      	cmp	r3, #0
   857fe:	f6ff af37 	blt.w	85670 <_vfiprintf_r+0x68>
   85802:	6e4b      	ldr	r3, [r1, #100]	@ 0x64
   85804:	07d8      	lsls	r0, r3, #31
   85806:	d402      	bmi.n	8580e <_vfiprintf_r+0x206>
   85808:	0592      	lsls	r2, r2, #22
   8580a:	f140 8787 	bpl.w	8671c <_vfiprintf_r+0x1114>
   8580e:	4623      	mov	r3, r4
   85810:	4652      	mov	r2, sl
   85812:	4658      	mov	r0, fp
   85814:	9902      	ldr	r1, [sp, #8]
   85816:	f001 f813 	bl	86840 <__sbprintf>
   8581a:	9005      	str	r0, [sp, #20]
   8581c:	9805      	ldr	r0, [sp, #20]
   8581e:	b043      	add	sp, #268	@ 0x10c
   85820:	e8bd 8ff0 	ldmia.w	sp!, {r4, r5, r6, r7, r8, r9, sl, fp, pc}
   85824:	2208      	movs	r2, #8
   85826:	2100      	movs	r1, #0
   85828:	4638      	mov	r0, r7
   8582a:	f001 fdb3 	bl	87394 <memset>
   8582e:	2001      	movs	r0, #1
   85830:	4405      	add	r5, r0
   85832:	e728      	b.n	85686 <_vfiprintf_r+0x7e>
   85834:	ebb5 060a 	subs.w	r6, r5, sl
   85838:	4604      	mov	r4, r0
   8583a:	d011      	beq.n	85860 <_vfiprintf_r+0x258>
   8583c:	9b18      	ldr	r3, [sp, #96]	@ 0x60
   8583e:	e9c9 a600 	strd	sl, r6, [r9]
   85842:	4433      	add	r3, r6
   85844:	9318      	str	r3, [sp, #96]	@ 0x60
   85846:	9b17      	ldr	r3, [sp, #92]	@ 0x5c
   85848:	3301      	adds	r3, #1
   8584a:	2b07      	cmp	r3, #7
   8584c:	9317      	str	r3, [sp, #92]	@ 0x5c
   8584e:	dc11      	bgt.n	85874 <_vfiprintf_r+0x26c>
   85850:	f109 0908 	add.w	r9, r9, #8
   85854:	9b05      	ldr	r3, [sp, #20]
   85856:	4433      	add	r3, r6
   85858:	9305      	str	r3, [sp, #20]
   8585a:	2c00      	cmp	r4, #0
   8585c:	f47f af2d 	bne.w	856ba <_vfiprintf_r+0xb2>
   85860:	9b18      	ldr	r3, [sp, #96]	@ 0x60
   85862:	2b00      	cmp	r3, #0
   85864:	f040 8766 	bne.w	86734 <_vfiprintf_r+0x112c>
   85868:	2200      	movs	r2, #0
   8586a:	9b02      	ldr	r3, [sp, #8]
   8586c:	9217      	str	r2, [sp, #92]	@ 0x5c
   8586e:	f9b3 300c 	ldrsh.w	r3, [r3, #12]
   85872:	e019      	b.n	858a8 <_vfiprintf_r+0x2a0>
   85874:	4658      	mov	r0, fp
   85876:	9902      	ldr	r1, [sp, #8]
   85878:	aa16      	add	r2, sp, #88	@ 0x58
   8587a:	f001 f823 	bl	868c4 <__sprint_r>
   8587e:	b980      	cbnz	r0, 858a2 <_vfiprintf_r+0x29a>
   85880:	f10d 0964 	add.w	r9, sp, #100	@ 0x64
   85884:	e7e6      	b.n	85854 <_vfiprintf_r+0x24c>
   85886:	4658      	mov	r0, fp
   85888:	9902      	ldr	r1, [sp, #8]
   8588a:	aa16      	add	r2, sp, #88	@ 0x58
   8588c:	f001 f81a 	bl	868c4 <__sprint_r>
   85890:	2800      	cmp	r0, #0
   85892:	f000 808c 	beq.w	859ae <_vfiprintf_r+0x3a6>
   85896:	9b07      	ldr	r3, [sp, #28]
   85898:	b11b      	cbz	r3, 858a2 <_vfiprintf_r+0x29a>
   8589a:	4658      	mov	r0, fp
   8589c:	9907      	ldr	r1, [sp, #28]
   8589e:	f001 ffe1 	bl	87864 <_free_r>
   858a2:	9b02      	ldr	r3, [sp, #8]
   858a4:	f9b3 300c 	ldrsh.w	r3, [r3, #12]
   858a8:	9a02      	ldr	r2, [sp, #8]
   858aa:	6e52      	ldr	r2, [r2, #100]	@ 0x64
   858ac:	07d0      	lsls	r0, r2, #31
   858ae:	f140 8089 	bpl.w	859c4 <_vfiprintf_r+0x3bc>
   858b2:	065b      	lsls	r3, r3, #25
   858b4:	f100 813c 	bmi.w	85b30 <_vfiprintf_r+0x528>
   858b8:	9805      	ldr	r0, [sp, #20]
   858ba:	b043      	add	sp, #268	@ 0x10c
   858bc:	e8bd 8ff0 	ldmia.w	sp!, {r4, r5, r6, r7, r8, r9, sl, fp, pc}
   858c0:	0591      	lsls	r1, r2, #22
   858c2:	f140 811e 	bpl.w	85b02 <_vfiprintf_r+0x4fa>
   858c6:	0496      	lsls	r6, r2, #18
   858c8:	f57f aebd 	bpl.w	85646 <_vfiprintf_r+0x3e>
   858cc:	049d      	lsls	r5, r3, #18
   858ce:	f57f aec2 	bpl.w	85656 <_vfiprintf_r+0x4e>
   858d2:	e125      	b.n	85b20 <_vfiprintf_r+0x518>
   858d4:	200003b8 	.word	0x200003b8
   858d8:	2b00      	cmp	r3, #0
   858da:	d0c1      	beq.n	85860 <_vfiprintf_r+0x258>
   858dc:	2201      	movs	r2, #1
   858de:	f88d 30a4 	strb.w	r3, [sp, #164]	@ 0xa4
   858e2:	2300      	movs	r3, #0
   858e4:	e9cd 2303 	strd	r2, r3, [sp, #12]
   858e8:	9208      	str	r2, [sp, #32]
   858ea:	ad29      	add	r5, sp, #164	@ 0xa4
   858ec:	f88d 303b 	strb.w	r3, [sp, #59]	@ 0x3b
   858f0:	9307      	str	r3, [sp, #28]
   858f2:	f018 0684 	ands.w	r6, r8, #132	@ 0x84
   858f6:	e9dd c017 	ldrd	ip, r0, [sp, #92]	@ 0x5c
   858fa:	4601      	mov	r1, r0
   858fc:	4662      	mov	r2, ip
   858fe:	d12b      	bne.n	85958 <_vfiprintf_r+0x350>
   85900:	9b06      	ldr	r3, [sp, #24]
   85902:	9c03      	ldr	r4, [sp, #12]
   85904:	1b1c      	subs	r4, r3, r4
   85906:	2c00      	cmp	r4, #0
   85908:	f300 8420 	bgt.w	8614c <_vfiprintf_r+0xb44>
   8590c:	f89d 303b 	ldrb.w	r3, [sp, #59]	@ 0x3b
   85910:	b32b      	cbz	r3, 8595e <_vfiprintf_r+0x356>
   85912:	2600      	movs	r6, #0
   85914:	960a      	str	r6, [sp, #40]	@ 0x28
   85916:	2301      	movs	r3, #1
   85918:	3201      	adds	r2, #1
   8591a:	3101      	adds	r1, #1
   8591c:	f8c9 3004 	str.w	r3, [r9, #4]
   85920:	2a07      	cmp	r2, #7
   85922:	f10d 033b 	add.w	r3, sp, #59	@ 0x3b
   85926:	e9cd 2117 	strd	r2, r1, [sp, #92]	@ 0x5c
   8592a:	f8c9 3000 	str.w	r3, [r9]
   8592e:	f300 83a6 	bgt.w	8607e <_vfiprintf_r+0xa76>
   85932:	f109 0908 	add.w	r9, r9, #8
   85936:	9b0a      	ldr	r3, [sp, #40]	@ 0x28
   85938:	b173      	cbz	r3, 85958 <_vfiprintf_r+0x350>
   8593a:	2302      	movs	r3, #2
   8593c:	3201      	adds	r2, #1
   8593e:	3102      	adds	r1, #2
   85940:	f8c9 3004 	str.w	r3, [r9, #4]
   85944:	2a07      	cmp	r2, #7
   85946:	ab0f      	add	r3, sp, #60	@ 0x3c
   85948:	e9cd 2117 	strd	r2, r1, [sp, #92]	@ 0x5c
   8594c:	f8c9 3000 	str.w	r3, [r9]
   85950:	f300 8388 	bgt.w	86064 <_vfiprintf_r+0xa5c>
   85954:	f109 0908 	add.w	r9, r9, #8
   85958:	2e80      	cmp	r6, #128	@ 0x80
   8595a:	f000 8302 	beq.w	85f62 <_vfiprintf_r+0x95a>
   8595e:	9b04      	ldr	r3, [sp, #16]
   85960:	9808      	ldr	r0, [sp, #32]
   85962:	1a1c      	subs	r4, r3, r0
   85964:	2c00      	cmp	r4, #0
   85966:	f300 833e 	bgt.w	85fe6 <_vfiprintf_r+0x9de>
   8596a:	9b08      	ldr	r3, [sp, #32]
   8596c:	3201      	adds	r2, #1
   8596e:	4419      	add	r1, r3
   85970:	2a07      	cmp	r2, #7
   85972:	e9cd 2117 	strd	r2, r1, [sp, #92]	@ 0x5c
   85976:	f8c9 5000 	str.w	r5, [r9]
   8597a:	f8c9 3004 	str.w	r3, [r9, #4]
   8597e:	f300 8365 	bgt.w	8604c <_vfiprintf_r+0xa44>
   85982:	f109 0908 	add.w	r9, r9, #8
   85986:	f018 0f04 	tst.w	r8, #4
   8598a:	d005      	beq.n	85998 <_vfiprintf_r+0x390>
   8598c:	9b06      	ldr	r3, [sp, #24]
   8598e:	9a03      	ldr	r2, [sp, #12]
   85990:	1a9c      	subs	r4, r3, r2
   85992:	2c00      	cmp	r4, #0
   85994:	f300 8380 	bgt.w	86098 <_vfiprintf_r+0xa90>
   85998:	e9dd 3205 	ldrd	r3, r2, [sp, #20]
   8599c:	9803      	ldr	r0, [sp, #12]
   8599e:	4282      	cmp	r2, r0
   859a0:	bfac      	ite	ge
   859a2:	189b      	addge	r3, r3, r2
   859a4:	181b      	addlt	r3, r3, r0
   859a6:	9305      	str	r3, [sp, #20]
   859a8:	2900      	cmp	r1, #0
   859aa:	f47f af6c 	bne.w	85886 <_vfiprintf_r+0x27e>
   859ae:	2300      	movs	r3, #0
   859b0:	9317      	str	r3, [sp, #92]	@ 0x5c
   859b2:	9b07      	ldr	r3, [sp, #28]
   859b4:	b11b      	cbz	r3, 859be <_vfiprintf_r+0x3b6>
   859b6:	4658      	mov	r0, fp
   859b8:	9907      	ldr	r1, [sp, #28]
   859ba:	f001 ff53 	bl	87864 <_free_r>
   859be:	f10d 0964 	add.w	r9, sp, #100	@ 0x64
   859c2:	e65f      	b.n	85684 <_vfiprintf_r+0x7c>
   859c4:	059a      	lsls	r2, r3, #22
   859c6:	f53f af74 	bmi.w	858b2 <_vfiprintf_r+0x2aa>
   859ca:	9c02      	ldr	r4, [sp, #8]
   859cc:	6da0      	ldr	r0, [r4, #88]	@ 0x58
   859ce:	f001 fdf7 	bl	875c0 <__retarget_lock_release_recursive>
   859d2:	f9b4 300c 	ldrsh.w	r3, [r4, #12]
   859d6:	e76c      	b.n	858b2 <_vfiprintf_r+0x2aa>
   859d8:	f018 0f20 	tst.w	r8, #32
   859dc:	f000 8444 	beq.w	86268 <_vfiprintf_r+0xc60>
   859e0:	9b09      	ldr	r3, [sp, #36]	@ 0x24
   859e2:	3307      	adds	r3, #7
   859e4:	f023 0307 	bic.w	r3, r3, #7
   859e8:	461a      	mov	r2, r3
   859ea:	685b      	ldr	r3, [r3, #4]
   859ec:	f852 4b08 	ldr.w	r4, [r2], #8
   859f0:	461e      	mov	r6, r3
   859f2:	9209      	str	r2, [sp, #36]	@ 0x24
   859f4:	2b00      	cmp	r3, #0
   859f6:	f2c0 818e 	blt.w	85d16 <_vfiprintf_r+0x70e>
   859fa:	9a04      	ldr	r2, [sp, #16]
   859fc:	2a00      	cmp	r2, #0
   859fe:	db05      	blt.n	85a0c <_vfiprintf_r+0x404>
   85a00:	ea54 0306 	orrs.w	r3, r4, r6
   85a04:	f028 0880 	bic.w	r8, r8, #128	@ 0x80
   85a08:	f000 8495 	beq.w	86336 <_vfiprintf_r+0xd2e>
   85a0c:	2c0a      	cmp	r4, #10
   85a0e:	f176 0300 	sbcs.w	r3, r6, #0
   85a12:	f080 80f7 	bcs.w	85c04 <_vfiprintf_r+0x5fc>
   85a16:	f104 0330 	add.w	r3, r4, #48	@ 0x30
   85a1a:	b2db      	uxtb	r3, r3
   85a1c:	9a04      	ldr	r2, [sp, #16]
   85a1e:	f88d 3107 	strb.w	r3, [sp, #263]	@ 0x107
   85a22:	2a01      	cmp	r2, #1
   85a24:	bfb8      	it	lt
   85a26:	2201      	movlt	r2, #1
   85a28:	f89d 303b 	ldrb.w	r3, [sp, #59]	@ 0x3b
   85a2c:	9203      	str	r2, [sp, #12]
   85a2e:	2b00      	cmp	r3, #0
   85a30:	f000 83dd 	beq.w	861ee <_vfiprintf_r+0xbe6>
   85a34:	9b03      	ldr	r3, [sp, #12]
   85a36:	2400      	movs	r4, #0
   85a38:	3301      	adds	r3, #1
   85a3a:	9303      	str	r3, [sp, #12]
   85a3c:	2301      	movs	r3, #1
   85a3e:	e9cd 4307 	strd	r4, r3, [sp, #28]
   85a42:	f20d 1507 	addw	r5, sp, #263	@ 0x107
   85a46:	f018 0684 	ands.w	r6, r8, #132	@ 0x84
   85a4a:	e9dd 2117 	ldrd	r2, r1, [sp, #92]	@ 0x5c
   85a4e:	4608      	mov	r0, r1
   85a50:	4694      	mov	ip, r2
   85a52:	f43f af55 	beq.w	85900 <_vfiprintf_r+0x2f8>
   85a56:	2300      	movs	r3, #0
   85a58:	930a      	str	r3, [sp, #40]	@ 0x28
   85a5a:	e75c      	b.n	85916 <_vfiprintf_r+0x30e>
   85a5c:	2200      	movs	r2, #0
   85a5e:	9e09      	ldr	r6, [sp, #36]	@ 0x24
   85a60:	f88d 203b 	strb.w	r2, [sp, #59]	@ 0x3b
   85a64:	f856 2b04 	ldr.w	r2, [r6], #4
   85a68:	9207      	str	r2, [sp, #28]
   85a6a:	2a00      	cmp	r2, #0
   85a6c:	f000 852a 	beq.w	864c4 <_vfiprintf_r+0xebc>
   85a70:	2b53      	cmp	r3, #83	@ 0x53
   85a72:	f000 8466 	beq.w	86342 <_vfiprintf_r+0xd3a>
   85a76:	f018 0410 	ands.w	r4, r8, #16
   85a7a:	f040 8462 	bne.w	86342 <_vfiprintf_r+0xd3a>
   85a7e:	9a04      	ldr	r2, [sp, #16]
   85a80:	2a00      	cmp	r2, #0
   85a82:	f2c0 862e 	blt.w	866e2 <_vfiprintf_r+0x10da>
   85a86:	4621      	mov	r1, r4
   85a88:	9807      	ldr	r0, [sp, #28]
   85a8a:	f001 fd9b 	bl	875c4 <memchr>
   85a8e:	f89d 203b 	ldrb.w	r2, [sp, #59]	@ 0x3b
   85a92:	9d07      	ldr	r5, [sp, #28]
   85a94:	2800      	cmp	r0, #0
   85a96:	f000 867c 	beq.w	86792 <_vfiprintf_r+0x118a>
   85a9a:	1b43      	subs	r3, r0, r5
   85a9c:	9308      	str	r3, [sp, #32]
   85a9e:	ea23 73e3 	bic.w	r3, r3, r3, asr #31
   85aa2:	9303      	str	r3, [sp, #12]
   85aa4:	2a00      	cmp	r2, #0
   85aa6:	f000 866b 	beq.w	86780 <_vfiprintf_r+0x1178>
   85aaa:	3301      	adds	r3, #1
   85aac:	9404      	str	r4, [sp, #16]
   85aae:	9609      	str	r6, [sp, #36]	@ 0x24
   85ab0:	9303      	str	r3, [sp, #12]
   85ab2:	9407      	str	r4, [sp, #28]
   85ab4:	e7c7      	b.n	85a46 <_vfiprintf_r+0x43e>
   85ab6:	9a09      	ldr	r2, [sp, #36]	@ 0x24
   85ab8:	2b43      	cmp	r3, #67	@ 0x43
   85aba:	f102 0404 	add.w	r4, r2, #4
   85abe:	d003      	beq.n	85ac8 <_vfiprintf_r+0x4c0>
   85ac0:	f018 0f10 	tst.w	r8, #16
   85ac4:	f000 842d 	beq.w	86322 <_vfiprintf_r+0xd1a>
   85ac8:	2208      	movs	r2, #8
   85aca:	2100      	movs	r1, #0
   85acc:	a814      	add	r0, sp, #80	@ 0x50
   85ace:	f001 fc61 	bl	87394 <memset>
   85ad2:	9a09      	ldr	r2, [sp, #36]	@ 0x24
   85ad4:	ad29      	add	r5, sp, #164	@ 0xa4
   85ad6:	ab14      	add	r3, sp, #80	@ 0x50
   85ad8:	4629      	mov	r1, r5
   85ada:	4658      	mov	r0, fp
   85adc:	6812      	ldr	r2, [r2, #0]
   85ade:	f002 fc53 	bl	88388 <_wcrtomb_r>
   85ae2:	4603      	mov	r3, r0
   85ae4:	3301      	adds	r3, #1
   85ae6:	9008      	str	r0, [sp, #32]
   85ae8:	f000 863b 	beq.w	86762 <_vfiprintf_r+0x115a>
   85aec:	9b08      	ldr	r3, [sp, #32]
   85aee:	ea23 73e3 	bic.w	r3, r3, r3, asr #31
   85af2:	9303      	str	r3, [sp, #12]
   85af4:	2300      	movs	r3, #0
   85af6:	9409      	str	r4, [sp, #36]	@ 0x24
   85af8:	f88d 303b 	strb.w	r3, [sp, #59]	@ 0x3b
   85afc:	9307      	str	r3, [sp, #28]
   85afe:	9304      	str	r3, [sp, #16]
   85b00:	e6f7      	b.n	858f2 <_vfiprintf_r+0x2ea>
   85b02:	9d02      	ldr	r5, [sp, #8]
   85b04:	6da8      	ldr	r0, [r5, #88]	@ 0x58
   85b06:	f001 fd59 	bl	875bc <__retarget_lock_acquire_recursive>
   85b0a:	f9b5 200c 	ldrsh.w	r2, [r5, #12]
   85b0e:	6e6b      	ldr	r3, [r5, #100]	@ 0x64
   85b10:	0490      	lsls	r0, r2, #18
   85b12:	f57f ad98 	bpl.w	85646 <_vfiprintf_r+0x3e>
   85b16:	0499      	lsls	r1, r3, #18
   85b18:	f57f ad9d 	bpl.w	85656 <_vfiprintf_r+0x4e>
   85b1c:	07db      	lsls	r3, r3, #31
   85b1e:	d407      	bmi.n	85b30 <_vfiprintf_r+0x528>
   85b20:	9b02      	ldr	r3, [sp, #8]
   85b22:	899b      	ldrh	r3, [r3, #12]
   85b24:	059f      	lsls	r7, r3, #22
   85b26:	d403      	bmi.n	85b30 <_vfiprintf_r+0x528>
   85b28:	9b02      	ldr	r3, [sp, #8]
   85b2a:	6d98      	ldr	r0, [r3, #88]	@ 0x58
   85b2c:	f001 fd48 	bl	875c0 <__retarget_lock_release_recursive>
   85b30:	f04f 33ff 	mov.w	r3, #4294967295	@ 0xffffffff
   85b34:	9305      	str	r3, [sp, #20]
   85b36:	e6bf      	b.n	858b8 <_vfiprintf_r+0x2b0>
   85b38:	9b06      	ldr	r3, [sp, #24]
   85b3a:	425b      	negs	r3, r3
   85b3c:	9306      	str	r3, [sp, #24]
   85b3e:	f89a 3000 	ldrb.w	r3, [sl]
   85b42:	f048 0804 	orr.w	r8, r8, #4
   85b46:	e5c3      	b.n	856d0 <_vfiprintf_r+0xc8>
   85b48:	232b      	movs	r3, #43	@ 0x2b
   85b4a:	f88d 303b 	strb.w	r3, [sp, #59]	@ 0x3b
   85b4e:	f89a 3000 	ldrb.w	r3, [sl]
   85b52:	e5bd      	b.n	856d0 <_vfiprintf_r+0xc8>
   85b54:	f018 0f20 	tst.w	r8, #32
   85b58:	f048 0010 	orr.w	r0, r8, #16
   85b5c:	f000 8396 	beq.w	8628c <_vfiprintf_r+0xc84>
   85b60:	9b09      	ldr	r3, [sp, #36]	@ 0x24
   85b62:	3307      	adds	r3, #7
   85b64:	f023 0307 	bic.w	r3, r3, #7
   85b68:	461a      	mov	r2, r3
   85b6a:	6859      	ldr	r1, [r3, #4]
   85b6c:	f852 3b08 	ldr.w	r3, [r2], #8
   85b70:	9209      	str	r2, [sp, #36]	@ 0x24
   85b72:	2200      	movs	r2, #0
   85b74:	f88d 203b 	strb.w	r2, [sp, #59]	@ 0x3b
   85b78:	9a04      	ldr	r2, [sp, #16]
   85b7a:	2a00      	cmp	r2, #0
   85b7c:	f2c0 8334 	blt.w	861e8 <_vfiprintf_r+0xbe0>
   85b80:	ea53 0201 	orrs.w	r2, r3, r1
   85b84:	f420 6890 	bic.w	r8, r0, #1152	@ 0x480
   85b88:	f000 833c 	beq.w	86204 <_vfiprintf_r+0xbfc>
   85b8c:	ad42      	add	r5, sp, #264	@ 0x108
   85b8e:	f003 0207 	and.w	r2, r3, #7
   85b92:	08db      	lsrs	r3, r3, #3
   85b94:	ea43 7341 	orr.w	r3, r3, r1, lsl #29
   85b98:	08c9      	lsrs	r1, r1, #3
   85b9a:	3230      	adds	r2, #48	@ 0x30
   85b9c:	ea53 0401 	orrs.w	r4, r3, r1
   85ba0:	4628      	mov	r0, r5
   85ba2:	f805 2d01 	strb.w	r2, [r5, #-1]!
   85ba6:	d1f2      	bne.n	85b8e <_vfiprintf_r+0x586>
   85ba8:	f018 0301 	ands.w	r3, r8, #1
   85bac:	f040 82ac 	bne.w	86108 <_vfiprintf_r+0xb00>
   85bb0:	9a04      	ldr	r2, [sp, #16]
   85bb2:	9307      	str	r3, [sp, #28]
   85bb4:	ab42      	add	r3, sp, #264	@ 0x108
   85bb6:	1b5b      	subs	r3, r3, r5
   85bb8:	429a      	cmp	r2, r3
   85bba:	bfb8      	it	lt
   85bbc:	461a      	movlt	r2, r3
   85bbe:	9308      	str	r3, [sp, #32]
   85bc0:	9203      	str	r2, [sp, #12]
   85bc2:	e696      	b.n	858f2 <_vfiprintf_r+0x2ea>
   85bc4:	f018 0f20 	tst.w	r8, #32
   85bc8:	f040 80da 	bne.w	85d80 <_vfiprintf_r+0x778>
   85bcc:	9a09      	ldr	r2, [sp, #36]	@ 0x24
   85bce:	f018 0610 	ands.w	r6, r8, #16
   85bd2:	f852 3b04 	ldr.w	r3, [r2], #4
   85bd6:	f040 8608 	bne.w	867ea <_vfiprintf_r+0x11e2>
   85bda:	f018 0140 	ands.w	r1, r8, #64	@ 0x40
   85bde:	f000 8488 	beq.w	864f2 <_vfiprintf_r+0xeea>
   85be2:	b29c      	uxth	r4, r3
   85be4:	9b04      	ldr	r3, [sp, #16]
   85be6:	f88d 603b 	strb.w	r6, [sp, #59]	@ 0x3b
   85bea:	2b00      	cmp	r3, #0
   85bec:	db04      	blt.n	85bf8 <_vfiprintf_r+0x5f0>
   85bee:	f028 0880 	bic.w	r8, r8, #128	@ 0x80
   85bf2:	2c00      	cmp	r4, #0
   85bf4:	f000 80bf 	beq.w	85d76 <_vfiprintf_r+0x76e>
   85bf8:	2c0a      	cmp	r4, #10
   85bfa:	f176 0300 	sbcs.w	r3, r6, #0
   85bfe:	9209      	str	r2, [sp, #36]	@ 0x24
   85c00:	f4ff af09 	bcc.w	85a16 <_vfiprintf_r+0x40e>
   85c04:	e9cd 8a07 	strd	r8, sl, [sp, #28]
   85c08:	2000      	movs	r0, #0
   85c0a:	f8dd a02c 	ldr.w	sl, [sp, #44]	@ 0x2c
   85c0e:	a942      	add	r1, sp, #264	@ 0x108
   85c10:	f408 6580 	and.w	r5, r8, #1024	@ 0x400
   85c14:	f8cd 900c 	str.w	r9, [sp, #12]
   85c18:	e025      	b.n	85c66 <_vfiprintf_r+0x65e>
   85c1a:	19a3      	adds	r3, r4, r6
   85c1c:	4ac0      	ldr	r2, [pc, #768]	@ (85f20 <_vfiprintf_r+0x918>)
   85c1e:	f143 0300 	adc.w	r3, r3, #0
   85c22:	fba2 2c03 	umull	r2, ip, r2, r3
   85c26:	f02c 0203 	bic.w	r2, ip, #3
   85c2a:	eb02 029c 	add.w	r2, r2, ip, lsr #2
   85c2e:	f04f 3ccc 	mov.w	ip, #3435973836	@ 0xcccccccc
   85c32:	46a1      	mov	r9, r4
   85c34:	46b6      	mov	lr, r6
   85c36:	1a9b      	subs	r3, r3, r2
   85c38:	1ae3      	subs	r3, r4, r3
   85c3a:	fb0c f203 	mul.w	r2, ip, r3
   85c3e:	4cb8      	ldr	r4, [pc, #736]	@ (85f20 <_vfiprintf_r+0x918>)
   85c40:	f166 0600 	sbc.w	r6, r6, #0
   85c44:	fb04 2206 	mla	r2, r4, r6, r2
   85c48:	fba3 4304 	umull	r4, r3, r3, r4
   85c4c:	f1b9 0f0a 	cmp.w	r9, #10
   85c50:	4413      	add	r3, r2
   85c52:	ea4f 0454 	mov.w	r4, r4, lsr #1
   85c56:	f17e 0e00 	sbcs.w	lr, lr, #0
   85c5a:	4641      	mov	r1, r8
   85c5c:	ea44 74c3 	orr.w	r4, r4, r3, lsl #31
   85c60:	ea4f 0653 	mov.w	r6, r3, lsr #1
   85c64:	d32c      	bcc.n	85cc0 <_vfiprintf_r+0x6b8>
   85c66:	f8df e2b8 	ldr.w	lr, [pc, #696]	@ 85f20 <_vfiprintf_r+0x918>
   85c6a:	19a3      	adds	r3, r4, r6
   85c6c:	f143 0300 	adc.w	r3, r3, #0
   85c70:	fbae 2c03 	umull	r2, ip, lr, r3
   85c74:	f02c 0203 	bic.w	r2, ip, #3
   85c78:	eb02 029c 	add.w	r2, r2, ip, lsr #2
   85c7c:	1a9b      	subs	r3, r3, r2
   85c7e:	1ae3      	subs	r3, r4, r3
   85c80:	fba3 320e 	umull	r3, r2, r3, lr
   85c84:	f166 0c00 	sbc.w	ip, r6, #0
   85c88:	fb0e 220c 	mla	r2, lr, ip, r2
   85c8c:	085b      	lsrs	r3, r3, #1
   85c8e:	ea43 73c2 	orr.w	r3, r3, r2, lsl #31
   85c92:	eb03 0383 	add.w	r3, r3, r3, lsl #2
   85c96:	eba4 0343 	sub.w	r3, r4, r3, lsl #1
   85c9a:	3330      	adds	r3, #48	@ 0x30
   85c9c:	3001      	adds	r0, #1
   85c9e:	f101 38ff 	add.w	r8, r1, #4294967295	@ 0xffffffff
   85ca2:	f801 3c01 	strb.w	r3, [r1, #-1]
   85ca6:	2d00      	cmp	r5, #0
   85ca8:	d0b7      	beq.n	85c1a <_vfiprintf_r+0x612>
   85caa:	f89a 3000 	ldrb.w	r3, [sl]
   85cae:	4283      	cmp	r3, r0
   85cb0:	d1b3      	bne.n	85c1a <_vfiprintf_r+0x612>
   85cb2:	28ff      	cmp	r0, #255	@ 0xff
   85cb4:	d0b1      	beq.n	85c1a <_vfiprintf_r+0x612>
   85cb6:	2c0a      	cmp	r4, #10
   85cb8:	f176 0300 	sbcs.w	r3, r6, #0
   85cbc:	f080 8461 	bcs.w	86582 <_vfiprintf_r+0xf7a>
   85cc0:	4645      	mov	r5, r8
   85cc2:	9904      	ldr	r1, [sp, #16]
   85cc4:	aa42      	add	r2, sp, #264	@ 0x108
   85cc6:	1b52      	subs	r2, r2, r5
   85cc8:	4291      	cmp	r1, r2
   85cca:	bfb8      	it	lt
   85ccc:	4611      	movlt	r1, r2
   85cce:	f89d 303b 	ldrb.w	r3, [sp, #59]	@ 0x3b
   85cd2:	f8dd 900c 	ldr.w	r9, [sp, #12]
   85cd6:	f8cd a02c 	str.w	sl, [sp, #44]	@ 0x2c
   85cda:	9103      	str	r1, [sp, #12]
   85cdc:	e9dd 8a07 	ldrd	r8, sl, [sp, #28]
   85ce0:	9208      	str	r2, [sp, #32]
   85ce2:	2b00      	cmp	r3, #0
   85ce4:	f000 83e6 	beq.w	864b4 <_vfiprintf_r+0xeac>
   85ce8:	9b03      	ldr	r3, [sp, #12]
   85cea:	3301      	adds	r3, #1
   85cec:	9303      	str	r3, [sp, #12]
   85cee:	2300      	movs	r3, #0
   85cf0:	9307      	str	r3, [sp, #28]
   85cf2:	e6a8      	b.n	85a46 <_vfiprintf_r+0x43e>
   85cf4:	f018 0f20 	tst.w	r8, #32
   85cf8:	f048 0310 	orr.w	r3, r8, #16
   85cfc:	f040 829b 	bne.w	86236 <_vfiprintf_r+0xc2e>
   85d00:	9a09      	ldr	r2, [sp, #36]	@ 0x24
   85d02:	3204      	adds	r2, #4
   85d04:	9909      	ldr	r1, [sp, #36]	@ 0x24
   85d06:	4698      	mov	r8, r3
   85d08:	680c      	ldr	r4, [r1, #0]
   85d0a:	9209      	str	r2, [sp, #36]	@ 0x24
   85d0c:	17e6      	asrs	r6, r4, #31
   85d0e:	4633      	mov	r3, r6
   85d10:	2b00      	cmp	r3, #0
   85d12:	f6bf ae72 	bge.w	859fa <_vfiprintf_r+0x3f2>
   85d16:	232d      	movs	r3, #45	@ 0x2d
   85d18:	f88d 303b 	strb.w	r3, [sp, #59]	@ 0x3b
   85d1c:	9b04      	ldr	r3, [sp, #16]
   85d1e:	4264      	negs	r4, r4
   85d20:	eb66 0646 	sbc.w	r6, r6, r6, lsl #1
   85d24:	2b00      	cmp	r3, #0
   85d26:	f6ff ae71 	blt.w	85a0c <_vfiprintf_r+0x404>
   85d2a:	f028 0880 	bic.w	r8, r8, #128	@ 0x80
   85d2e:	e66d      	b.n	85a0c <_vfiprintf_r+0x404>
   85d30:	f89a 3000 	ldrb.w	r3, [sl]
   85d34:	2b68      	cmp	r3, #104	@ 0x68
   85d36:	bf03      	ittte	eq
   85d38:	f89a 3001 	ldrbeq.w	r3, [sl, #1]
   85d3c:	f448 7800 	orreq.w	r8, r8, #512	@ 0x200
   85d40:	f10a 0a01 	addeq.w	sl, sl, #1
   85d44:	f048 0840 	orrne.w	r8, r8, #64	@ 0x40
   85d48:	e4c2      	b.n	856d0 <_vfiprintf_r+0xc8>
   85d4a:	f018 0f20 	tst.w	r8, #32
   85d4e:	f048 0110 	orr.w	r1, r8, #16
   85d52:	d116      	bne.n	85d82 <_vfiprintf_r+0x77a>
   85d54:	9b09      	ldr	r3, [sp, #36]	@ 0x24
   85d56:	1d1a      	adds	r2, r3, #4
   85d58:	2600      	movs	r6, #0
   85d5a:	9b09      	ldr	r3, [sp, #36]	@ 0x24
   85d5c:	9804      	ldr	r0, [sp, #16]
   85d5e:	681b      	ldr	r3, [r3, #0]
   85d60:	42b0      	cmp	r0, r6
   85d62:	461c      	mov	r4, r3
   85d64:	f88d 603b 	strb.w	r6, [sp, #59]	@ 0x3b
   85d68:	f2c0 82c7 	blt.w	862fa <_vfiprintf_r+0xcf2>
   85d6c:	f021 0880 	bic.w	r8, r1, #128	@ 0x80
   85d70:	2b00      	cmp	r3, #0
   85d72:	f47f af41 	bne.w	85bf8 <_vfiprintf_r+0x5f0>
   85d76:	9b04      	ldr	r3, [sp, #16]
   85d78:	9209      	str	r2, [sp, #36]	@ 0x24
   85d7a:	b1db      	cbz	r3, 85db4 <_vfiprintf_r+0x7ac>
   85d7c:	2400      	movs	r4, #0
   85d7e:	e64a      	b.n	85a16 <_vfiprintf_r+0x40e>
   85d80:	4641      	mov	r1, r8
   85d82:	9b09      	ldr	r3, [sp, #36]	@ 0x24
   85d84:	3307      	adds	r3, #7
   85d86:	f023 0307 	bic.w	r3, r3, #7
   85d8a:	461a      	mov	r2, r3
   85d8c:	685e      	ldr	r6, [r3, #4]
   85d8e:	2300      	movs	r3, #0
   85d90:	f88d 303b 	strb.w	r3, [sp, #59]	@ 0x3b
   85d94:	9b04      	ldr	r3, [sp, #16]
   85d96:	f852 4b08 	ldr.w	r4, [r2], #8
   85d9a:	2b00      	cmp	r3, #0
   85d9c:	9209      	str	r2, [sp, #36]	@ 0x24
   85d9e:	f2c0 82ad 	blt.w	862fc <_vfiprintf_r+0xcf4>
   85da2:	ea54 0306 	orrs.w	r3, r4, r6
   85da6:	f021 0880 	bic.w	r8, r1, #128	@ 0x80
   85daa:	f47f ae2f 	bne.w	85a0c <_vfiprintf_r+0x404>
   85dae:	9b04      	ldr	r3, [sp, #16]
   85db0:	2b00      	cmp	r3, #0
   85db2:	d1e3      	bne.n	85d7c <_vfiprintf_r+0x774>
   85db4:	9308      	str	r3, [sp, #32]
   85db6:	9303      	str	r3, [sp, #12]
   85db8:	9307      	str	r3, [sp, #28]
   85dba:	ad42      	add	r5, sp, #264	@ 0x108
   85dbc:	e599      	b.n	858f2 <_vfiprintf_r+0x2ea>
   85dbe:	4658      	mov	r0, fp
   85dc0:	f001 fb72 	bl	874a8 <_localeconv_r>
   85dc4:	6843      	ldr	r3, [r0, #4]
   85dc6:	4618      	mov	r0, r3
   85dc8:	930d      	str	r3, [sp, #52]	@ 0x34
   85dca:	f001 fcb1 	bl	87730 <strlen>
   85dce:	900c      	str	r0, [sp, #48]	@ 0x30
   85dd0:	4604      	mov	r4, r0
   85dd2:	4658      	mov	r0, fp
   85dd4:	f001 fb68 	bl	874a8 <_localeconv_r>
   85dd8:	6881      	ldr	r1, [r0, #8]
   85dda:	f89a 3000 	ldrb.w	r3, [sl]
   85dde:	910b      	str	r1, [sp, #44]	@ 0x2c
   85de0:	2c00      	cmp	r4, #0
   85de2:	f43f ac75 	beq.w	856d0 <_vfiprintf_r+0xc8>
   85de6:	2900      	cmp	r1, #0
   85de8:	f43f ac72 	beq.w	856d0 <_vfiprintf_r+0xc8>
   85dec:	780a      	ldrb	r2, [r1, #0]
   85dee:	2a00      	cmp	r2, #0
   85df0:	f43f ac6e 	beq.w	856d0 <_vfiprintf_r+0xc8>
   85df4:	f448 6880 	orr.w	r8, r8, #1024	@ 0x400
   85df8:	e46a      	b.n	856d0 <_vfiprintf_r+0xc8>
   85dfa:	f89a 3000 	ldrb.w	r3, [sl]
   85dfe:	f048 0801 	orr.w	r8, r8, #1
   85e02:	e465      	b.n	856d0 <_vfiprintf_r+0xc8>
   85e04:	f89d 203b 	ldrb.w	r2, [sp, #59]	@ 0x3b
   85e08:	f89a 3000 	ldrb.w	r3, [sl]
   85e0c:	2a00      	cmp	r2, #0
   85e0e:	f47f ac5f 	bne.w	856d0 <_vfiprintf_r+0xc8>
   85e12:	2220      	movs	r2, #32
   85e14:	f88d 203b 	strb.w	r2, [sp, #59]	@ 0x3b
   85e18:	e45a      	b.n	856d0 <_vfiprintf_r+0xc8>
   85e1a:	f89a 3000 	ldrb.w	r3, [sl]
   85e1e:	f048 0880 	orr.w	r8, r8, #128	@ 0x80
   85e22:	e455      	b.n	856d0 <_vfiprintf_r+0xc8>
   85e24:	4650      	mov	r0, sl
   85e26:	f810 3b01 	ldrb.w	r3, [r0], #1
   85e2a:	2b2a      	cmp	r3, #42	@ 0x2a
   85e2c:	f000 84c3 	beq.w	867b6 <_vfiprintf_r+0x11ae>
   85e30:	f1a3 0230 	sub.w	r2, r3, #48	@ 0x30
   85e34:	2a09      	cmp	r2, #9
   85e36:	bf98      	it	ls
   85e38:	2100      	movls	r1, #0
   85e3a:	f200 8474 	bhi.w	86726 <_vfiprintf_r+0x111e>
   85e3e:	f810 3b01 	ldrb.w	r3, [r0], #1
   85e42:	eb01 0181 	add.w	r1, r1, r1, lsl #2
   85e46:	eb02 0141 	add.w	r1, r2, r1, lsl #1
   85e4a:	f1a3 0230 	sub.w	r2, r3, #48	@ 0x30
   85e4e:	2a09      	cmp	r2, #9
   85e50:	d9f5      	bls.n	85e3e <_vfiprintf_r+0x836>
   85e52:	ea41 72e1 	orr.w	r2, r1, r1, asr #31
   85e56:	4682      	mov	sl, r0
   85e58:	9204      	str	r2, [sp, #16]
   85e5a:	e43b      	b.n	856d4 <_vfiprintf_r+0xcc>
   85e5c:	f647 0330 	movw	r3, #30768	@ 0x7830
   85e60:	2200      	movs	r2, #0
   85e62:	9c09      	ldr	r4, [sp, #36]	@ 0x24
   85e64:	9d04      	ldr	r5, [sp, #16]
   85e66:	f8ad 303c 	strh.w	r3, [sp, #60]	@ 0x3c
   85e6a:	f854 3b04 	ldr.w	r3, [r4], #4
   85e6e:	4295      	cmp	r5, r2
   85e70:	4611      	mov	r1, r2
   85e72:	4618      	mov	r0, r3
   85e74:	f88d 203b 	strb.w	r2, [sp, #59]	@ 0x3b
   85e78:	f2c0 8243 	blt.w	86302 <_vfiprintf_r+0xcfa>
   85e7c:	f028 0280 	bic.w	r2, r8, #128	@ 0x80
   85e80:	f042 0802 	orr.w	r8, r2, #2
   85e84:	9409      	str	r4, [sp, #36]	@ 0x24
   85e86:	2b00      	cmp	r3, #0
   85e88:	f000 8327 	beq.w	864da <_vfiprintf_r+0xed2>
   85e8c:	2402      	movs	r4, #2
   85e8e:	4a25      	ldr	r2, [pc, #148]	@ (85f24 <_vfiprintf_r+0x91c>)
   85e90:	f003 030f 	and.w	r3, r3, #15
   85e94:	5cd3      	ldrb	r3, [r2, r3]
   85e96:	9403      	str	r4, [sp, #12]
   85e98:	f88d 3107 	strb.w	r3, [sp, #263]	@ 0x107
   85e9c:	0903      	lsrs	r3, r0, #4
   85e9e:	ea43 7301 	orr.w	r3, r3, r1, lsl #28
   85ea2:	0908      	lsrs	r0, r1, #4
   85ea4:	ea53 1111 	orrs.w	r1, r3, r1, lsr #4
   85ea8:	f000 84ba 	beq.w	86820 <_vfiprintf_r+0x1218>
   85eac:	f20d 1507 	addw	r5, sp, #263	@ 0x107
   85eb0:	f003 010f 	and.w	r1, r3, #15
   85eb4:	5c51      	ldrb	r1, [r2, r1]
   85eb6:	091b      	lsrs	r3, r3, #4
   85eb8:	ea43 7300 	orr.w	r3, r3, r0, lsl #28
   85ebc:	0900      	lsrs	r0, r0, #4
   85ebe:	f805 1d01 	strb.w	r1, [r5, #-1]!
   85ec2:	ea53 0100 	orrs.w	r1, r3, r0
   85ec6:	d1f3      	bne.n	85eb0 <_vfiprintf_r+0x8a8>
   85ec8:	9a04      	ldr	r2, [sp, #16]
   85eca:	ab42      	add	r3, sp, #264	@ 0x108
   85ecc:	1b5b      	subs	r3, r3, r5
   85ece:	429a      	cmp	r2, r3
   85ed0:	bfb8      	it	lt
   85ed2:	461a      	movlt	r2, r3
   85ed4:	9308      	str	r3, [sp, #32]
   85ed6:	4613      	mov	r3, r2
   85ed8:	9a03      	ldr	r2, [sp, #12]
   85eda:	2a00      	cmp	r2, #0
   85edc:	f000 848f 	beq.w	867fe <_vfiprintf_r+0x11f6>
   85ee0:	e9dd 2117 	ldrd	r2, r1, [sp, #92]	@ 0x5c
   85ee4:	3302      	adds	r3, #2
   85ee6:	f018 0684 	ands.w	r6, r8, #132	@ 0x84
   85eea:	4608      	mov	r0, r1
   85eec:	4694      	mov	ip, r2
   85eee:	9303      	str	r3, [sp, #12]
   85ef0:	f000 8250 	beq.w	86394 <_vfiprintf_r+0xd8c>
   85ef4:	2300      	movs	r3, #0
   85ef6:	9307      	str	r3, [sp, #28]
   85ef8:	e51f      	b.n	8593a <_vfiprintf_r+0x332>
   85efa:	f018 0f20 	tst.w	r8, #32
   85efe:	f040 81cc 	bne.w	8629a <_vfiprintf_r+0xc92>
   85f02:	9a09      	ldr	r2, [sp, #36]	@ 0x24
   85f04:	f018 0110 	ands.w	r1, r8, #16
   85f08:	f852 3b04 	ldr.w	r3, [r2], #4
   85f0c:	f040 8483 	bne.w	86816 <_vfiprintf_r+0x120e>
   85f10:	f018 0040 	ands.w	r0, r8, #64	@ 0x40
   85f14:	f000 8307 	beq.w	86526 <_vfiprintf_r+0xf1e>
   85f18:	4640      	mov	r0, r8
   85f1a:	9209      	str	r2, [sp, #36]	@ 0x24
   85f1c:	b29b      	uxth	r3, r3
   85f1e:	e628      	b.n	85b72 <_vfiprintf_r+0x56a>
   85f20:	cccccccd 	.word	0xcccccccd
   85f24:	0008c6a0 	.word	0x0008c6a0
   85f28:	f018 0f20 	tst.w	r8, #32
   85f2c:	f000 8186 	beq.w	8623c <_vfiprintf_r+0xc34>
   85f30:	9b09      	ldr	r3, [sp, #36]	@ 0x24
   85f32:	9a05      	ldr	r2, [sp, #20]
   85f34:	681b      	ldr	r3, [r3, #0]
   85f36:	601a      	str	r2, [r3, #0]
   85f38:	17d2      	asrs	r2, r2, #31
   85f3a:	605a      	str	r2, [r3, #4]
   85f3c:	9b09      	ldr	r3, [sp, #36]	@ 0x24
   85f3e:	3304      	adds	r3, #4
   85f40:	9309      	str	r3, [sp, #36]	@ 0x24
   85f42:	f7ff bb9f 	b.w	85684 <_vfiprintf_r+0x7c>
   85f46:	f89a 3000 	ldrb.w	r3, [sl]
   85f4a:	2b6c      	cmp	r3, #108	@ 0x6c
   85f4c:	bf03      	ittte	eq
   85f4e:	f89a 3001 	ldrbeq.w	r3, [sl, #1]
   85f52:	f048 0820 	orreq.w	r8, r8, #32
   85f56:	f10a 0a01 	addeq.w	sl, sl, #1
   85f5a:	f048 0810 	orrne.w	r8, r8, #16
   85f5e:	f7ff bbb7 	b.w	856d0 <_vfiprintf_r+0xc8>
   85f62:	9b06      	ldr	r3, [sp, #24]
   85f64:	9803      	ldr	r0, [sp, #12]
   85f66:	1a1c      	subs	r4, r3, r0
   85f68:	2c00      	cmp	r4, #0
   85f6a:	f77f acf8 	ble.w	8595e <_vfiprintf_r+0x356>
   85f6e:	2c10      	cmp	r4, #16
   85f70:	f340 83f5 	ble.w	8675e <_vfiprintf_r+0x1156>
   85f74:	4bba      	ldr	r3, [pc, #744]	@ (86260 <_vfiprintf_r+0xc58>)
   85f76:	4648      	mov	r0, r9
   85f78:	2610      	movs	r6, #16
   85f7a:	46c1      	mov	r9, r8
   85f7c:	46a8      	mov	r8, r5
   85f7e:	461d      	mov	r5, r3
   85f80:	e004      	b.n	85f8c <_vfiprintf_r+0x984>
   85f82:	3c10      	subs	r4, #16
   85f84:	2c10      	cmp	r4, #16
   85f86:	f100 0008 	add.w	r0, r0, #8
   85f8a:	dd15      	ble.n	85fb8 <_vfiprintf_r+0x9b0>
   85f8c:	3201      	adds	r2, #1
   85f8e:	3110      	adds	r1, #16
   85f90:	2a07      	cmp	r2, #7
   85f92:	e9c0 5600 	strd	r5, r6, [r0]
   85f96:	e9cd 2117 	strd	r2, r1, [sp, #92]	@ 0x5c
   85f9a:	ddf2      	ble.n	85f82 <_vfiprintf_r+0x97a>
   85f9c:	4658      	mov	r0, fp
   85f9e:	9902      	ldr	r1, [sp, #8]
   85fa0:	aa16      	add	r2, sp, #88	@ 0x58
   85fa2:	f000 fc8f 	bl	868c4 <__sprint_r>
   85fa6:	2800      	cmp	r0, #0
   85fa8:	f47f ac75 	bne.w	85896 <_vfiprintf_r+0x28e>
   85fac:	e9dd 2117 	ldrd	r2, r1, [sp, #92]	@ 0x5c
   85fb0:	3c10      	subs	r4, #16
   85fb2:	2c10      	cmp	r4, #16
   85fb4:	a819      	add	r0, sp, #100	@ 0x64
   85fb6:	dce9      	bgt.n	85f8c <_vfiprintf_r+0x984>
   85fb8:	462b      	mov	r3, r5
   85fba:	4645      	mov	r5, r8
   85fbc:	46c8      	mov	r8, r9
   85fbe:	4681      	mov	r9, r0
   85fc0:	3201      	adds	r2, #1
   85fc2:	4421      	add	r1, r4
   85fc4:	2a07      	cmp	r2, #7
   85fc6:	e9cd 2117 	strd	r2, r1, [sp, #92]	@ 0x5c
   85fca:	f8c9 3000 	str.w	r3, [r9]
   85fce:	f8c9 4004 	str.w	r4, [r9, #4]
   85fd2:	f300 825e 	bgt.w	86492 <_vfiprintf_r+0xe8a>
   85fd6:	9b04      	ldr	r3, [sp, #16]
   85fd8:	9808      	ldr	r0, [sp, #32]
   85fda:	f109 0908 	add.w	r9, r9, #8
   85fde:	1a1c      	subs	r4, r3, r0
   85fe0:	2c00      	cmp	r4, #0
   85fe2:	f77f acc2 	ble.w	8596a <_vfiprintf_r+0x362>
   85fe6:	2c10      	cmp	r4, #16
   85fe8:	4b9d      	ldr	r3, [pc, #628]	@ (86260 <_vfiprintf_r+0xc58>)
   85fea:	dd21      	ble.n	86030 <_vfiprintf_r+0xa28>
   85fec:	4648      	mov	r0, r9
   85fee:	2610      	movs	r6, #16
   85ff0:	4699      	mov	r9, r3
   85ff2:	e004      	b.n	85ffe <_vfiprintf_r+0x9f6>
   85ff4:	3c10      	subs	r4, #16
   85ff6:	2c10      	cmp	r4, #16
   85ff8:	f100 0008 	add.w	r0, r0, #8
   85ffc:	dd16      	ble.n	8602c <_vfiprintf_r+0xa24>
   85ffe:	3201      	adds	r2, #1
   86000:	4b97      	ldr	r3, [pc, #604]	@ (86260 <_vfiprintf_r+0xc58>)
   86002:	3110      	adds	r1, #16
   86004:	2a07      	cmp	r2, #7
   86006:	e9c0 3600 	strd	r3, r6, [r0]
   8600a:	e9cd 2117 	strd	r2, r1, [sp, #92]	@ 0x5c
   8600e:	ddf1      	ble.n	85ff4 <_vfiprintf_r+0x9ec>
   86010:	4658      	mov	r0, fp
   86012:	9902      	ldr	r1, [sp, #8]
   86014:	aa16      	add	r2, sp, #88	@ 0x58
   86016:	f000 fc55 	bl	868c4 <__sprint_r>
   8601a:	2800      	cmp	r0, #0
   8601c:	f47f ac3b 	bne.w	85896 <_vfiprintf_r+0x28e>
   86020:	e9dd 2117 	ldrd	r2, r1, [sp, #92]	@ 0x5c
   86024:	3c10      	subs	r4, #16
   86026:	2c10      	cmp	r4, #16
   86028:	a819      	add	r0, sp, #100	@ 0x64
   8602a:	dce8      	bgt.n	85ffe <_vfiprintf_r+0x9f6>
   8602c:	464b      	mov	r3, r9
   8602e:	4681      	mov	r9, r0
   86030:	3201      	adds	r2, #1
   86032:	4421      	add	r1, r4
   86034:	2a07      	cmp	r2, #7
   86036:	e9cd 2117 	strd	r2, r1, [sp, #92]	@ 0x5c
   8603a:	f8c9 3000 	str.w	r3, [r9]
   8603e:	f8c9 4004 	str.w	r4, [r9, #4]
   86042:	f300 80c3 	bgt.w	861cc <_vfiprintf_r+0xbc4>
   86046:	f109 0908 	add.w	r9, r9, #8
   8604a:	e48e      	b.n	8596a <_vfiprintf_r+0x362>
   8604c:	4658      	mov	r0, fp
   8604e:	9902      	ldr	r1, [sp, #8]
   86050:	aa16      	add	r2, sp, #88	@ 0x58
   86052:	f000 fc37 	bl	868c4 <__sprint_r>
   86056:	2800      	cmp	r0, #0
   86058:	f47f ac1d 	bne.w	85896 <_vfiprintf_r+0x28e>
   8605c:	9918      	ldr	r1, [sp, #96]	@ 0x60
   8605e:	f10d 0964 	add.w	r9, sp, #100	@ 0x64
   86062:	e490      	b.n	85986 <_vfiprintf_r+0x37e>
   86064:	4658      	mov	r0, fp
   86066:	9902      	ldr	r1, [sp, #8]
   86068:	aa16      	add	r2, sp, #88	@ 0x58
   8606a:	f000 fc2b 	bl	868c4 <__sprint_r>
   8606e:	2800      	cmp	r0, #0
   86070:	f47f ac11 	bne.w	85896 <_vfiprintf_r+0x28e>
   86074:	e9dd 2117 	ldrd	r2, r1, [sp, #92]	@ 0x5c
   86078:	f10d 0964 	add.w	r9, sp, #100	@ 0x64
   8607c:	e46c      	b.n	85958 <_vfiprintf_r+0x350>
   8607e:	4658      	mov	r0, fp
   86080:	9902      	ldr	r1, [sp, #8]
   86082:	aa16      	add	r2, sp, #88	@ 0x58
   86084:	f000 fc1e 	bl	868c4 <__sprint_r>
   86088:	2800      	cmp	r0, #0
   8608a:	f47f ac04 	bne.w	85896 <_vfiprintf_r+0x28e>
   8608e:	e9dd 2117 	ldrd	r2, r1, [sp, #92]	@ 0x5c
   86092:	f10d 0964 	add.w	r9, sp, #100	@ 0x64
   86096:	e44e      	b.n	85936 <_vfiprintf_r+0x32e>
   86098:	2c10      	cmp	r4, #16
   8609a:	9b17      	ldr	r3, [sp, #92]	@ 0x5c
   8609c:	f340 8354 	ble.w	86748 <_vfiprintf_r+0x1140>
   860a0:	2510      	movs	r5, #16
   860a2:	4e70      	ldr	r6, [pc, #448]	@ (86264 <_vfiprintf_r+0xc5c>)
   860a4:	f8dd 8008 	ldr.w	r8, [sp, #8]
   860a8:	e004      	b.n	860b4 <_vfiprintf_r+0xaac>
   860aa:	3c10      	subs	r4, #16
   860ac:	2c10      	cmp	r4, #16
   860ae:	f109 0908 	add.w	r9, r9, #8
   860b2:	dd16      	ble.n	860e2 <_vfiprintf_r+0xada>
   860b4:	3301      	adds	r3, #1
   860b6:	3110      	adds	r1, #16
   860b8:	2b07      	cmp	r3, #7
   860ba:	e9c9 6500 	strd	r6, r5, [r9]
   860be:	e9cd 3117 	strd	r3, r1, [sp, #92]	@ 0x5c
   860c2:	ddf2      	ble.n	860aa <_vfiprintf_r+0xaa2>
   860c4:	4641      	mov	r1, r8
   860c6:	4658      	mov	r0, fp
   860c8:	aa16      	add	r2, sp, #88	@ 0x58
   860ca:	f000 fbfb 	bl	868c4 <__sprint_r>
   860ce:	2800      	cmp	r0, #0
   860d0:	f47f abe1 	bne.w	85896 <_vfiprintf_r+0x28e>
   860d4:	e9dd 3117 	ldrd	r3, r1, [sp, #92]	@ 0x5c
   860d8:	3c10      	subs	r4, #16
   860da:	2c10      	cmp	r4, #16
   860dc:	f10d 0964 	add.w	r9, sp, #100	@ 0x64
   860e0:	dce8      	bgt.n	860b4 <_vfiprintf_r+0xaac>
   860e2:	3301      	adds	r3, #1
   860e4:	4421      	add	r1, r4
   860e6:	2b07      	cmp	r3, #7
   860e8:	e9c9 6400 	strd	r6, r4, [r9]
   860ec:	e9cd 3117 	strd	r3, r1, [sp, #92]	@ 0x5c
   860f0:	f77f ac52 	ble.w	85998 <_vfiprintf_r+0x390>
   860f4:	4658      	mov	r0, fp
   860f6:	9902      	ldr	r1, [sp, #8]
   860f8:	aa16      	add	r2, sp, #88	@ 0x58
   860fa:	f000 fbe3 	bl	868c4 <__sprint_r>
   860fe:	2800      	cmp	r0, #0
   86100:	f47f abc9 	bne.w	85896 <_vfiprintf_r+0x28e>
   86104:	9918      	ldr	r1, [sp, #96]	@ 0x60
   86106:	e447      	b.n	85998 <_vfiprintf_r+0x390>
   86108:	2a30      	cmp	r2, #48	@ 0x30
   8610a:	f000 81b6 	beq.w	8647a <_vfiprintf_r+0xe72>
   8610e:	2330      	movs	r3, #48	@ 0x30
   86110:	9a04      	ldr	r2, [sp, #16]
   86112:	3802      	subs	r0, #2
   86114:	f805 3c01 	strb.w	r3, [r5, #-1]
   86118:	ab42      	add	r3, sp, #264	@ 0x108
   8611a:	1a1b      	subs	r3, r3, r0
   8611c:	429a      	cmp	r2, r3
   8611e:	bfb8      	it	lt
   86120:	461a      	movlt	r2, r3
   86122:	4605      	mov	r5, r0
   86124:	9308      	str	r3, [sp, #32]
   86126:	9203      	str	r2, [sp, #12]
   86128:	f018 0684 	ands.w	r6, r8, #132	@ 0x84
   8612c:	e9dd 2117 	ldrd	r2, r1, [sp, #92]	@ 0x5c
   86130:	4608      	mov	r0, r1
   86132:	4694      	mov	ip, r2
   86134:	f000 8378 	beq.w	86828 <_vfiprintf_r+0x1220>
   86138:	f89d 303b 	ldrb.w	r3, [sp, #59]	@ 0x3b
   8613c:	2b00      	cmp	r3, #0
   8613e:	f000 8376 	beq.w	8682e <_vfiprintf_r+0x1226>
   86142:	2300      	movs	r3, #0
   86144:	9307      	str	r3, [sp, #28]
   86146:	930a      	str	r3, [sp, #40]	@ 0x28
   86148:	f7ff bbe5 	b.w	85916 <_vfiprintf_r+0x30e>
   8614c:	2300      	movs	r3, #0
   8614e:	930a      	str	r3, [sp, #40]	@ 0x28
   86150:	2c10      	cmp	r4, #16
   86152:	4662      	mov	r2, ip
   86154:	f340 82ec 	ble.w	86730 <_vfiprintf_r+0x1128>
   86158:	4649      	mov	r1, r9
   8615a:	2310      	movs	r3, #16
   8615c:	46c1      	mov	r9, r8
   8615e:	4e41      	ldr	r6, [pc, #260]	@ (86264 <_vfiprintf_r+0xc5c>)
   86160:	46a8      	mov	r8, r5
   86162:	9d02      	ldr	r5, [sp, #8]
   86164:	e004      	b.n	86170 <_vfiprintf_r+0xb68>
   86166:	3c10      	subs	r4, #16
   86168:	2c10      	cmp	r4, #16
   8616a:	f101 0108 	add.w	r1, r1, #8
   8616e:	dd17      	ble.n	861a0 <_vfiprintf_r+0xb98>
   86170:	3201      	adds	r2, #1
   86172:	3010      	adds	r0, #16
   86174:	2a07      	cmp	r2, #7
   86176:	e9c1 6300 	strd	r6, r3, [r1]
   8617a:	e9cd 2017 	strd	r2, r0, [sp, #92]	@ 0x5c
   8617e:	ddf2      	ble.n	86166 <_vfiprintf_r+0xb5e>
   86180:	4629      	mov	r1, r5
   86182:	4658      	mov	r0, fp
   86184:	aa16      	add	r2, sp, #88	@ 0x58
   86186:	f000 fb9d 	bl	868c4 <__sprint_r>
   8618a:	2800      	cmp	r0, #0
   8618c:	f47f ab83 	bne.w	85896 <_vfiprintf_r+0x28e>
   86190:	e9dd 2017 	ldrd	r2, r0, [sp, #92]	@ 0x5c
   86194:	3c10      	subs	r4, #16
   86196:	2c10      	cmp	r4, #16
   86198:	f04f 0310 	mov.w	r3, #16
   8619c:	a919      	add	r1, sp, #100	@ 0x64
   8619e:	dce7      	bgt.n	86170 <_vfiprintf_r+0xb68>
   861a0:	4645      	mov	r5, r8
   861a2:	46c8      	mov	r8, r9
   861a4:	4689      	mov	r9, r1
   861a6:	3201      	adds	r2, #1
   861a8:	1821      	adds	r1, r4, r0
   861aa:	2a07      	cmp	r2, #7
   861ac:	e9cd 2117 	strd	r2, r1, [sp, #92]	@ 0x5c
   861b0:	f8c9 6000 	str.w	r6, [r9]
   861b4:	f8c9 4004 	str.w	r4, [r9, #4]
   861b8:	f300 812e 	bgt.w	86418 <_vfiprintf_r+0xe10>
   861bc:	f89d 603b 	ldrb.w	r6, [sp, #59]	@ 0x3b
   861c0:	f109 0908 	add.w	r9, r9, #8
   861c4:	b38e      	cbz	r6, 8622a <_vfiprintf_r+0xc22>
   861c6:	2600      	movs	r6, #0
   861c8:	f7ff bba5 	b.w	85916 <_vfiprintf_r+0x30e>
   861cc:	4658      	mov	r0, fp
   861ce:	9902      	ldr	r1, [sp, #8]
   861d0:	aa16      	add	r2, sp, #88	@ 0x58
   861d2:	f000 fb77 	bl	868c4 <__sprint_r>
   861d6:	2800      	cmp	r0, #0
   861d8:	f47f ab5d 	bne.w	85896 <_vfiprintf_r+0x28e>
   861dc:	e9dd 2117 	ldrd	r2, r1, [sp, #92]	@ 0x5c
   861e0:	f10d 0964 	add.w	r9, sp, #100	@ 0x64
   861e4:	f7ff bbc1 	b.w	8596a <_vfiprintf_r+0x362>
   861e8:	f420 6880 	bic.w	r8, r0, #1024	@ 0x400
   861ec:	e4ce      	b.n	85b8c <_vfiprintf_r+0x584>
   861ee:	9307      	str	r3, [sp, #28]
   861f0:	2301      	movs	r3, #1
   861f2:	f20d 1507 	addw	r5, sp, #263	@ 0x107
   861f6:	9308      	str	r3, [sp, #32]
   861f8:	f7ff bb7b 	b.w	858f2 <_vfiprintf_r+0x2ea>
   861fc:	0498      	lsls	r0, r3, #18
   861fe:	f57f aa2a 	bpl.w	85656 <_vfiprintf_r+0x4e>
   86202:	e495      	b.n	85b30 <_vfiprintf_r+0x528>
   86204:	9a04      	ldr	r2, [sp, #16]
   86206:	2a00      	cmp	r2, #0
   86208:	f47f acc0 	bne.w	85b8c <_vfiprintf_r+0x584>
   8620c:	f010 0201 	ands.w	r2, r0, #1
   86210:	9203      	str	r2, [sp, #12]
   86212:	f000 80fb 	beq.w	8640c <_vfiprintf_r+0xe04>
   86216:	2330      	movs	r3, #48	@ 0x30
   86218:	f88d 3107 	strb.w	r3, [sp, #263]	@ 0x107
   8621c:	9b04      	ldr	r3, [sp, #16]
   8621e:	9208      	str	r2, [sp, #32]
   86220:	9307      	str	r3, [sp, #28]
   86222:	f20d 1507 	addw	r5, sp, #263	@ 0x107
   86226:	f7ff bb64 	b.w	858f2 <_vfiprintf_r+0x2ea>
   8622a:	9b0a      	ldr	r3, [sp, #40]	@ 0x28
   8622c:	2b00      	cmp	r3, #0
   8622e:	f47f ab84 	bne.w	8593a <_vfiprintf_r+0x332>
   86232:	f7ff bb94 	b.w	8595e <_vfiprintf_r+0x356>
   86236:	4698      	mov	r8, r3
   86238:	f7ff bbd2 	b.w	859e0 <_vfiprintf_r+0x3d8>
   8623c:	f018 0f10 	tst.w	r8, #16
   86240:	f040 813b 	bne.w	864ba <_vfiprintf_r+0xeb2>
   86244:	f018 0f40 	tst.w	r8, #64	@ 0x40
   86248:	f040 8246 	bne.w	866d8 <_vfiprintf_r+0x10d0>
   8624c:	f418 7f00 	tst.w	r8, #512	@ 0x200
   86250:	f000 8133 	beq.w	864ba <_vfiprintf_r+0xeb2>
   86254:	9b09      	ldr	r3, [sp, #36]	@ 0x24
   86256:	9a05      	ldr	r2, [sp, #20]
   86258:	681b      	ldr	r3, [r3, #0]
   8625a:	701a      	strb	r2, [r3, #0]
   8625c:	e66e      	b.n	85f3c <_vfiprintf_r+0x934>
   8625e:	bf00      	nop
   86260:	0008c910 	.word	0x0008c910
   86264:	0008c920 	.word	0x0008c920
   86268:	9a09      	ldr	r2, [sp, #36]	@ 0x24
   8626a:	f018 0f10 	tst.w	r8, #16
   8626e:	f852 4b04 	ldr.w	r4, [r2], #4
   86272:	f040 82d2 	bne.w	8681a <_vfiprintf_r+0x1212>
   86276:	f018 0f40 	tst.w	r8, #64	@ 0x40
   8627a:	9209      	str	r2, [sp, #36]	@ 0x24
   8627c:	f000 815d 	beq.w	8653a <_vfiprintf_r+0xf32>
   86280:	f344 36c0 	sbfx	r6, r4, #15, #1
   86284:	4633      	mov	r3, r6
   86286:	b224      	sxth	r4, r4
   86288:	f7ff bbb4 	b.w	859f4 <_vfiprintf_r+0x3ec>
   8628c:	9b09      	ldr	r3, [sp, #36]	@ 0x24
   8628e:	1d1a      	adds	r2, r3, #4
   86290:	9b09      	ldr	r3, [sp, #36]	@ 0x24
   86292:	2100      	movs	r1, #0
   86294:	681b      	ldr	r3, [r3, #0]
   86296:	9209      	str	r2, [sp, #36]	@ 0x24
   86298:	e46b      	b.n	85b72 <_vfiprintf_r+0x56a>
   8629a:	4640      	mov	r0, r8
   8629c:	e460      	b.n	85b60 <_vfiprintf_r+0x558>
   8629e:	4ab1      	ldr	r2, [pc, #708]	@ (86564 <_vfiprintf_r+0xf5c>)
   862a0:	f018 0120 	ands.w	r1, r8, #32
   862a4:	f000 8098 	beq.w	863d8 <_vfiprintf_r+0xdd0>
   862a8:	9909      	ldr	r1, [sp, #36]	@ 0x24
   862aa:	3107      	adds	r1, #7
   862ac:	f021 0107 	bic.w	r1, r1, #7
   862b0:	4608      	mov	r0, r1
   862b2:	4604      	mov	r4, r0
   862b4:	f854 0b08 	ldr.w	r0, [r4], #8
   862b8:	6849      	ldr	r1, [r1, #4]
   862ba:	9409      	str	r4, [sp, #36]	@ 0x24
   862bc:	f018 0501 	ands.w	r5, r8, #1
   862c0:	9503      	str	r5, [sp, #12]
   862c2:	d071      	beq.n	863a8 <_vfiprintf_r+0xda0>
   862c4:	ea50 0401 	orrs.w	r4, r0, r1
   862c8:	f040 80bd 	bne.w	86446 <_vfiprintf_r+0xe3e>
   862cc:	2300      	movs	r3, #0
   862ce:	f88d 303b 	strb.w	r3, [sp, #59]	@ 0x3b
   862d2:	9b04      	ldr	r3, [sp, #16]
   862d4:	2b00      	cmp	r3, #0
   862d6:	f2c0 814b 	blt.w	86570 <_vfiprintf_r+0xf68>
   862da:	f428 6890 	bic.w	r8, r8, #1152	@ 0x480
   862de:	f000 81e6 	beq.w	866ae <_vfiprintf_r+0x10a6>
   862e2:	7813      	ldrb	r3, [r2, #0]
   862e4:	f20d 1507 	addw	r5, sp, #263	@ 0x107
   862e8:	f88d 3107 	strb.w	r3, [sp, #263]	@ 0x107
   862ec:	9b03      	ldr	r3, [sp, #12]
   862ee:	9308      	str	r3, [sp, #32]
   862f0:	9b04      	ldr	r3, [sp, #16]
   862f2:	9303      	str	r3, [sp, #12]
   862f4:	e718      	b.n	86128 <_vfiprintf_r+0xb20>
   862f6:	4a9c      	ldr	r2, [pc, #624]	@ (86568 <_vfiprintf_r+0xf60>)
   862f8:	e7d2      	b.n	862a0 <_vfiprintf_r+0xc98>
   862fa:	9209      	str	r2, [sp, #36]	@ 0x24
   862fc:	4688      	mov	r8, r1
   862fe:	f7ff bb85 	b.w	85a0c <_vfiprintf_r+0x404>
   86302:	4610      	mov	r0, r2
   86304:	4a98      	ldr	r2, [pc, #608]	@ (86568 <_vfiprintf_r+0xf60>)
   86306:	f003 010f 	and.w	r1, r3, #15
   8630a:	5c51      	ldrb	r1, [r2, r1]
   8630c:	091b      	lsrs	r3, r3, #4
   8630e:	f048 0802 	orr.w	r8, r8, #2
   86312:	f88d 1107 	strb.w	r1, [sp, #263]	@ 0x107
   86316:	9409      	str	r4, [sp, #36]	@ 0x24
   86318:	f000 8273 	beq.w	86802 <_vfiprintf_r+0x11fa>
   8631c:	2102      	movs	r1, #2
   8631e:	9103      	str	r1, [sp, #12]
   86320:	e5c4      	b.n	85eac <_vfiprintf_r+0x8a4>
   86322:	9b09      	ldr	r3, [sp, #36]	@ 0x24
   86324:	ad29      	add	r5, sp, #164	@ 0xa4
   86326:	681b      	ldr	r3, [r3, #0]
   86328:	f88d 30a4 	strb.w	r3, [sp, #164]	@ 0xa4
   8632c:	2301      	movs	r3, #1
   8632e:	9303      	str	r3, [sp, #12]
   86330:	9308      	str	r3, [sp, #32]
   86332:	f7ff bbdf 	b.w	85af4 <_vfiprintf_r+0x4ec>
   86336:	2a00      	cmp	r2, #0
   86338:	f000 81ae 	beq.w	86698 <_vfiprintf_r+0x1090>
   8633c:	2330      	movs	r3, #48	@ 0x30
   8633e:	f7ff bb6d 	b.w	85a1c <_vfiprintf_r+0x414>
   86342:	9b07      	ldr	r3, [sp, #28]
   86344:	2208      	movs	r2, #8
   86346:	2100      	movs	r1, #0
   86348:	a814      	add	r0, sp, #80	@ 0x50
   8634a:	9311      	str	r3, [sp, #68]	@ 0x44
   8634c:	f001 f822 	bl	87394 <memset>
   86350:	9b04      	ldr	r3, [sp, #16]
   86352:	2b00      	cmp	r3, #0
   86354:	f2c0 815e 	blt.w	86614 <_vfiprintf_r+0x100c>
   86358:	2400      	movs	r4, #0
   8635a:	f8cd 900c 	str.w	r9, [sp, #12]
   8635e:	4625      	mov	r5, r4
   86360:	4699      	mov	r9, r3
   86362:	e00f      	b.n	86384 <_vfiprintf_r+0xd7c>
   86364:	ab14      	add	r3, sp, #80	@ 0x50
   86366:	4658      	mov	r0, fp
   86368:	a929      	add	r1, sp, #164	@ 0xa4
   8636a:	f002 f80d 	bl	88388 <_wcrtomb_r>
   8636e:	1c43      	adds	r3, r0, #1
   86370:	f104 0404 	add.w	r4, r4, #4
   86374:	4428      	add	r0, r5
   86376:	f000 81f4 	beq.w	86762 <_vfiprintf_r+0x115a>
   8637a:	4548      	cmp	r0, r9
   8637c:	dc06      	bgt.n	8638c <_vfiprintf_r+0xd84>
   8637e:	f000 8205 	beq.w	8678c <_vfiprintf_r+0x1184>
   86382:	4605      	mov	r5, r0
   86384:	9b11      	ldr	r3, [sp, #68]	@ 0x44
   86386:	591a      	ldr	r2, [r3, r4]
   86388:	2a00      	cmp	r2, #0
   8638a:	d1eb      	bne.n	86364 <_vfiprintf_r+0xd5c>
   8638c:	f8dd 900c 	ldr.w	r9, [sp, #12]
   86390:	9504      	str	r5, [sp, #16]
   86392:	e14e      	b.n	86632 <_vfiprintf_r+0x102a>
   86394:	9c06      	ldr	r4, [sp, #24]
   86396:	9b03      	ldr	r3, [sp, #12]
   86398:	9607      	str	r6, [sp, #28]
   8639a:	1ae4      	subs	r4, r4, r3
   8639c:	2c00      	cmp	r4, #0
   8639e:	f77f aacc 	ble.w	8593a <_vfiprintf_r+0x332>
   863a2:	2302      	movs	r3, #2
   863a4:	930a      	str	r3, [sp, #40]	@ 0x28
   863a6:	e6d3      	b.n	86150 <_vfiprintf_r+0xb48>
   863a8:	9b03      	ldr	r3, [sp, #12]
   863aa:	f88d 303b 	strb.w	r3, [sp, #59]	@ 0x3b
   863ae:	9b04      	ldr	r3, [sp, #16]
   863b0:	2b00      	cmp	r3, #0
   863b2:	db22      	blt.n	863fa <_vfiprintf_r+0xdf2>
   863b4:	ea50 0301 	orrs.w	r3, r0, r1
   863b8:	f428 6890 	bic.w	r8, r8, #1152	@ 0x480
   863bc:	d154      	bne.n	86468 <_vfiprintf_r+0xe60>
   863be:	9904      	ldr	r1, [sp, #16]
   863c0:	2900      	cmp	r1, #0
   863c2:	f000 80cb 	beq.w	8655c <_vfiprintf_r+0xf54>
   863c6:	7813      	ldrb	r3, [r2, #0]
   863c8:	9103      	str	r1, [sp, #12]
   863ca:	f88d 3107 	strb.w	r3, [sp, #263]	@ 0x107
   863ce:	2301      	movs	r3, #1
   863d0:	f20d 1507 	addw	r5, sp, #263	@ 0x107
   863d4:	9308      	str	r3, [sp, #32]
   863d6:	e6a7      	b.n	86128 <_vfiprintf_r+0xb20>
   863d8:	9c09      	ldr	r4, [sp, #36]	@ 0x24
   863da:	f854 0b04 	ldr.w	r0, [r4], #4
   863de:	9409      	str	r4, [sp, #36]	@ 0x24
   863e0:	f018 0410 	ands.w	r4, r8, #16
   863e4:	f47f af6a 	bne.w	862bc <_vfiprintf_r+0xcb4>
   863e8:	f018 0140 	ands.w	r1, r8, #64	@ 0x40
   863ec:	f000 80b0 	beq.w	86550 <_vfiprintf_r+0xf48>
   863f0:	4621      	mov	r1, r4
   863f2:	b280      	uxth	r0, r0
   863f4:	e762      	b.n	862bc <_vfiprintf_r+0xcb4>
   863f6:	f048 0802 	orr.w	r8, r8, #2
   863fa:	f008 0402 	and.w	r4, r8, #2
   863fe:	f000 030f 	and.w	r3, r0, #15
   86402:	5cd3      	ldrb	r3, [r2, r3]
   86404:	9403      	str	r4, [sp, #12]
   86406:	f428 6880 	bic.w	r8, r8, #1024	@ 0x400
   8640a:	e545      	b.n	85e98 <_vfiprintf_r+0x890>
   8640c:	9b04      	ldr	r3, [sp, #16]
   8640e:	ad42      	add	r5, sp, #264	@ 0x108
   86410:	e9cd 3307 	strd	r3, r3, [sp, #28]
   86414:	f7ff ba6d 	b.w	858f2 <_vfiprintf_r+0x2ea>
   86418:	4658      	mov	r0, fp
   8641a:	9902      	ldr	r1, [sp, #8]
   8641c:	aa16      	add	r2, sp, #88	@ 0x58
   8641e:	f000 fa51 	bl	868c4 <__sprint_r>
   86422:	4606      	mov	r6, r0
   86424:	2800      	cmp	r0, #0
   86426:	f47f aa36 	bne.w	85896 <_vfiprintf_r+0x28e>
   8642a:	e9dd 2117 	ldrd	r2, r1, [sp, #92]	@ 0x5c
   8642e:	f89d 303b 	ldrb.w	r3, [sp, #59]	@ 0x3b
   86432:	2b00      	cmp	r3, #0
   86434:	d173      	bne.n	8651e <_vfiprintf_r+0xf16>
   86436:	9b0a      	ldr	r3, [sp, #40]	@ 0x28
   86438:	f10d 0964 	add.w	r9, sp, #100	@ 0x64
   8643c:	2b00      	cmp	r3, #0
   8643e:	f47f aa7c 	bne.w	8593a <_vfiprintf_r+0x332>
   86442:	f7ff ba8c 	b.w	8595e <_vfiprintf_r+0x356>
   86446:	f88d 303d 	strb.w	r3, [sp, #61]	@ 0x3d
   8644a:	2330      	movs	r3, #48	@ 0x30
   8644c:	f88d 303c 	strb.w	r3, [sp, #60]	@ 0x3c
   86450:	2300      	movs	r3, #0
   86452:	f88d 303b 	strb.w	r3, [sp, #59]	@ 0x3b
   86456:	9b04      	ldr	r3, [sp, #16]
   86458:	2b00      	cmp	r3, #0
   8645a:	dbcc      	blt.n	863f6 <_vfiprintf_r+0xdee>
   8645c:	f428 6390 	bic.w	r3, r8, #1152	@ 0x480
   86460:	f043 0802 	orr.w	r8, r3, #2
   86464:	2302      	movs	r3, #2
   86466:	9303      	str	r3, [sp, #12]
   86468:	f000 030f 	and.w	r3, r0, #15
   8646c:	5cd3      	ldrb	r3, [r2, r3]
   8646e:	e513      	b.n	85e98 <_vfiprintf_r+0x890>
   86470:	4628      	mov	r0, r5
   86472:	f000 fb97 	bl	86ba4 <__sinit>
   86476:	f7ff b8dc 	b.w	85632 <_vfiprintf_r+0x2a>
   8647a:	9a04      	ldr	r2, [sp, #16]
   8647c:	ab42      	add	r3, sp, #264	@ 0x108
   8647e:	1b5b      	subs	r3, r3, r5
   86480:	429a      	cmp	r2, r3
   86482:	bfb8      	it	lt
   86484:	461a      	movlt	r2, r3
   86486:	9308      	str	r3, [sp, #32]
   86488:	2300      	movs	r3, #0
   8648a:	9203      	str	r2, [sp, #12]
   8648c:	9307      	str	r3, [sp, #28]
   8648e:	f7ff ba30 	b.w	858f2 <_vfiprintf_r+0x2ea>
   86492:	4658      	mov	r0, fp
   86494:	9902      	ldr	r1, [sp, #8]
   86496:	aa16      	add	r2, sp, #88	@ 0x58
   86498:	f000 fa14 	bl	868c4 <__sprint_r>
   8649c:	2800      	cmp	r0, #0
   8649e:	f47f a9fa 	bne.w	85896 <_vfiprintf_r+0x28e>
   864a2:	e9dd 2117 	ldrd	r2, r1, [sp, #92]	@ 0x5c
   864a6:	f10d 0964 	add.w	r9, sp, #100	@ 0x64
   864aa:	f7ff ba58 	b.w	8595e <_vfiprintf_r+0x356>
   864ae:	9d07      	ldr	r5, [sp, #28]
   864b0:	9304      	str	r3, [sp, #16]
   864b2:	9609      	str	r6, [sp, #36]	@ 0x24
   864b4:	9307      	str	r3, [sp, #28]
   864b6:	f7ff ba1c 	b.w	858f2 <_vfiprintf_r+0x2ea>
   864ba:	9b09      	ldr	r3, [sp, #36]	@ 0x24
   864bc:	9a05      	ldr	r2, [sp, #20]
   864be:	681b      	ldr	r3, [r3, #0]
   864c0:	601a      	str	r2, [r3, #0]
   864c2:	e53b      	b.n	85f3c <_vfiprintf_r+0x934>
   864c4:	9b04      	ldr	r3, [sp, #16]
   864c6:	4d29      	ldr	r5, [pc, #164]	@ (8656c <_vfiprintf_r+0xf64>)
   864c8:	2b06      	cmp	r3, #6
   864ca:	bf28      	it	cs
   864cc:	2306      	movcs	r3, #6
   864ce:	9609      	str	r6, [sp, #36]	@ 0x24
   864d0:	9303      	str	r3, [sp, #12]
   864d2:	9204      	str	r2, [sp, #16]
   864d4:	9308      	str	r3, [sp, #32]
   864d6:	f7ff ba0c 	b.w	858f2 <_vfiprintf_r+0x2ea>
   864da:	2d00      	cmp	r5, #0
   864dc:	f000 80ea 	beq.w	866b4 <_vfiprintf_r+0x10ac>
   864e0:	2330      	movs	r3, #48	@ 0x30
   864e2:	2201      	movs	r2, #1
   864e4:	f88d 3107 	strb.w	r3, [sp, #263]	@ 0x107
   864e8:	9208      	str	r2, [sp, #32]
   864ea:	462b      	mov	r3, r5
   864ec:	f20d 1507 	addw	r5, sp, #263	@ 0x107
   864f0:	e4f6      	b.n	85ee0 <_vfiprintf_r+0x8d8>
   864f2:	f418 7600 	ands.w	r6, r8, #512	@ 0x200
   864f6:	f040 80e1 	bne.w	866bc <_vfiprintf_r+0x10b4>
   864fa:	9904      	ldr	r1, [sp, #16]
   864fc:	461c      	mov	r4, r3
   864fe:	2900      	cmp	r1, #0
   86500:	f88d 603b 	strb.w	r6, [sp, #59]	@ 0x3b
   86504:	f6ff ab78 	blt.w	85bf8 <_vfiprintf_r+0x5f0>
   86508:	f028 0880 	bic.w	r8, r8, #128	@ 0x80
   8650c:	2b00      	cmp	r3, #0
   8650e:	f47f ab73 	bne.w	85bf8 <_vfiprintf_r+0x5f0>
   86512:	460b      	mov	r3, r1
   86514:	9209      	str	r2, [sp, #36]	@ 0x24
   86516:	2900      	cmp	r1, #0
   86518:	f47f ac30 	bne.w	85d7c <_vfiprintf_r+0x774>
   8651c:	e44a      	b.n	85db4 <_vfiprintf_r+0x7ac>
   8651e:	f10d 0964 	add.w	r9, sp, #100	@ 0x64
   86522:	f7ff b9f8 	b.w	85916 <_vfiprintf_r+0x30e>
   86526:	f418 7100 	ands.w	r1, r8, #512	@ 0x200
   8652a:	f000 80d1 	beq.w	866d0 <_vfiprintf_r+0x10c8>
   8652e:	4601      	mov	r1, r0
   86530:	9209      	str	r2, [sp, #36]	@ 0x24
   86532:	4640      	mov	r0, r8
   86534:	b2db      	uxtb	r3, r3
   86536:	f7ff bb1c 	b.w	85b72 <_vfiprintf_r+0x56a>
   8653a:	f418 7f00 	tst.w	r8, #512	@ 0x200
   8653e:	bf14      	ite	ne
   86540:	f344 16c0 	sbfxne	r6, r4, #7, #1
   86544:	17e6      	asreq	r6, r4, #31
   86546:	4633      	mov	r3, r6
   86548:	bf18      	it	ne
   8654a:	b264      	sxtbne	r4, r4
   8654c:	f7ff ba52 	b.w	859f4 <_vfiprintf_r+0x3ec>
   86550:	f418 7400 	ands.w	r4, r8, #512	@ 0x200
   86554:	bf0c      	ite	eq
   86556:	4621      	moveq	r1, r4
   86558:	b2c0      	uxtbne	r0, r0
   8655a:	e6af      	b.n	862bc <_vfiprintf_r+0xcb4>
   8655c:	9b04      	ldr	r3, [sp, #16]
   8655e:	ad42      	add	r5, sp, #264	@ 0x108
   86560:	9308      	str	r3, [sp, #32]
   86562:	e5e1      	b.n	86128 <_vfiprintf_r+0xb20>
   86564:	0008c68c 	.word	0x0008c68c
   86568:	0008c6a0 	.word	0x0008c6a0
   8656c:	0008c6b4 	.word	0x0008c6b4
   86570:	7813      	ldrb	r3, [r2, #0]
   86572:	9508      	str	r5, [sp, #32]
   86574:	f88d 3107 	strb.w	r3, [sp, #263]	@ 0x107
   86578:	f428 6880 	bic.w	r8, r8, #1024	@ 0x400
   8657c:	f20d 1507 	addw	r5, sp, #263	@ 0x107
   86580:	e5d2      	b.n	86128 <_vfiprintf_r+0xb20>
   86582:	9a0c      	ldr	r2, [sp, #48]	@ 0x30
   86584:	990d      	ldr	r1, [sp, #52]	@ 0x34
   86586:	eba8 0902 	sub.w	r9, r8, r2
   8658a:	4648      	mov	r0, r9
   8658c:	f000 ff50 	bl	87430 <strncpy>
   86590:	f89a 3001 	ldrb.w	r3, [sl, #1]
   86594:	b10b      	cbz	r3, 8659a <_vfiprintf_r+0xf92>
   86596:	f10a 0a01 	add.w	sl, sl, #1
   8659a:	f04f 31cc 	mov.w	r1, #3435973836	@ 0xcccccccc
   8659e:	2001      	movs	r0, #1
   865a0:	4aa4      	ldr	r2, [pc, #656]	@ (86834 <_vfiprintf_r+0x122c>)
   865a2:	19a3      	adds	r3, r4, r6
   865a4:	f143 0300 	adc.w	r3, r3, #0
   865a8:	fba2 ce03 	umull	ip, lr, r2, r3
   865ac:	f02e 0c03 	bic.w	ip, lr, #3
   865b0:	eb0c 0c9e 	add.w	ip, ip, lr, lsr #2
   865b4:	eba3 030c 	sub.w	r3, r3, ip
   865b8:	1ae3      	subs	r3, r4, r3
   865ba:	fb03 f101 	mul.w	r1, r3, r1
   865be:	f166 0600 	sbc.w	r6, r6, #0
   865c2:	fba3 3402 	umull	r3, r4, r3, r2
   865c6:	fb02 1106 	mla	r1, r2, r6, r1
   865ca:	40c3      	lsrs	r3, r0
   865cc:	4421      	add	r1, r4
   865ce:	ea43 74c1 	orr.w	r4, r3, r1, lsl #31
   865d2:	fa21 f600 	lsr.w	r6, r1, r0
   865d6:	19a3      	adds	r3, r4, r6
   865d8:	f143 0300 	adc.w	r3, r3, #0
   865dc:	fba2 1c03 	umull	r1, ip, r2, r3
   865e0:	f02c 0103 	bic.w	r1, ip, #3
   865e4:	eb01 019c 	add.w	r1, r1, ip, lsr #2
   865e8:	1a5b      	subs	r3, r3, r1
   865ea:	1ae3      	subs	r3, r4, r3
   865ec:	fba3 3102 	umull	r3, r1, r3, r2
   865f0:	f166 0c00 	sbc.w	ip, r6, #0
   865f4:	fb02 120c 	mla	r2, r2, ip, r1
   865f8:	40c3      	lsrs	r3, r0
   865fa:	ea43 73c2 	orr.w	r3, r3, r2, lsl #31
   865fe:	eb03 0383 	add.w	r3, r3, r3, lsl #2
   86602:	eba4 0343 	sub.w	r3, r4, r3, lsl #1
   86606:	3330      	adds	r3, #48	@ 0x30
   86608:	f109 38ff 	add.w	r8, r9, #4294967295	@ 0xffffffff
   8660c:	f809 3c01 	strb.w	r3, [r9, #-1]
   86610:	f7ff bb4b 	b.w	85caa <_vfiprintf_r+0x6a2>
   86614:	ab14      	add	r3, sp, #80	@ 0x50
   86616:	9300      	str	r3, [sp, #0]
   86618:	2300      	movs	r3, #0
   8661a:	4658      	mov	r0, fp
   8661c:	4619      	mov	r1, r3
   8661e:	aa11      	add	r2, sp, #68	@ 0x44
   86620:	f001 fed8 	bl	883d4 <_wcsrtombs_r>
   86624:	4603      	mov	r3, r0
   86626:	3301      	adds	r3, #1
   86628:	9004      	str	r0, [sp, #16]
   8662a:	f000 809a 	beq.w	86762 <_vfiprintf_r+0x115a>
   8662e:	9b07      	ldr	r3, [sp, #28]
   86630:	9311      	str	r3, [sp, #68]	@ 0x44
   86632:	9b04      	ldr	r3, [sp, #16]
   86634:	b32b      	cbz	r3, 86682 <_vfiprintf_r+0x107a>
   86636:	2b63      	cmp	r3, #99	@ 0x63
   86638:	dc68      	bgt.n	8670c <_vfiprintf_r+0x1104>
   8663a:	2300      	movs	r3, #0
   8663c:	ad29      	add	r5, sp, #164	@ 0xa4
   8663e:	9307      	str	r3, [sp, #28]
   86640:	2208      	movs	r2, #8
   86642:	2100      	movs	r1, #0
   86644:	a814      	add	r0, sp, #80	@ 0x50
   86646:	f000 fea5 	bl	87394 <memset>
   8664a:	9c04      	ldr	r4, [sp, #16]
   8664c:	ab14      	add	r3, sp, #80	@ 0x50
   8664e:	9300      	str	r3, [sp, #0]
   86650:	4629      	mov	r1, r5
   86652:	4623      	mov	r3, r4
   86654:	4658      	mov	r0, fp
   86656:	aa11      	add	r2, sp, #68	@ 0x44
   86658:	f001 febc 	bl	883d4 <_wcsrtombs_r>
   8665c:	4284      	cmp	r4, r0
   8665e:	f040 80c7 	bne.w	867f0 <_vfiprintf_r+0x11e8>
   86662:	2300      	movs	r3, #0
   86664:	9a04      	ldr	r2, [sp, #16]
   86666:	ea22 71e2 	bic.w	r1, r2, r2, asr #31
   8666a:	54ab      	strb	r3, [r5, r2]
   8666c:	9103      	str	r1, [sp, #12]
   8666e:	4611      	mov	r1, r2
   86670:	f89d 203b 	ldrb.w	r2, [sp, #59]	@ 0x3b
   86674:	2a00      	cmp	r2, #0
   86676:	d169      	bne.n	8674c <_vfiprintf_r+0x1144>
   86678:	e9cd 1608 	strd	r1, r6, [sp, #32]
   8667c:	9204      	str	r2, [sp, #16]
   8667e:	f7ff b938 	b.w	858f2 <_vfiprintf_r+0x2ea>
   86682:	f89d 303b 	ldrb.w	r3, [sp, #59]	@ 0x3b
   86686:	9d07      	ldr	r5, [sp, #28]
   86688:	3b00      	subs	r3, #0
   8668a:	bf18      	it	ne
   8668c:	2301      	movne	r3, #1
   8668e:	9303      	str	r3, [sp, #12]
   86690:	9b04      	ldr	r3, [sp, #16]
   86692:	9609      	str	r6, [sp, #36]	@ 0x24
   86694:	9308      	str	r3, [sp, #32]
   86696:	e547      	b.n	86128 <_vfiprintf_r+0xb20>
   86698:	f89d 303b 	ldrb.w	r3, [sp, #59]	@ 0x3b
   8669c:	b13b      	cbz	r3, 866ae <_vfiprintf_r+0x10a6>
   8669e:	9b04      	ldr	r3, [sp, #16]
   866a0:	ad42      	add	r5, sp, #264	@ 0x108
   866a2:	e9cd 3307 	strd	r3, r3, [sp, #28]
   866a6:	2301      	movs	r3, #1
   866a8:	9303      	str	r3, [sp, #12]
   866aa:	f7ff b9cc 	b.w	85a46 <_vfiprintf_r+0x43e>
   866ae:	9b04      	ldr	r3, [sp, #16]
   866b0:	f7ff bb80 	b.w	85db4 <_vfiprintf_r+0x7ac>
   866b4:	9b04      	ldr	r3, [sp, #16]
   866b6:	ad42      	add	r5, sp, #264	@ 0x108
   866b8:	9308      	str	r3, [sp, #32]
   866ba:	e411      	b.n	85ee0 <_vfiprintf_r+0x8d8>
   866bc:	b2dc      	uxtb	r4, r3
   866be:	9b04      	ldr	r3, [sp, #16]
   866c0:	460e      	mov	r6, r1
   866c2:	2b00      	cmp	r3, #0
   866c4:	f88d 103b 	strb.w	r1, [sp, #59]	@ 0x3b
   866c8:	f6bf aa91 	bge.w	85bee <_vfiprintf_r+0x5e6>
   866cc:	f7ff ba94 	b.w	85bf8 <_vfiprintf_r+0x5f0>
   866d0:	4640      	mov	r0, r8
   866d2:	9209      	str	r2, [sp, #36]	@ 0x24
   866d4:	f7ff ba4d 	b.w	85b72 <_vfiprintf_r+0x56a>
   866d8:	9b09      	ldr	r3, [sp, #36]	@ 0x24
   866da:	9a05      	ldr	r2, [sp, #20]
   866dc:	681b      	ldr	r3, [r3, #0]
   866de:	801a      	strh	r2, [r3, #0]
   866e0:	e42c      	b.n	85f3c <_vfiprintf_r+0x934>
   866e2:	9d07      	ldr	r5, [sp, #28]
   866e4:	4628      	mov	r0, r5
   866e6:	f001 f823 	bl	87730 <strlen>
   866ea:	f89d 303b 	ldrb.w	r3, [sp, #59]	@ 0x3b
   866ee:	ea20 72e0 	bic.w	r2, r0, r0, asr #31
   866f2:	9008      	str	r0, [sp, #32]
   866f4:	9203      	str	r2, [sp, #12]
   866f6:	2b00      	cmp	r3, #0
   866f8:	f43f aed9 	beq.w	864ae <_vfiprintf_r+0xea6>
   866fc:	4613      	mov	r3, r2
   866fe:	3301      	adds	r3, #1
   86700:	9404      	str	r4, [sp, #16]
   86702:	9609      	str	r6, [sp, #36]	@ 0x24
   86704:	9303      	str	r3, [sp, #12]
   86706:	9407      	str	r4, [sp, #28]
   86708:	f7ff b99d 	b.w	85a46 <_vfiprintf_r+0x43e>
   8670c:	4658      	mov	r0, fp
   8670e:	1c59      	adds	r1, r3, #1
   86710:	f001 f9a4 	bl	87a5c <_malloc_r>
   86714:	4605      	mov	r5, r0
   86716:	b320      	cbz	r0, 86762 <_vfiprintf_r+0x115a>
   86718:	9007      	str	r0, [sp, #28]
   8671a:	e791      	b.n	86640 <_vfiprintf_r+0x1038>
   8671c:	6d88      	ldr	r0, [r1, #88]	@ 0x58
   8671e:	f000 ff4f 	bl	875c0 <__retarget_lock_release_recursive>
   86722:	f7ff b874 	b.w	8580e <_vfiprintf_r+0x206>
   86726:	2200      	movs	r2, #0
   86728:	4682      	mov	sl, r0
   8672a:	9204      	str	r2, [sp, #16]
   8672c:	f7fe bfd2 	b.w	856d4 <_vfiprintf_r+0xcc>
   86730:	4e41      	ldr	r6, [pc, #260]	@ (86838 <_vfiprintf_r+0x1230>)
   86732:	e538      	b.n	861a6 <_vfiprintf_r+0xb9e>
   86734:	4658      	mov	r0, fp
   86736:	9902      	ldr	r1, [sp, #8]
   86738:	aa16      	add	r2, sp, #88	@ 0x58
   8673a:	f000 f8c3 	bl	868c4 <__sprint_r>
   8673e:	2800      	cmp	r0, #0
   86740:	f43f a892 	beq.w	85868 <_vfiprintf_r+0x260>
   86744:	f7ff b8ad 	b.w	858a2 <_vfiprintf_r+0x29a>
   86748:	4e3b      	ldr	r6, [pc, #236]	@ (86838 <_vfiprintf_r+0x1230>)
   8674a:	e4ca      	b.n	860e2 <_vfiprintf_r+0xada>
   8674c:	9a04      	ldr	r2, [sp, #16]
   8674e:	9304      	str	r3, [sp, #16]
   86750:	9b03      	ldr	r3, [sp, #12]
   86752:	e9cd 2608 	strd	r2, r6, [sp, #32]
   86756:	3301      	adds	r3, #1
   86758:	9303      	str	r3, [sp, #12]
   8675a:	f7ff b974 	b.w	85a46 <_vfiprintf_r+0x43e>
   8675e:	4b37      	ldr	r3, [pc, #220]	@ (8683c <_vfiprintf_r+0x1234>)
   86760:	e42e      	b.n	85fc0 <_vfiprintf_r+0x9b8>
   86762:	9802      	ldr	r0, [sp, #8]
   86764:	f9b0 300c 	ldrsh.w	r3, [r0, #12]
   86768:	6e42      	ldr	r2, [r0, #100]	@ 0x64
   8676a:	f043 0140 	orr.w	r1, r3, #64	@ 0x40
   8676e:	07d5      	lsls	r5, r2, #31
   86770:	8181      	strh	r1, [r0, #12]
   86772:	f53f a9dd 	bmi.w	85b30 <_vfiprintf_r+0x528>
   86776:	0599      	lsls	r1, r3, #22
   86778:	f53f a9da 	bmi.w	85b30 <_vfiprintf_r+0x528>
   8677c:	f7ff b925 	b.w	859ca <_vfiprintf_r+0x3c2>
   86780:	9d07      	ldr	r5, [sp, #28]
   86782:	9204      	str	r2, [sp, #16]
   86784:	9609      	str	r6, [sp, #36]	@ 0x24
   86786:	9207      	str	r2, [sp, #28]
   86788:	f7ff b8b3 	b.w	858f2 <_vfiprintf_r+0x2ea>
   8678c:	f8dd 900c 	ldr.w	r9, [sp, #12]
   86790:	e74f      	b.n	86632 <_vfiprintf_r+0x102a>
   86792:	b142      	cbz	r2, 867a6 <_vfiprintf_r+0x119e>
   86794:	9a04      	ldr	r2, [sp, #16]
   86796:	9609      	str	r6, [sp, #36]	@ 0x24
   86798:	9208      	str	r2, [sp, #32]
   8679a:	3201      	adds	r2, #1
   8679c:	e9cd 2003 	strd	r2, r0, [sp, #12]
   867a0:	9007      	str	r0, [sp, #28]
   867a2:	f7ff b950 	b.w	85a46 <_vfiprintf_r+0x43e>
   867a6:	9b04      	ldr	r3, [sp, #16]
   867a8:	9207      	str	r2, [sp, #28]
   867aa:	e9cd 3203 	strd	r3, r2, [sp, #12]
   867ae:	9609      	str	r6, [sp, #36]	@ 0x24
   867b0:	9308      	str	r3, [sp, #32]
   867b2:	f7ff b89e 	b.w	858f2 <_vfiprintf_r+0x2ea>
   867b6:	9a09      	ldr	r2, [sp, #36]	@ 0x24
   867b8:	f89a 3001 	ldrb.w	r3, [sl, #1]
   867bc:	f852 1b04 	ldr.w	r1, [r2], #4
   867c0:	4682      	mov	sl, r0
   867c2:	9209      	str	r2, [sp, #36]	@ 0x24
   867c4:	ea41 72e1 	orr.w	r2, r1, r1, asr #31
   867c8:	9204      	str	r2, [sp, #16]
   867ca:	f7fe bf81 	b.w	856d0 <_vfiprintf_r+0xc8>
   867ce:	9a02      	ldr	r2, [sp, #8]
   867d0:	6e53      	ldr	r3, [r2, #100]	@ 0x64
   867d2:	07dd      	lsls	r5, r3, #31
   867d4:	f53f a9ac 	bmi.w	85b30 <_vfiprintf_r+0x528>
   867d8:	8993      	ldrh	r3, [r2, #12]
   867da:	059c      	lsls	r4, r3, #22
   867dc:	f53f a9a8 	bmi.w	85b30 <_vfiprintf_r+0x528>
   867e0:	6d90      	ldr	r0, [r2, #88]	@ 0x58
   867e2:	f000 feed 	bl	875c0 <__retarget_lock_release_recursive>
   867e6:	f7ff b9a3 	b.w	85b30 <_vfiprintf_r+0x528>
   867ea:	4641      	mov	r1, r8
   867ec:	f7ff bab4 	b.w	85d58 <_vfiprintf_r+0x750>
   867f0:	9a02      	ldr	r2, [sp, #8]
   867f2:	8993      	ldrh	r3, [r2, #12]
   867f4:	f043 0340 	orr.w	r3, r3, #64	@ 0x40
   867f8:	8193      	strh	r3, [r2, #12]
   867fa:	f7ff b84c 	b.w	85896 <_vfiprintf_r+0x28e>
   867fe:	9303      	str	r3, [sp, #12]
   86800:	e492      	b.n	86128 <_vfiprintf_r+0xb20>
   86802:	2201      	movs	r2, #1
   86804:	9b04      	ldr	r3, [sp, #16]
   86806:	9208      	str	r2, [sp, #32]
   86808:	2b01      	cmp	r3, #1
   8680a:	bfb8      	it	lt
   8680c:	2301      	movlt	r3, #1
   8680e:	f20d 1507 	addw	r5, sp, #263	@ 0x107
   86812:	f7ff bb65 	b.w	85ee0 <_vfiprintf_r+0x8d8>
   86816:	4640      	mov	r0, r8
   86818:	e53a      	b.n	86290 <_vfiprintf_r+0xc88>
   8681a:	4643      	mov	r3, r8
   8681c:	f7ff ba72 	b.w	85d04 <_vfiprintf_r+0x6fc>
   86820:	f20d 1507 	addw	r5, sp, #263	@ 0x107
   86824:	f7ff bb50 	b.w	85ec8 <_vfiprintf_r+0x8c0>
   86828:	9607      	str	r6, [sp, #28]
   8682a:	f7ff b869 	b.w	85900 <_vfiprintf_r+0x2f8>
   8682e:	9307      	str	r3, [sp, #28]
   86830:	f7ff b892 	b.w	85958 <_vfiprintf_r+0x350>
   86834:	cccccccd 	.word	0xcccccccd
   86838:	0008c920 	.word	0x0008c920
   8683c:	0008c910 	.word	0x0008c910

00086840 <__sbprintf>:
   86840:	e92d 41f0 	stmdb	sp!, {r4, r5, r6, r7, r8, lr}
   86844:	f44f 6580 	mov.w	r5, #1024	@ 0x400
   86848:	2700      	movs	r7, #0
   8684a:	f5ad 6d8d 	sub.w	sp, sp, #1128	@ 0x468
   8684e:	ae1a      	add	r6, sp, #104	@ 0x68
   86850:	e9cd 5705 	strd	r5, r7, [sp, #20]
   86854:	4698      	mov	r8, r3
   86856:	4607      	mov	r7, r0
   86858:	9600      	str	r6, [sp, #0]
   8685a:	9604      	str	r6, [sp, #16]
   8685c:	4616      	mov	r6, r2
   8685e:	898b      	ldrh	r3, [r1, #12]
   86860:	a816      	add	r0, sp, #88	@ 0x58
   86862:	f023 0302 	bic.w	r3, r3, #2
   86866:	f8ad 300c 	strh.w	r3, [sp, #12]
   8686a:	6e4b      	ldr	r3, [r1, #100]	@ 0x64
   8686c:	9502      	str	r5, [sp, #8]
   8686e:	9319      	str	r3, [sp, #100]	@ 0x64
   86870:	89cb      	ldrh	r3, [r1, #14]
   86872:	460d      	mov	r5, r1
   86874:	f8ad 300e 	strh.w	r3, [sp, #14]
   86878:	69cb      	ldr	r3, [r1, #28]
   8687a:	466c      	mov	r4, sp
   8687c:	9307      	str	r3, [sp, #28]
   8687e:	6a4b      	ldr	r3, [r1, #36]	@ 0x24
   86880:	9309      	str	r3, [sp, #36]	@ 0x24
   86882:	f000 fe97 	bl	875b4 <__retarget_lock_init_recursive>
   86886:	4632      	mov	r2, r6
   86888:	4643      	mov	r3, r8
   8688a:	4669      	mov	r1, sp
   8688c:	4638      	mov	r0, r7
   8688e:	f7fe febb 	bl	85608 <_vfiprintf_r>
   86892:	1e06      	subs	r6, r0, #0
   86894:	db07      	blt.n	868a6 <__sbprintf+0x66>
   86896:	4669      	mov	r1, sp
   86898:	4638      	mov	r0, r7
   8689a:	f000 f8b5 	bl	86a08 <_fflush_r>
   8689e:	2800      	cmp	r0, #0
   868a0:	bf18      	it	ne
   868a2:	f04f 36ff 	movne.w	r6, #4294967295	@ 0xffffffff
   868a6:	89a3      	ldrh	r3, [r4, #12]
   868a8:	065b      	lsls	r3, r3, #25
   868aa:	d503      	bpl.n	868b4 <__sbprintf+0x74>
   868ac:	89ab      	ldrh	r3, [r5, #12]
   868ae:	f043 0340 	orr.w	r3, r3, #64	@ 0x40
   868b2:	81ab      	strh	r3, [r5, #12]
   868b4:	6da0      	ldr	r0, [r4, #88]	@ 0x58
   868b6:	f000 fe7f 	bl	875b8 <__retarget_lock_close_recursive>
   868ba:	4630      	mov	r0, r6
   868bc:	f50d 6d8d 	add.w	sp, sp, #1128	@ 0x468
   868c0:	e8bd 81f0 	ldmia.w	sp!, {r4, r5, r6, r7, r8, pc}

000868c4 <__sprint_r>:
   868c4:	6893      	ldr	r3, [r2, #8]
   868c6:	b510      	push	{r4, lr}
   868c8:	4614      	mov	r4, r2
   868ca:	b91b      	cbnz	r3, 868d4 <__sprint_r+0x10>
   868cc:	4618      	mov	r0, r3
   868ce:	2300      	movs	r3, #0
   868d0:	6063      	str	r3, [r4, #4]
   868d2:	bd10      	pop	{r4, pc}
   868d4:	f000 f990 	bl	86bf8 <__sfvwrite_r>
   868d8:	2300      	movs	r3, #0
   868da:	60a3      	str	r3, [r4, #8]
   868dc:	2300      	movs	r3, #0
   868de:	6063      	str	r3, [r4, #4]
   868e0:	bd10      	pop	{r4, pc}
   868e2:	bf00      	nop

000868e4 <__sflush_r>:
   868e4:	f9b1 200c 	ldrsh.w	r2, [r1, #12]
   868e8:	b5f8      	push	{r3, r4, r5, r6, r7, lr}
   868ea:	0713      	lsls	r3, r2, #28
   868ec:	460c      	mov	r4, r1
   868ee:	4607      	mov	r7, r0
   868f0:	d448      	bmi.n	86984 <__sflush_r+0xa0>
   868f2:	6849      	ldr	r1, [r1, #4]
   868f4:	f442 6300 	orr.w	r3, r2, #2048	@ 0x800
   868f8:	2900      	cmp	r1, #0
   868fa:	81a3      	strh	r3, [r4, #12]
   868fc:	dd5f      	ble.n	869be <__sflush_r+0xda>
   868fe:	6aa6      	ldr	r6, [r4, #40]	@ 0x28
   86900:	2e00      	cmp	r6, #0
   86902:	d03d      	beq.n	86980 <__sflush_r+0x9c>
   86904:	2100      	movs	r1, #0
   86906:	f412 5280 	ands.w	r2, r2, #4096	@ 0x1000
   8690a:	683d      	ldr	r5, [r7, #0]
   8690c:	6039      	str	r1, [r7, #0]
   8690e:	d162      	bne.n	869d6 <__sflush_r+0xf2>
   86910:	2301      	movs	r3, #1
   86912:	4638      	mov	r0, r7
   86914:	69e1      	ldr	r1, [r4, #28]
   86916:	47b0      	blx	r6
   86918:	1c46      	adds	r6, r0, #1
   8691a:	4602      	mov	r2, r0
   8691c:	d068      	beq.n	869f0 <__sflush_r+0x10c>
   8691e:	f9b4 300c 	ldrsh.w	r3, [r4, #12]
   86922:	6aa6      	ldr	r6, [r4, #40]	@ 0x28
   86924:	0758      	lsls	r0, r3, #29
   86926:	d505      	bpl.n	86934 <__sflush_r+0x50>
   86928:	6863      	ldr	r3, [r4, #4]
   8692a:	1ad2      	subs	r2, r2, r3
   8692c:	6b23      	ldr	r3, [r4, #48]	@ 0x30
   8692e:	b10b      	cbz	r3, 86934 <__sflush_r+0x50>
   86930:	6be3      	ldr	r3, [r4, #60]	@ 0x3c
   86932:	1ad2      	subs	r2, r2, r3
   86934:	2300      	movs	r3, #0
   86936:	69e1      	ldr	r1, [r4, #28]
   86938:	4638      	mov	r0, r7
   8693a:	47b0      	blx	r6
   8693c:	1c41      	adds	r1, r0, #1
   8693e:	f9b4 300c 	ldrsh.w	r3, [r4, #12]
   86942:	d14a      	bne.n	869da <__sflush_r+0xf6>
   86944:	6839      	ldr	r1, [r7, #0]
   86946:	291d      	cmp	r1, #29
   86948:	d83f      	bhi.n	869ca <__sflush_r+0xe6>
   8694a:	4a2e      	ldr	r2, [pc, #184]	@ (86a04 <__sflush_r+0x120>)
   8694c:	40ca      	lsrs	r2, r1
   8694e:	07d2      	lsls	r2, r2, #31
   86950:	d53b      	bpl.n	869ca <__sflush_r+0xe6>
   86952:	2200      	movs	r2, #0
   86954:	6062      	str	r2, [r4, #4]
   86956:	6922      	ldr	r2, [r4, #16]
   86958:	04de      	lsls	r6, r3, #19
   8695a:	6022      	str	r2, [r4, #0]
   8695c:	f423 6200 	bic.w	r2, r3, #2048	@ 0x800
   86960:	81a2      	strh	r2, [r4, #12]
   86962:	d501      	bpl.n	86968 <__sflush_r+0x84>
   86964:	2900      	cmp	r1, #0
   86966:	d041      	beq.n	869ec <__sflush_r+0x108>
   86968:	6b21      	ldr	r1, [r4, #48]	@ 0x30
   8696a:	603d      	str	r5, [r7, #0]
   8696c:	b141      	cbz	r1, 86980 <__sflush_r+0x9c>
   8696e:	f104 0340 	add.w	r3, r4, #64	@ 0x40
   86972:	4299      	cmp	r1, r3
   86974:	d002      	beq.n	8697c <__sflush_r+0x98>
   86976:	4638      	mov	r0, r7
   86978:	f000 ff74 	bl	87864 <_free_r>
   8697c:	2300      	movs	r3, #0
   8697e:	6323      	str	r3, [r4, #48]	@ 0x30
   86980:	2000      	movs	r0, #0
   86982:	bdf8      	pop	{r3, r4, r5, r6, r7, pc}
   86984:	690e      	ldr	r6, [r1, #16]
   86986:	2e00      	cmp	r6, #0
   86988:	d0fa      	beq.n	86980 <__sflush_r+0x9c>
   8698a:	0792      	lsls	r2, r2, #30
   8698c:	bf18      	it	ne
   8698e:	2300      	movne	r3, #0
   86990:	680d      	ldr	r5, [r1, #0]
   86992:	bf08      	it	eq
   86994:	694b      	ldreq	r3, [r1, #20]
   86996:	600e      	str	r6, [r1, #0]
   86998:	1bad      	subs	r5, r5, r6
   8699a:	608b      	str	r3, [r1, #8]
   8699c:	e00c      	b.n	869b8 <__sflush_r+0xd4>
   8699e:	462b      	mov	r3, r5
   869a0:	4632      	mov	r2, r6
   869a2:	f8d4 c024 	ldr.w	ip, [r4, #36]	@ 0x24
   869a6:	4638      	mov	r0, r7
   869a8:	69e1      	ldr	r1, [r4, #28]
   869aa:	47e0      	blx	ip
   869ac:	f1b0 0c00 	subs.w	ip, r0, #0
   869b0:	eba5 050c 	sub.w	r5, r5, ip
   869b4:	4466      	add	r6, ip
   869b6:	dd06      	ble.n	869c6 <__sflush_r+0xe2>
   869b8:	2d00      	cmp	r5, #0
   869ba:	dcf0      	bgt.n	8699e <__sflush_r+0xba>
   869bc:	e7e0      	b.n	86980 <__sflush_r+0x9c>
   869be:	6be1      	ldr	r1, [r4, #60]	@ 0x3c
   869c0:	2900      	cmp	r1, #0
   869c2:	dc9c      	bgt.n	868fe <__sflush_r+0x1a>
   869c4:	e7dc      	b.n	86980 <__sflush_r+0x9c>
   869c6:	f9b4 300c 	ldrsh.w	r3, [r4, #12]
   869ca:	f043 0340 	orr.w	r3, r3, #64	@ 0x40
   869ce:	f04f 30ff 	mov.w	r0, #4294967295	@ 0xffffffff
   869d2:	81a3      	strh	r3, [r4, #12]
   869d4:	bdf8      	pop	{r3, r4, r5, r6, r7, pc}
   869d6:	6d22      	ldr	r2, [r4, #80]	@ 0x50
   869d8:	e7a4      	b.n	86924 <__sflush_r+0x40>
   869da:	2200      	movs	r2, #0
   869dc:	6062      	str	r2, [r4, #4]
   869de:	6922      	ldr	r2, [r4, #16]
   869e0:	6022      	str	r2, [r4, #0]
   869e2:	f423 6200 	bic.w	r2, r3, #2048	@ 0x800
   869e6:	04db      	lsls	r3, r3, #19
   869e8:	81a2      	strh	r2, [r4, #12]
   869ea:	d5bd      	bpl.n	86968 <__sflush_r+0x84>
   869ec:	6520      	str	r0, [r4, #80]	@ 0x50
   869ee:	e7bb      	b.n	86968 <__sflush_r+0x84>
   869f0:	683b      	ldr	r3, [r7, #0]
   869f2:	2b00      	cmp	r3, #0
   869f4:	d093      	beq.n	8691e <__sflush_r+0x3a>
   869f6:	2b1d      	cmp	r3, #29
   869f8:	d001      	beq.n	869fe <__sflush_r+0x11a>
   869fa:	2b16      	cmp	r3, #22
   869fc:	d1e3      	bne.n	869c6 <__sflush_r+0xe2>
   869fe:	603d      	str	r5, [r7, #0]
   86a00:	e7be      	b.n	86980 <__sflush_r+0x9c>
   86a02:	bf00      	nop
   86a04:	20400001 	.word	0x20400001

00086a08 <_fflush_r>:
   86a08:	b538      	push	{r3, r4, r5, lr}
   86a0a:	4605      	mov	r5, r0
   86a0c:	460c      	mov	r4, r1
   86a0e:	b108      	cbz	r0, 86a14 <_fflush_r+0xc>
   86a10:	6b43      	ldr	r3, [r0, #52]	@ 0x34
   86a12:	b303      	cbz	r3, 86a56 <_fflush_r+0x4e>
   86a14:	f9b4 000c 	ldrsh.w	r0, [r4, #12]
   86a18:	b188      	cbz	r0, 86a3e <_fflush_r+0x36>
   86a1a:	6e63      	ldr	r3, [r4, #100]	@ 0x64
   86a1c:	07db      	lsls	r3, r3, #31
   86a1e:	d401      	bmi.n	86a24 <_fflush_r+0x1c>
   86a20:	0581      	lsls	r1, r0, #22
   86a22:	d50f      	bpl.n	86a44 <_fflush_r+0x3c>
   86a24:	4628      	mov	r0, r5
   86a26:	4621      	mov	r1, r4
   86a28:	f7ff ff5c 	bl	868e4 <__sflush_r>
   86a2c:	6e63      	ldr	r3, [r4, #100]	@ 0x64
   86a2e:	4605      	mov	r5, r0
   86a30:	07da      	lsls	r2, r3, #31
   86a32:	d402      	bmi.n	86a3a <_fflush_r+0x32>
   86a34:	89a3      	ldrh	r3, [r4, #12]
   86a36:	059b      	lsls	r3, r3, #22
   86a38:	d508      	bpl.n	86a4c <_fflush_r+0x44>
   86a3a:	4628      	mov	r0, r5
   86a3c:	bd38      	pop	{r3, r4, r5, pc}
   86a3e:	4605      	mov	r5, r0
   86a40:	4628      	mov	r0, r5
   86a42:	bd38      	pop	{r3, r4, r5, pc}
   86a44:	6da0      	ldr	r0, [r4, #88]	@ 0x58
   86a46:	f000 fdb9 	bl	875bc <__retarget_lock_acquire_recursive>
   86a4a:	e7eb      	b.n	86a24 <_fflush_r+0x1c>
   86a4c:	6da0      	ldr	r0, [r4, #88]	@ 0x58
   86a4e:	f000 fdb7 	bl	875c0 <__retarget_lock_release_recursive>
   86a52:	4628      	mov	r0, r5
   86a54:	bd38      	pop	{r3, r4, r5, pc}
   86a56:	f000 f8a5 	bl	86ba4 <__sinit>
   86a5a:	e7db      	b.n	86a14 <_fflush_r+0xc>

00086a5c <stdio_exit_handler>:
   86a5c:	4a02      	ldr	r2, [pc, #8]	@ (86a68 <stdio_exit_handler+0xc>)
   86a5e:	4903      	ldr	r1, [pc, #12]	@ (86a6c <stdio_exit_handler+0x10>)
   86a60:	4803      	ldr	r0, [pc, #12]	@ (86a70 <stdio_exit_handler+0x14>)
   86a62:	f000 ba35 	b.w	86ed0 <_fwalk_sglue>
   86a66:	bf00      	nop
   86a68:	200003ac 	.word	0x200003ac
   86a6c:	0008a695 	.word	0x0008a695
   86a70:	20000528 	.word	0x20000528

00086a74 <cleanup_stdio>:
   86a74:	4b0c      	ldr	r3, [pc, #48]	@ (86aa8 <cleanup_stdio+0x34>)
   86a76:	6841      	ldr	r1, [r0, #4]
   86a78:	b510      	push	{r4, lr}
   86a7a:	4299      	cmp	r1, r3
   86a7c:	4604      	mov	r4, r0
   86a7e:	d001      	beq.n	86a84 <cleanup_stdio+0x10>
   86a80:	f003 fe08 	bl	8a694 <_fclose_r>
   86a84:	68a1      	ldr	r1, [r4, #8]
   86a86:	4b09      	ldr	r3, [pc, #36]	@ (86aac <cleanup_stdio+0x38>)
   86a88:	4299      	cmp	r1, r3
   86a8a:	d002      	beq.n	86a92 <cleanup_stdio+0x1e>
   86a8c:	4620      	mov	r0, r4
   86a8e:	f003 fe01 	bl	8a694 <_fclose_r>
   86a92:	68e1      	ldr	r1, [r4, #12]
   86a94:	4b06      	ldr	r3, [pc, #24]	@ (86ab0 <cleanup_stdio+0x3c>)
   86a96:	4299      	cmp	r1, r3
   86a98:	d004      	beq.n	86aa4 <cleanup_stdio+0x30>
   86a9a:	4620      	mov	r0, r4
   86a9c:	e8bd 4010 	ldmia.w	sp!, {r4, lr}
   86aa0:	f003 bdf8 	b.w	8a694 <_fclose_r>
   86aa4:	bd10      	pop	{r4, pc}
   86aa6:	bf00      	nop
   86aa8:	20003404 	.word	0x20003404
   86aac:	2000346c 	.word	0x2000346c
   86ab0:	200034d4 	.word	0x200034d4

00086ab4 <global_stdio_init.part.0>:
   86ab4:	e92d 43f8 	stmdb	sp!, {r3, r4, r5, r6, r7, r8, r9, lr}
   86ab8:	2500      	movs	r5, #0
   86aba:	2304      	movs	r3, #4
   86abc:	4c30      	ldr	r4, [pc, #192]	@ (86b80 <global_stdio_init.part.0+0xcc>)
   86abe:	4a31      	ldr	r2, [pc, #196]	@ (86b84 <global_stdio_init.part.0+0xd0>)
   86ac0:	4931      	ldr	r1, [pc, #196]	@ (86b88 <global_stdio_init.part.0+0xd4>)
   86ac2:	f8df 90c8 	ldr.w	r9, [pc, #200]	@ 86b8c <global_stdio_init.part.0+0xd8>
   86ac6:	f8df 80c8 	ldr.w	r8, [pc, #200]	@ 86b90 <global_stdio_init.part.0+0xdc>
   86aca:	4f32      	ldr	r7, [pc, #200]	@ (86b94 <global_stdio_init.part.0+0xe0>)
   86acc:	4e32      	ldr	r6, [pc, #200]	@ (86b98 <global_stdio_init.part.0+0xe4>)
   86ace:	6011      	str	r1, [r2, #0]
   86ad0:	f104 005c 	add.w	r0, r4, #92	@ 0x5c
   86ad4:	4629      	mov	r1, r5
   86ad6:	2208      	movs	r2, #8
   86ad8:	e9c4 3503 	strd	r3, r5, [r4, #12]
   86adc:	e9c4 5500 	strd	r5, r5, [r4]
   86ae0:	e9c4 5505 	strd	r5, r5, [r4, #20]
   86ae4:	60a5      	str	r5, [r4, #8]
   86ae6:	6665      	str	r5, [r4, #100]	@ 0x64
   86ae8:	f000 fc54 	bl	87394 <memset>
   86aec:	f104 0058 	add.w	r0, r4, #88	@ 0x58
   86af0:	e9c4 4907 	strd	r4, r9, [r4, #28]
   86af4:	e9c4 8709 	strd	r8, r7, [r4, #36]	@ 0x24
   86af8:	62e6      	str	r6, [r4, #44]	@ 0x2c
   86afa:	f000 fd5b 	bl	875b4 <__retarget_lock_init_recursive>
   86afe:	4b27      	ldr	r3, [pc, #156]	@ (86b9c <global_stdio_init.part.0+0xe8>)
   86b00:	4629      	mov	r1, r5
   86b02:	2208      	movs	r2, #8
   86b04:	f104 00c4 	add.w	r0, r4, #196	@ 0xc4
   86b08:	6763      	str	r3, [r4, #116]	@ 0x74
   86b0a:	e9c4 551a 	strd	r5, r5, [r4, #104]	@ 0x68
   86b0e:	e9c4 551e 	strd	r5, r5, [r4, #120]	@ 0x78
   86b12:	6725      	str	r5, [r4, #112]	@ 0x70
   86b14:	f8c4 50cc 	str.w	r5, [r4, #204]	@ 0xcc
   86b18:	f8c4 5080 	str.w	r5, [r4, #128]	@ 0x80
   86b1c:	f000 fc3a 	bl	87394 <memset>
   86b20:	f104 0368 	add.w	r3, r4, #104	@ 0x68
   86b24:	f104 00c0 	add.w	r0, r4, #192	@ 0xc0
   86b28:	f8c4 3084 	str.w	r3, [r4, #132]	@ 0x84
   86b2c:	e9c4 9822 	strd	r9, r8, [r4, #136]	@ 0x88
   86b30:	e9c4 7624 	strd	r7, r6, [r4, #144]	@ 0x90
   86b34:	f000 fd3e 	bl	875b4 <__retarget_lock_init_recursive>
   86b38:	4b19      	ldr	r3, [pc, #100]	@ (86ba0 <global_stdio_init.part.0+0xec>)
   86b3a:	4629      	mov	r1, r5
   86b3c:	f504 7096 	add.w	r0, r4, #300	@ 0x12c
   86b40:	2208      	movs	r2, #8
   86b42:	f8c4 30dc 	str.w	r3, [r4, #220]	@ 0xdc
   86b46:	e9c4 5534 	strd	r5, r5, [r4, #208]	@ 0xd0
   86b4a:	e9c4 5538 	strd	r5, r5, [r4, #224]	@ 0xe0
   86b4e:	f8c4 50d8 	str.w	r5, [r4, #216]	@ 0xd8
   86b52:	f8c4 5134 	str.w	r5, [r4, #308]	@ 0x134
   86b56:	f8c4 50e8 	str.w	r5, [r4, #232]	@ 0xe8
   86b5a:	f000 fc1b 	bl	87394 <memset>
   86b5e:	f104 03d0 	add.w	r3, r4, #208	@ 0xd0
   86b62:	e9c4 873d 	strd	r8, r7, [r4, #244]	@ 0xf4
   86b66:	f8c4 90f0 	str.w	r9, [r4, #240]	@ 0xf0
   86b6a:	f504 7094 	add.w	r0, r4, #296	@ 0x128
   86b6e:	f8c4 60fc 	str.w	r6, [r4, #252]	@ 0xfc
   86b72:	f8c4 30ec 	str.w	r3, [r4, #236]	@ 0xec
   86b76:	e8bd 43f8 	ldmia.w	sp!, {r3, r4, r5, r6, r7, r8, r9, lr}
   86b7a:	f000 bd1b 	b.w	875b4 <__retarget_lock_init_recursive>
   86b7e:	bf00      	nop
   86b80:	20003404 	.word	0x20003404
   86b84:	2000353c 	.word	0x2000353c
   86b88:	00086a5d 	.word	0x00086a5d
   86b8c:	0008710d 	.word	0x0008710d
   86b90:	00087131 	.word	0x00087131
   86b94:	00087171 	.word	0x00087171
   86b98:	00087195 	.word	0x00087195
   86b9c:	00010009 	.word	0x00010009
   86ba0:	00020012 	.word	0x00020012

00086ba4 <__sinit>:
   86ba4:	b510      	push	{r4, lr}
   86ba6:	4604      	mov	r4, r0
   86ba8:	480a      	ldr	r0, [pc, #40]	@ (86bd4 <__sinit+0x30>)
   86baa:	f000 fd07 	bl	875bc <__retarget_lock_acquire_recursive>
   86bae:	6b63      	ldr	r3, [r4, #52]	@ 0x34
   86bb0:	b923      	cbnz	r3, 86bbc <__sinit+0x18>
   86bb2:	4b09      	ldr	r3, [pc, #36]	@ (86bd8 <__sinit+0x34>)
   86bb4:	4a09      	ldr	r2, [pc, #36]	@ (86bdc <__sinit+0x38>)
   86bb6:	681b      	ldr	r3, [r3, #0]
   86bb8:	6362      	str	r2, [r4, #52]	@ 0x34
   86bba:	b123      	cbz	r3, 86bc6 <__sinit+0x22>
   86bbc:	e8bd 4010 	ldmia.w	sp!, {r4, lr}
   86bc0:	4804      	ldr	r0, [pc, #16]	@ (86bd4 <__sinit+0x30>)
   86bc2:	f000 bcfd 	b.w	875c0 <__retarget_lock_release_recursive>
   86bc6:	f7ff ff75 	bl	86ab4 <global_stdio_init.part.0>
   86bca:	e8bd 4010 	ldmia.w	sp!, {r4, lr}
   86bce:	4801      	ldr	r0, [pc, #4]	@ (86bd4 <__sinit+0x30>)
   86bd0:	f000 bcf6 	b.w	875c0 <__retarget_lock_release_recursive>
   86bd4:	2000354c 	.word	0x2000354c
   86bd8:	2000353c 	.word	0x2000353c
   86bdc:	00086a75 	.word	0x00086a75

00086be0 <__sfp_lock_acquire>:
   86be0:	4801      	ldr	r0, [pc, #4]	@ (86be8 <__sfp_lock_acquire+0x8>)
   86be2:	f000 bceb 	b.w	875bc <__retarget_lock_acquire_recursive>
   86be6:	bf00      	nop
   86be8:	2000354c 	.word	0x2000354c

00086bec <__sfp_lock_release>:
   86bec:	4801      	ldr	r0, [pc, #4]	@ (86bf4 <__sfp_lock_release+0x8>)
   86bee:	f000 bce7 	b.w	875c0 <__retarget_lock_release_recursive>
   86bf2:	bf00      	nop
   86bf4:	2000354c 	.word	0x2000354c

00086bf8 <__sfvwrite_r>:
   86bf8:	6893      	ldr	r3, [r2, #8]
   86bfa:	2b00      	cmp	r3, #0
   86bfc:	f000 80b2 	beq.w	86d64 <__sfvwrite_r+0x16c>
   86c00:	e92d 4ff0 	stmdb	sp!, {r4, r5, r6, r7, r8, r9, sl, fp, lr}
   86c04:	f9b1 c00c 	ldrsh.w	ip, [r1, #12]
   86c08:	4617      	mov	r7, r2
   86c0a:	f01c 0f08 	tst.w	ip, #8
   86c0e:	4680      	mov	r8, r0
   86c10:	460c      	mov	r4, r1
   86c12:	b083      	sub	sp, #12
   86c14:	d025      	beq.n	86c62 <__sfvwrite_r+0x6a>
   86c16:	690b      	ldr	r3, [r1, #16]
   86c18:	b31b      	cbz	r3, 86c62 <__sfvwrite_r+0x6a>
   86c1a:	f01c 0302 	ands.w	r3, ip, #2
   86c1e:	683d      	ldr	r5, [r7, #0]
   86c20:	d02b      	beq.n	86c7a <__sfvwrite_r+0x82>
   86c22:	f04f 0b00 	mov.w	fp, #0
   86c26:	465e      	mov	r6, fp
   86c28:	f8df a2a0 	ldr.w	sl, [pc, #672]	@ 86ecc <__sfvwrite_r+0x2d4>
   86c2c:	2e00      	cmp	r6, #0
   86c2e:	f000 8088 	beq.w	86d42 <__sfvwrite_r+0x14a>
   86c32:	4556      	cmp	r6, sl
   86c34:	4633      	mov	r3, r6
   86c36:	465a      	mov	r2, fp
   86c38:	bf28      	it	cs
   86c3a:	4653      	movcs	r3, sl
   86c3c:	4640      	mov	r0, r8
   86c3e:	69e1      	ldr	r1, [r4, #28]
   86c40:	f8d4 c024 	ldr.w	ip, [r4, #36]	@ 0x24
   86c44:	47e0      	blx	ip
   86c46:	2800      	cmp	r0, #0
   86c48:	f340 8084 	ble.w	86d54 <__sfvwrite_r+0x15c>
   86c4c:	68bb      	ldr	r3, [r7, #8]
   86c4e:	4483      	add	fp, r0
   86c50:	1a1b      	subs	r3, r3, r0
   86c52:	1a36      	subs	r6, r6, r0
   86c54:	60bb      	str	r3, [r7, #8]
   86c56:	2b00      	cmp	r3, #0
   86c58:	d1e8      	bne.n	86c2c <__sfvwrite_r+0x34>
   86c5a:	2000      	movs	r0, #0
   86c5c:	b003      	add	sp, #12
   86c5e:	e8bd 8ff0 	ldmia.w	sp!, {r4, r5, r6, r7, r8, r9, sl, fp, pc}
   86c62:	4621      	mov	r1, r4
   86c64:	4640      	mov	r0, r8
   86c66:	f000 fa99 	bl	8719c <__swsetup_r>
   86c6a:	2800      	cmp	r0, #0
   86c6c:	d177      	bne.n	86d5e <__sfvwrite_r+0x166>
   86c6e:	f9b4 c00c 	ldrsh.w	ip, [r4, #12]
   86c72:	683d      	ldr	r5, [r7, #0]
   86c74:	f01c 0302 	ands.w	r3, ip, #2
   86c78:	d1d3      	bne.n	86c22 <__sfvwrite_r+0x2a>
   86c7a:	f01c 0901 	ands.w	r9, ip, #1
   86c7e:	d173      	bne.n	86d68 <__sfvwrite_r+0x170>
   86c80:	464e      	mov	r6, r9
   86c82:	2e00      	cmp	r6, #0
   86c84:	d059      	beq.n	86d3a <__sfvwrite_r+0x142>
   86c86:	f41c 7f00 	tst.w	ip, #512	@ 0x200
   86c8a:	6820      	ldr	r0, [r4, #0]
   86c8c:	f8d4 b008 	ldr.w	fp, [r4, #8]
   86c90:	f000 80ad 	beq.w	86dee <__sfvwrite_r+0x1f6>
   86c94:	45b3      	cmp	fp, r6
   86c96:	465a      	mov	r2, fp
   86c98:	f200 80dc 	bhi.w	86e54 <__sfvwrite_r+0x25c>
   86c9c:	f41c 6f90 	tst.w	ip, #1152	@ 0x480
   86ca0:	d032      	beq.n	86d08 <__sfvwrite_r+0x110>
   86ca2:	6923      	ldr	r3, [r4, #16]
   86ca4:	6962      	ldr	r2, [r4, #20]
   86ca6:	eba0 0a03 	sub.w	sl, r0, r3
   86caa:	eb02 0242 	add.w	r2, r2, r2, lsl #1
   86cae:	eb02 72d2 	add.w	r2, r2, r2, lsr #31
   86cb2:	f10a 0101 	add.w	r1, sl, #1
   86cb6:	1052      	asrs	r2, r2, #1
   86cb8:	4431      	add	r1, r6
   86cba:	4291      	cmp	r1, r2
   86cbc:	bf92      	itee	ls
   86cbe:	4693      	movls	fp, r2
   86cc0:	468b      	movhi	fp, r1
   86cc2:	460a      	movhi	r2, r1
   86cc4:	f41c 6f80 	tst.w	ip, #1024	@ 0x400
   86cc8:	f000 80e2 	beq.w	86e90 <__sfvwrite_r+0x298>
   86ccc:	4611      	mov	r1, r2
   86cce:	4640      	mov	r0, r8
   86cd0:	f000 fec4 	bl	87a5c <_malloc_r>
   86cd4:	2800      	cmp	r0, #0
   86cd6:	f000 80f2 	beq.w	86ebe <__sfvwrite_r+0x2c6>
   86cda:	4652      	mov	r2, sl
   86cdc:	6921      	ldr	r1, [r4, #16]
   86cde:	9001      	str	r0, [sp, #4]
   86ce0:	f000 fcb0 	bl	87644 <memcpy>
   86ce4:	89a2      	ldrh	r2, [r4, #12]
   86ce6:	9b01      	ldr	r3, [sp, #4]
   86ce8:	f422 6290 	bic.w	r2, r2, #1152	@ 0x480
   86cec:	f042 0280 	orr.w	r2, r2, #128	@ 0x80
   86cf0:	81a2      	strh	r2, [r4, #12]
   86cf2:	eb03 000a 	add.w	r0, r3, sl
   86cf6:	6123      	str	r3, [r4, #16]
   86cf8:	f8c4 b014 	str.w	fp, [r4, #20]
   86cfc:	ebab 030a 	sub.w	r3, fp, sl
   86d00:	4632      	mov	r2, r6
   86d02:	46b3      	mov	fp, r6
   86d04:	60a3      	str	r3, [r4, #8]
   86d06:	6020      	str	r0, [r4, #0]
   86d08:	46b2      	mov	sl, r6
   86d0a:	2600      	movs	r6, #0
   86d0c:	4649      	mov	r1, r9
   86d0e:	9201      	str	r2, [sp, #4]
   86d10:	f000 fac2 	bl	87298 <memmove>
   86d14:	68a3      	ldr	r3, [r4, #8]
   86d16:	9a01      	ldr	r2, [sp, #4]
   86d18:	eba3 010b 	sub.w	r1, r3, fp
   86d1c:	6823      	ldr	r3, [r4, #0]
   86d1e:	60a1      	str	r1, [r4, #8]
   86d20:	4413      	add	r3, r2
   86d22:	6023      	str	r3, [r4, #0]
   86d24:	68bb      	ldr	r3, [r7, #8]
   86d26:	44d1      	add	r9, sl
   86d28:	eba3 030a 	sub.w	r3, r3, sl
   86d2c:	60bb      	str	r3, [r7, #8]
   86d2e:	2b00      	cmp	r3, #0
   86d30:	d093      	beq.n	86c5a <__sfvwrite_r+0x62>
   86d32:	f9b4 c00c 	ldrsh.w	ip, [r4, #12]
   86d36:	2e00      	cmp	r6, #0
   86d38:	d1a5      	bne.n	86c86 <__sfvwrite_r+0x8e>
   86d3a:	e9d5 9600 	ldrd	r9, r6, [r5]
   86d3e:	3508      	adds	r5, #8
   86d40:	e79f      	b.n	86c82 <__sfvwrite_r+0x8a>
   86d42:	e9d5 b600 	ldrd	fp, r6, [r5]
   86d46:	3508      	adds	r5, #8
   86d48:	e770      	b.n	86c2c <__sfvwrite_r+0x34>
   86d4a:	4621      	mov	r1, r4
   86d4c:	4640      	mov	r0, r8
   86d4e:	f7ff fe5b 	bl	86a08 <_fflush_r>
   86d52:	b368      	cbz	r0, 86db0 <__sfvwrite_r+0x1b8>
   86d54:	f9b4 300c 	ldrsh.w	r3, [r4, #12]
   86d58:	f043 0340 	orr.w	r3, r3, #64	@ 0x40
   86d5c:	81a3      	strh	r3, [r4, #12]
   86d5e:	f04f 30ff 	mov.w	r0, #4294967295	@ 0xffffffff
   86d62:	e77b      	b.n	86c5c <__sfvwrite_r+0x64>
   86d64:	2000      	movs	r0, #0
   86d66:	4770      	bx	lr
   86d68:	461e      	mov	r6, r3
   86d6a:	46ba      	mov	sl, r7
   86d6c:	4699      	mov	r9, r3
   86d6e:	4618      	mov	r0, r3
   86d70:	461f      	mov	r7, r3
   86d72:	b35e      	cbz	r6, 86dcc <__sfvwrite_r+0x1d4>
   86d74:	b380      	cbz	r0, 86dd8 <__sfvwrite_r+0x1e0>
   86d76:	464a      	mov	r2, r9
   86d78:	6820      	ldr	r0, [r4, #0]
   86d7a:	6921      	ldr	r1, [r4, #16]
   86d7c:	42b2      	cmp	r2, r6
   86d7e:	bf28      	it	cs
   86d80:	4632      	movcs	r2, r6
   86d82:	4288      	cmp	r0, r1
   86d84:	6963      	ldr	r3, [r4, #20]
   86d86:	d904      	bls.n	86d92 <__sfvwrite_r+0x19a>
   86d88:	68a1      	ldr	r1, [r4, #8]
   86d8a:	eb03 0b01 	add.w	fp, r3, r1
   86d8e:	455a      	cmp	r2, fp
   86d90:	dc70      	bgt.n	86e74 <__sfvwrite_r+0x27c>
   86d92:	4293      	cmp	r3, r2
   86d94:	dc61      	bgt.n	86e5a <__sfvwrite_r+0x262>
   86d96:	463a      	mov	r2, r7
   86d98:	4640      	mov	r0, r8
   86d9a:	69e1      	ldr	r1, [r4, #28]
   86d9c:	f8d4 c024 	ldr.w	ip, [r4, #36]	@ 0x24
   86da0:	47e0      	blx	ip
   86da2:	f1b0 0b00 	subs.w	fp, r0, #0
   86da6:	ddd5      	ble.n	86d54 <__sfvwrite_r+0x15c>
   86da8:	ebb9 090b 	subs.w	r9, r9, fp
   86dac:	d0cd      	beq.n	86d4a <__sfvwrite_r+0x152>
   86dae:	2001      	movs	r0, #1
   86db0:	f8da 3008 	ldr.w	r3, [sl, #8]
   86db4:	445f      	add	r7, fp
   86db6:	eba3 030b 	sub.w	r3, r3, fp
   86dba:	eba6 060b 	sub.w	r6, r6, fp
   86dbe:	f8ca 3008 	str.w	r3, [sl, #8]
   86dc2:	2b00      	cmp	r3, #0
   86dc4:	f43f af49 	beq.w	86c5a <__sfvwrite_r+0x62>
   86dc8:	2e00      	cmp	r6, #0
   86dca:	d1d3      	bne.n	86d74 <__sfvwrite_r+0x17c>
   86dcc:	686e      	ldr	r6, [r5, #4]
   86dce:	462b      	mov	r3, r5
   86dd0:	3508      	adds	r5, #8
   86dd2:	2e00      	cmp	r6, #0
   86dd4:	d0fa      	beq.n	86dcc <__sfvwrite_r+0x1d4>
   86dd6:	681f      	ldr	r7, [r3, #0]
   86dd8:	4632      	mov	r2, r6
   86dda:	210a      	movs	r1, #10
   86ddc:	4638      	mov	r0, r7
   86dde:	f000 fbf1 	bl	875c4 <memchr>
   86de2:	2800      	cmp	r0, #0
   86de4:	d068      	beq.n	86eb8 <__sfvwrite_r+0x2c0>
   86de6:	3001      	adds	r0, #1
   86de8:	eba0 0907 	sub.w	r9, r0, r7
   86dec:	e7c3      	b.n	86d76 <__sfvwrite_r+0x17e>
   86dee:	6923      	ldr	r3, [r4, #16]
   86df0:	4283      	cmp	r3, r0
   86df2:	d317      	bcc.n	86e24 <__sfvwrite_r+0x22c>
   86df4:	6963      	ldr	r3, [r4, #20]
   86df6:	42b3      	cmp	r3, r6
   86df8:	d814      	bhi.n	86e24 <__sfvwrite_r+0x22c>
   86dfa:	f06f 4c00 	mvn.w	ip, #2147483648	@ 0x80000000
   86dfe:	45b4      	cmp	ip, r6
   86e00:	bf28      	it	cs
   86e02:	46b4      	movcs	ip, r6
   86e04:	fb9c fcf3 	sdiv	ip, ip, r3
   86e08:	464a      	mov	r2, r9
   86e0a:	fb03 f30c 	mul.w	r3, r3, ip
   86e0e:	4640      	mov	r0, r8
   86e10:	69e1      	ldr	r1, [r4, #28]
   86e12:	f8d4 c024 	ldr.w	ip, [r4, #36]	@ 0x24
   86e16:	47e0      	blx	ip
   86e18:	f1b0 0a00 	subs.w	sl, r0, #0
   86e1c:	dd9a      	ble.n	86d54 <__sfvwrite_r+0x15c>
   86e1e:	eba6 060a 	sub.w	r6, r6, sl
   86e22:	e77f      	b.n	86d24 <__sfvwrite_r+0x12c>
   86e24:	45b3      	cmp	fp, r6
   86e26:	46da      	mov	sl, fp
   86e28:	bf28      	it	cs
   86e2a:	46b2      	movcs	sl, r6
   86e2c:	4649      	mov	r1, r9
   86e2e:	4652      	mov	r2, sl
   86e30:	f000 fa32 	bl	87298 <memmove>
   86e34:	68a3      	ldr	r3, [r4, #8]
   86e36:	6822      	ldr	r2, [r4, #0]
   86e38:	eba3 030a 	sub.w	r3, r3, sl
   86e3c:	4452      	add	r2, sl
   86e3e:	60a3      	str	r3, [r4, #8]
   86e40:	6022      	str	r2, [r4, #0]
   86e42:	2b00      	cmp	r3, #0
   86e44:	d1eb      	bne.n	86e1e <__sfvwrite_r+0x226>
   86e46:	4621      	mov	r1, r4
   86e48:	4640      	mov	r0, r8
   86e4a:	f7ff fddd 	bl	86a08 <_fflush_r>
   86e4e:	2800      	cmp	r0, #0
   86e50:	d0e5      	beq.n	86e1e <__sfvwrite_r+0x226>
   86e52:	e77f      	b.n	86d54 <__sfvwrite_r+0x15c>
   86e54:	46b3      	mov	fp, r6
   86e56:	4632      	mov	r2, r6
   86e58:	e756      	b.n	86d08 <__sfvwrite_r+0x110>
   86e5a:	4639      	mov	r1, r7
   86e5c:	9201      	str	r2, [sp, #4]
   86e5e:	f000 fa1b 	bl	87298 <memmove>
   86e62:	9a01      	ldr	r2, [sp, #4]
   86e64:	68a3      	ldr	r3, [r4, #8]
   86e66:	4693      	mov	fp, r2
   86e68:	1a9b      	subs	r3, r3, r2
   86e6a:	60a3      	str	r3, [r4, #8]
   86e6c:	6823      	ldr	r3, [r4, #0]
   86e6e:	4413      	add	r3, r2
   86e70:	6023      	str	r3, [r4, #0]
   86e72:	e799      	b.n	86da8 <__sfvwrite_r+0x1b0>
   86e74:	4639      	mov	r1, r7
   86e76:	465a      	mov	r2, fp
   86e78:	f000 fa0e 	bl	87298 <memmove>
   86e7c:	6823      	ldr	r3, [r4, #0]
   86e7e:	4621      	mov	r1, r4
   86e80:	445b      	add	r3, fp
   86e82:	4640      	mov	r0, r8
   86e84:	6023      	str	r3, [r4, #0]
   86e86:	f7ff fdbf 	bl	86a08 <_fflush_r>
   86e8a:	2800      	cmp	r0, #0
   86e8c:	d08c      	beq.n	86da8 <__sfvwrite_r+0x1b0>
   86e8e:	e761      	b.n	86d54 <__sfvwrite_r+0x15c>
   86e90:	4619      	mov	r1, r3
   86e92:	4640      	mov	r0, r8
   86e94:	f001 f8c2 	bl	8801c <_realloc_r>
   86e98:	4603      	mov	r3, r0
   86e9a:	2800      	cmp	r0, #0
   86e9c:	f47f af29 	bne.w	86cf2 <__sfvwrite_r+0xfa>
   86ea0:	4640      	mov	r0, r8
   86ea2:	6921      	ldr	r1, [r4, #16]
   86ea4:	f000 fcde 	bl	87864 <_free_r>
   86ea8:	220c      	movs	r2, #12
   86eaa:	f9b4 300c 	ldrsh.w	r3, [r4, #12]
   86eae:	f8c8 2000 	str.w	r2, [r8]
   86eb2:	f023 0380 	bic.w	r3, r3, #128	@ 0x80
   86eb6:	e74f      	b.n	86d58 <__sfvwrite_r+0x160>
   86eb8:	1c72      	adds	r2, r6, #1
   86eba:	4691      	mov	r9, r2
   86ebc:	e75c      	b.n	86d78 <__sfvwrite_r+0x180>
   86ebe:	220c      	movs	r2, #12
   86ec0:	f9b4 300c 	ldrsh.w	r3, [r4, #12]
   86ec4:	f8c8 2000 	str.w	r2, [r8]
   86ec8:	e746      	b.n	86d58 <__sfvwrite_r+0x160>
   86eca:	bf00      	nop
   86ecc:	7ffffc00 	.word	0x7ffffc00

00086ed0 <_fwalk_sglue>:
   86ed0:	e92d 43f8 	stmdb	sp!, {r3, r4, r5, r6, r7, r8, r9, lr}
   86ed4:	f04f 0900 	mov.w	r9, #0
   86ed8:	4680      	mov	r8, r0
   86eda:	460f      	mov	r7, r1
   86edc:	4616      	mov	r6, r2
   86ede:	e9d6 5401 	ldrd	r5, r4, [r6, #4]
   86ee2:	3d01      	subs	r5, #1
   86ee4:	d410      	bmi.n	86f08 <_fwalk_sglue+0x38>
   86ee6:	89a3      	ldrh	r3, [r4, #12]
   86ee8:	2b01      	cmp	r3, #1
   86eea:	d908      	bls.n	86efe <_fwalk_sglue+0x2e>
   86eec:	f9b4 300e 	ldrsh.w	r3, [r4, #14]
   86ef0:	3301      	adds	r3, #1
   86ef2:	d004      	beq.n	86efe <_fwalk_sglue+0x2e>
   86ef4:	4621      	mov	r1, r4
   86ef6:	4640      	mov	r0, r8
   86ef8:	47b8      	blx	r7
   86efa:	ea49 0900 	orr.w	r9, r9, r0
   86efe:	3d01      	subs	r5, #1
   86f00:	1c6b      	adds	r3, r5, #1
   86f02:	f104 0468 	add.w	r4, r4, #104	@ 0x68
   86f06:	d1ee      	bne.n	86ee6 <_fwalk_sglue+0x16>
   86f08:	6836      	ldr	r6, [r6, #0]
   86f0a:	2e00      	cmp	r6, #0
   86f0c:	d1e7      	bne.n	86ede <_fwalk_sglue+0xe>
   86f0e:	4648      	mov	r0, r9
   86f10:	e8bd 83f8 	ldmia.w	sp!, {r3, r4, r5, r6, r7, r8, r9, pc}

00086f14 <setbuf>:
   86f14:	fab1 f281 	clz	r2, r1
   86f18:	0952      	lsrs	r2, r2, #5
   86f1a:	f44f 6380 	mov.w	r3, #1024	@ 0x400
   86f1e:	0052      	lsls	r2, r2, #1
   86f20:	f000 b800 	b.w	86f24 <setvbuf>

00086f24 <setvbuf>:
   86f24:	e92d 41f0 	stmdb	sp!, {r4, r5, r6, r7, r8, lr}
   86f28:	4c66      	ldr	r4, [pc, #408]	@ (870c4 <setvbuf+0x1a0>)
   86f2a:	460e      	mov	r6, r1
   86f2c:	f8d4 8000 	ldr.w	r8, [r4]
   86f30:	4617      	mov	r7, r2
   86f32:	4604      	mov	r4, r0
   86f34:	461d      	mov	r5, r3
   86f36:	b084      	sub	sp, #16
   86f38:	f1b8 0f00 	cmp.w	r8, #0
   86f3c:	d004      	beq.n	86f48 <setvbuf+0x24>
   86f3e:	f8d8 3034 	ldr.w	r3, [r8, #52]	@ 0x34
   86f42:	2b00      	cmp	r3, #0
   86f44:	f000 80a6 	beq.w	87094 <setvbuf+0x170>
   86f48:	2f02      	cmp	r7, #2
   86f4a:	d005      	beq.n	86f58 <setvbuf+0x34>
   86f4c:	2f01      	cmp	r7, #1
   86f4e:	f200 80a5 	bhi.w	8709c <setvbuf+0x178>
   86f52:	2d00      	cmp	r5, #0
   86f54:	f2c0 80a2 	blt.w	8709c <setvbuf+0x178>
   86f58:	6e63      	ldr	r3, [r4, #100]	@ 0x64
   86f5a:	07db      	lsls	r3, r3, #31
   86f5c:	d53d      	bpl.n	86fda <setvbuf+0xb6>
   86f5e:	4621      	mov	r1, r4
   86f60:	4640      	mov	r0, r8
   86f62:	f7ff fd51 	bl	86a08 <_fflush_r>
   86f66:	6b21      	ldr	r1, [r4, #48]	@ 0x30
   86f68:	b141      	cbz	r1, 86f7c <setvbuf+0x58>
   86f6a:	f104 0340 	add.w	r3, r4, #64	@ 0x40
   86f6e:	4299      	cmp	r1, r3
   86f70:	d002      	beq.n	86f78 <setvbuf+0x54>
   86f72:	4640      	mov	r0, r8
   86f74:	f000 fc76 	bl	87864 <_free_r>
   86f78:	2300      	movs	r3, #0
   86f7a:	6323      	str	r3, [r4, #48]	@ 0x30
   86f7c:	2200      	movs	r2, #0
   86f7e:	f9b4 300c 	ldrsh.w	r3, [r4, #12]
   86f82:	61a2      	str	r2, [r4, #24]
   86f84:	0619      	lsls	r1, r3, #24
   86f86:	6062      	str	r2, [r4, #4]
   86f88:	d457      	bmi.n	8703a <setvbuf+0x116>
   86f8a:	f423 634a 	bic.w	r3, r3, #3232	@ 0xca0
   86f8e:	f023 0303 	bic.w	r3, r3, #3
   86f92:	2f02      	cmp	r7, #2
   86f94:	81a3      	strh	r3, [r4, #12]
   86f96:	d05d      	beq.n	87054 <setvbuf+0x130>
   86f98:	ab03      	add	r3, sp, #12
   86f9a:	4621      	mov	r1, r4
   86f9c:	4640      	mov	r0, r8
   86f9e:	aa02      	add	r2, sp, #8
   86fa0:	f003 fc40 	bl	8a824 <__swhatbuf_r>
   86fa4:	89a3      	ldrh	r3, [r4, #12]
   86fa6:	4318      	orrs	r0, r3
   86fa8:	81a0      	strh	r0, [r4, #12]
   86faa:	b1ed      	cbz	r5, 86fe8 <setvbuf+0xc4>
   86fac:	b1ee      	cbz	r6, 86fea <setvbuf+0xc6>
   86fae:	f8d8 3034 	ldr.w	r3, [r8, #52]	@ 0x34
   86fb2:	b343      	cbz	r3, 87006 <setvbuf+0xe2>
   86fb4:	9a02      	ldr	r2, [sp, #8]
   86fb6:	f9b4 300c 	ldrsh.w	r3, [r4, #12]
   86fba:	42aa      	cmp	r2, r5
   86fbc:	bf1c      	itt	ne
   86fbe:	f443 6300 	orrne.w	r3, r3, #2048	@ 0x800
   86fc2:	81a3      	strhne	r3, [r4, #12]
   86fc4:	2f01      	cmp	r7, #1
   86fc6:	d022      	beq.n	8700e <setvbuf+0xea>
   86fc8:	0718      	lsls	r0, r3, #28
   86fca:	e9c4 6504 	strd	r6, r5, [r4, #16]
   86fce:	6026      	str	r6, [r4, #0]
   86fd0:	d527      	bpl.n	87022 <setvbuf+0xfe>
   86fd2:	07d9      	lsls	r1, r3, #31
   86fd4:	d453      	bmi.n	8707e <setvbuf+0x15a>
   86fd6:	60a5      	str	r5, [r4, #8]
   86fd8:	e025      	b.n	87026 <setvbuf+0x102>
   86fda:	89a3      	ldrh	r3, [r4, #12]
   86fdc:	0598      	lsls	r0, r3, #22
   86fde:	d4be      	bmi.n	86f5e <setvbuf+0x3a>
   86fe0:	6da0      	ldr	r0, [r4, #88]	@ 0x58
   86fe2:	f000 faeb 	bl	875bc <__retarget_lock_acquire_recursive>
   86fe6:	e7ba      	b.n	86f5e <setvbuf+0x3a>
   86fe8:	9d02      	ldr	r5, [sp, #8]
   86fea:	4628      	mov	r0, r5
   86fec:	f000 fd2e 	bl	87a4c <malloc>
   86ff0:	4606      	mov	r6, r0
   86ff2:	2800      	cmp	r0, #0
   86ff4:	d055      	beq.n	870a2 <setvbuf+0x17e>
   86ff6:	89a3      	ldrh	r3, [r4, #12]
   86ff8:	f043 0380 	orr.w	r3, r3, #128	@ 0x80
   86ffc:	81a3      	strh	r3, [r4, #12]
   86ffe:	f8d8 3034 	ldr.w	r3, [r8, #52]	@ 0x34
   87002:	2b00      	cmp	r3, #0
   87004:	d1d6      	bne.n	86fb4 <setvbuf+0x90>
   87006:	4640      	mov	r0, r8
   87008:	f7ff fdcc 	bl	86ba4 <__sinit>
   8700c:	e7d2      	b.n	86fb4 <setvbuf+0x90>
   8700e:	f043 0201 	orr.w	r2, r3, #1
   87012:	e9c4 6504 	strd	r6, r5, [r4, #16]
   87016:	b212      	sxth	r2, r2
   87018:	6026      	str	r6, [r4, #0]
   8701a:	071e      	lsls	r6, r3, #28
   8701c:	81a2      	strh	r2, [r4, #12]
   8701e:	d42f      	bmi.n	87080 <setvbuf+0x15c>
   87020:	4613      	mov	r3, r2
   87022:	2200      	movs	r2, #0
   87024:	60a2      	str	r2, [r4, #8]
   87026:	6e62      	ldr	r2, [r4, #100]	@ 0x64
   87028:	07d2      	lsls	r2, r2, #31
   8702a:	d401      	bmi.n	87030 <setvbuf+0x10c>
   8702c:	059b      	lsls	r3, r3, #22
   8702e:	d52d      	bpl.n	8708c <setvbuf+0x168>
   87030:	2500      	movs	r5, #0
   87032:	4628      	mov	r0, r5
   87034:	b004      	add	sp, #16
   87036:	e8bd 81f0 	ldmia.w	sp!, {r4, r5, r6, r7, r8, pc}
   8703a:	4640      	mov	r0, r8
   8703c:	6921      	ldr	r1, [r4, #16]
   8703e:	f000 fc11 	bl	87864 <_free_r>
   87042:	f9b4 300c 	ldrsh.w	r3, [r4, #12]
   87046:	2f02      	cmp	r7, #2
   87048:	f423 634a 	bic.w	r3, r3, #3232	@ 0xca0
   8704c:	f023 0303 	bic.w	r3, r3, #3
   87050:	81a3      	strh	r3, [r4, #12]
   87052:	d1a1      	bne.n	86f98 <setvbuf+0x74>
   87054:	2500      	movs	r5, #0
   87056:	2000      	movs	r0, #0
   87058:	2101      	movs	r1, #1
   8705a:	f104 0243 	add.w	r2, r4, #67	@ 0x43
   8705e:	6022      	str	r2, [r4, #0]
   87060:	6122      	str	r2, [r4, #16]
   87062:	6e62      	ldr	r2, [r4, #100]	@ 0x64
   87064:	f043 0602 	orr.w	r6, r3, #2
   87068:	07d2      	lsls	r2, r2, #31
   8706a:	81a6      	strh	r6, [r4, #12]
   8706c:	60a0      	str	r0, [r4, #8]
   8706e:	6161      	str	r1, [r4, #20]
   87070:	d4df      	bmi.n	87032 <setvbuf+0x10e>
   87072:	059f      	lsls	r7, r3, #22
   87074:	d4dd      	bmi.n	87032 <setvbuf+0x10e>
   87076:	6da0      	ldr	r0, [r4, #88]	@ 0x58
   87078:	f000 faa2 	bl	875c0 <__retarget_lock_release_recursive>
   8707c:	e7d9      	b.n	87032 <setvbuf+0x10e>
   8707e:	461a      	mov	r2, r3
   87080:	2100      	movs	r1, #0
   87082:	426d      	negs	r5, r5
   87084:	4613      	mov	r3, r2
   87086:	61a5      	str	r5, [r4, #24]
   87088:	60a1      	str	r1, [r4, #8]
   8708a:	e7cc      	b.n	87026 <setvbuf+0x102>
   8708c:	6da0      	ldr	r0, [r4, #88]	@ 0x58
   8708e:	f000 fa97 	bl	875c0 <__retarget_lock_release_recursive>
   87092:	e7cd      	b.n	87030 <setvbuf+0x10c>
   87094:	4640      	mov	r0, r8
   87096:	f7ff fd85 	bl	86ba4 <__sinit>
   8709a:	e755      	b.n	86f48 <setvbuf+0x24>
   8709c:	f04f 35ff 	mov.w	r5, #4294967295	@ 0xffffffff
   870a0:	e7c7      	b.n	87032 <setvbuf+0x10e>
   870a2:	9b02      	ldr	r3, [sp, #8]
   870a4:	42ab      	cmp	r3, r5
   870a6:	d008      	beq.n	870ba <setvbuf+0x196>
   870a8:	4618      	mov	r0, r3
   870aa:	9301      	str	r3, [sp, #4]
   870ac:	f000 fcce 	bl	87a4c <malloc>
   870b0:	9b01      	ldr	r3, [sp, #4]
   870b2:	4606      	mov	r6, r0
   870b4:	461d      	mov	r5, r3
   870b6:	2800      	cmp	r0, #0
   870b8:	d19d      	bne.n	86ff6 <setvbuf+0xd2>
   870ba:	f04f 35ff 	mov.w	r5, #4294967295	@ 0xffffffff
   870be:	f9b4 300c 	ldrsh.w	r3, [r4, #12]
   870c2:	e7c8      	b.n	87056 <setvbuf+0x132>
   870c4:	20000524 	.word	0x20000524

000870c8 <sprintf>:
   870c8:	b40e      	push	{r1, r2, r3}
   870ca:	b570      	push	{r4, r5, r6, lr}
   870cc:	4604      	mov	r4, r0
   870ce:	f06f 4600 	mvn.w	r6, #2147483648	@ 0x80000000
   870d2:	2500      	movs	r5, #0
   870d4:	b09d      	sub	sp, #116	@ 0x74
   870d6:	4a0b      	ldr	r2, [pc, #44]	@ (87104 <sprintf+0x3c>)
   870d8:	ab21      	add	r3, sp, #132	@ 0x84
   870da:	490b      	ldr	r1, [pc, #44]	@ (87108 <sprintf+0x40>)
   870dc:	6810      	ldr	r0, [r2, #0]
   870de:	f853 2b04 	ldr.w	r2, [r3], #4
   870e2:	9105      	str	r1, [sp, #20]
   870e4:	a902      	add	r1, sp, #8
   870e6:	e9cd 3401 	strd	r3, r4, [sp, #4]
   870ea:	9604      	str	r6, [sp, #16]
   870ec:	9607      	str	r6, [sp, #28]
   870ee:	951b      	str	r5, [sp, #108]	@ 0x6c
   870f0:	9406      	str	r4, [sp, #24]
   870f2:	f001 f97b 	bl	883ec <_svfprintf_r>
   870f6:	9b02      	ldr	r3, [sp, #8]
   870f8:	701d      	strb	r5, [r3, #0]
   870fa:	b01d      	add	sp, #116	@ 0x74
   870fc:	e8bd 4070 	ldmia.w	sp!, {r4, r5, r6, lr}
   87100:	b003      	add	sp, #12
   87102:	4770      	bx	lr
   87104:	20000524 	.word	0x20000524
   87108:	ffff0208 	.word	0xffff0208

0008710c <__sread>:
   8710c:	b510      	push	{r4, lr}
   8710e:	460c      	mov	r4, r1
   87110:	f9b1 100e 	ldrsh.w	r1, [r1, #14]
   87114:	f000 f9f4 	bl	87500 <_read_r>
   87118:	2800      	cmp	r0, #0
   8711a:	db03      	blt.n	87124 <__sread+0x18>
   8711c:	6d23      	ldr	r3, [r4, #80]	@ 0x50
   8711e:	4403      	add	r3, r0
   87120:	6523      	str	r3, [r4, #80]	@ 0x50
   87122:	bd10      	pop	{r4, pc}
   87124:	89a3      	ldrh	r3, [r4, #12]
   87126:	f423 5380 	bic.w	r3, r3, #4096	@ 0x1000
   8712a:	81a3      	strh	r3, [r4, #12]
   8712c:	bd10      	pop	{r4, pc}
   8712e:	bf00      	nop

00087130 <__swrite>:
   87130:	e92d 41f0 	stmdb	sp!, {r4, r5, r6, r7, r8, lr}
   87134:	460c      	mov	r4, r1
   87136:	f9b1 100c 	ldrsh.w	r1, [r1, #12]
   8713a:	461f      	mov	r7, r3
   8713c:	05cb      	lsls	r3, r1, #23
   8713e:	4605      	mov	r5, r0
   87140:	4616      	mov	r6, r2
   87142:	d40b      	bmi.n	8715c <__swrite+0x2c>
   87144:	f421 5180 	bic.w	r1, r1, #4096	@ 0x1000
   87148:	81a1      	strh	r1, [r4, #12]
   8714a:	463b      	mov	r3, r7
   8714c:	4632      	mov	r2, r6
   8714e:	4628      	mov	r0, r5
   87150:	f9b4 100e 	ldrsh.w	r1, [r4, #14]
   87154:	e8bd 41f0 	ldmia.w	sp!, {r4, r5, r6, r7, r8, lr}
   87158:	f000 b9e8 	b.w	8752c <_write_r>
   8715c:	f9b4 100e 	ldrsh.w	r1, [r4, #14]
   87160:	2302      	movs	r3, #2
   87162:	2200      	movs	r2, #0
   87164:	f000 f9b6 	bl	874d4 <_lseek_r>
   87168:	f9b4 100c 	ldrsh.w	r1, [r4, #12]
   8716c:	e7ea      	b.n	87144 <__swrite+0x14>
   8716e:	bf00      	nop

00087170 <__sseek>:
   87170:	b510      	push	{r4, lr}
   87172:	460c      	mov	r4, r1
   87174:	f9b1 100e 	ldrsh.w	r1, [r1, #14]
   87178:	f000 f9ac 	bl	874d4 <_lseek_r>
   8717c:	f9b4 300c 	ldrsh.w	r3, [r4, #12]
   87180:	1c42      	adds	r2, r0, #1
   87182:	bf0e      	itee	eq
   87184:	f423 5380 	biceq.w	r3, r3, #4096	@ 0x1000
   87188:	f443 5380 	orrne.w	r3, r3, #4096	@ 0x1000
   8718c:	6520      	strne	r0, [r4, #80]	@ 0x50
   8718e:	81a3      	strh	r3, [r4, #12]
   87190:	bd10      	pop	{r4, pc}
   87192:	bf00      	nop

00087194 <__sclose>:
   87194:	f9b1 100e 	ldrsh.w	r1, [r1, #14]
   87198:	f000 b98a 	b.w	874b0 <_close_r>

0008719c <__swsetup_r>:
   8719c:	b538      	push	{r3, r4, r5, lr}
   8719e:	4b3d      	ldr	r3, [pc, #244]	@ (87294 <__swsetup_r+0xf8>)
   871a0:	4605      	mov	r5, r0
   871a2:	681b      	ldr	r3, [r3, #0]
   871a4:	460c      	mov	r4, r1
   871a6:	b113      	cbz	r3, 871ae <__swsetup_r+0x12>
   871a8:	6b5a      	ldr	r2, [r3, #52]	@ 0x34
   871aa:	2a00      	cmp	r2, #0
   871ac:	d05a      	beq.n	87264 <__swsetup_r+0xc8>
   871ae:	f9b4 300c 	ldrsh.w	r3, [r4, #12]
   871b2:	0719      	lsls	r1, r3, #28
   871b4:	d50b      	bpl.n	871ce <__swsetup_r+0x32>
   871b6:	6922      	ldr	r2, [r4, #16]
   871b8:	b19a      	cbz	r2, 871e2 <__swsetup_r+0x46>
   871ba:	f013 0201 	ands.w	r2, r3, #1
   871be:	d121      	bne.n	87204 <__swsetup_r+0x68>
   871c0:	079b      	lsls	r3, r3, #30
   871c2:	bf56      	itet	pl
   871c4:	6963      	ldrpl	r3, [r4, #20]
   871c6:	60a2      	strmi	r2, [r4, #8]
   871c8:	60a3      	strpl	r3, [r4, #8]
   871ca:	2000      	movs	r0, #0
   871cc:	bd38      	pop	{r3, r4, r5, pc}
   871ce:	06da      	lsls	r2, r3, #27
   871d0:	d558      	bpl.n	87284 <__swsetup_r+0xe8>
   871d2:	0758      	lsls	r0, r3, #29
   871d4:	d41c      	bmi.n	87210 <__swsetup_r+0x74>
   871d6:	6922      	ldr	r2, [r4, #16]
   871d8:	f043 0308 	orr.w	r3, r3, #8
   871dc:	81a3      	strh	r3, [r4, #12]
   871de:	2a00      	cmp	r2, #0
   871e0:	d1eb      	bne.n	871ba <__swsetup_r+0x1e>
   871e2:	0599      	lsls	r1, r3, #22
   871e4:	d528      	bpl.n	87238 <__swsetup_r+0x9c>
   871e6:	0618      	lsls	r0, r3, #24
   871e8:	f003 0180 	and.w	r1, r3, #128	@ 0x80
   871ec:	d424      	bmi.n	87238 <__swsetup_r+0x9c>
   871ee:	07d8      	lsls	r0, r3, #31
   871f0:	d441      	bmi.n	87276 <__swsetup_r+0xda>
   871f2:	079d      	lsls	r5, r3, #30
   871f4:	d53c      	bpl.n	87270 <__swsetup_r+0xd4>
   871f6:	60a2      	str	r2, [r4, #8]
   871f8:	2900      	cmp	r1, #0
   871fa:	d0e6      	beq.n	871ca <__swsetup_r+0x2e>
   871fc:	f043 0340 	orr.w	r3, r3, #64	@ 0x40
   87200:	81a3      	strh	r3, [r4, #12]
   87202:	e044      	b.n	8728e <__swsetup_r+0xf2>
   87204:	2200      	movs	r2, #0
   87206:	6963      	ldr	r3, [r4, #20]
   87208:	60a2      	str	r2, [r4, #8]
   8720a:	425b      	negs	r3, r3
   8720c:	61a3      	str	r3, [r4, #24]
   8720e:	e7dc      	b.n	871ca <__swsetup_r+0x2e>
   87210:	6b21      	ldr	r1, [r4, #48]	@ 0x30
   87212:	b151      	cbz	r1, 8722a <__swsetup_r+0x8e>
   87214:	f104 0240 	add.w	r2, r4, #64	@ 0x40
   87218:	4291      	cmp	r1, r2
   8721a:	d004      	beq.n	87226 <__swsetup_r+0x8a>
   8721c:	4628      	mov	r0, r5
   8721e:	f000 fb21 	bl	87864 <_free_r>
   87222:	f9b4 300c 	ldrsh.w	r3, [r4, #12]
   87226:	2200      	movs	r2, #0
   87228:	6322      	str	r2, [r4, #48]	@ 0x30
   8722a:	2100      	movs	r1, #0
   8722c:	6922      	ldr	r2, [r4, #16]
   8722e:	f023 0324 	bic.w	r3, r3, #36	@ 0x24
   87232:	e9c4 2100 	strd	r2, r1, [r4]
   87236:	e7cf      	b.n	871d8 <__swsetup_r+0x3c>
   87238:	4621      	mov	r1, r4
   8723a:	4628      	mov	r0, r5
   8723c:	f003 fa8a 	bl	8a754 <__smakebuf_r>
   87240:	f9b4 300c 	ldrsh.w	r3, [r4, #12]
   87244:	6922      	ldr	r2, [r4, #16]
   87246:	f013 0101 	ands.w	r1, r3, #1
   8724a:	d00f      	beq.n	8726c <__swsetup_r+0xd0>
   8724c:	2000      	movs	r0, #0
   8724e:	6961      	ldr	r1, [r4, #20]
   87250:	60a0      	str	r0, [r4, #8]
   87252:	4249      	negs	r1, r1
   87254:	61a1      	str	r1, [r4, #24]
   87256:	2a00      	cmp	r2, #0
   87258:	d1b7      	bne.n	871ca <__swsetup_r+0x2e>
   8725a:	f003 0180 	and.w	r1, r3, #128	@ 0x80
   8725e:	2900      	cmp	r1, #0
   87260:	d0b3      	beq.n	871ca <__swsetup_r+0x2e>
   87262:	e7cb      	b.n	871fc <__swsetup_r+0x60>
   87264:	4618      	mov	r0, r3
   87266:	f7ff fc9d 	bl	86ba4 <__sinit>
   8726a:	e7a0      	b.n	871ae <__swsetup_r+0x12>
   8726c:	0798      	lsls	r0, r3, #30
   8726e:	d400      	bmi.n	87272 <__swsetup_r+0xd6>
   87270:	6961      	ldr	r1, [r4, #20]
   87272:	60a1      	str	r1, [r4, #8]
   87274:	e7ef      	b.n	87256 <__swsetup_r+0xba>
   87276:	6960      	ldr	r0, [r4, #20]
   87278:	60a2      	str	r2, [r4, #8]
   8727a:	4240      	negs	r0, r0
   8727c:	61a0      	str	r0, [r4, #24]
   8727e:	2900      	cmp	r1, #0
   87280:	d0a3      	beq.n	871ca <__swsetup_r+0x2e>
   87282:	e7bb      	b.n	871fc <__swsetup_r+0x60>
   87284:	2209      	movs	r2, #9
   87286:	f043 0340 	orr.w	r3, r3, #64	@ 0x40
   8728a:	602a      	str	r2, [r5, #0]
   8728c:	81a3      	strh	r3, [r4, #12]
   8728e:	f04f 30ff 	mov.w	r0, #4294967295	@ 0xffffffff
   87292:	bd38      	pop	{r3, r4, r5, pc}
   87294:	20000524 	.word	0x20000524

00087298 <memmove>:
   87298:	4288      	cmp	r0, r1
   8729a:	d90d      	bls.n	872b8 <memmove+0x20>
   8729c:	188b      	adds	r3, r1, r2
   8729e:	4283      	cmp	r3, r0
   872a0:	d90a      	bls.n	872b8 <memmove+0x20>
   872a2:	eb00 0c02 	add.w	ip, r0, r2
   872a6:	b35a      	cbz	r2, 87300 <memmove+0x68>
   872a8:	4662      	mov	r2, ip
   872aa:	f813 cd01 	ldrb.w	ip, [r3, #-1]!
   872ae:	4299      	cmp	r1, r3
   872b0:	f802 cd01 	strb.w	ip, [r2, #-1]!
   872b4:	d1f9      	bne.n	872aa <memmove+0x12>
   872b6:	4770      	bx	lr
   872b8:	2a0f      	cmp	r2, #15
   872ba:	d80d      	bhi.n	872d8 <memmove+0x40>
   872bc:	f102 3cff 	add.w	ip, r2, #4294967295	@ 0xffffffff
   872c0:	b1f2      	cbz	r2, 87300 <memmove+0x68>
   872c2:	f10c 0c01 	add.w	ip, ip, #1
   872c6:	1e43      	subs	r3, r0, #1
   872c8:	448c      	add	ip, r1
   872ca:	f811 2b01 	ldrb.w	r2, [r1], #1
   872ce:	4561      	cmp	r1, ip
   872d0:	f803 2f01 	strb.w	r2, [r3, #1]!
   872d4:	d1f9      	bne.n	872ca <memmove+0x32>
   872d6:	4770      	bx	lr
   872d8:	ea40 0301 	orr.w	r3, r0, r1
   872dc:	079b      	lsls	r3, r3, #30
   872de:	b5f0      	push	{r4, r5, r6, r7, lr}
   872e0:	460c      	mov	r4, r1
   872e2:	d00e      	beq.n	87302 <memmove+0x6a>
   872e4:	4603      	mov	r3, r0
   872e6:	f102 3cff 	add.w	ip, r2, #4294967295	@ 0xffffffff
   872ea:	f10c 0c01 	add.w	ip, ip, #1
   872ee:	3b01      	subs	r3, #1
   872f0:	448c      	add	ip, r1
   872f2:	f811 2b01 	ldrb.w	r2, [r1], #1
   872f6:	4561      	cmp	r1, ip
   872f8:	f803 2f01 	strb.w	r2, [r3, #1]!
   872fc:	d1f9      	bne.n	872f2 <memmove+0x5a>
   872fe:	bdf0      	pop	{r4, r5, r6, r7, pc}
   87300:	4770      	bx	lr
   87302:	f1a2 0510 	sub.w	r5, r2, #16
   87306:	f025 050f 	bic.w	r5, r5, #15
   8730a:	f101 0e20 	add.w	lr, r1, #32
   8730e:	f101 0310 	add.w	r3, r1, #16
   87312:	44ae      	add	lr, r5
   87314:	f100 0c10 	add.w	ip, r0, #16
   87318:	f853 6c10 	ldr.w	r6, [r3, #-16]
   8731c:	3310      	adds	r3, #16
   8731e:	f84c 6c10 	str.w	r6, [ip, #-16]
   87322:	f853 6c1c 	ldr.w	r6, [r3, #-28]
   87326:	f10c 0c10 	add.w	ip, ip, #16
   8732a:	f84c 6c1c 	str.w	r6, [ip, #-28]
   8732e:	f853 6c18 	ldr.w	r6, [r3, #-24]
   87332:	f84c 6c18 	str.w	r6, [ip, #-24]
   87336:	f853 6c14 	ldr.w	r6, [r3, #-20]
   8733a:	4573      	cmp	r3, lr
   8733c:	f84c 6c14 	str.w	r6, [ip, #-20]
   87340:	d1ea      	bne.n	87318 <memmove+0x80>
   87342:	eb01 0c05 	add.w	ip, r1, r5
   87346:	f10c 0110 	add.w	r1, ip, #16
   8734a:	4405      	add	r5, r0
   8734c:	f012 0f0c 	tst.w	r2, #12
   87350:	f105 0310 	add.w	r3, r5, #16
   87354:	468e      	mov	lr, r1
   87356:	f002 050f 	and.w	r5, r2, #15
   8735a:	d018      	beq.n	8738e <memmove+0xf6>
   8735c:	3d04      	subs	r5, #4
   8735e:	f025 0503 	bic.w	r5, r5, #3
   87362:	44ac      	add	ip, r5
   87364:	f10c 0c14 	add.w	ip, ip, #20
   87368:	1b04      	subs	r4, r0, r4
   8736a:	460f      	mov	r7, r1
   8736c:	190e      	adds	r6, r1, r4
   8736e:	683f      	ldr	r7, [r7, #0]
   87370:	3104      	adds	r1, #4
   87372:	4561      	cmp	r1, ip
   87374:	6037      	str	r7, [r6, #0]
   87376:	d1f8      	bne.n	8736a <memmove+0xd2>
   87378:	1d2c      	adds	r4, r5, #4
   8737a:	eb04 010e 	add.w	r1, r4, lr
   8737e:	4423      	add	r3, r4
   87380:	f002 0203 	and.w	r2, r2, #3
   87384:	f102 3cff 	add.w	ip, r2, #4294967295	@ 0xffffffff
   87388:	2a00      	cmp	r2, #0
   8738a:	d1ae      	bne.n	872ea <memmove+0x52>
   8738c:	bdf0      	pop	{r4, r5, r6, r7, pc}
   8738e:	462a      	mov	r2, r5
   87390:	e7f8      	b.n	87384 <memmove+0xec>
   87392:	bf00      	nop

00087394 <memset>:
   87394:	0783      	lsls	r3, r0, #30
   87396:	b530      	push	{r4, r5, lr}
   87398:	d046      	beq.n	87428 <memset+0x94>
   8739a:	4684      	mov	ip, r0
   8739c:	1884      	adds	r4, r0, r2
   8739e:	e005      	b.n	873ac <memset+0x18>
   873a0:	4663      	mov	r3, ip
   873a2:	f803 1b01 	strb.w	r1, [r3], #1
   873a6:	079d      	lsls	r5, r3, #30
   873a8:	d003      	beq.n	873b2 <memset+0x1e>
   873aa:	469c      	mov	ip, r3
   873ac:	45a4      	cmp	ip, r4
   873ae:	d1f7      	bne.n	873a0 <memset+0xc>
   873b0:	bd30      	pop	{r4, r5, pc}
   873b2:	3a01      	subs	r2, #1
   873b4:	4402      	add	r2, r0
   873b6:	eba2 020c 	sub.w	r2, r2, ip
   873ba:	2a03      	cmp	r2, #3
   873bc:	d929      	bls.n	87412 <memset+0x7e>
   873be:	b2cc      	uxtb	r4, r1
   873c0:	eb04 2404 	add.w	r4, r4, r4, lsl #8
   873c4:	2a0f      	cmp	r2, #15
   873c6:	eb04 4404 	add.w	r4, r4, r4, lsl #16
   873ca:	d92f      	bls.n	8742c <memset+0x98>
   873cc:	f1a2 0c10 	sub.w	ip, r2, #16
   873d0:	f02c 0c0f 	bic.w	ip, ip, #15
   873d4:	f103 0510 	add.w	r5, r3, #16
   873d8:	44ac      	add	ip, r5
   873da:	e9c3 4400 	strd	r4, r4, [r3]
   873de:	e9c3 4402 	strd	r4, r4, [r3, #8]
   873e2:	3310      	adds	r3, #16
   873e4:	4563      	cmp	r3, ip
   873e6:	d1f8      	bne.n	873da <memset+0x46>
   873e8:	f012 0f0c 	tst.w	r2, #12
   873ec:	f002 0e0f 	and.w	lr, r2, #15
   873f0:	d018      	beq.n	87424 <memset+0x90>
   873f2:	461a      	mov	r2, r3
   873f4:	f02e 0c03 	bic.w	ip, lr, #3
   873f8:	449c      	add	ip, r3
   873fa:	f1ae 0504 	sub.w	r5, lr, #4
   873fe:	f842 4b04 	str.w	r4, [r2], #4
   87402:	4562      	cmp	r2, ip
   87404:	d1fb      	bne.n	873fe <memset+0x6a>
   87406:	f025 0403 	bic.w	r4, r5, #3
   8740a:	3304      	adds	r3, #4
   8740c:	f00e 0203 	and.w	r2, lr, #3
   87410:	4423      	add	r3, r4
   87412:	2a00      	cmp	r2, #0
   87414:	d0cc      	beq.n	873b0 <memset+0x1c>
   87416:	b2c9      	uxtb	r1, r1
   87418:	441a      	add	r2, r3
   8741a:	f803 1b01 	strb.w	r1, [r3], #1
   8741e:	4293      	cmp	r3, r2
   87420:	d1fb      	bne.n	8741a <memset+0x86>
   87422:	bd30      	pop	{r4, r5, pc}
   87424:	4672      	mov	r2, lr
   87426:	e7f4      	b.n	87412 <memset+0x7e>
   87428:	4603      	mov	r3, r0
   8742a:	e7c6      	b.n	873ba <memset+0x26>
   8742c:	4696      	mov	lr, r2
   8742e:	e7e0      	b.n	873f2 <memset+0x5e>

00087430 <strncpy>:
   87430:	ea40 0301 	orr.w	r3, r0, r1
   87434:	079b      	lsls	r3, r3, #30
   87436:	b510      	push	{r4, lr}
   87438:	d124      	bne.n	87484 <strncpy+0x54>
   8743a:	2a03      	cmp	r2, #3
   8743c:	d922      	bls.n	87484 <strncpy+0x54>
   8743e:	468e      	mov	lr, r1
   87440:	4684      	mov	ip, r0
   87442:	f8de 4000 	ldr.w	r4, [lr]
   87446:	4671      	mov	r1, lr
   87448:	f1a4 3301 	sub.w	r3, r4, #16843009	@ 0x1010101
   8744c:	ea23 0304 	bic.w	r3, r3, r4
   87450:	f013 3f80 	tst.w	r3, #2155905152	@ 0x80808080
   87454:	f10e 0e04 	add.w	lr, lr, #4
   87458:	d115      	bne.n	87486 <strncpy+0x56>
   8745a:	3a04      	subs	r2, #4
   8745c:	2a03      	cmp	r2, #3
   8745e:	f84c 4b04 	str.w	r4, [ip], #4
   87462:	d8ee      	bhi.n	87442 <strncpy+0x12>
   87464:	4671      	mov	r1, lr
   87466:	f101 3eff 	add.w	lr, r1, #4294967295	@ 0xffffffff
   8746a:	b152      	cbz	r2, 87482 <strncpy+0x52>
   8746c:	4663      	mov	r3, ip
   8746e:	f81e 1f01 	ldrb.w	r1, [lr, #1]!
   87472:	1e54      	subs	r4, r2, #1
   87474:	f803 1b01 	strb.w	r1, [r3], #1
   87478:	b141      	cbz	r1, 8748c <strncpy+0x5c>
   8747a:	4622      	mov	r2, r4
   8747c:	469c      	mov	ip, r3
   8747e:	2a00      	cmp	r2, #0
   87480:	d1f4      	bne.n	8746c <strncpy+0x3c>
   87482:	bd10      	pop	{r4, pc}
   87484:	4684      	mov	ip, r0
   87486:	f101 3eff 	add.w	lr, r1, #4294967295	@ 0xffffffff
   8748a:	e7ee      	b.n	8746a <strncpy+0x3a>
   8748c:	4494      	add	ip, r2
   8748e:	2c00      	cmp	r4, #0
   87490:	d0f7      	beq.n	87482 <strncpy+0x52>
   87492:	f803 1b01 	strb.w	r1, [r3], #1
   87496:	4563      	cmp	r3, ip
   87498:	d1fb      	bne.n	87492 <strncpy+0x62>
   8749a:	bd10      	pop	{r4, pc}

0008749c <__locale_mb_cur_max>:
   8749c:	4b01      	ldr	r3, [pc, #4]	@ (874a4 <__locale_mb_cur_max+0x8>)
   8749e:	f893 0128 	ldrb.w	r0, [r3, #296]	@ 0x128
   874a2:	4770      	bx	lr
   874a4:	200003b8 	.word	0x200003b8

000874a8 <_localeconv_r>:
   874a8:	4800      	ldr	r0, [pc, #0]	@ (874ac <_localeconv_r+0x4>)
   874aa:	4770      	bx	lr
   874ac:	200004a8 	.word	0x200004a8

000874b0 <_close_r>:
   874b0:	2200      	movs	r2, #0
   874b2:	b538      	push	{r3, r4, r5, lr}
   874b4:	4d06      	ldr	r5, [pc, #24]	@ (874d0 <_close_r+0x20>)
   874b6:	4604      	mov	r4, r0
   874b8:	4608      	mov	r0, r1
   874ba:	602a      	str	r2, [r5, #0]
   874bc:	f7fb fc70 	bl	82da0 <_close>
   874c0:	1c43      	adds	r3, r0, #1
   874c2:	d000      	beq.n	874c6 <_close_r+0x16>
   874c4:	bd38      	pop	{r3, r4, r5, pc}
   874c6:	682b      	ldr	r3, [r5, #0]
   874c8:	2b00      	cmp	r3, #0
   874ca:	d0fb      	beq.n	874c4 <_close_r+0x14>
   874cc:	6023      	str	r3, [r4, #0]
   874ce:	bd38      	pop	{r3, r4, r5, pc}
   874d0:	20003540 	.word	0x20003540

000874d4 <_lseek_r>:
   874d4:	b538      	push	{r3, r4, r5, lr}
   874d6:	460c      	mov	r4, r1
   874d8:	4611      	mov	r1, r2
   874da:	2200      	movs	r2, #0
   874dc:	4684      	mov	ip, r0
   874de:	4d07      	ldr	r5, [pc, #28]	@ (874fc <_lseek_r+0x28>)
   874e0:	4620      	mov	r0, r4
   874e2:	602a      	str	r2, [r5, #0]
   874e4:	461a      	mov	r2, r3
   874e6:	4664      	mov	r4, ip
   874e8:	f7fb fc66 	bl	82db8 <_lseek>
   874ec:	1c43      	adds	r3, r0, #1
   874ee:	d000      	beq.n	874f2 <_lseek_r+0x1e>
   874f0:	bd38      	pop	{r3, r4, r5, pc}
   874f2:	682b      	ldr	r3, [r5, #0]
   874f4:	2b00      	cmp	r3, #0
   874f6:	d0fb      	beq.n	874f0 <_lseek_r+0x1c>
   874f8:	6023      	str	r3, [r4, #0]
   874fa:	bd38      	pop	{r3, r4, r5, pc}
   874fc:	20003540 	.word	0x20003540

00087500 <_read_r>:
   87500:	b538      	push	{r3, r4, r5, lr}
   87502:	460c      	mov	r4, r1
   87504:	4611      	mov	r1, r2
   87506:	2200      	movs	r2, #0
   87508:	4684      	mov	ip, r0
   8750a:	4d07      	ldr	r5, [pc, #28]	@ (87528 <_read_r+0x28>)
   8750c:	4620      	mov	r0, r4
   8750e:	602a      	str	r2, [r5, #0]
   87510:	461a      	mov	r2, r3
   87512:	4664      	mov	r4, ip
   87514:	f7fb fb9a 	bl	82c4c <_read>
   87518:	1c43      	adds	r3, r0, #1
   8751a:	d000      	beq.n	8751e <_read_r+0x1e>
   8751c:	bd38      	pop	{r3, r4, r5, pc}
   8751e:	682b      	ldr	r3, [r5, #0]
   87520:	2b00      	cmp	r3, #0
   87522:	d0fb      	beq.n	8751c <_read_r+0x1c>
   87524:	6023      	str	r3, [r4, #0]
   87526:	bd38      	pop	{r3, r4, r5, pc}
   87528:	20003540 	.word	0x20003540

0008752c <_write_r>:
   8752c:	b538      	push	{r3, r4, r5, lr}
   8752e:	460c      	mov	r4, r1
   87530:	4611      	mov	r1, r2
   87532:	2200      	movs	r2, #0
   87534:	4684      	mov	ip, r0
   87536:	4d07      	ldr	r5, [pc, #28]	@ (87554 <_write_r+0x28>)
   87538:	4620      	mov	r0, r4
   8753a:	602a      	str	r2, [r5, #0]
   8753c:	461a      	mov	r2, r3
   8753e:	4664      	mov	r4, ip
   87540:	f7fc ffa6 	bl	84490 <_write>
   87544:	1c43      	adds	r3, r0, #1
   87546:	d000      	beq.n	8754a <_write_r+0x1e>
   87548:	bd38      	pop	{r3, r4, r5, pc}
   8754a:	682b      	ldr	r3, [r5, #0]
   8754c:	2b00      	cmp	r3, #0
   8754e:	d0fb      	beq.n	87548 <_write_r+0x1c>
   87550:	6023      	str	r3, [r4, #0]
   87552:	bd38      	pop	{r3, r4, r5, pc}
   87554:	20003540 	.word	0x20003540

00087558 <__errno>:
   87558:	4b01      	ldr	r3, [pc, #4]	@ (87560 <__errno+0x8>)
   8755a:	6818      	ldr	r0, [r3, #0]
   8755c:	4770      	bx	lr
   8755e:	bf00      	nop
   87560:	20000524 	.word	0x20000524

00087564 <__libc_init_array>:
   87564:	b570      	push	{r4, r5, r6, lr}
   87566:	4b0f      	ldr	r3, [pc, #60]	@ (875a4 <__libc_init_array+0x40>)
   87568:	4d0f      	ldr	r5, [pc, #60]	@ (875a8 <__libc_init_array+0x44>)
   8756a:	42ab      	cmp	r3, r5
   8756c:	eba3 0605 	sub.w	r6, r3, r5
   87570:	d007      	beq.n	87582 <__libc_init_array+0x1e>
   87572:	2400      	movs	r4, #0
   87574:	10b6      	asrs	r6, r6, #2
   87576:	f855 3b04 	ldr.w	r3, [r5], #4
   8757a:	3401      	adds	r4, #1
   8757c:	4798      	blx	r3
   8757e:	42a6      	cmp	r6, r4
   87580:	d8f9      	bhi.n	87576 <__libc_init_array+0x12>
   87582:	f005 fae5 	bl	8cb50 <_init>
   87586:	4d09      	ldr	r5, [pc, #36]	@ (875ac <__libc_init_array+0x48>)
   87588:	4b09      	ldr	r3, [pc, #36]	@ (875b0 <__libc_init_array+0x4c>)
   8758a:	1b5e      	subs	r6, r3, r5
   8758c:	42ab      	cmp	r3, r5
   8758e:	ea4f 06a6 	mov.w	r6, r6, asr #2
   87592:	d006      	beq.n	875a2 <__libc_init_array+0x3e>
   87594:	2400      	movs	r4, #0
   87596:	f855 3b04 	ldr.w	r3, [r5], #4
   8759a:	3401      	adds	r4, #1
   8759c:	4798      	blx	r3
   8759e:	42a6      	cmp	r6, r4
   875a0:	d8f9      	bhi.n	87596 <__libc_init_array+0x32>
   875a2:	bd70      	pop	{r4, r5, r6, pc}
   875a4:	0008cb5c 	.word	0x0008cb5c
   875a8:	0008cb5c 	.word	0x0008cb5c
   875ac:	0008cb5c 	.word	0x0008cb5c
   875b0:	0008cb64 	.word	0x0008cb64

000875b4 <__retarget_lock_init_recursive>:
   875b4:	4770      	bx	lr
   875b6:	bf00      	nop

000875b8 <__retarget_lock_close_recursive>:
   875b8:	4770      	bx	lr
   875ba:	bf00      	nop

000875bc <__retarget_lock_acquire_recursive>:
   875bc:	4770      	bx	lr
   875be:	bf00      	nop

000875c0 <__retarget_lock_release_recursive>:
   875c0:	4770      	bx	lr
   875c2:	bf00      	nop

000875c4 <memchr>:
   875c4:	b530      	push	{r4, r5, lr}
   875c6:	4686      	mov	lr, r0
   875c8:	0780      	lsls	r0, r0, #30
   875ca:	b2cc      	uxtb	r4, r1
   875cc:	d015      	beq.n	875fa <memchr+0x36>
   875ce:	46f4      	mov	ip, lr
   875d0:	eb0e 0502 	add.w	r5, lr, r2
   875d4:	e007      	b.n	875e6 <memchr+0x22>
   875d6:	4663      	mov	r3, ip
   875d8:	f813 1b01 	ldrb.w	r1, [r3], #1
   875dc:	42a1      	cmp	r1, r4
   875de:	d006      	beq.n	875ee <memchr+0x2a>
   875e0:	0799      	lsls	r1, r3, #30
   875e2:	d005      	beq.n	875f0 <memchr+0x2c>
   875e4:	469c      	mov	ip, r3
   875e6:	4565      	cmp	r5, ip
   875e8:	4660      	mov	r0, ip
   875ea:	d1f4      	bne.n	875d6 <memchr+0x12>
   875ec:	2000      	movs	r0, #0
   875ee:	bd30      	pop	{r4, r5, pc}
   875f0:	3a01      	subs	r2, #1
   875f2:	4472      	add	r2, lr
   875f4:	469e      	mov	lr, r3
   875f6:	eba2 020c 	sub.w	r2, r2, ip
   875fa:	2a03      	cmp	r2, #3
   875fc:	d80c      	bhi.n	87618 <memchr+0x54>
   875fe:	2a00      	cmp	r2, #0
   87600:	d0f4      	beq.n	875ec <memchr+0x28>
   87602:	4673      	mov	r3, lr
   87604:	4472      	add	r2, lr
   87606:	e001      	b.n	8760c <memchr+0x48>
   87608:	429a      	cmp	r2, r3
   8760a:	d0ef      	beq.n	875ec <memchr+0x28>
   8760c:	4618      	mov	r0, r3
   8760e:	f813 1b01 	ldrb.w	r1, [r3], #1
   87612:	42a1      	cmp	r1, r4
   87614:	d1f8      	bne.n	87608 <memchr+0x44>
   87616:	bd30      	pop	{r4, r5, pc}
   87618:	4671      	mov	r1, lr
   8761a:	eb04 2504 	add.w	r5, r4, r4, lsl #8
   8761e:	eb05 4505 	add.w	r5, r5, r5, lsl #16
   87622:	468e      	mov	lr, r1
   87624:	f851 3b04 	ldr.w	r3, [r1], #4
   87628:	406b      	eors	r3, r5
   8762a:	f1a3 3001 	sub.w	r0, r3, #16843009	@ 0x1010101
   8762e:	ea20 0303 	bic.w	r3, r0, r3
   87632:	f013 3f80 	tst.w	r3, #2155905152	@ 0x80808080
   87636:	d1e4      	bne.n	87602 <memchr+0x3e>
   87638:	3a04      	subs	r2, #4
   8763a:	2a03      	cmp	r2, #3
   8763c:	d8f1      	bhi.n	87622 <memchr+0x5e>
   8763e:	468e      	mov	lr, r1
   87640:	e7dd      	b.n	875fe <memchr+0x3a>
   87642:	bf00      	nop

00087644 <memcpy>:
   87644:	4684      	mov	ip, r0
   87646:	ea41 0300 	orr.w	r3, r1, r0
   8764a:	f013 0303 	ands.w	r3, r3, #3
   8764e:	d149      	bne.n	876e4 <memcpy+0xa0>
   87650:	3a40      	subs	r2, #64	@ 0x40
   87652:	d323      	bcc.n	8769c <memcpy+0x58>
   87654:	680b      	ldr	r3, [r1, #0]
   87656:	6003      	str	r3, [r0, #0]
   87658:	684b      	ldr	r3, [r1, #4]
   8765a:	6043      	str	r3, [r0, #4]
   8765c:	688b      	ldr	r3, [r1, #8]
   8765e:	6083      	str	r3, [r0, #8]
   87660:	68cb      	ldr	r3, [r1, #12]
   87662:	60c3      	str	r3, [r0, #12]
   87664:	690b      	ldr	r3, [r1, #16]
   87666:	6103      	str	r3, [r0, #16]
   87668:	694b      	ldr	r3, [r1, #20]
   8766a:	6143      	str	r3, [r0, #20]
   8766c:	698b      	ldr	r3, [r1, #24]
   8766e:	6183      	str	r3, [r0, #24]
   87670:	69cb      	ldr	r3, [r1, #28]
   87672:	61c3      	str	r3, [r0, #28]
   87674:	6a0b      	ldr	r3, [r1, #32]
   87676:	6203      	str	r3, [r0, #32]
   87678:	6a4b      	ldr	r3, [r1, #36]	@ 0x24
   8767a:	6243      	str	r3, [r0, #36]	@ 0x24
   8767c:	6a8b      	ldr	r3, [r1, #40]	@ 0x28
   8767e:	6283      	str	r3, [r0, #40]	@ 0x28
   87680:	6acb      	ldr	r3, [r1, #44]	@ 0x2c
   87682:	62c3      	str	r3, [r0, #44]	@ 0x2c
   87684:	6b0b      	ldr	r3, [r1, #48]	@ 0x30
   87686:	6303      	str	r3, [r0, #48]	@ 0x30
   87688:	6b4b      	ldr	r3, [r1, #52]	@ 0x34
   8768a:	6343      	str	r3, [r0, #52]	@ 0x34
   8768c:	6b8b      	ldr	r3, [r1, #56]	@ 0x38
   8768e:	6383      	str	r3, [r0, #56]	@ 0x38
   87690:	6bcb      	ldr	r3, [r1, #60]	@ 0x3c
   87692:	63c3      	str	r3, [r0, #60]	@ 0x3c
   87694:	3040      	adds	r0, #64	@ 0x40
   87696:	3140      	adds	r1, #64	@ 0x40
   87698:	3a40      	subs	r2, #64	@ 0x40
   8769a:	d2db      	bcs.n	87654 <memcpy+0x10>
   8769c:	3230      	adds	r2, #48	@ 0x30
   8769e:	d30b      	bcc.n	876b8 <memcpy+0x74>
   876a0:	680b      	ldr	r3, [r1, #0]
   876a2:	6003      	str	r3, [r0, #0]
   876a4:	684b      	ldr	r3, [r1, #4]
   876a6:	6043      	str	r3, [r0, #4]
   876a8:	688b      	ldr	r3, [r1, #8]
   876aa:	6083      	str	r3, [r0, #8]
   876ac:	68cb      	ldr	r3, [r1, #12]
   876ae:	60c3      	str	r3, [r0, #12]
   876b0:	3010      	adds	r0, #16
   876b2:	3110      	adds	r1, #16
   876b4:	3a10      	subs	r2, #16
   876b6:	d2f3      	bcs.n	876a0 <memcpy+0x5c>
   876b8:	320c      	adds	r2, #12
   876ba:	d305      	bcc.n	876c8 <memcpy+0x84>
   876bc:	f851 3b04 	ldr.w	r3, [r1], #4
   876c0:	f840 3b04 	str.w	r3, [r0], #4
   876c4:	3a04      	subs	r2, #4
   876c6:	d2f9      	bcs.n	876bc <memcpy+0x78>
   876c8:	3204      	adds	r2, #4
   876ca:	d008      	beq.n	876de <memcpy+0x9a>
   876cc:	07d2      	lsls	r2, r2, #31
   876ce:	bf1c      	itt	ne
   876d0:	f811 3b01 	ldrbne.w	r3, [r1], #1
   876d4:	f800 3b01 	strbne.w	r3, [r0], #1
   876d8:	d301      	bcc.n	876de <memcpy+0x9a>
   876da:	880b      	ldrh	r3, [r1, #0]
   876dc:	8003      	strh	r3, [r0, #0]
   876de:	4660      	mov	r0, ip
   876e0:	4770      	bx	lr
   876e2:	bf00      	nop
   876e4:	2a08      	cmp	r2, #8
   876e6:	d313      	bcc.n	87710 <memcpy+0xcc>
   876e8:	078b      	lsls	r3, r1, #30
   876ea:	d0b1      	beq.n	87650 <memcpy+0xc>
   876ec:	f010 0303 	ands.w	r3, r0, #3
   876f0:	d0ae      	beq.n	87650 <memcpy+0xc>
   876f2:	f1c3 0304 	rsb	r3, r3, #4
   876f6:	1ad2      	subs	r2, r2, r3
   876f8:	07db      	lsls	r3, r3, #31
   876fa:	bf1c      	itt	ne
   876fc:	f811 3b01 	ldrbne.w	r3, [r1], #1
   87700:	f800 3b01 	strbne.w	r3, [r0], #1
   87704:	d3a4      	bcc.n	87650 <memcpy+0xc>
   87706:	f831 3b02 	ldrh.w	r3, [r1], #2
   8770a:	f820 3b02 	strh.w	r3, [r0], #2
   8770e:	e79f      	b.n	87650 <memcpy+0xc>
   87710:	3a04      	subs	r2, #4
   87712:	d3d9      	bcc.n	876c8 <memcpy+0x84>
   87714:	3a01      	subs	r2, #1
   87716:	f811 3b01 	ldrb.w	r3, [r1], #1
   8771a:	f800 3b01 	strb.w	r3, [r0], #1
   8771e:	d2f9      	bcs.n	87714 <memcpy+0xd0>
   87720:	780b      	ldrb	r3, [r1, #0]
   87722:	7003      	strb	r3, [r0, #0]
   87724:	784b      	ldrb	r3, [r1, #1]
   87726:	7043      	strb	r3, [r0, #1]
   87728:	788b      	ldrb	r3, [r1, #2]
   8772a:	7083      	strb	r3, [r0, #2]
   8772c:	4660      	mov	r0, ip
   8772e:	4770      	bx	lr

00087730 <strlen>:
   87730:	f020 0103 	bic.w	r1, r0, #3
   87734:	f010 0003 	ands.w	r0, r0, #3
   87738:	f1c0 0000 	rsb	r0, r0, #0
   8773c:	f851 3b04 	ldr.w	r3, [r1], #4
   87740:	f100 0c04 	add.w	ip, r0, #4
   87744:	ea4f 0ccc 	mov.w	ip, ip, lsl #3
   87748:	f06f 0200 	mvn.w	r2, #0
   8774c:	bf1c      	itt	ne
   8774e:	fa22 f20c 	lsrne.w	r2, r2, ip
   87752:	4313      	orrne	r3, r2
   87754:	f04f 0c01 	mov.w	ip, #1
   87758:	ea4c 2c0c 	orr.w	ip, ip, ip, lsl #8
   8775c:	ea4c 4c0c 	orr.w	ip, ip, ip, lsl #16
   87760:	eba3 020c 	sub.w	r2, r3, ip
   87764:	ea22 0203 	bic.w	r2, r2, r3
   87768:	ea12 12cc 	ands.w	r2, r2, ip, lsl #7
   8776c:	bf04      	itt	eq
   8776e:	f851 3b04 	ldreq.w	r3, [r1], #4
   87772:	3004      	addeq	r0, #4
   87774:	d0f4      	beq.n	87760 <strlen+0x30>
   87776:	f1c2 0100 	rsb	r1, r2, #0
   8777a:	ea02 0201 	and.w	r2, r2, r1
   8777e:	fab2 f282 	clz	r2, r2
   87782:	f1c2 021f 	rsb	r2, r2, #31
   87786:	eb00 00d2 	add.w	r0, r0, r2, lsr #3
   8778a:	4770      	bx	lr

0008778c <register_fini>:
   8778c:	4b02      	ldr	r3, [pc, #8]	@ (87798 <register_fini+0xc>)
   8778e:	b113      	cbz	r3, 87796 <register_fini+0xa>
   87790:	4802      	ldr	r0, [pc, #8]	@ (8779c <register_fini+0x10>)
   87792:	f000 b805 	b.w	877a0 <atexit>
   87796:	4770      	bx	lr
   87798:	00000000 	.word	0x00000000
   8779c:	0008a8f5 	.word	0x0008a8f5

000877a0 <atexit>:
   877a0:	2300      	movs	r3, #0
   877a2:	4601      	mov	r1, r0
   877a4:	461a      	mov	r2, r3
   877a6:	4618      	mov	r0, r3
   877a8:	f003 b8fc 	b.w	8a9a4 <__register_exitproc>

000877ac <_malloc_trim_r>:
   877ac:	e92d 43f8 	stmdb	sp!, {r3, r4, r5, r6, r7, r8, r9, lr}
   877b0:	4606      	mov	r6, r0
   877b2:	2008      	movs	r0, #8
   877b4:	4689      	mov	r9, r1
   877b6:	f003 f8b1 	bl	8a91c <sysconf>
   877ba:	4605      	mov	r5, r0
   877bc:	f8df 8098 	ldr.w	r8, [pc, #152]	@ 87858 <_malloc_trim_r+0xac>
   877c0:	4630      	mov	r0, r6
   877c2:	f000 fc1f 	bl	88004 <__malloc_lock>
   877c6:	f8d8 3008 	ldr.w	r3, [r8, #8]
   877ca:	685f      	ldr	r7, [r3, #4]
   877cc:	f027 0703 	bic.w	r7, r7, #3
   877d0:	f1a7 0411 	sub.w	r4, r7, #17
   877d4:	eba4 0409 	sub.w	r4, r4, r9
   877d8:	442c      	add	r4, r5
   877da:	fbb4 f4f5 	udiv	r4, r4, r5
   877de:	3c01      	subs	r4, #1
   877e0:	fb05 f404 	mul.w	r4, r5, r4
   877e4:	42a5      	cmp	r5, r4
   877e6:	dc08      	bgt.n	877fa <_malloc_trim_r+0x4e>
   877e8:	2100      	movs	r1, #0
   877ea:	4630      	mov	r0, r6
   877ec:	f003 f870 	bl	8a8d0 <_sbrk_r>
   877f0:	f8d8 3008 	ldr.w	r3, [r8, #8]
   877f4:	443b      	add	r3, r7
   877f6:	4298      	cmp	r0, r3
   877f8:	d005      	beq.n	87806 <_malloc_trim_r+0x5a>
   877fa:	4630      	mov	r0, r6
   877fc:	f000 fc08 	bl	88010 <__malloc_unlock>
   87800:	2000      	movs	r0, #0
   87802:	e8bd 83f8 	ldmia.w	sp!, {r3, r4, r5, r6, r7, r8, r9, pc}
   87806:	4630      	mov	r0, r6
   87808:	4261      	negs	r1, r4
   8780a:	f003 f861 	bl	8a8d0 <_sbrk_r>
   8780e:	3001      	adds	r0, #1
   87810:	d00f      	beq.n	87832 <_malloc_trim_r+0x86>
   87812:	4a12      	ldr	r2, [pc, #72]	@ (8785c <_malloc_trim_r+0xb0>)
   87814:	f8d8 3008 	ldr.w	r3, [r8, #8]
   87818:	1b3f      	subs	r7, r7, r4
   8781a:	f047 0701 	orr.w	r7, r7, #1
   8781e:	605f      	str	r7, [r3, #4]
   87820:	6813      	ldr	r3, [r2, #0]
   87822:	4630      	mov	r0, r6
   87824:	1b1b      	subs	r3, r3, r4
   87826:	6013      	str	r3, [r2, #0]
   87828:	f000 fbf2 	bl	88010 <__malloc_unlock>
   8782c:	2001      	movs	r0, #1
   8782e:	e8bd 83f8 	ldmia.w	sp!, {r3, r4, r5, r6, r7, r8, r9, pc}
   87832:	2100      	movs	r1, #0
   87834:	4630      	mov	r0, r6
   87836:	f003 f84b 	bl	8a8d0 <_sbrk_r>
   8783a:	f8d8 2008 	ldr.w	r2, [r8, #8]
   8783e:	1a83      	subs	r3, r0, r2
   87840:	2b0f      	cmp	r3, #15
   87842:	ddda      	ble.n	877fa <_malloc_trim_r+0x4e>
   87844:	f043 0301 	orr.w	r3, r3, #1
   87848:	6053      	str	r3, [r2, #4]
   8784a:	4b05      	ldr	r3, [pc, #20]	@ (87860 <_malloc_trim_r+0xb4>)
   8784c:	4903      	ldr	r1, [pc, #12]	@ (8785c <_malloc_trim_r+0xb0>)
   8784e:	681b      	ldr	r3, [r3, #0]
   87850:	1ac0      	subs	r0, r0, r3
   87852:	6008      	str	r0, [r1, #0]
   87854:	e7d1      	b.n	877fa <_malloc_trim_r+0x4e>
   87856:	bf00      	nop
   87858:	20000678 	.word	0x20000678
   8785c:	20003554 	.word	0x20003554
   87860:	2000066c 	.word	0x2000066c

00087864 <_free_r>:
   87864:	2900      	cmp	r1, #0
   87866:	d05a      	beq.n	8791e <_free_r+0xba>
   87868:	b5f8      	push	{r3, r4, r5, r6, r7, lr}
   8786a:	460c      	mov	r4, r1
   8786c:	4607      	mov	r7, r0
   8786e:	f000 fbc9 	bl	88004 <__malloc_lock>
   87872:	f854 cc04 	ldr.w	ip, [r4, #-4]
   87876:	4d72      	ldr	r5, [pc, #456]	@ (87a40 <_free_r+0x1dc>)
   87878:	f1a4 0208 	sub.w	r2, r4, #8
   8787c:	f02c 0301 	bic.w	r3, ip, #1
   87880:	18d1      	adds	r1, r2, r3
   87882:	68a8      	ldr	r0, [r5, #8]
   87884:	684e      	ldr	r6, [r1, #4]
   87886:	4288      	cmp	r0, r1
   87888:	f026 0603 	bic.w	r6, r6, #3
   8788c:	f00c 0e01 	and.w	lr, ip, #1
   87890:	d07c      	beq.n	8798c <_free_r+0x128>
   87892:	604e      	str	r6, [r1, #4]
   87894:	1988      	adds	r0, r1, r6
   87896:	6840      	ldr	r0, [r0, #4]
   87898:	f000 0001 	and.w	r0, r0, #1
   8789c:	f1be 0f00 	cmp.w	lr, #0
   878a0:	d12e      	bne.n	87900 <_free_r+0x9c>
   878a2:	f854 4c08 	ldr.w	r4, [r4, #-8]
   878a6:	f105 0c08 	add.w	ip, r5, #8
   878aa:	1b12      	subs	r2, r2, r4
   878ac:	4423      	add	r3, r4
   878ae:	6894      	ldr	r4, [r2, #8]
   878b0:	4564      	cmp	r4, ip
   878b2:	d060      	beq.n	87976 <_free_r+0x112>
   878b4:	f8d2 e00c 	ldr.w	lr, [r2, #12]
   878b8:	f8c4 e00c 	str.w	lr, [r4, #12]
   878bc:	f8ce 4008 	str.w	r4, [lr, #8]
   878c0:	2800      	cmp	r0, #0
   878c2:	d07d      	beq.n	879c0 <_free_r+0x15c>
   878c4:	f043 0001 	orr.w	r0, r3, #1
   878c8:	6050      	str	r0, [r2, #4]
   878ca:	600b      	str	r3, [r1, #0]
   878cc:	f5b3 7f00 	cmp.w	r3, #512	@ 0x200
   878d0:	d22e      	bcs.n	87930 <_free_r+0xcc>
   878d2:	0958      	lsrs	r0, r3, #5
   878d4:	08d9      	lsrs	r1, r3, #3
   878d6:	2301      	movs	r3, #1
   878d8:	4083      	lsls	r3, r0
   878da:	6868      	ldr	r0, [r5, #4]
   878dc:	3101      	adds	r1, #1
   878de:	4303      	orrs	r3, r0
   878e0:	606b      	str	r3, [r5, #4]
   878e2:	f855 0031 	ldr.w	r0, [r5, r1, lsl #3]
   878e6:	eb05 03c1 	add.w	r3, r5, r1, lsl #3
   878ea:	3b08      	subs	r3, #8
   878ec:	e9c2 0302 	strd	r0, r3, [r2, #8]
   878f0:	f845 2031 	str.w	r2, [r5, r1, lsl #3]
   878f4:	60c2      	str	r2, [r0, #12]
   878f6:	4638      	mov	r0, r7
   878f8:	e8bd 40f8 	ldmia.w	sp!, {r3, r4, r5, r6, r7, lr}
   878fc:	f000 bb88 	b.w	88010 <__malloc_unlock>
   87900:	b970      	cbnz	r0, 87920 <_free_r+0xbc>
   87902:	4433      	add	r3, r6
   87904:	f105 0c08 	add.w	ip, r5, #8
   87908:	6888      	ldr	r0, [r1, #8]
   8790a:	f043 0401 	orr.w	r4, r3, #1
   8790e:	4560      	cmp	r0, ip
   87910:	d06e      	beq.n	879f0 <_free_r+0x18c>
   87912:	68c9      	ldr	r1, [r1, #12]
   87914:	60c1      	str	r1, [r0, #12]
   87916:	6088      	str	r0, [r1, #8]
   87918:	6054      	str	r4, [r2, #4]
   8791a:	50d3      	str	r3, [r2, r3]
   8791c:	e7d6      	b.n	878cc <_free_r+0x68>
   8791e:	4770      	bx	lr
   87920:	f04c 0101 	orr.w	r1, ip, #1
   87924:	f5b3 7f00 	cmp.w	r3, #512	@ 0x200
   87928:	f844 1c04 	str.w	r1, [r4, #-4]
   8792c:	50d3      	str	r3, [r2, r3]
   8792e:	d3d0      	bcc.n	878d2 <_free_r+0x6e>
   87930:	f5b3 6f20 	cmp.w	r3, #2560	@ 0xa00
   87934:	ea4f 2153 	mov.w	r1, r3, lsr #9
   87938:	d244      	bcs.n	879c4 <_free_r+0x160>
   8793a:	0999      	lsrs	r1, r3, #6
   8793c:	f101 0039 	add.w	r0, r1, #57	@ 0x39
   87940:	f101 0438 	add.w	r4, r1, #56	@ 0x38
   87944:	00c1      	lsls	r1, r0, #3
   87946:	1868      	adds	r0, r5, r1
   87948:	5869      	ldr	r1, [r5, r1]
   8794a:	3808      	subs	r0, #8
   8794c:	4288      	cmp	r0, r1
   8794e:	d103      	bne.n	87958 <_free_r+0xf4>
   87950:	e055      	b.n	879fe <_free_r+0x19a>
   87952:	6889      	ldr	r1, [r1, #8]
   87954:	4288      	cmp	r0, r1
   87956:	d004      	beq.n	87962 <_free_r+0xfe>
   87958:	684c      	ldr	r4, [r1, #4]
   8795a:	f024 0403 	bic.w	r4, r4, #3
   8795e:	429c      	cmp	r4, r3
   87960:	d8f7      	bhi.n	87952 <_free_r+0xee>
   87962:	68c8      	ldr	r0, [r1, #12]
   87964:	e9c2 1002 	strd	r1, r0, [r2, #8]
   87968:	6082      	str	r2, [r0, #8]
   8796a:	4638      	mov	r0, r7
   8796c:	e8bd 40f8 	ldmia.w	sp!, {r3, r4, r5, r6, r7, lr}
   87970:	60ca      	str	r2, [r1, #12]
   87972:	f000 bb4d 	b.w	88010 <__malloc_unlock>
   87976:	bb80      	cbnz	r0, 879da <_free_r+0x176>
   87978:	441e      	add	r6, r3
   8797a:	e9d1 1302 	ldrd	r1, r3, [r1, #8]
   8797e:	60cb      	str	r3, [r1, #12]
   87980:	6099      	str	r1, [r3, #8]
   87982:	f046 0301 	orr.w	r3, r6, #1
   87986:	6053      	str	r3, [r2, #4]
   87988:	5196      	str	r6, [r2, r6]
   8798a:	e7b4      	b.n	878f6 <_free_r+0x92>
   8798c:	441e      	add	r6, r3
   8798e:	f1be 0f00 	cmp.w	lr, #0
   87992:	d107      	bne.n	879a4 <_free_r+0x140>
   87994:	f854 3c08 	ldr.w	r3, [r4, #-8]
   87998:	1ad2      	subs	r2, r2, r3
   8799a:	441e      	add	r6, r3
   8799c:	e9d2 1302 	ldrd	r1, r3, [r2, #8]
   879a0:	60cb      	str	r3, [r1, #12]
   879a2:	6099      	str	r1, [r3, #8]
   879a4:	f046 0301 	orr.w	r3, r6, #1
   879a8:	6053      	str	r3, [r2, #4]
   879aa:	4b26      	ldr	r3, [pc, #152]	@ (87a44 <_free_r+0x1e0>)
   879ac:	60aa      	str	r2, [r5, #8]
   879ae:	681b      	ldr	r3, [r3, #0]
   879b0:	42b3      	cmp	r3, r6
   879b2:	d8a0      	bhi.n	878f6 <_free_r+0x92>
   879b4:	4b24      	ldr	r3, [pc, #144]	@ (87a48 <_free_r+0x1e4>)
   879b6:	4638      	mov	r0, r7
   879b8:	6819      	ldr	r1, [r3, #0]
   879ba:	f7ff fef7 	bl	877ac <_malloc_trim_r>
   879be:	e79a      	b.n	878f6 <_free_r+0x92>
   879c0:	4433      	add	r3, r6
   879c2:	e7a1      	b.n	87908 <_free_r+0xa4>
   879c4:	2914      	cmp	r1, #20
   879c6:	d90d      	bls.n	879e4 <_free_r+0x180>
   879c8:	2954      	cmp	r1, #84	@ 0x54
   879ca:	d81f      	bhi.n	87a0c <_free_r+0x1a8>
   879cc:	0b19      	lsrs	r1, r3, #12
   879ce:	f101 006f 	add.w	r0, r1, #111	@ 0x6f
   879d2:	f101 046e 	add.w	r4, r1, #110	@ 0x6e
   879d6:	00c1      	lsls	r1, r0, #3
   879d8:	e7b5      	b.n	87946 <_free_r+0xe2>
   879da:	f043 0001 	orr.w	r0, r3, #1
   879de:	6050      	str	r0, [r2, #4]
   879e0:	600b      	str	r3, [r1, #0]
   879e2:	e788      	b.n	878f6 <_free_r+0x92>
   879e4:	f101 005c 	add.w	r0, r1, #92	@ 0x5c
   879e8:	f101 045b 	add.w	r4, r1, #91	@ 0x5b
   879ec:	00c1      	lsls	r1, r0, #3
   879ee:	e7aa      	b.n	87946 <_free_r+0xe2>
   879f0:	e9c5 2204 	strd	r2, r2, [r5, #16]
   879f4:	e9c2 cc02 	strd	ip, ip, [r2, #8]
   879f8:	6054      	str	r4, [r2, #4]
   879fa:	50d3      	str	r3, [r2, r3]
   879fc:	e77b      	b.n	878f6 <_free_r+0x92>
   879fe:	2301      	movs	r3, #1
   87a00:	10a4      	asrs	r4, r4, #2
   87a02:	40a3      	lsls	r3, r4
   87a04:	686c      	ldr	r4, [r5, #4]
   87a06:	4323      	orrs	r3, r4
   87a08:	606b      	str	r3, [r5, #4]
   87a0a:	e7ab      	b.n	87964 <_free_r+0x100>
   87a0c:	f5b1 7faa 	cmp.w	r1, #340	@ 0x154
   87a10:	d806      	bhi.n	87a20 <_free_r+0x1bc>
   87a12:	0bd9      	lsrs	r1, r3, #15
   87a14:	f101 0078 	add.w	r0, r1, #120	@ 0x78
   87a18:	f101 0477 	add.w	r4, r1, #119	@ 0x77
   87a1c:	00c1      	lsls	r1, r0, #3
   87a1e:	e792      	b.n	87946 <_free_r+0xe2>
   87a20:	f240 5054 	movw	r0, #1364	@ 0x554
   87a24:	4281      	cmp	r1, r0
   87a26:	d806      	bhi.n	87a36 <_free_r+0x1d2>
   87a28:	0c99      	lsrs	r1, r3, #18
   87a2a:	f101 007d 	add.w	r0, r1, #125	@ 0x7d
   87a2e:	f101 047c 	add.w	r4, r1, #124	@ 0x7c
   87a32:	00c1      	lsls	r1, r0, #3
   87a34:	e787      	b.n	87946 <_free_r+0xe2>
   87a36:	f44f 717e 	mov.w	r1, #1016	@ 0x3f8
   87a3a:	247e      	movs	r4, #126	@ 0x7e
   87a3c:	e783      	b.n	87946 <_free_r+0xe2>
   87a3e:	bf00      	nop
   87a40:	20000678 	.word	0x20000678
   87a44:	20000670 	.word	0x20000670
   87a48:	20003584 	.word	0x20003584

00087a4c <malloc>:
   87a4c:	4b02      	ldr	r3, [pc, #8]	@ (87a58 <malloc+0xc>)
   87a4e:	4601      	mov	r1, r0
   87a50:	6818      	ldr	r0, [r3, #0]
   87a52:	f000 b803 	b.w	87a5c <_malloc_r>
   87a56:	bf00      	nop
   87a58:	20000524 	.word	0x20000524

00087a5c <_malloc_r>:
   87a5c:	e92d 4ff0 	stmdb	sp!, {r4, r5, r6, r7, r8, r9, sl, fp, lr}
   87a60:	f101 050b 	add.w	r5, r1, #11
   87a64:	2d16      	cmp	r5, #22
   87a66:	4606      	mov	r6, r0
   87a68:	b083      	sub	sp, #12
   87a6a:	d824      	bhi.n	87ab6 <_malloc_r+0x5a>
   87a6c:	2910      	cmp	r1, #16
   87a6e:	f200 80ae 	bhi.w	87bce <_malloc_r+0x172>
   87a72:	f000 fac7 	bl	88004 <__malloc_lock>
   87a76:	2510      	movs	r5, #16
   87a78:	2318      	movs	r3, #24
   87a7a:	f04f 0c02 	mov.w	ip, #2
   87a7e:	4fc0      	ldr	r7, [pc, #768]	@ (87d80 <_malloc_r+0x324>)
   87a80:	443b      	add	r3, r7
   87a82:	685c      	ldr	r4, [r3, #4]
   87a84:	f1a3 0208 	sub.w	r2, r3, #8
   87a88:	4294      	cmp	r4, r2
   87a8a:	f000 815f 	beq.w	87d4c <_malloc_r+0x2f0>
   87a8e:	4630      	mov	r0, r6
   87a90:	6863      	ldr	r3, [r4, #4]
   87a92:	68e2      	ldr	r2, [r4, #12]
   87a94:	68a1      	ldr	r1, [r4, #8]
   87a96:	f023 0303 	bic.w	r3, r3, #3
   87a9a:	60ca      	str	r2, [r1, #12]
   87a9c:	4423      	add	r3, r4
   87a9e:	6091      	str	r1, [r2, #8]
   87aa0:	685a      	ldr	r2, [r3, #4]
   87aa2:	3408      	adds	r4, #8
   87aa4:	f042 0201 	orr.w	r2, r2, #1
   87aa8:	605a      	str	r2, [r3, #4]
   87aaa:	f000 fab1 	bl	88010 <__malloc_unlock>
   87aae:	4620      	mov	r0, r4
   87ab0:	b003      	add	sp, #12
   87ab2:	e8bd 8ff0 	ldmia.w	sp!, {r4, r5, r6, r7, r8, r9, sl, fp, pc}
   87ab6:	f035 0507 	bics.w	r5, r5, #7
   87aba:	f100 8088 	bmi.w	87bce <_malloc_r+0x172>
   87abe:	42a9      	cmp	r1, r5
   87ac0:	f200 8085 	bhi.w	87bce <_malloc_r+0x172>
   87ac4:	f000 fa9e 	bl	88004 <__malloc_lock>
   87ac8:	f5b5 7ffc 	cmp.w	r5, #504	@ 0x1f8
   87acc:	f0c0 81b1 	bcc.w	87e32 <_malloc_r+0x3d6>
   87ad0:	0a6b      	lsrs	r3, r5, #9
   87ad2:	f000 8083 	beq.w	87bdc <_malloc_r+0x180>
   87ad6:	2b04      	cmp	r3, #4
   87ad8:	f200 816e 	bhi.w	87db8 <_malloc_r+0x35c>
   87adc:	09ab      	lsrs	r3, r5, #6
   87ade:	f103 0c39 	add.w	ip, r3, #57	@ 0x39
   87ae2:	f103 0e38 	add.w	lr, r3, #56	@ 0x38
   87ae6:	ea4f 00cc 	mov.w	r0, ip, lsl #3
   87aea:	4fa5      	ldr	r7, [pc, #660]	@ (87d80 <_malloc_r+0x324>)
   87aec:	4438      	add	r0, r7
   87aee:	6844      	ldr	r4, [r0, #4]
   87af0:	3808      	subs	r0, #8
   87af2:	42a0      	cmp	r0, r4
   87af4:	d107      	bne.n	87b06 <_malloc_r+0xaa>
   87af6:	e00d      	b.n	87b14 <_malloc_r+0xb8>
   87af8:	2a00      	cmp	r2, #0
   87afa:	68e1      	ldr	r1, [r4, #12]
   87afc:	f280 8120 	bge.w	87d40 <_malloc_r+0x2e4>
   87b00:	4288      	cmp	r0, r1
   87b02:	d007      	beq.n	87b14 <_malloc_r+0xb8>
   87b04:	460c      	mov	r4, r1
   87b06:	6863      	ldr	r3, [r4, #4]
   87b08:	f023 0303 	bic.w	r3, r3, #3
   87b0c:	1b5a      	subs	r2, r3, r5
   87b0e:	2a0f      	cmp	r2, #15
   87b10:	ddf2      	ble.n	87af8 <_malloc_r+0x9c>
   87b12:	46f4      	mov	ip, lr
   87b14:	f8df 826c 	ldr.w	r8, [pc, #620]	@ 87d84 <_malloc_r+0x328>
   87b18:	693c      	ldr	r4, [r7, #16]
   87b1a:	4544      	cmp	r4, r8
   87b1c:	f000 80fd 	beq.w	87d1a <_malloc_r+0x2be>
   87b20:	6863      	ldr	r3, [r4, #4]
   87b22:	f023 0903 	bic.w	r9, r3, #3
   87b26:	eba9 0305 	sub.w	r3, r9, r5
   87b2a:	2b0f      	cmp	r3, #15
   87b2c:	f300 8186 	bgt.w	87e3c <_malloc_r+0x3e0>
   87b30:	2b00      	cmp	r3, #0
   87b32:	e9c7 8804 	strd	r8, r8, [r7, #16]
   87b36:	f280 8170 	bge.w	87e1a <_malloc_r+0x3be>
   87b3a:	f5b9 7f00 	cmp.w	r9, #512	@ 0x200
   87b3e:	f8d7 e004 	ldr.w	lr, [r7, #4]
   87b42:	f080 810a 	bcs.w	87d5a <_malloc_r+0x2fe>
   87b46:	2301      	movs	r3, #1
   87b48:	ea4f 01d9 	mov.w	r1, r9, lsr #3
   87b4c:	ea4f 1959 	mov.w	r9, r9, lsr #5
   87b50:	4419      	add	r1, r3
   87b52:	fa03 f309 	lsl.w	r3, r3, r9
   87b56:	f857 2031 	ldr.w	r2, [r7, r1, lsl #3]
   87b5a:	ea4e 0e03 	orr.w	lr, lr, r3
   87b5e:	eb07 03c1 	add.w	r3, r7, r1, lsl #3
   87b62:	3b08      	subs	r3, #8
   87b64:	60a2      	str	r2, [r4, #8]
   87b66:	60e3      	str	r3, [r4, #12]
   87b68:	f8c7 e004 	str.w	lr, [r7, #4]
   87b6c:	f847 4031 	str.w	r4, [r7, r1, lsl #3]
   87b70:	60d4      	str	r4, [r2, #12]
   87b72:	2001      	movs	r0, #1
   87b74:	ea4f 03ac 	mov.w	r3, ip, asr #2
   87b78:	4098      	lsls	r0, r3
   87b7a:	4570      	cmp	r0, lr
   87b7c:	d835      	bhi.n	87bea <_malloc_r+0x18e>
   87b7e:	ea10 0f0e 	tst.w	r0, lr
   87b82:	d107      	bne.n	87b94 <_malloc_r+0x138>
   87b84:	f02c 0c03 	bic.w	ip, ip, #3
   87b88:	0040      	lsls	r0, r0, #1
   87b8a:	ea10 0f0e 	tst.w	r0, lr
   87b8e:	f10c 0c04 	add.w	ip, ip, #4
   87b92:	d0f9      	beq.n	87b88 <_malloc_r+0x12c>
   87b94:	eb07 0acc 	add.w	sl, r7, ip, lsl #3
   87b98:	46d6      	mov	lr, sl
   87b9a:	46e1      	mov	r9, ip
   87b9c:	f8de 300c 	ldr.w	r3, [lr, #12]
   87ba0:	e00b      	b.n	87bba <_malloc_r+0x15e>
   87ba2:	6859      	ldr	r1, [r3, #4]
   87ba4:	461c      	mov	r4, r3
   87ba6:	f021 0103 	bic.w	r1, r1, #3
   87baa:	1b4a      	subs	r2, r1, r5
   87bac:	2a0f      	cmp	r2, #15
   87bae:	68db      	ldr	r3, [r3, #12]
   87bb0:	f300 810f 	bgt.w	87dd2 <_malloc_r+0x376>
   87bb4:	2a00      	cmp	r2, #0
   87bb6:	f280 8123 	bge.w	87e00 <_malloc_r+0x3a4>
   87bba:	459e      	cmp	lr, r3
   87bbc:	d1f1      	bne.n	87ba2 <_malloc_r+0x146>
   87bbe:	f109 0901 	add.w	r9, r9, #1
   87bc2:	f019 0f03 	tst.w	r9, #3
   87bc6:	f10e 0e08 	add.w	lr, lr, #8
   87bca:	d1e7      	bne.n	87b9c <_malloc_r+0x140>
   87bcc:	e160      	b.n	87e90 <_malloc_r+0x434>
   87bce:	230c      	movs	r3, #12
   87bd0:	6033      	str	r3, [r6, #0]
   87bd2:	2400      	movs	r4, #0
   87bd4:	4620      	mov	r0, r4
   87bd6:	b003      	add	sp, #12
   87bd8:	e8bd 8ff0 	ldmia.w	sp!, {r4, r5, r6, r7, r8, r9, sl, fp, pc}
   87bdc:	f44f 7000 	mov.w	r0, #512	@ 0x200
   87be0:	f04f 0c40 	mov.w	ip, #64	@ 0x40
   87be4:	f04f 0e3f 	mov.w	lr, #63	@ 0x3f
   87be8:	e77f      	b.n	87aea <_malloc_r+0x8e>
   87bea:	68bc      	ldr	r4, [r7, #8]
   87bec:	6863      	ldr	r3, [r4, #4]
   87bee:	f023 0903 	bic.w	r9, r3, #3
   87bf2:	45a9      	cmp	r9, r5
   87bf4:	d304      	bcc.n	87c00 <_malloc_r+0x1a4>
   87bf6:	eba9 0305 	sub.w	r3, r9, r5
   87bfa:	2b0f      	cmp	r3, #15
   87bfc:	f300 8090 	bgt.w	87d20 <_malloc_r+0x2c4>
   87c00:	4b61      	ldr	r3, [pc, #388]	@ (87d88 <_malloc_r+0x32c>)
   87c02:	2008      	movs	r0, #8
   87c04:	681b      	ldr	r3, [r3, #0]
   87c06:	f103 0810 	add.w	r8, r3, #16
   87c0a:	eb04 0309 	add.w	r3, r4, r9
   87c0e:	9300      	str	r3, [sp, #0]
   87c10:	f002 fe84 	bl	8a91c <sysconf>
   87c14:	4a5d      	ldr	r2, [pc, #372]	@ (87d8c <_malloc_r+0x330>)
   87c16:	4683      	mov	fp, r0
   87c18:	6813      	ldr	r3, [r2, #0]
   87c1a:	44a8      	add	r8, r5
   87c1c:	3301      	adds	r3, #1
   87c1e:	d005      	beq.n	87c2c <_malloc_r+0x1d0>
   87c20:	f108 38ff 	add.w	r8, r8, #4294967295	@ 0xffffffff
   87c24:	4480      	add	r8, r0
   87c26:	4243      	negs	r3, r0
   87c28:	ea03 0808 	and.w	r8, r3, r8
   87c2c:	4641      	mov	r1, r8
   87c2e:	4630      	mov	r0, r6
   87c30:	f002 fe4e 	bl	8a8d0 <_sbrk_r>
   87c34:	f1b0 3fff 	cmp.w	r0, #4294967295	@ 0xffffffff
   87c38:	4682      	mov	sl, r0
   87c3a:	4a54      	ldr	r2, [pc, #336]	@ (87d8c <_malloc_r+0x330>)
   87c3c:	f000 8119 	beq.w	87e72 <_malloc_r+0x416>
   87c40:	eb04 0309 	add.w	r3, r4, r9
   87c44:	4283      	cmp	r3, r0
   87c46:	f200 8112 	bhi.w	87e6e <_malloc_r+0x412>
   87c4a:	4b51      	ldr	r3, [pc, #324]	@ (87d90 <_malloc_r+0x334>)
   87c4c:	f10b 3cff 	add.w	ip, fp, #4294967295	@ 0xffffffff
   87c50:	6818      	ldr	r0, [r3, #0]
   87c52:	4440      	add	r0, r8
   87c54:	6018      	str	r0, [r3, #0]
   87c56:	f000 8168 	beq.w	87f2a <_malloc_r+0x4ce>
   87c5a:	6811      	ldr	r1, [r2, #0]
   87c5c:	3101      	adds	r1, #1
   87c5e:	f000 8170 	beq.w	87f42 <_malloc_r+0x4e6>
   87c62:	eb04 0209 	add.w	r2, r4, r9
   87c66:	ebaa 0202 	sub.w	r2, sl, r2
   87c6a:	4402      	add	r2, r0
   87c6c:	601a      	str	r2, [r3, #0]
   87c6e:	f01a 0207 	ands.w	r2, sl, #7
   87c72:	e9cd 2300 	strd	r2, r3, [sp]
   87c76:	f000 812a 	beq.w	87ece <_malloc_r+0x472>
   87c7a:	f1c2 0208 	rsb	r2, r2, #8
   87c7e:	4492      	add	sl, r2
   87c80:	44d0      	add	r8, sl
   87c82:	ea08 010c 	and.w	r1, r8, ip
   87c86:	445a      	add	r2, fp
   87c88:	1a52      	subs	r2, r2, r1
   87c8a:	ea02 0b0c 	and.w	fp, r2, ip
   87c8e:	4659      	mov	r1, fp
   87c90:	4630      	mov	r0, r6
   87c92:	f002 fe1d 	bl	8a8d0 <_sbrk_r>
   87c96:	1c42      	adds	r2, r0, #1
   87c98:	9b01      	ldr	r3, [sp, #4]
   87c9a:	f000 816f 	beq.w	87f7c <_malloc_r+0x520>
   87c9e:	eba0 000a 	sub.w	r0, r0, sl
   87ca2:	eb00 080b 	add.w	r8, r0, fp
   87ca6:	6818      	ldr	r0, [r3, #0]
   87ca8:	f048 0201 	orr.w	r2, r8, #1
   87cac:	4458      	add	r0, fp
   87cae:	42bc      	cmp	r4, r7
   87cb0:	f8c7 a008 	str.w	sl, [r7, #8]
   87cb4:	6018      	str	r0, [r3, #0]
   87cb6:	f8ca 2004 	str.w	r2, [sl, #4]
   87cba:	d017      	beq.n	87cec <_malloc_r+0x290>
   87cbc:	f1b9 0f0f 	cmp.w	r9, #15
   87cc0:	f240 8142 	bls.w	87f48 <_malloc_r+0x4ec>
   87cc4:	f04f 0c05 	mov.w	ip, #5
   87cc8:	6861      	ldr	r1, [r4, #4]
   87cca:	f1a9 020c 	sub.w	r2, r9, #12
   87cce:	f022 0207 	bic.w	r2, r2, #7
   87cd2:	f001 0101 	and.w	r1, r1, #1
   87cd6:	4311      	orrs	r1, r2
   87cd8:	6061      	str	r1, [r4, #4]
   87cda:	2a0f      	cmp	r2, #15
   87cdc:	eb04 0102 	add.w	r1, r4, r2
   87ce0:	e9c1 cc01 	strd	ip, ip, [r1, #4]
   87ce4:	f200 8152 	bhi.w	87f8c <_malloc_r+0x530>
   87ce8:	f8da 2004 	ldr.w	r2, [sl, #4]
   87cec:	4654      	mov	r4, sl
   87cee:	4b29      	ldr	r3, [pc, #164]	@ (87d94 <_malloc_r+0x338>)
   87cf0:	6819      	ldr	r1, [r3, #0]
   87cf2:	4281      	cmp	r1, r0
   87cf4:	bf38      	it	cc
   87cf6:	6018      	strcc	r0, [r3, #0]
   87cf8:	4b27      	ldr	r3, [pc, #156]	@ (87d98 <_malloc_r+0x33c>)
   87cfa:	6819      	ldr	r1, [r3, #0]
   87cfc:	4281      	cmp	r1, r0
   87cfe:	bf38      	it	cc
   87d00:	6018      	strcc	r0, [r3, #0]
   87d02:	f022 0803 	bic.w	r8, r2, #3
   87d06:	45a8      	cmp	r8, r5
   87d08:	eba8 0305 	sub.w	r3, r8, r5
   87d0c:	d301      	bcc.n	87d12 <_malloc_r+0x2b6>
   87d0e:	2b0f      	cmp	r3, #15
   87d10:	dc06      	bgt.n	87d20 <_malloc_r+0x2c4>
   87d12:	4630      	mov	r0, r6
   87d14:	f000 f97c 	bl	88010 <__malloc_unlock>
   87d18:	e75b      	b.n	87bd2 <_malloc_r+0x176>
   87d1a:	f8d7 e004 	ldr.w	lr, [r7, #4]
   87d1e:	e728      	b.n	87b72 <_malloc_r+0x116>
   87d20:	1962      	adds	r2, r4, r5
   87d22:	f043 0301 	orr.w	r3, r3, #1
   87d26:	f045 0501 	orr.w	r5, r5, #1
   87d2a:	6065      	str	r5, [r4, #4]
   87d2c:	4630      	mov	r0, r6
   87d2e:	60ba      	str	r2, [r7, #8]
   87d30:	3408      	adds	r4, #8
   87d32:	6053      	str	r3, [r2, #4]
   87d34:	f000 f96c 	bl	88010 <__malloc_unlock>
   87d38:	4620      	mov	r0, r4
   87d3a:	b003      	add	sp, #12
   87d3c:	e8bd 8ff0 	ldmia.w	sp!, {r4, r5, r6, r7, r8, r9, sl, fp, pc}
   87d40:	68a2      	ldr	r2, [r4, #8]
   87d42:	4630      	mov	r0, r6
   87d44:	60d1      	str	r1, [r2, #12]
   87d46:	4423      	add	r3, r4
   87d48:	608a      	str	r2, [r1, #8]
   87d4a:	e6a9      	b.n	87aa0 <_malloc_r+0x44>
   87d4c:	68dc      	ldr	r4, [r3, #12]
   87d4e:	42a3      	cmp	r3, r4
   87d50:	f47f ae9d 	bne.w	87a8e <_malloc_r+0x32>
   87d54:	f10c 0c02 	add.w	ip, ip, #2
   87d58:	e6dc      	b.n	87b14 <_malloc_r+0xb8>
   87d5a:	f5b9 6f20 	cmp.w	r9, #2560	@ 0xa00
   87d5e:	ea4f 2259 	mov.w	r2, r9, lsr #9
   87d62:	d37d      	bcc.n	87e60 <_malloc_r+0x404>
   87d64:	2a14      	cmp	r2, #20
   87d66:	f200 80c5 	bhi.w	87ef4 <_malloc_r+0x498>
   87d6a:	f102 035c 	add.w	r3, r2, #92	@ 0x5c
   87d6e:	00db      	lsls	r3, r3, #3
   87d70:	325b      	adds	r2, #91	@ 0x5b
   87d72:	18f9      	adds	r1, r7, r3
   87d74:	58fb      	ldr	r3, [r7, r3]
   87d76:	3908      	subs	r1, #8
   87d78:	4299      	cmp	r1, r3
   87d7a:	d112      	bne.n	87da2 <_malloc_r+0x346>
   87d7c:	e09e      	b.n	87ebc <_malloc_r+0x460>
   87d7e:	bf00      	nop
   87d80:	20000678 	.word	0x20000678
   87d84:	20000680 	.word	0x20000680
   87d88:	20003584 	.word	0x20003584
   87d8c:	2000066c 	.word	0x2000066c
   87d90:	20003554 	.word	0x20003554
   87d94:	20003580 	.word	0x20003580
   87d98:	2000357c 	.word	0x2000357c
   87d9c:	689b      	ldr	r3, [r3, #8]
   87d9e:	4299      	cmp	r1, r3
   87da0:	d004      	beq.n	87dac <_malloc_r+0x350>
   87da2:	685a      	ldr	r2, [r3, #4]
   87da4:	f022 0203 	bic.w	r2, r2, #3
   87da8:	454a      	cmp	r2, r9
   87daa:	d8f7      	bhi.n	87d9c <_malloc_r+0x340>
   87dac:	68d9      	ldr	r1, [r3, #12]
   87dae:	e9c4 3102 	strd	r3, r1, [r4, #8]
   87db2:	608c      	str	r4, [r1, #8]
   87db4:	60dc      	str	r4, [r3, #12]
   87db6:	e6dc      	b.n	87b72 <_malloc_r+0x116>
   87db8:	2b14      	cmp	r3, #20
   87dba:	d95d      	bls.n	87e78 <_malloc_r+0x41c>
   87dbc:	2b54      	cmp	r3, #84	@ 0x54
   87dbe:	f200 80a2 	bhi.w	87f06 <_malloc_r+0x4aa>
   87dc2:	0b2b      	lsrs	r3, r5, #12
   87dc4:	f103 0c6f 	add.w	ip, r3, #111	@ 0x6f
   87dc8:	f103 0e6e 	add.w	lr, r3, #110	@ 0x6e
   87dcc:	ea4f 00cc 	mov.w	r0, ip, lsl #3
   87dd0:	e68b      	b.n	87aea <_malloc_r+0x8e>
   87dd2:	f8d4 c008 	ldr.w	ip, [r4, #8]
   87dd6:	4630      	mov	r0, r6
   87dd8:	1966      	adds	r6, r4, r5
   87dda:	f045 0501 	orr.w	r5, r5, #1
   87dde:	6065      	str	r5, [r4, #4]
   87de0:	f8cc 300c 	str.w	r3, [ip, #12]
   87de4:	f8c3 c008 	str.w	ip, [r3, #8]
   87de8:	f042 0301 	orr.w	r3, r2, #1
   87dec:	e9c7 6604 	strd	r6, r6, [r7, #16]
   87df0:	e9c6 8802 	strd	r8, r8, [r6, #8]
   87df4:	6073      	str	r3, [r6, #4]
   87df6:	5062      	str	r2, [r4, r1]
   87df8:	f000 f90a 	bl	88010 <__malloc_unlock>
   87dfc:	3408      	adds	r4, #8
   87dfe:	e6e9      	b.n	87bd4 <_malloc_r+0x178>
   87e00:	4421      	add	r1, r4
   87e02:	684a      	ldr	r2, [r1, #4]
   87e04:	4630      	mov	r0, r6
   87e06:	f042 0201 	orr.w	r2, r2, #1
   87e0a:	604a      	str	r2, [r1, #4]
   87e0c:	f854 2f08 	ldr.w	r2, [r4, #8]!
   87e10:	60d3      	str	r3, [r2, #12]
   87e12:	609a      	str	r2, [r3, #8]
   87e14:	f000 f8fc 	bl	88010 <__malloc_unlock>
   87e18:	e6dc      	b.n	87bd4 <_malloc_r+0x178>
   87e1a:	44a1      	add	r9, r4
   87e1c:	f8d9 3004 	ldr.w	r3, [r9, #4]
   87e20:	4630      	mov	r0, r6
   87e22:	f043 0301 	orr.w	r3, r3, #1
   87e26:	f8c9 3004 	str.w	r3, [r9, #4]
   87e2a:	f000 f8f1 	bl	88010 <__malloc_unlock>
   87e2e:	3408      	adds	r4, #8
   87e30:	e6d0      	b.n	87bd4 <_malloc_r+0x178>
   87e32:	ea4f 0cd5 	mov.w	ip, r5, lsr #3
   87e36:	f105 0308 	add.w	r3, r5, #8
   87e3a:	e620      	b.n	87a7e <_malloc_r+0x22>
   87e3c:	1962      	adds	r2, r4, r5
   87e3e:	f043 0101 	orr.w	r1, r3, #1
   87e42:	f045 0501 	orr.w	r5, r5, #1
   87e46:	6065      	str	r5, [r4, #4]
   87e48:	4630      	mov	r0, r6
   87e4a:	e9c7 2204 	strd	r2, r2, [r7, #16]
   87e4e:	e9c2 8802 	strd	r8, r8, [r2, #8]
   87e52:	6051      	str	r1, [r2, #4]
   87e54:	f844 3009 	str.w	r3, [r4, r9]
   87e58:	f000 f8da 	bl	88010 <__malloc_unlock>
   87e5c:	3408      	adds	r4, #8
   87e5e:	e6b9      	b.n	87bd4 <_malloc_r+0x178>
   87e60:	ea4f 1299 	mov.w	r2, r9, lsr #6
   87e64:	f102 0339 	add.w	r3, r2, #57	@ 0x39
   87e68:	00db      	lsls	r3, r3, #3
   87e6a:	3238      	adds	r2, #56	@ 0x38
   87e6c:	e781      	b.n	87d72 <_malloc_r+0x316>
   87e6e:	42bc      	cmp	r4, r7
   87e70:	d054      	beq.n	87f1c <_malloc_r+0x4c0>
   87e72:	68bc      	ldr	r4, [r7, #8]
   87e74:	6862      	ldr	r2, [r4, #4]
   87e76:	e744      	b.n	87d02 <_malloc_r+0x2a6>
   87e78:	f103 0c5c 	add.w	ip, r3, #92	@ 0x5c
   87e7c:	f103 0e5b 	add.w	lr, r3, #91	@ 0x5b
   87e80:	ea4f 00cc 	mov.w	r0, ip, lsl #3
   87e84:	e631      	b.n	87aea <_malloc_r+0x8e>
   87e86:	f85a 3908 	ldr.w	r3, [sl], #-8
   87e8a:	4553      	cmp	r3, sl
   87e8c:	f040 809f 	bne.w	87fce <_malloc_r+0x572>
   87e90:	f01c 0f03 	tst.w	ip, #3
   87e94:	f10c 3cff 	add.w	ip, ip, #4294967295	@ 0xffffffff
   87e98:	d1f5      	bne.n	87e86 <_malloc_r+0x42a>
   87e9a:	687b      	ldr	r3, [r7, #4]
   87e9c:	ea23 0300 	bic.w	r3, r3, r0
   87ea0:	607b      	str	r3, [r7, #4]
   87ea2:	0040      	lsls	r0, r0, #1
   87ea4:	4298      	cmp	r0, r3
   87ea6:	f63f aea0 	bhi.w	87bea <_malloc_r+0x18e>
   87eaa:	b918      	cbnz	r0, 87eb4 <_malloc_r+0x458>
   87eac:	e69d      	b.n	87bea <_malloc_r+0x18e>
   87eae:	0040      	lsls	r0, r0, #1
   87eb0:	f109 0904 	add.w	r9, r9, #4
   87eb4:	4218      	tst	r0, r3
   87eb6:	d0fa      	beq.n	87eae <_malloc_r+0x452>
   87eb8:	46cc      	mov	ip, r9
   87eba:	e66b      	b.n	87b94 <_malloc_r+0x138>
   87ebc:	2001      	movs	r0, #1
   87ebe:	1092      	asrs	r2, r2, #2
   87ec0:	fa00 f202 	lsl.w	r2, r0, r2
   87ec4:	ea4e 0e02 	orr.w	lr, lr, r2
   87ec8:	f8c7 e004 	str.w	lr, [r7, #4]
   87ecc:	e76f      	b.n	87dae <_malloc_r+0x352>
   87ece:	eb0a 0208 	add.w	r2, sl, r8
   87ed2:	ea02 020c 	and.w	r2, r2, ip
   87ed6:	ebab 0202 	sub.w	r2, fp, r2
   87eda:	ea02 0b0c 	and.w	fp, r2, ip
   87ede:	4659      	mov	r1, fp
   87ee0:	4630      	mov	r0, r6
   87ee2:	f002 fcf5 	bl	8a8d0 <_sbrk_r>
   87ee6:	1c43      	adds	r3, r0, #1
   87ee8:	9b01      	ldr	r3, [sp, #4]
   87eea:	f47f aed8 	bne.w	87c9e <_malloc_r+0x242>
   87eee:	f8dd b000 	ldr.w	fp, [sp]
   87ef2:	e6d8      	b.n	87ca6 <_malloc_r+0x24a>
   87ef4:	2a54      	cmp	r2, #84	@ 0x54
   87ef6:	d82b      	bhi.n	87f50 <_malloc_r+0x4f4>
   87ef8:	ea4f 3219 	mov.w	r2, r9, lsr #12
   87efc:	f102 036f 	add.w	r3, r2, #111	@ 0x6f
   87f00:	00db      	lsls	r3, r3, #3
   87f02:	326e      	adds	r2, #110	@ 0x6e
   87f04:	e735      	b.n	87d72 <_malloc_r+0x316>
   87f06:	f5b3 7faa 	cmp.w	r3, #340	@ 0x154
   87f0a:	d82b      	bhi.n	87f64 <_malloc_r+0x508>
   87f0c:	0beb      	lsrs	r3, r5, #15
   87f0e:	f103 0c78 	add.w	ip, r3, #120	@ 0x78
   87f12:	f103 0e77 	add.w	lr, r3, #119	@ 0x77
   87f16:	ea4f 00cc 	mov.w	r0, ip, lsl #3
   87f1a:	e5e6      	b.n	87aea <_malloc_r+0x8e>
   87f1c:	4b2d      	ldr	r3, [pc, #180]	@ (87fd4 <_malloc_r+0x578>)
   87f1e:	f10b 3cff 	add.w	ip, fp, #4294967295	@ 0xffffffff
   87f22:	6818      	ldr	r0, [r3, #0]
   87f24:	4440      	add	r0, r8
   87f26:	6018      	str	r0, [r3, #0]
   87f28:	e697      	b.n	87c5a <_malloc_r+0x1fe>
   87f2a:	ea1a 0f0c 	tst.w	sl, ip
   87f2e:	f47f ae94 	bne.w	87c5a <_malloc_r+0x1fe>
   87f32:	f8d7 a008 	ldr.w	sl, [r7, #8]
   87f36:	44c8      	add	r8, r9
   87f38:	f048 0201 	orr.w	r2, r8, #1
   87f3c:	f8ca 2004 	str.w	r2, [sl, #4]
   87f40:	e6d4      	b.n	87cec <_malloc_r+0x290>
   87f42:	f8c2 a000 	str.w	sl, [r2]
   87f46:	e692      	b.n	87c6e <_malloc_r+0x212>
   87f48:	2301      	movs	r3, #1
   87f4a:	f8ca 3004 	str.w	r3, [sl, #4]
   87f4e:	e6e0      	b.n	87d12 <_malloc_r+0x2b6>
   87f50:	f5b2 7faa 	cmp.w	r2, #340	@ 0x154
   87f54:	d825      	bhi.n	87fa2 <_malloc_r+0x546>
   87f56:	ea4f 32d9 	mov.w	r2, r9, lsr #15
   87f5a:	f102 0378 	add.w	r3, r2, #120	@ 0x78
   87f5e:	00db      	lsls	r3, r3, #3
   87f60:	3277      	adds	r2, #119	@ 0x77
   87f62:	e706      	b.n	87d72 <_malloc_r+0x316>
   87f64:	f240 5254 	movw	r2, #1364	@ 0x554
   87f68:	4293      	cmp	r3, r2
   87f6a:	d825      	bhi.n	87fb8 <_malloc_r+0x55c>
   87f6c:	0cab      	lsrs	r3, r5, #18
   87f6e:	f103 0c7d 	add.w	ip, r3, #125	@ 0x7d
   87f72:	f103 0e7c 	add.w	lr, r3, #124	@ 0x7c
   87f76:	ea4f 00cc 	mov.w	r0, ip, lsl #3
   87f7a:	e5b6      	b.n	87aea <_malloc_r+0x8e>
   87f7c:	9a00      	ldr	r2, [sp, #0]
   87f7e:	f04f 0b00 	mov.w	fp, #0
   87f82:	3a08      	subs	r2, #8
   87f84:	4490      	add	r8, r2
   87f86:	eba8 080a 	sub.w	r8, r8, sl
   87f8a:	e68c      	b.n	87ca6 <_malloc_r+0x24a>
   87f8c:	4630      	mov	r0, r6
   87f8e:	f104 0108 	add.w	r1, r4, #8
   87f92:	9300      	str	r3, [sp, #0]
   87f94:	f7ff fc66 	bl	87864 <_free_r>
   87f98:	9b00      	ldr	r3, [sp, #0]
   87f9a:	f8d7 a008 	ldr.w	sl, [r7, #8]
   87f9e:	6818      	ldr	r0, [r3, #0]
   87fa0:	e6a2      	b.n	87ce8 <_malloc_r+0x28c>
   87fa2:	f240 5354 	movw	r3, #1364	@ 0x554
   87fa6:	429a      	cmp	r2, r3
   87fa8:	d80d      	bhi.n	87fc6 <_malloc_r+0x56a>
   87faa:	ea4f 4299 	mov.w	r2, r9, lsr #18
   87fae:	f102 037d 	add.w	r3, r2, #125	@ 0x7d
   87fb2:	00db      	lsls	r3, r3, #3
   87fb4:	327c      	adds	r2, #124	@ 0x7c
   87fb6:	e6dc      	b.n	87d72 <_malloc_r+0x316>
   87fb8:	f44f 707e 	mov.w	r0, #1016	@ 0x3f8
   87fbc:	f04f 0c7f 	mov.w	ip, #127	@ 0x7f
   87fc0:	f04f 0e7e 	mov.w	lr, #126	@ 0x7e
   87fc4:	e591      	b.n	87aea <_malloc_r+0x8e>
   87fc6:	f44f 737e 	mov.w	r3, #1016	@ 0x3f8
   87fca:	227e      	movs	r2, #126	@ 0x7e
   87fcc:	e6d1      	b.n	87d72 <_malloc_r+0x316>
   87fce:	687b      	ldr	r3, [r7, #4]
   87fd0:	e767      	b.n	87ea2 <_malloc_r+0x446>
   87fd2:	bf00      	nop
   87fd4:	20003554 	.word	0x20003554

00087fd8 <__ascii_mbtowc>:
   87fd8:	b082      	sub	sp, #8
   87fda:	b149      	cbz	r1, 87ff0 <__ascii_mbtowc+0x18>
   87fdc:	b15a      	cbz	r2, 87ff6 <__ascii_mbtowc+0x1e>
   87fde:	b16b      	cbz	r3, 87ffc <__ascii_mbtowc+0x24>
   87fe0:	7813      	ldrb	r3, [r2, #0]
   87fe2:	600b      	str	r3, [r1, #0]
   87fe4:	7812      	ldrb	r2, [r2, #0]
   87fe6:	1e10      	subs	r0, r2, #0
   87fe8:	bf18      	it	ne
   87fea:	2001      	movne	r0, #1
   87fec:	b002      	add	sp, #8
   87fee:	4770      	bx	lr
   87ff0:	a901      	add	r1, sp, #4
   87ff2:	2a00      	cmp	r2, #0
   87ff4:	d1f3      	bne.n	87fde <__ascii_mbtowc+0x6>
   87ff6:	4610      	mov	r0, r2
   87ff8:	b002      	add	sp, #8
   87ffa:	4770      	bx	lr
   87ffc:	f06f 0001 	mvn.w	r0, #1
   88000:	e7f4      	b.n	87fec <__ascii_mbtowc+0x14>
   88002:	bf00      	nop

00088004 <__malloc_lock>:
   88004:	4801      	ldr	r0, [pc, #4]	@ (8800c <__malloc_lock+0x8>)
   88006:	f7ff bad9 	b.w	875bc <__retarget_lock_acquire_recursive>
   8800a:	bf00      	nop
   8800c:	20003544 	.word	0x20003544

00088010 <__malloc_unlock>:
   88010:	4801      	ldr	r0, [pc, #4]	@ (88018 <__malloc_unlock+0x8>)
   88012:	f7ff bad5 	b.w	875c0 <__retarget_lock_release_recursive>
   88016:	bf00      	nop
   88018:	20003544 	.word	0x20003544

0008801c <_realloc_r>:
   8801c:	e92d 4ff8 	stmdb	sp!, {r3, r4, r5, r6, r7, r8, r9, sl, fp, lr}
   88020:	4616      	mov	r6, r2
   88022:	2900      	cmp	r1, #0
   88024:	f000 8098 	beq.w	88158 <_realloc_r+0x13c>
   88028:	460c      	mov	r4, r1
   8802a:	4680      	mov	r8, r0
   8802c:	f106 050b 	add.w	r5, r6, #11
   88030:	f7ff ffe8 	bl	88004 <__malloc_lock>
   88034:	f854 1c04 	ldr.w	r1, [r4, #-4]
   88038:	2d16      	cmp	r5, #22
   8803a:	f1a4 0908 	sub.w	r9, r4, #8
   8803e:	f021 0703 	bic.w	r7, r1, #3
   88042:	d858      	bhi.n	880f6 <_realloc_r+0xda>
   88044:	2510      	movs	r5, #16
   88046:	42ae      	cmp	r6, r5
   88048:	d858      	bhi.n	880fc <_realloc_r+0xe0>
   8804a:	42af      	cmp	r7, r5
   8804c:	da62      	bge.n	88114 <_realloc_r+0xf8>
   8804e:	4bc0      	ldr	r3, [pc, #768]	@ (88350 <_realloc_r+0x334>)
   88050:	eb09 0c07 	add.w	ip, r9, r7
   88054:	689a      	ldr	r2, [r3, #8]
   88056:	f8dc 0004 	ldr.w	r0, [ip, #4]
   8805a:	4562      	cmp	r2, ip
   8805c:	f000 8092 	beq.w	88184 <_realloc_r+0x168>
   88060:	f020 0301 	bic.w	r3, r0, #1
   88064:	4463      	add	r3, ip
   88066:	685b      	ldr	r3, [r3, #4]
   88068:	07db      	lsls	r3, r3, #31
   8806a:	d46a      	bmi.n	88142 <_realloc_r+0x126>
   8806c:	f020 0003 	bic.w	r0, r0, #3
   88070:	183b      	adds	r3, r7, r0
   88072:	429d      	cmp	r5, r3
   88074:	dd49      	ble.n	8810a <_realloc_r+0xee>
   88076:	07cb      	lsls	r3, r1, #31
   88078:	d412      	bmi.n	880a0 <_realloc_r+0x84>
   8807a:	f854 3c08 	ldr.w	r3, [r4, #-8]
   8807e:	eba9 0b03 	sub.w	fp, r9, r3
   88082:	f8db 3004 	ldr.w	r3, [fp, #4]
   88086:	f023 0203 	bic.w	r2, r3, #3
   8808a:	4410      	add	r0, r2
   8808c:	eb00 0a07 	add.w	sl, r0, r7
   88090:	4555      	cmp	r5, sl
   88092:	f340 80f8 	ble.w	88286 <_realloc_r+0x26a>
   88096:	eb07 0a02 	add.w	sl, r7, r2
   8809a:	4555      	cmp	r5, sl
   8809c:	f340 80ce 	ble.w	8823c <_realloc_r+0x220>
   880a0:	4631      	mov	r1, r6
   880a2:	4640      	mov	r0, r8
   880a4:	f7ff fcda 	bl	87a5c <_malloc_r>
   880a8:	4606      	mov	r6, r0
   880aa:	2800      	cmp	r0, #0
   880ac:	f000 8123 	beq.w	882f6 <_realloc_r+0x2da>
   880b0:	f854 3c04 	ldr.w	r3, [r4, #-4]
   880b4:	f1a0 0208 	sub.w	r2, r0, #8
   880b8:	f023 0301 	bic.w	r3, r3, #1
   880bc:	444b      	add	r3, r9
   880be:	4293      	cmp	r3, r2
   880c0:	f000 80b6 	beq.w	88230 <_realloc_r+0x214>
   880c4:	1f3a      	subs	r2, r7, #4
   880c6:	2a24      	cmp	r2, #36	@ 0x24
   880c8:	f200 80d9 	bhi.w	8827e <_realloc_r+0x262>
   880cc:	2a13      	cmp	r2, #19
   880ce:	f200 80a4 	bhi.w	8821a <_realloc_r+0x1fe>
   880d2:	4603      	mov	r3, r0
   880d4:	4622      	mov	r2, r4
   880d6:	6811      	ldr	r1, [r2, #0]
   880d8:	6019      	str	r1, [r3, #0]
   880da:	6851      	ldr	r1, [r2, #4]
   880dc:	6059      	str	r1, [r3, #4]
   880de:	6892      	ldr	r2, [r2, #8]
   880e0:	609a      	str	r2, [r3, #8]
   880e2:	4621      	mov	r1, r4
   880e4:	4640      	mov	r0, r8
   880e6:	f7ff fbbd 	bl	87864 <_free_r>
   880ea:	4640      	mov	r0, r8
   880ec:	f7ff ff90 	bl	88010 <__malloc_unlock>
   880f0:	4630      	mov	r0, r6
   880f2:	e8bd 8ff8 	ldmia.w	sp!, {r3, r4, r5, r6, r7, r8, r9, sl, fp, pc}
   880f6:	f035 0507 	bics.w	r5, r5, #7
   880fa:	d5a4      	bpl.n	88046 <_realloc_r+0x2a>
   880fc:	230c      	movs	r3, #12
   880fe:	f8c8 3000 	str.w	r3, [r8]
   88102:	2600      	movs	r6, #0
   88104:	4630      	mov	r0, r6
   88106:	e8bd 8ff8 	ldmia.w	sp!, {r3, r4, r5, r6, r7, r8, r9, sl, fp, pc}
   8810a:	461f      	mov	r7, r3
   8810c:	e9dc 2302 	ldrd	r2, r3, [ip, #8]
   88110:	60d3      	str	r3, [r2, #12]
   88112:	609a      	str	r2, [r3, #8]
   88114:	f8d9 3004 	ldr.w	r3, [r9, #4]
   88118:	1b7a      	subs	r2, r7, r5
   8811a:	2a0f      	cmp	r2, #15
   8811c:	f003 0301 	and.w	r3, r3, #1
   88120:	eb09 0007 	add.w	r0, r9, r7
   88124:	d81d      	bhi.n	88162 <_realloc_r+0x146>
   88126:	433b      	orrs	r3, r7
   88128:	f8c9 3004 	str.w	r3, [r9, #4]
   8812c:	6843      	ldr	r3, [r0, #4]
   8812e:	f043 0301 	orr.w	r3, r3, #1
   88132:	6043      	str	r3, [r0, #4]
   88134:	4640      	mov	r0, r8
   88136:	f7ff ff6b 	bl	88010 <__malloc_unlock>
   8813a:	4626      	mov	r6, r4
   8813c:	4630      	mov	r0, r6
   8813e:	e8bd 8ff8 	ldmia.w	sp!, {r3, r4, r5, r6, r7, r8, r9, sl, fp, pc}
   88142:	07c9      	lsls	r1, r1, #31
   88144:	d4ac      	bmi.n	880a0 <_realloc_r+0x84>
   88146:	f854 3c08 	ldr.w	r3, [r4, #-8]
   8814a:	eba9 0b03 	sub.w	fp, r9, r3
   8814e:	f8db 3004 	ldr.w	r3, [fp, #4]
   88152:	f023 0203 	bic.w	r2, r3, #3
   88156:	e79e      	b.n	88096 <_realloc_r+0x7a>
   88158:	4611      	mov	r1, r2
   8815a:	e8bd 4ff8 	ldmia.w	sp!, {r3, r4, r5, r6, r7, r8, r9, sl, fp, lr}
   8815e:	f7ff bc7d 	b.w	87a5c <_malloc_r>
   88162:	432b      	orrs	r3, r5
   88164:	eb09 0105 	add.w	r1, r9, r5
   88168:	f042 0201 	orr.w	r2, r2, #1
   8816c:	f8c9 3004 	str.w	r3, [r9, #4]
   88170:	604a      	str	r2, [r1, #4]
   88172:	6843      	ldr	r3, [r0, #4]
   88174:	3108      	adds	r1, #8
   88176:	f043 0301 	orr.w	r3, r3, #1
   8817a:	6043      	str	r3, [r0, #4]
   8817c:	4640      	mov	r0, r8
   8817e:	f7ff fb71 	bl	87864 <_free_r>
   88182:	e7d7      	b.n	88134 <_realloc_r+0x118>
   88184:	f020 0003 	bic.w	r0, r0, #3
   88188:	19c2      	adds	r2, r0, r7
   8818a:	f105 0c10 	add.w	ip, r5, #16
   8818e:	4562      	cmp	r2, ip
   88190:	f280 8092 	bge.w	882b8 <_realloc_r+0x29c>
   88194:	07ca      	lsls	r2, r1, #31
   88196:	d483      	bmi.n	880a0 <_realloc_r+0x84>
   88198:	f854 2c08 	ldr.w	r2, [r4, #-8]
   8819c:	eba9 0b02 	sub.w	fp, r9, r2
   881a0:	f8db 2004 	ldr.w	r2, [fp, #4]
   881a4:	f022 0203 	bic.w	r2, r2, #3
   881a8:	4410      	add	r0, r2
   881aa:	eb00 0a07 	add.w	sl, r0, r7
   881ae:	45d4      	cmp	ip, sl
   881b0:	f73f af71 	bgt.w	88096 <_realloc_r+0x7a>
   881b4:	465e      	mov	r6, fp
   881b6:	f8db 100c 	ldr.w	r1, [fp, #12]
   881ba:	f856 0f08 	ldr.w	r0, [r6, #8]!
   881be:	1f3a      	subs	r2, r7, #4
   881c0:	2a24      	cmp	r2, #36	@ 0x24
   881c2:	60c1      	str	r1, [r0, #12]
   881c4:	6088      	str	r0, [r1, #8]
   881c6:	f200 80b0 	bhi.w	8832a <_realloc_r+0x30e>
   881ca:	2a13      	cmp	r2, #19
   881cc:	f240 80ab 	bls.w	88326 <_realloc_r+0x30a>
   881d0:	6821      	ldr	r1, [r4, #0]
   881d2:	2a1b      	cmp	r2, #27
   881d4:	f8cb 1008 	str.w	r1, [fp, #8]
   881d8:	6861      	ldr	r1, [r4, #4]
   881da:	f8cb 100c 	str.w	r1, [fp, #12]
   881de:	f200 80aa 	bhi.w	88336 <_realloc_r+0x31a>
   881e2:	3408      	adds	r4, #8
   881e4:	f10b 0210 	add.w	r2, fp, #16
   881e8:	6821      	ldr	r1, [r4, #0]
   881ea:	6011      	str	r1, [r2, #0]
   881ec:	6861      	ldr	r1, [r4, #4]
   881ee:	6051      	str	r1, [r2, #4]
   881f0:	68a1      	ldr	r1, [r4, #8]
   881f2:	6091      	str	r1, [r2, #8]
   881f4:	ebaa 0205 	sub.w	r2, sl, r5
   881f8:	eb0b 0105 	add.w	r1, fp, r5
   881fc:	f042 0201 	orr.w	r2, r2, #1
   88200:	6099      	str	r1, [r3, #8]
   88202:	604a      	str	r2, [r1, #4]
   88204:	f8db 3004 	ldr.w	r3, [fp, #4]
   88208:	4640      	mov	r0, r8
   8820a:	f003 0301 	and.w	r3, r3, #1
   8820e:	432b      	orrs	r3, r5
   88210:	f8cb 3004 	str.w	r3, [fp, #4]
   88214:	f7ff fefc 	bl	88010 <__malloc_unlock>
   88218:	e790      	b.n	8813c <_realloc_r+0x120>
   8821a:	6823      	ldr	r3, [r4, #0]
   8821c:	2a1b      	cmp	r2, #27
   8821e:	6003      	str	r3, [r0, #0]
   88220:	6863      	ldr	r3, [r4, #4]
   88222:	6043      	str	r3, [r0, #4]
   88224:	d83d      	bhi.n	882a2 <_realloc_r+0x286>
   88226:	f104 0208 	add.w	r2, r4, #8
   8822a:	f100 0308 	add.w	r3, r0, #8
   8822e:	e752      	b.n	880d6 <_realloc_r+0xba>
   88230:	f850 3c04 	ldr.w	r3, [r0, #-4]
   88234:	f023 0303 	bic.w	r3, r3, #3
   88238:	441f      	add	r7, r3
   8823a:	e76b      	b.n	88114 <_realloc_r+0xf8>
   8823c:	465e      	mov	r6, fp
   8823e:	1f3a      	subs	r2, r7, #4
   88240:	f8db 300c 	ldr.w	r3, [fp, #12]
   88244:	f856 1f08 	ldr.w	r1, [r6, #8]!
   88248:	2a24      	cmp	r2, #36	@ 0x24
   8824a:	60cb      	str	r3, [r1, #12]
   8824c:	6099      	str	r1, [r3, #8]
   8824e:	d823      	bhi.n	88298 <_realloc_r+0x27c>
   88250:	2a13      	cmp	r2, #19
   88252:	d91f      	bls.n	88294 <_realloc_r+0x278>
   88254:	6823      	ldr	r3, [r4, #0]
   88256:	2a1b      	cmp	r2, #27
   88258:	f8cb 3008 	str.w	r3, [fp, #8]
   8825c:	6863      	ldr	r3, [r4, #4]
   8825e:	f8cb 300c 	str.w	r3, [fp, #12]
   88262:	d83c      	bhi.n	882de <_realloc_r+0x2c2>
   88264:	3408      	adds	r4, #8
   88266:	f10b 0310 	add.w	r3, fp, #16
   8826a:	6822      	ldr	r2, [r4, #0]
   8826c:	601a      	str	r2, [r3, #0]
   8826e:	6862      	ldr	r2, [r4, #4]
   88270:	605a      	str	r2, [r3, #4]
   88272:	68a2      	ldr	r2, [r4, #8]
   88274:	609a      	str	r2, [r3, #8]
   88276:	4634      	mov	r4, r6
   88278:	4657      	mov	r7, sl
   8827a:	46d9      	mov	r9, fp
   8827c:	e74a      	b.n	88114 <_realloc_r+0xf8>
   8827e:	4621      	mov	r1, r4
   88280:	f7ff f80a 	bl	87298 <memmove>
   88284:	e72d      	b.n	880e2 <_realloc_r+0xc6>
   88286:	e9dc 1302 	ldrd	r1, r3, [ip, #8]
   8828a:	465e      	mov	r6, fp
   8828c:	60cb      	str	r3, [r1, #12]
   8828e:	1f3a      	subs	r2, r7, #4
   88290:	6099      	str	r1, [r3, #8]
   88292:	e7d5      	b.n	88240 <_realloc_r+0x224>
   88294:	4633      	mov	r3, r6
   88296:	e7e8      	b.n	8826a <_realloc_r+0x24e>
   88298:	4621      	mov	r1, r4
   8829a:	4630      	mov	r0, r6
   8829c:	f7fe fffc 	bl	87298 <memmove>
   882a0:	e7e9      	b.n	88276 <_realloc_r+0x25a>
   882a2:	68a3      	ldr	r3, [r4, #8]
   882a4:	2a24      	cmp	r2, #36	@ 0x24
   882a6:	6083      	str	r3, [r0, #8]
   882a8:	68e3      	ldr	r3, [r4, #12]
   882aa:	60c3      	str	r3, [r0, #12]
   882ac:	d027      	beq.n	882fe <_realloc_r+0x2e2>
   882ae:	f104 0210 	add.w	r2, r4, #16
   882b2:	f100 0310 	add.w	r3, r0, #16
   882b6:	e70e      	b.n	880d6 <_realloc_r+0xba>
   882b8:	1b52      	subs	r2, r2, r5
   882ba:	eb09 0105 	add.w	r1, r9, r5
   882be:	f042 0201 	orr.w	r2, r2, #1
   882c2:	6099      	str	r1, [r3, #8]
   882c4:	604a      	str	r2, [r1, #4]
   882c6:	f854 3c04 	ldr.w	r3, [r4, #-4]
   882ca:	4640      	mov	r0, r8
   882cc:	f003 0301 	and.w	r3, r3, #1
   882d0:	432b      	orrs	r3, r5
   882d2:	f844 3c04 	str.w	r3, [r4, #-4]
   882d6:	f7ff fe9b 	bl	88010 <__malloc_unlock>
   882da:	4626      	mov	r6, r4
   882dc:	e72e      	b.n	8813c <_realloc_r+0x120>
   882de:	68a3      	ldr	r3, [r4, #8]
   882e0:	2a24      	cmp	r2, #36	@ 0x24
   882e2:	f8cb 3010 	str.w	r3, [fp, #16]
   882e6:	68e3      	ldr	r3, [r4, #12]
   882e8:	f8cb 3014 	str.w	r3, [fp, #20]
   882ec:	d010      	beq.n	88310 <_realloc_r+0x2f4>
   882ee:	3410      	adds	r4, #16
   882f0:	f10b 0318 	add.w	r3, fp, #24
   882f4:	e7b9      	b.n	8826a <_realloc_r+0x24e>
   882f6:	4640      	mov	r0, r8
   882f8:	f7ff fe8a 	bl	88010 <__malloc_unlock>
   882fc:	e701      	b.n	88102 <_realloc_r+0xe6>
   882fe:	6923      	ldr	r3, [r4, #16]
   88300:	f104 0218 	add.w	r2, r4, #24
   88304:	6103      	str	r3, [r0, #16]
   88306:	6963      	ldr	r3, [r4, #20]
   88308:	6143      	str	r3, [r0, #20]
   8830a:	f100 0318 	add.w	r3, r0, #24
   8830e:	e6e2      	b.n	880d6 <_realloc_r+0xba>
   88310:	6923      	ldr	r3, [r4, #16]
   88312:	3418      	adds	r4, #24
   88314:	f8cb 3018 	str.w	r3, [fp, #24]
   88318:	f854 3c04 	ldr.w	r3, [r4, #-4]
   8831c:	f8cb 301c 	str.w	r3, [fp, #28]
   88320:	f10b 0320 	add.w	r3, fp, #32
   88324:	e7a1      	b.n	8826a <_realloc_r+0x24e>
   88326:	4632      	mov	r2, r6
   88328:	e75e      	b.n	881e8 <_realloc_r+0x1cc>
   8832a:	4621      	mov	r1, r4
   8832c:	4630      	mov	r0, r6
   8832e:	f7fe ffb3 	bl	87298 <memmove>
   88332:	4b07      	ldr	r3, [pc, #28]	@ (88350 <_realloc_r+0x334>)
   88334:	e75e      	b.n	881f4 <_realloc_r+0x1d8>
   88336:	68a1      	ldr	r1, [r4, #8]
   88338:	2a24      	cmp	r2, #36	@ 0x24
   8833a:	f8cb 1010 	str.w	r1, [fp, #16]
   8833e:	68e1      	ldr	r1, [r4, #12]
   88340:	f8cb 1014 	str.w	r1, [fp, #20]
   88344:	d006      	beq.n	88354 <_realloc_r+0x338>
   88346:	3410      	adds	r4, #16
   88348:	f10b 0218 	add.w	r2, fp, #24
   8834c:	e74c      	b.n	881e8 <_realloc_r+0x1cc>
   8834e:	bf00      	nop
   88350:	20000678 	.word	0x20000678
   88354:	6922      	ldr	r2, [r4, #16]
   88356:	3418      	adds	r4, #24
   88358:	f8cb 2018 	str.w	r2, [fp, #24]
   8835c:	f854 2c04 	ldr.w	r2, [r4, #-4]
   88360:	f8cb 201c 	str.w	r2, [fp, #28]
   88364:	f10b 0220 	add.w	r2, fp, #32
   88368:	e73e      	b.n	881e8 <_realloc_r+0x1cc>
   8836a:	bf00      	nop

0008836c <__ascii_wctomb>:
   8836c:	4603      	mov	r3, r0
   8836e:	b149      	cbz	r1, 88384 <__ascii_wctomb+0x18>
   88370:	2aff      	cmp	r2, #255	@ 0xff
   88372:	d802      	bhi.n	8837a <__ascii_wctomb+0xe>
   88374:	2001      	movs	r0, #1
   88376:	700a      	strb	r2, [r1, #0]
   88378:	4770      	bx	lr
   8837a:	228a      	movs	r2, #138	@ 0x8a
   8837c:	f04f 30ff 	mov.w	r0, #4294967295	@ 0xffffffff
   88380:	601a      	str	r2, [r3, #0]
   88382:	4770      	bx	lr
   88384:	4608      	mov	r0, r1
   88386:	4770      	bx	lr

00088388 <_wcrtomb_r>:
   88388:	b570      	push	{r4, r5, r6, lr}
   8838a:	4605      	mov	r5, r0
   8838c:	b084      	sub	sp, #16
   8838e:	b15b      	cbz	r3, 883a8 <_wcrtomb_r+0x20>
   88390:	461c      	mov	r4, r3
   88392:	4b0f      	ldr	r3, [pc, #60]	@ (883d0 <_wcrtomb_r+0x48>)
   88394:	f8d3 60e0 	ldr.w	r6, [r3, #224]	@ 0xe0
   88398:	4623      	mov	r3, r4
   8839a:	b169      	cbz	r1, 883b8 <_wcrtomb_r+0x30>
   8839c:	4628      	mov	r0, r5
   8839e:	47b0      	blx	r6
   883a0:	1c43      	adds	r3, r0, #1
   883a2:	d00f      	beq.n	883c4 <_wcrtomb_r+0x3c>
   883a4:	b004      	add	sp, #16
   883a6:	bd70      	pop	{r4, r5, r6, pc}
   883a8:	4b09      	ldr	r3, [pc, #36]	@ (883d0 <_wcrtomb_r+0x48>)
   883aa:	f500 7482 	add.w	r4, r0, #260	@ 0x104
   883ae:	f8d3 60e0 	ldr.w	r6, [r3, #224]	@ 0xe0
   883b2:	4623      	mov	r3, r4
   883b4:	2900      	cmp	r1, #0
   883b6:	d1f1      	bne.n	8839c <_wcrtomb_r+0x14>
   883b8:	460a      	mov	r2, r1
   883ba:	4628      	mov	r0, r5
   883bc:	a901      	add	r1, sp, #4
   883be:	47b0      	blx	r6
   883c0:	1c43      	adds	r3, r0, #1
   883c2:	d1ef      	bne.n	883a4 <_wcrtomb_r+0x1c>
   883c4:	2200      	movs	r2, #0
   883c6:	238a      	movs	r3, #138	@ 0x8a
   883c8:	6022      	str	r2, [r4, #0]
   883ca:	602b      	str	r3, [r5, #0]
   883cc:	b004      	add	sp, #16
   883ce:	bd70      	pop	{r4, r5, r6, pc}
   883d0:	200003b8 	.word	0x200003b8

000883d4 <_wcsrtombs_r>:
   883d4:	b510      	push	{r4, lr}
   883d6:	461c      	mov	r4, r3
   883d8:	b082      	sub	sp, #8
   883da:	9b04      	ldr	r3, [sp, #16]
   883dc:	9400      	str	r4, [sp, #0]
   883de:	9301      	str	r3, [sp, #4]
   883e0:	f04f 33ff 	mov.w	r3, #4294967295	@ 0xffffffff
   883e4:	f004 f81a 	bl	8c41c <_wcsnrtombs_r>
   883e8:	b002      	add	sp, #8
   883ea:	bd10      	pop	{r4, pc}

000883ec <_svfprintf_r>:
   883ec:	e92d 4ff0 	stmdb	sp!, {r4, r5, r6, r7, r8, r9, sl, fp, lr}
   883f0:	b0db      	sub	sp, #364	@ 0x16c
   883f2:	460c      	mov	r4, r1
   883f4:	4615      	mov	r5, r2
   883f6:	910a      	str	r1, [sp, #40]	@ 0x28
   883f8:	930e      	str	r3, [sp, #56]	@ 0x38
   883fa:	4683      	mov	fp, r0
   883fc:	f7ff f854 	bl	874a8 <_localeconv_r>
   88400:	6803      	ldr	r3, [r0, #0]
   88402:	4618      	mov	r0, r3
   88404:	9317      	str	r3, [sp, #92]	@ 0x5c
   88406:	f7ff f993 	bl	87730 <strlen>
   8840a:	2208      	movs	r2, #8
   8840c:	9016      	str	r0, [sp, #88]	@ 0x58
   8840e:	2100      	movs	r1, #0
   88410:	a82a      	add	r0, sp, #168	@ 0xa8
   88412:	f7fe ffbf 	bl	87394 <memset>
   88416:	89a3      	ldrh	r3, [r4, #12]
   88418:	061b      	lsls	r3, r3, #24
   8841a:	d503      	bpl.n	88424 <_svfprintf_r+0x38>
   8841c:	6923      	ldr	r3, [r4, #16]
   8841e:	2b00      	cmp	r3, #0
   88420:	f001 80a9 	beq.w	89576 <_svfprintf_r+0x118a>
   88424:	2300      	movs	r3, #0
   88426:	2400      	movs	r4, #0
   88428:	469e      	mov	lr, r3
   8842a:	e9cd 332f 	strd	r3, r3, [sp, #188]	@ 0xbc
   8842e:	2300      	movs	r3, #0
   88430:	aa31      	add	r2, sp, #196	@ 0xc4
   88432:	e9cd 3412 	strd	r3, r4, [sp, #72]	@ 0x48
   88436:	462f      	mov	r7, r5
   88438:	4614      	mov	r4, r2
   8843a:	e9cd ee1a 	strd	lr, lr, [sp, #104]	@ 0x68
   8843e:	922e      	str	r2, [sp, #184]	@ 0xb8
   88440:	f8cd e060 	str.w	lr, [sp, #96]	@ 0x60
   88444:	f8cd e064 	str.w	lr, [sp, #100]	@ 0x64
   88448:	f8cd e020 	str.w	lr, [sp, #32]
   8844c:	f8cd e044 	str.w	lr, [sp, #68]	@ 0x44
   88450:	463d      	mov	r5, r7
   88452:	4b6e      	ldr	r3, [pc, #440]	@ (8860c <_svfprintf_r+0x220>)
   88454:	f8d3 60e4 	ldr.w	r6, [r3, #228]	@ 0xe4
   88458:	f7ff f820 	bl	8749c <__locale_mb_cur_max>
   8845c:	f10d 0ca8 	add.w	ip, sp, #168	@ 0xa8
   88460:	4603      	mov	r3, r0
   88462:	462a      	mov	r2, r5
   88464:	4658      	mov	r0, fp
   88466:	a926      	add	r1, sp, #152	@ 0x98
   88468:	f8cd c000 	str.w	ip, [sp]
   8846c:	47b0      	blx	r6
   8846e:	2800      	cmp	r0, #0
   88470:	f000 809f 	beq.w	885b2 <_svfprintf_r+0x1c6>
   88474:	f2c0 8095 	blt.w	885a2 <_svfprintf_r+0x1b6>
   88478:	9b26      	ldr	r3, [sp, #152]	@ 0x98
   8847a:	2b25      	cmp	r3, #37	@ 0x25
   8847c:	d001      	beq.n	88482 <_svfprintf_r+0x96>
   8847e:	4405      	add	r5, r0
   88480:	e7e7      	b.n	88452 <_svfprintf_r+0x66>
   88482:	ebb5 0807 	subs.w	r8, r5, r7
   88486:	4606      	mov	r6, r0
   88488:	f040 8097 	bne.w	885ba <_svfprintf_r+0x1ce>
   8848c:	2200      	movs	r2, #0
   8848e:	f04f 33ff 	mov.w	r3, #4294967295	@ 0xffffffff
   88492:	4692      	mov	sl, r2
   88494:	9307      	str	r3, [sp, #28]
   88496:	3501      	adds	r5, #1
   88498:	782b      	ldrb	r3, [r5, #0]
   8849a:	f88d 208f 	strb.w	r2, [sp, #143]	@ 0x8f
   8849e:	9209      	str	r2, [sp, #36]	@ 0x24
   884a0:	4699      	mov	r9, r3
   884a2:	3501      	adds	r5, #1
   884a4:	f1a9 0320 	sub.w	r3, r9, #32
   884a8:	2b5a      	cmp	r3, #90	@ 0x5a
   884aa:	f200 80b1 	bhi.w	88610 <_svfprintf_r+0x224>
   884ae:	e8df f013 	tbh	[pc, r3, lsl #1]
   884b2:	023a      	.short	0x023a
   884b4:	00af00af 	.word	0x00af00af
   884b8:	00af0236 	.word	0x00af0236
   884bc:	00af00af 	.word	0x00af00af
   884c0:	00af0219 	.word	0x00af0219
   884c4:	006a00af 	.word	0x006a00af
   884c8:	00af01f3 	.word	0x00af01f3
   884cc:	01fc01ef 	.word	0x01fc01ef
   884d0:	01f800af 	.word	0x01f800af
   884d4:	005b005b 	.word	0x005b005b
   884d8:	005b005b 	.word	0x005b005b
   884dc:	005b005b 	.word	0x005b005b
   884e0:	005b005b 	.word	0x005b005b
   884e4:	00af005b 	.word	0x00af005b
   884e8:	00af00af 	.word	0x00af00af
   884ec:	00af00af 	.word	0x00af00af
   884f0:	00af00af 	.word	0x00af00af
   884f4:	00af0123 	.word	0x00af0123
   884f8:	02f70179 	.word	0x02f70179
   884fc:	01230123 	.word	0x01230123
   88500:	00af0123 	.word	0x00af0123
   88504:	00af00af 	.word	0x00af00af
   88508:	02f300af 	.word	0x02f300af
   8850c:	00af00af 	.word	0x00af00af
   88510:	00af0244 	.word	0x00af0244
   88514:	00af00af 	.word	0x00af00af
   88518:	00af01b6 	.word	0x00af01b6
   8851c:	00af0299 	.word	0x00af0299
   88520:	07b700af 	.word	0x07b700af
   88524:	00af00af 	.word	0x00af00af
   88528:	00af00af 	.word	0x00af00af
   8852c:	00af00af 	.word	0x00af00af
   88530:	00af00af 	.word	0x00af00af
   88534:	00af0123 	.word	0x00af0123
   88538:	01640179 	.word	0x01640179
   8853c:	01230123 	.word	0x01230123
   88540:	03180123 	.word	0x03180123
   88544:	00740164 	.word	0x00740164
   88548:	033100af 	.word	0x033100af
   8854c:	032200af 	.word	0x032200af
   88550:	033b0366 	.word	0x033b0366
   88554:	00af0074 	.word	0x00af0074
   88558:	007201b6 	.word	0x007201b6
   8855c:	00af02d2 	.word	0x00af02d2
   88560:	082900af 	.word	0x082900af
   88564:	007200af 	.word	0x007200af
   88568:	2200      	movs	r2, #0
   8856a:	f1a9 0330 	sub.w	r3, r9, #48	@ 0x30
   8856e:	f815 9b01 	ldrb.w	r9, [r5], #1
   88572:	eb02 0282 	add.w	r2, r2, r2, lsl #2
   88576:	eb03 0242 	add.w	r2, r3, r2, lsl #1
   8857a:	f1a9 0330 	sub.w	r3, r9, #48	@ 0x30
   8857e:	2b09      	cmp	r3, #9
   88580:	d9f5      	bls.n	8856e <_svfprintf_r+0x182>
   88582:	9209      	str	r2, [sp, #36]	@ 0x24
   88584:	e78e      	b.n	884a4 <_svfprintf_r+0xb8>
   88586:	9b0e      	ldr	r3, [sp, #56]	@ 0x38
   88588:	f853 2b04 	ldr.w	r2, [r3], #4
   8858c:	2a00      	cmp	r2, #0
   8858e:	9209      	str	r2, [sp, #36]	@ 0x24
   88590:	930e      	str	r3, [sp, #56]	@ 0x38
   88592:	f2c0 817a 	blt.w	8888a <_svfprintf_r+0x49e>
   88596:	782b      	ldrb	r3, [r5, #0]
   88598:	e782      	b.n	884a0 <_svfprintf_r+0xb4>
   8859a:	782b      	ldrb	r3, [r5, #0]
   8859c:	f04a 0a20 	orr.w	sl, sl, #32
   885a0:	e77e      	b.n	884a0 <_svfprintf_r+0xb4>
   885a2:	2208      	movs	r2, #8
   885a4:	2100      	movs	r1, #0
   885a6:	a82a      	add	r0, sp, #168	@ 0xa8
   885a8:	f7fe fef4 	bl	87394 <memset>
   885ac:	2001      	movs	r0, #1
   885ae:	4405      	add	r5, r0
   885b0:	e74f      	b.n	88452 <_svfprintf_r+0x66>
   885b2:	ebb5 0807 	subs.w	r8, r5, r7
   885b6:	4606      	mov	r6, r0
   885b8:	d010      	beq.n	885dc <_svfprintf_r+0x1f0>
   885ba:	9a2f      	ldr	r2, [sp, #188]	@ 0xbc
   885bc:	9b30      	ldr	r3, [sp, #192]	@ 0xc0
   885be:	3201      	adds	r2, #1
   885c0:	4443      	add	r3, r8
   885c2:	2a07      	cmp	r2, #7
   885c4:	e9c4 7800 	strd	r7, r8, [r4]
   885c8:	9330      	str	r3, [sp, #192]	@ 0xc0
   885ca:	922f      	str	r2, [sp, #188]	@ 0xbc
   885cc:	dc15      	bgt.n	885fa <_svfprintf_r+0x20e>
   885ce:	3408      	adds	r4, #8
   885d0:	9b08      	ldr	r3, [sp, #32]
   885d2:	4443      	add	r3, r8
   885d4:	9308      	str	r3, [sp, #32]
   885d6:	2e00      	cmp	r6, #0
   885d8:	f47f af58 	bne.w	8848c <_svfprintf_r+0xa0>
   885dc:	9b30      	ldr	r3, [sp, #192]	@ 0xc0
   885de:	2b00      	cmp	r3, #0
   885e0:	f041 8358 	bne.w	89c94 <_svfprintf_r+0x18a8>
   885e4:	9b0a      	ldr	r3, [sp, #40]	@ 0x28
   885e6:	899b      	ldrh	r3, [r3, #12]
   885e8:	f003 0340 	and.w	r3, r3, #64	@ 0x40
   885ec:	2b00      	cmp	r3, #0
   885ee:	f041 87f0 	bne.w	8a5d2 <_svfprintf_r+0x21e6>
   885f2:	9808      	ldr	r0, [sp, #32]
   885f4:	b05b      	add	sp, #364	@ 0x16c
   885f6:	e8bd 8ff0 	ldmia.w	sp!, {r4, r5, r6, r7, r8, r9, sl, fp, pc}
   885fa:	4658      	mov	r0, fp
   885fc:	990a      	ldr	r1, [sp, #40]	@ 0x28
   885fe:	aa2e      	add	r2, sp, #184	@ 0xb8
   88600:	f002 f81c 	bl	8a63c <__ssprint_r>
   88604:	2800      	cmp	r0, #0
   88606:	d1ed      	bne.n	885e4 <_svfprintf_r+0x1f8>
   88608:	ac31      	add	r4, sp, #196	@ 0xc4
   8860a:	e7e1      	b.n	885d0 <_svfprintf_r+0x1e4>
   8860c:	200003b8 	.word	0x200003b8
   88610:	f1b9 0f00 	cmp.w	r9, #0
   88614:	d0e2      	beq.n	885dc <_svfprintf_r+0x1f0>
   88616:	2300      	movs	r3, #0
   88618:	2201      	movs	r2, #1
   8861a:	f88d 9104 	strb.w	r9, [sp, #260]	@ 0x104
   8861e:	920c      	str	r2, [sp, #48]	@ 0x30
   88620:	af41      	add	r7, sp, #260	@ 0x104
   88622:	f88d 308f 	strb.w	r3, [sp, #143]	@ 0x8f
   88626:	930b      	str	r3, [sp, #44]	@ 0x2c
   88628:	e9cd 2306 	strd	r2, r3, [sp, #24]
   8862c:	e9cd 330f 	strd	r3, r3, [sp, #60]	@ 0x3c
   88630:	9314      	str	r3, [sp, #80]	@ 0x50
   88632:	9e30      	ldr	r6, [sp, #192]	@ 0xc0
   88634:	f01a 0384 	ands.w	r3, sl, #132	@ 0x84
   88638:	4631      	mov	r1, r6
   8863a:	f000 80e2 	beq.w	88802 <_svfprintf_r+0x416>
   8863e:	f89d 208f 	ldrb.w	r2, [sp, #143]	@ 0x8f
   88642:	b1fa      	cbz	r2, 88684 <_svfprintf_r+0x298>
   88644:	f04f 0800 	mov.w	r8, #0
   88648:	982f      	ldr	r0, [sp, #188]	@ 0xbc
   8864a:	2201      	movs	r2, #1
   8864c:	3001      	adds	r0, #1
   8864e:	3601      	adds	r6, #1
   88650:	6062      	str	r2, [r4, #4]
   88652:	2807      	cmp	r0, #7
   88654:	f10d 028f 	add.w	r2, sp, #143	@ 0x8f
   88658:	e9cd 062f 	strd	r0, r6, [sp, #188]	@ 0xbc
   8865c:	6022      	str	r2, [r4, #0]
   8865e:	f300 83fb 	bgt.w	88e58 <_svfprintf_r+0xa6c>
   88662:	3408      	adds	r4, #8
   88664:	f1b8 0f00 	cmp.w	r8, #0
   88668:	d00c      	beq.n	88684 <_svfprintf_r+0x298>
   8866a:	982f      	ldr	r0, [sp, #188]	@ 0xbc
   8866c:	2202      	movs	r2, #2
   8866e:	3001      	adds	r0, #1
   88670:	3602      	adds	r6, #2
   88672:	6062      	str	r2, [r4, #4]
   88674:	2807      	cmp	r0, #7
   88676:	aa24      	add	r2, sp, #144	@ 0x90
   88678:	e9cd 062f 	strd	r0, r6, [sp, #188]	@ 0xbc
   8867c:	6022      	str	r2, [r4, #0]
   8867e:	f300 83df 	bgt.w	88e40 <_svfprintf_r+0xa54>
   88682:	3408      	adds	r4, #8
   88684:	2b80      	cmp	r3, #128	@ 0x80
   88686:	f000 82e4 	beq.w	88c52 <_svfprintf_r+0x866>
   8868a:	9b07      	ldr	r3, [sp, #28]
   8868c:	9a0c      	ldr	r2, [sp, #48]	@ 0x30
   8868e:	eba3 0802 	sub.w	r8, r3, r2
   88692:	f1b8 0f00 	cmp.w	r8, #0
   88696:	f300 8324 	bgt.w	88ce2 <_svfprintf_r+0x8f6>
   8869a:	f41a 7f80 	tst.w	sl, #256	@ 0x100
   8869e:	f040 8281 	bne.w	88ba4 <_svfprintf_r+0x7b8>
   886a2:	9b0c      	ldr	r3, [sp, #48]	@ 0x30
   886a4:	6027      	str	r7, [r4, #0]
   886a6:	441e      	add	r6, r3
   886a8:	6063      	str	r3, [r4, #4]
   886aa:	9b2f      	ldr	r3, [sp, #188]	@ 0xbc
   886ac:	9630      	str	r6, [sp, #192]	@ 0xc0
   886ae:	3301      	adds	r3, #1
   886b0:	2b07      	cmp	r3, #7
   886b2:	932f      	str	r3, [sp, #188]	@ 0xbc
   886b4:	f300 836d 	bgt.w	88d92 <_svfprintf_r+0x9a6>
   886b8:	3408      	adds	r4, #8
   886ba:	f01a 0f04 	tst.w	sl, #4
   886be:	d005      	beq.n	886cc <_svfprintf_r+0x2e0>
   886c0:	9b09      	ldr	r3, [sp, #36]	@ 0x24
   886c2:	9a06      	ldr	r2, [sp, #24]
   886c4:	1a9f      	subs	r7, r3, r2
   886c6:	2f00      	cmp	r7, #0
   886c8:	f300 83d4 	bgt.w	88e74 <_svfprintf_r+0xa88>
   886cc:	e9dd 3208 	ldrd	r3, r2, [sp, #32]
   886d0:	9906      	ldr	r1, [sp, #24]
   886d2:	428a      	cmp	r2, r1
   886d4:	bfac      	ite	ge
   886d6:	189b      	addge	r3, r3, r2
   886d8:	185b      	addlt	r3, r3, r1
   886da:	9308      	str	r3, [sp, #32]
   886dc:	2e00      	cmp	r6, #0
   886de:	f040 8338 	bne.w	88d52 <_svfprintf_r+0x966>
   886e2:	2300      	movs	r3, #0
   886e4:	932f      	str	r3, [sp, #188]	@ 0xbc
   886e6:	9b0b      	ldr	r3, [sp, #44]	@ 0x2c
   886e8:	b11b      	cbz	r3, 886f2 <_svfprintf_r+0x306>
   886ea:	4658      	mov	r0, fp
   886ec:	990b      	ldr	r1, [sp, #44]	@ 0x2c
   886ee:	f7ff f8b9 	bl	87864 <_free_r>
   886f2:	462f      	mov	r7, r5
   886f4:	ac31      	add	r4, sp, #196	@ 0xc4
   886f6:	e6ab      	b.n	88450 <_svfprintf_r+0x64>
   886f8:	9b0e      	ldr	r3, [sp, #56]	@ 0x38
   886fa:	3307      	adds	r3, #7
   886fc:	f023 0107 	bic.w	r1, r3, #7
   88700:	e8f1 2302 	ldrd	r2, r3, [r1], #8
   88704:	e9cd 2312 	strd	r2, r3, [sp, #72]	@ 0x48
   88708:	9b13      	ldr	r3, [sp, #76]	@ 0x4c
   8870a:	921e      	str	r2, [sp, #120]	@ 0x78
   8870c:	f023 4300 	bic.w	r3, r3, #2147483648	@ 0x80000000
   88710:	931f      	str	r3, [sp, #124]	@ 0x7c
   88712:	910e      	str	r1, [sp, #56]	@ 0x38
   88714:	f04f 32ff 	mov.w	r2, #4294967295	@ 0xffffffff
   88718:	e9dd 011e 	ldrd	r0, r1, [sp, #120]	@ 0x78
   8871c:	4bae      	ldr	r3, [pc, #696]	@ (889d8 <_svfprintf_r+0x5ec>)
   8871e:	f7fc fc4d 	bl	84fbc <__aeabi_dcmpun>
   88722:	2800      	cmp	r0, #0
   88724:	f040 8621 	bne.w	8936a <_svfprintf_r+0xf7e>
   88728:	e9dd 011e 	ldrd	r0, r1, [sp, #120]	@ 0x78
   8872c:	f04f 32ff 	mov.w	r2, #4294967295	@ 0xffffffff
   88730:	4ba9      	ldr	r3, [pc, #676]	@ (889d8 <_svfprintf_r+0x5ec>)
   88732:	f7fc fc25 	bl	84f80 <__aeabi_dcmple>
   88736:	4606      	mov	r6, r0
   88738:	2800      	cmp	r0, #0
   8873a:	f040 8616 	bne.w	8936a <_svfprintf_r+0xf7e>
   8873e:	e9dd 0112 	ldrd	r0, r1, [sp, #72]	@ 0x48
   88742:	2200      	movs	r2, #0
   88744:	2300      	movs	r3, #0
   88746:	f02a 0a80 	bic.w	sl, sl, #128	@ 0x80
   8874a:	f7fc fc0f 	bl	84f6c <__aeabi_dcmplt>
   8874e:	2800      	cmp	r0, #0
   88750:	f041 814b 	bne.w	899ea <_svfprintf_r+0x15fe>
   88754:	f89d 308f 	ldrb.w	r3, [sp, #143]	@ 0x8f
   88758:	f1b9 0f47 	cmp.w	r9, #71	@ 0x47
   8875c:	bfcc      	ite	gt
   8875e:	4f9f      	ldrgt	r7, [pc, #636]	@ (889dc <_svfprintf_r+0x5f0>)
   88760:	4f9f      	ldrle	r7, [pc, #636]	@ (889e0 <_svfprintf_r+0x5f4>)
   88762:	2b00      	cmp	r3, #0
   88764:	f041 8621 	bne.w	8a3aa <_svfprintf_r+0x1fbe>
   88768:	2203      	movs	r2, #3
   8876a:	e9cd 330f 	strd	r3, r3, [sp, #60]	@ 0x3c
   8876e:	930b      	str	r3, [sp, #44]	@ 0x2c
   88770:	920c      	str	r2, [sp, #48]	@ 0x30
   88772:	9307      	str	r3, [sp, #28]
   88774:	9314      	str	r3, [sp, #80]	@ 0x50
   88776:	9206      	str	r2, [sp, #24]
   88778:	e75b      	b.n	88632 <_svfprintf_r+0x246>
   8877a:	f01a 0f20 	tst.w	sl, #32
   8877e:	f040 85a5 	bne.w	892cc <_svfprintf_r+0xee0>
   88782:	9a0e      	ldr	r2, [sp, #56]	@ 0x38
   88784:	f01a 0f10 	tst.w	sl, #16
   88788:	f852 6b04 	ldr.w	r6, [r2], #4
   8878c:	f041 8726 	bne.w	8a5dc <_svfprintf_r+0x21f0>
   88790:	f01a 0f40 	tst.w	sl, #64	@ 0x40
   88794:	920e      	str	r2, [sp, #56]	@ 0x38
   88796:	f001 811c 	beq.w	899d2 <_svfprintf_r+0x15e6>
   8879a:	f346 38c0 	sbfx	r8, r6, #15, #1
   8879e:	4643      	mov	r3, r8
   887a0:	b236      	sxth	r6, r6
   887a2:	e18e      	b.n	88ac2 <_svfprintf_r+0x6d6>
   887a4:	9b0e      	ldr	r3, [sp, #56]	@ 0x38
   887a6:	f1b9 0f43 	cmp.w	r9, #67	@ 0x43
   887aa:	f103 0604 	add.w	r6, r3, #4
   887ae:	d003      	beq.n	887b8 <_svfprintf_r+0x3cc>
   887b0:	f01a 0f10 	tst.w	sl, #16
   887b4:	f000 86b8 	beq.w	89528 <_svfprintf_r+0x113c>
   887b8:	2208      	movs	r2, #8
   887ba:	2100      	movs	r1, #0
   887bc:	a82c      	add	r0, sp, #176	@ 0xb0
   887be:	f7fe fde9 	bl	87394 <memset>
   887c2:	9a0e      	ldr	r2, [sp, #56]	@ 0x38
   887c4:	af41      	add	r7, sp, #260	@ 0x104
   887c6:	ab2c      	add	r3, sp, #176	@ 0xb0
   887c8:	4639      	mov	r1, r7
   887ca:	4658      	mov	r0, fp
   887cc:	6812      	ldr	r2, [r2, #0]
   887ce:	f7ff fddb 	bl	88388 <_wcrtomb_r>
   887d2:	4603      	mov	r3, r0
   887d4:	3301      	adds	r3, #1
   887d6:	900c      	str	r0, [sp, #48]	@ 0x30
   887d8:	f001 86f6 	beq.w	8a5c8 <_svfprintf_r+0x21dc>
   887dc:	9b0c      	ldr	r3, [sp, #48]	@ 0x30
   887de:	ea23 73e3 	bic.w	r3, r3, r3, asr #31
   887e2:	9306      	str	r3, [sp, #24]
   887e4:	2300      	movs	r3, #0
   887e6:	960e      	str	r6, [sp, #56]	@ 0x38
   887e8:	9e30      	ldr	r6, [sp, #192]	@ 0xc0
   887ea:	e9cd 330f 	strd	r3, r3, [sp, #60]	@ 0x3c
   887ee:	f88d 308f 	strb.w	r3, [sp, #143]	@ 0x8f
   887f2:	930b      	str	r3, [sp, #44]	@ 0x2c
   887f4:	9307      	str	r3, [sp, #28]
   887f6:	9314      	str	r3, [sp, #80]	@ 0x50
   887f8:	f01a 0384 	ands.w	r3, sl, #132	@ 0x84
   887fc:	4631      	mov	r1, r6
   887fe:	f47f af1e 	bne.w	8863e <_svfprintf_r+0x252>
   88802:	9a09      	ldr	r2, [sp, #36]	@ 0x24
   88804:	9806      	ldr	r0, [sp, #24]
   88806:	eba2 0800 	sub.w	r8, r2, r0
   8880a:	f1b8 0f00 	cmp.w	r8, #0
   8880e:	f300 842b 	bgt.w	89068 <_svfprintf_r+0xc7c>
   88812:	f89d 208f 	ldrb.w	r2, [sp, #143]	@ 0x8f
   88816:	2a00      	cmp	r2, #0
   88818:	f43f af37 	beq.w	8868a <_svfprintf_r+0x29e>
   8881c:	e712      	b.n	88644 <_svfprintf_r+0x258>
   8881e:	2300      	movs	r3, #0
   88820:	f8dd 8038 	ldr.w	r8, [sp, #56]	@ 0x38
   88824:	f88d 308f 	strb.w	r3, [sp, #143]	@ 0x8f
   88828:	f858 7b04 	ldr.w	r7, [r8], #4
   8882c:	2f00      	cmp	r7, #0
   8882e:	f000 8691 	beq.w	89554 <_svfprintf_r+0x1168>
   88832:	f1b9 0f53 	cmp.w	r9, #83	@ 0x53
   88836:	f001 8012 	beq.w	8985e <_svfprintf_r+0x1472>
   8883a:	f01a 0310 	ands.w	r3, sl, #16
   8883e:	930f      	str	r3, [sp, #60]	@ 0x3c
   88840:	f041 800d 	bne.w	8985e <_svfprintf_r+0x1472>
   88844:	9b07      	ldr	r3, [sp, #28]
   88846:	2b00      	cmp	r3, #0
   88848:	f2c1 8236 	blt.w	89cb8 <_svfprintf_r+0x18cc>
   8884c:	461a      	mov	r2, r3
   8884e:	4638      	mov	r0, r7
   88850:	990f      	ldr	r1, [sp, #60]	@ 0x3c
   88852:	f7fe feb7 	bl	875c4 <memchr>
   88856:	f89d 308f 	ldrb.w	r3, [sp, #143]	@ 0x8f
   8885a:	900b      	str	r0, [sp, #44]	@ 0x2c
   8885c:	2800      	cmp	r0, #0
   8885e:	f001 858f 	beq.w	8a380 <_svfprintf_r+0x1f94>
   88862:	9a0b      	ldr	r2, [sp, #44]	@ 0x2c
   88864:	f8cd 8038 	str.w	r8, [sp, #56]	@ 0x38
   88868:	1bd2      	subs	r2, r2, r7
   8886a:	920c      	str	r2, [sp, #48]	@ 0x30
   8886c:	ea22 72e2 	bic.w	r2, r2, r2, asr #31
   88870:	9206      	str	r2, [sp, #24]
   88872:	b113      	cbz	r3, 8887a <_svfprintf_r+0x48e>
   88874:	4613      	mov	r3, r2
   88876:	3301      	adds	r3, #1
   88878:	9306      	str	r3, [sp, #24]
   8887a:	9b0f      	ldr	r3, [sp, #60]	@ 0x3c
   8887c:	f04f 0973 	mov.w	r9, #115	@ 0x73
   88880:	9307      	str	r3, [sp, #28]
   88882:	9314      	str	r3, [sp, #80]	@ 0x50
   88884:	9310      	str	r3, [sp, #64]	@ 0x40
   88886:	930b      	str	r3, [sp, #44]	@ 0x2c
   88888:	e6d3      	b.n	88632 <_svfprintf_r+0x246>
   8888a:	9b09      	ldr	r3, [sp, #36]	@ 0x24
   8888c:	425b      	negs	r3, r3
   8888e:	9309      	str	r3, [sp, #36]	@ 0x24
   88890:	782b      	ldrb	r3, [r5, #0]
   88892:	f04a 0a04 	orr.w	sl, sl, #4
   88896:	e603      	b.n	884a0 <_svfprintf_r+0xb4>
   88898:	232b      	movs	r3, #43	@ 0x2b
   8889a:	f88d 308f 	strb.w	r3, [sp, #143]	@ 0x8f
   8889e:	782b      	ldrb	r3, [r5, #0]
   888a0:	e5fe      	b.n	884a0 <_svfprintf_r+0xb4>
   888a2:	782b      	ldrb	r3, [r5, #0]
   888a4:	f04a 0a80 	orr.w	sl, sl, #128	@ 0x80
   888a8:	e5fa      	b.n	884a0 <_svfprintf_r+0xb4>
   888aa:	4629      	mov	r1, r5
   888ac:	f811 9b01 	ldrb.w	r9, [r1], #1
   888b0:	f1b9 0f2a 	cmp.w	r9, #42	@ 0x2a
   888b4:	f001 8675 	beq.w	8a5a2 <_svfprintf_r+0x21b6>
   888b8:	f1a9 0330 	sub.w	r3, r9, #48	@ 0x30
   888bc:	2b09      	cmp	r3, #9
   888be:	bf98      	it	ls
   888c0:	2200      	movls	r2, #0
   888c2:	f201 842c 	bhi.w	8a11e <_svfprintf_r+0x1d32>
   888c6:	f811 9b01 	ldrb.w	r9, [r1], #1
   888ca:	eb02 0282 	add.w	r2, r2, r2, lsl #2
   888ce:	eb03 0242 	add.w	r2, r3, r2, lsl #1
   888d2:	f1a9 0330 	sub.w	r3, r9, #48	@ 0x30
   888d6:	2b09      	cmp	r3, #9
   888d8:	d9f5      	bls.n	888c6 <_svfprintf_r+0x4da>
   888da:	ea42 73e2 	orr.w	r3, r2, r2, asr #31
   888de:	460d      	mov	r5, r1
   888e0:	9307      	str	r3, [sp, #28]
   888e2:	e5df      	b.n	884a4 <_svfprintf_r+0xb8>
   888e4:	4658      	mov	r0, fp
   888e6:	f7fe fddf 	bl	874a8 <_localeconv_r>
   888ea:	6843      	ldr	r3, [r0, #4]
   888ec:	4618      	mov	r0, r3
   888ee:	9319      	str	r3, [sp, #100]	@ 0x64
   888f0:	f7fe ff1e 	bl	87730 <strlen>
   888f4:	901b      	str	r0, [sp, #108]	@ 0x6c
   888f6:	4606      	mov	r6, r0
   888f8:	4658      	mov	r0, fp
   888fa:	f7fe fdd5 	bl	874a8 <_localeconv_r>
   888fe:	6881      	ldr	r1, [r0, #8]
   88900:	782b      	ldrb	r3, [r5, #0]
   88902:	911a      	str	r1, [sp, #104]	@ 0x68
   88904:	2e00      	cmp	r6, #0
   88906:	f43f adcb 	beq.w	884a0 <_svfprintf_r+0xb4>
   8890a:	2900      	cmp	r1, #0
   8890c:	f43f adc8 	beq.w	884a0 <_svfprintf_r+0xb4>
   88910:	780a      	ldrb	r2, [r1, #0]
   88912:	2a00      	cmp	r2, #0
   88914:	f43f adc4 	beq.w	884a0 <_svfprintf_r+0xb4>
   88918:	f44a 6a80 	orr.w	sl, sl, #1024	@ 0x400
   8891c:	e5c0      	b.n	884a0 <_svfprintf_r+0xb4>
   8891e:	782b      	ldrb	r3, [r5, #0]
   88920:	f04a 0a01 	orr.w	sl, sl, #1
   88924:	e5bc      	b.n	884a0 <_svfprintf_r+0xb4>
   88926:	f89d 208f 	ldrb.w	r2, [sp, #143]	@ 0x8f
   8892a:	782b      	ldrb	r3, [r5, #0]
   8892c:	2a00      	cmp	r2, #0
   8892e:	f47f adb7 	bne.w	884a0 <_svfprintf_r+0xb4>
   88932:	2220      	movs	r2, #32
   88934:	f88d 208f 	strb.w	r2, [sp, #143]	@ 0x8f
   88938:	e5b2      	b.n	884a0 <_svfprintf_r+0xb4>
   8893a:	f01a 0f20 	tst.w	sl, #32
   8893e:	f04a 0010 	orr.w	r0, sl, #16
   88942:	f000 84bb 	beq.w	892bc <_svfprintf_r+0xed0>
   88946:	9b0e      	ldr	r3, [sp, #56]	@ 0x38
   88948:	3307      	adds	r3, #7
   8894a:	f023 0307 	bic.w	r3, r3, #7
   8894e:	461a      	mov	r2, r3
   88950:	6859      	ldr	r1, [r3, #4]
   88952:	f852 3b08 	ldr.w	r3, [r2], #8
   88956:	920e      	str	r2, [sp, #56]	@ 0x38
   88958:	2200      	movs	r2, #0
   8895a:	f88d 208f 	strb.w	r2, [sp, #143]	@ 0x8f
   8895e:	9a07      	ldr	r2, [sp, #28]
   88960:	2a00      	cmp	r2, #0
   88962:	db18      	blt.n	88996 <_svfprintf_r+0x5aa>
   88964:	ea53 0201 	orrs.w	r2, r3, r1
   88968:	f420 6a90 	bic.w	sl, r0, #1152	@ 0x480
   8896c:	d115      	bne.n	8899a <_svfprintf_r+0x5ae>
   8896e:	9a07      	ldr	r2, [sp, #28]
   88970:	b99a      	cbnz	r2, 8899a <_svfprintf_r+0x5ae>
   88972:	f010 0301 	ands.w	r3, r0, #1
   88976:	461a      	mov	r2, r3
   88978:	9306      	str	r3, [sp, #24]
   8897a:	f000 874b 	beq.w	89814 <_svfprintf_r+0x1428>
   8897e:	2330      	movs	r3, #48	@ 0x30
   88980:	f88d 3167 	strb.w	r3, [sp, #359]	@ 0x167
   88984:	9b07      	ldr	r3, [sp, #28]
   88986:	920c      	str	r2, [sp, #48]	@ 0x30
   88988:	e9cd 330f 	strd	r3, r3, [sp, #60]	@ 0x3c
   8898c:	9314      	str	r3, [sp, #80]	@ 0x50
   8898e:	930b      	str	r3, [sp, #44]	@ 0x2c
   88990:	f20d 1767 	addw	r7, sp, #359	@ 0x167
   88994:	e64d      	b.n	88632 <_svfprintf_r+0x246>
   88996:	f420 6a80 	bic.w	sl, r0, #1024	@ 0x400
   8899a:	af5a      	add	r7, sp, #360	@ 0x168
   8899c:	f003 0207 	and.w	r2, r3, #7
   889a0:	08db      	lsrs	r3, r3, #3
   889a2:	ea43 7341 	orr.w	r3, r3, r1, lsl #29
   889a6:	08c9      	lsrs	r1, r1, #3
   889a8:	3230      	adds	r2, #48	@ 0x30
   889aa:	ea53 0601 	orrs.w	r6, r3, r1
   889ae:	4638      	mov	r0, r7
   889b0:	f807 2d01 	strb.w	r2, [r7, #-1]!
   889b4:	d1f2      	bne.n	8899c <_svfprintf_r+0x5b0>
   889b6:	f01a 0101 	ands.w	r1, sl, #1
   889ba:	910f      	str	r1, [sp, #60]	@ 0x3c
   889bc:	f040 8323 	bne.w	89006 <_svfprintf_r+0xc1a>
   889c0:	9a07      	ldr	r2, [sp, #28]
   889c2:	ab5a      	add	r3, sp, #360	@ 0x168
   889c4:	1bdb      	subs	r3, r3, r7
   889c6:	429a      	cmp	r2, r3
   889c8:	bfb8      	it	lt
   889ca:	461a      	movlt	r2, r3
   889cc:	930c      	str	r3, [sp, #48]	@ 0x30
   889ce:	9206      	str	r2, [sp, #24]
   889d0:	9114      	str	r1, [sp, #80]	@ 0x50
   889d2:	9110      	str	r1, [sp, #64]	@ 0x40
   889d4:	910b      	str	r1, [sp, #44]	@ 0x2c
   889d6:	e62c      	b.n	88632 <_svfprintf_r+0x246>
   889d8:	7fefffff 	.word	0x7fefffff
   889dc:	0008c708 	.word	0x0008c708
   889e0:	0008c704 	.word	0x0008c704
   889e4:	f01a 0f20 	tst.w	sl, #32
   889e8:	f04a 0110 	orr.w	r1, sl, #16
   889ec:	d138      	bne.n	88a60 <_svfprintf_r+0x674>
   889ee:	9b0e      	ldr	r3, [sp, #56]	@ 0x38
   889f0:	1d1a      	adds	r2, r3, #4
   889f2:	f04f 0800 	mov.w	r8, #0
   889f6:	9b0e      	ldr	r3, [sp, #56]	@ 0x38
   889f8:	9807      	ldr	r0, [sp, #28]
   889fa:	681b      	ldr	r3, [r3, #0]
   889fc:	4540      	cmp	r0, r8
   889fe:	461e      	mov	r6, r3
   88a00:	f88d 808f 	strb.w	r8, [sp, #143]	@ 0x8f
   88a04:	f2c0 8580 	blt.w	89508 <_svfprintf_r+0x111c>
   88a08:	f021 0a80 	bic.w	sl, r1, #128	@ 0x80
   88a0c:	2b00      	cmp	r3, #0
   88a0e:	f000 8489 	beq.w	89324 <_svfprintf_r+0xf38>
   88a12:	920e      	str	r2, [sp, #56]	@ 0x38
   88a14:	2e0a      	cmp	r6, #10
   88a16:	f178 0300 	sbcs.w	r3, r8, #0
   88a1a:	f080 83b7 	bcs.w	8918c <_svfprintf_r+0xda0>
   88a1e:	f106 0330 	add.w	r3, r6, #48	@ 0x30
   88a22:	b2db      	uxtb	r3, r3
   88a24:	f88d 3167 	strb.w	r3, [sp, #359]	@ 0x167
   88a28:	9b07      	ldr	r3, [sp, #28]
   88a2a:	f20d 1767 	addw	r7, sp, #359	@ 0x167
   88a2e:	2b01      	cmp	r3, #1
   88a30:	bfb8      	it	lt
   88a32:	2301      	movlt	r3, #1
   88a34:	9306      	str	r3, [sp, #24]
   88a36:	2301      	movs	r3, #1
   88a38:	930c      	str	r3, [sp, #48]	@ 0x30
   88a3a:	f89d 308f 	ldrb.w	r3, [sp, #143]	@ 0x8f
   88a3e:	2b00      	cmp	r3, #0
   88a40:	f001 85a9 	beq.w	8a596 <_svfprintf_r+0x21aa>
   88a44:	9b06      	ldr	r3, [sp, #24]
   88a46:	3301      	adds	r3, #1
   88a48:	9306      	str	r3, [sp, #24]
   88a4a:	2300      	movs	r3, #0
   88a4c:	e9cd 330f 	strd	r3, r3, [sp, #60]	@ 0x3c
   88a50:	930b      	str	r3, [sp, #44]	@ 0x2c
   88a52:	9314      	str	r3, [sp, #80]	@ 0x50
   88a54:	e5ed      	b.n	88632 <_svfprintf_r+0x246>
   88a56:	f01a 0f20 	tst.w	sl, #32
   88a5a:	f000 844c 	beq.w	892f6 <_svfprintf_r+0xf0a>
   88a5e:	4651      	mov	r1, sl
   88a60:	9b0e      	ldr	r3, [sp, #56]	@ 0x38
   88a62:	3307      	adds	r3, #7
   88a64:	f023 0307 	bic.w	r3, r3, #7
   88a68:	461a      	mov	r2, r3
   88a6a:	f8d3 8004 	ldr.w	r8, [r3, #4]
   88a6e:	2300      	movs	r3, #0
   88a70:	f88d 308f 	strb.w	r3, [sp, #143]	@ 0x8f
   88a74:	9b07      	ldr	r3, [sp, #28]
   88a76:	f852 6b08 	ldr.w	r6, [r2], #8
   88a7a:	2b00      	cmp	r3, #0
   88a7c:	920e      	str	r2, [sp, #56]	@ 0x38
   88a7e:	f2c0 8544 	blt.w	8950a <_svfprintf_r+0x111e>
   88a82:	ea56 0308 	orrs.w	r3, r6, r8
   88a86:	f021 0a80 	bic.w	sl, r1, #128	@ 0x80
   88a8a:	d1c3      	bne.n	88a14 <_svfprintf_r+0x628>
   88a8c:	9b07      	ldr	r3, [sp, #28]
   88a8e:	2b00      	cmp	r3, #0
   88a90:	f000 844d 	beq.w	8932e <_svfprintf_r+0xf42>
   88a94:	2600      	movs	r6, #0
   88a96:	e7c2      	b.n	88a1e <_svfprintf_r+0x632>
   88a98:	782b      	ldrb	r3, [r5, #0]
   88a9a:	f04a 0a08 	orr.w	sl, sl, #8
   88a9e:	e4ff      	b.n	884a0 <_svfprintf_r+0xb4>
   88aa0:	f01a 0f20 	tst.w	sl, #32
   88aa4:	f04a 0110 	orr.w	r1, sl, #16
   88aa8:	f000 841a 	beq.w	892e0 <_svfprintf_r+0xef4>
   88aac:	9b0e      	ldr	r3, [sp, #56]	@ 0x38
   88aae:	468a      	mov	sl, r1
   88ab0:	3307      	adds	r3, #7
   88ab2:	f023 0307 	bic.w	r3, r3, #7
   88ab6:	461a      	mov	r2, r3
   88ab8:	685b      	ldr	r3, [r3, #4]
   88aba:	f852 6b08 	ldr.w	r6, [r2], #8
   88abe:	4698      	mov	r8, r3
   88ac0:	920e      	str	r2, [sp, #56]	@ 0x38
   88ac2:	2b00      	cmp	r3, #0
   88ac4:	f2c0 8351 	blt.w	8916a <_svfprintf_r+0xd7e>
   88ac8:	9a07      	ldr	r2, [sp, #28]
   88aca:	2a00      	cmp	r2, #0
   88acc:	dba2      	blt.n	88a14 <_svfprintf_r+0x628>
   88ace:	ea56 0308 	orrs.w	r3, r6, r8
   88ad2:	f02a 0a80 	bic.w	sl, sl, #128	@ 0x80
   88ad6:	d19d      	bne.n	88a14 <_svfprintf_r+0x628>
   88ad8:	2a00      	cmp	r2, #0
   88ada:	f001 8059 	beq.w	89b90 <_svfprintf_r+0x17a4>
   88ade:	2330      	movs	r3, #48	@ 0x30
   88ae0:	e7a0      	b.n	88a24 <_svfprintf_r+0x638>
   88ae2:	782b      	ldrb	r3, [r5, #0]
   88ae4:	2b68      	cmp	r3, #104	@ 0x68
   88ae6:	bf03      	ittte	eq
   88ae8:	786b      	ldrbeq	r3, [r5, #1]
   88aea:	f44a 7a00 	orreq.w	sl, sl, #512	@ 0x200
   88aee:	3501      	addeq	r5, #1
   88af0:	f04a 0a40 	orrne.w	sl, sl, #64	@ 0x40
   88af4:	e4d4      	b.n	884a0 <_svfprintf_r+0xb4>
   88af6:	9a0e      	ldr	r2, [sp, #56]	@ 0x38
   88af8:	f01a 0f20 	tst.w	sl, #32
   88afc:	f102 0304 	add.w	r3, r2, #4
   88b00:	f000 841e 	beq.w	89340 <_svfprintf_r+0xf54>
   88b04:	6812      	ldr	r2, [r2, #0]
   88b06:	9908      	ldr	r1, [sp, #32]
   88b08:	6011      	str	r1, [r2, #0]
   88b0a:	17c9      	asrs	r1, r1, #31
   88b0c:	6051      	str	r1, [r2, #4]
   88b0e:	462f      	mov	r7, r5
   88b10:	930e      	str	r3, [sp, #56]	@ 0x38
   88b12:	e49d      	b.n	88450 <_svfprintf_r+0x64>
   88b14:	782b      	ldrb	r3, [r5, #0]
   88b16:	2b6c      	cmp	r3, #108	@ 0x6c
   88b18:	bf03      	ittte	eq
   88b1a:	786b      	ldrbeq	r3, [r5, #1]
   88b1c:	f04a 0a20 	orreq.w	sl, sl, #32
   88b20:	3501      	addeq	r5, #1
   88b22:	f04a 0a10 	orrne.w	sl, sl, #16
   88b26:	e4bb      	b.n	884a0 <_svfprintf_r+0xb4>
   88b28:	2600      	movs	r6, #0
   88b2a:	f647 0330 	movw	r3, #30768	@ 0x7830
   88b2e:	9a0e      	ldr	r2, [sp, #56]	@ 0x38
   88b30:	9f07      	ldr	r7, [sp, #28]
   88b32:	f852 1b04 	ldr.w	r1, [r2], #4
   88b36:	42b7      	cmp	r7, r6
   88b38:	f8ad 3090 	strh.w	r3, [sp, #144]	@ 0x90
   88b3c:	f88d 608f 	strb.w	r6, [sp, #143]	@ 0x8f
   88b40:	460b      	mov	r3, r1
   88b42:	f2c0 84e5 	blt.w	89510 <_svfprintf_r+0x1124>
   88b46:	f02a 0080 	bic.w	r0, sl, #128	@ 0x80
   88b4a:	f040 0a02 	orr.w	sl, r0, #2
   88b4e:	2900      	cmp	r1, #0
   88b50:	f040 86d5 	bne.w	898fe <_svfprintf_r+0x1512>
   88b54:	2f00      	cmp	r7, #0
   88b56:	f001 8022 	beq.w	89b9e <_svfprintf_r+0x17b2>
   88b5a:	2330      	movs	r3, #48	@ 0x30
   88b5c:	f88d 3167 	strb.w	r3, [sp, #359]	@ 0x167
   88b60:	2301      	movs	r3, #1
   88b62:	9706      	str	r7, [sp, #24]
   88b64:	f04f 0978 	mov.w	r9, #120	@ 0x78
   88b68:	468c      	mov	ip, r1
   88b6a:	e9cd 130b 	strd	r1, r3, [sp, #44]	@ 0x2c
   88b6e:	9110      	str	r1, [sp, #64]	@ 0x40
   88b70:	920e      	str	r2, [sp, #56]	@ 0x38
   88b72:	9114      	str	r1, [sp, #80]	@ 0x50
   88b74:	910f      	str	r1, [sp, #60]	@ 0x3c
   88b76:	f20d 1767 	addw	r7, sp, #359	@ 0x167
   88b7a:	f000 bca6 	b.w	894ca <_svfprintf_r+0x10de>
   88b7e:	f01a 0f20 	tst.w	sl, #32
   88b82:	f040 83ef 	bne.w	89364 <_svfprintf_r+0xf78>
   88b86:	9a0e      	ldr	r2, [sp, #56]	@ 0x38
   88b88:	f01a 0110 	ands.w	r1, sl, #16
   88b8c:	f852 3b04 	ldr.w	r3, [r2], #4
   88b90:	f041 852a 	bne.w	8a5e8 <_svfprintf_r+0x21fc>
   88b94:	f01a 0040 	ands.w	r0, sl, #64	@ 0x40
   88b98:	f000 870b 	beq.w	899b2 <_svfprintf_r+0x15c6>
   88b9c:	4650      	mov	r0, sl
   88b9e:	920e      	str	r2, [sp, #56]	@ 0x38
   88ba0:	b29b      	uxth	r3, r3
   88ba2:	e6d9      	b.n	88958 <_svfprintf_r+0x56c>
   88ba4:	f1b9 0f65 	cmp.w	r9, #101	@ 0x65
   88ba8:	f340 80fd 	ble.w	88da6 <_svfprintf_r+0x9ba>
   88bac:	e9dd 0112 	ldrd	r0, r1, [sp, #72]	@ 0x48
   88bb0:	2200      	movs	r2, #0
   88bb2:	2300      	movs	r3, #0
   88bb4:	f7fc f9d0 	bl	84f58 <__aeabi_dcmpeq>
   88bb8:	2800      	cmp	r0, #0
   88bba:	f000 81a0 	beq.w	88efe <_svfprintf_r+0xb12>
   88bbe:	2301      	movs	r3, #1
   88bc0:	6063      	str	r3, [r4, #4]
   88bc2:	9b2f      	ldr	r3, [sp, #188]	@ 0xbc
   88bc4:	4ab2      	ldr	r2, [pc, #712]	@ (88e90 <_svfprintf_r+0xaa4>)
   88bc6:	3301      	adds	r3, #1
   88bc8:	3601      	adds	r6, #1
   88bca:	2b07      	cmp	r3, #7
   88bcc:	9630      	str	r6, [sp, #192]	@ 0xc0
   88bce:	932f      	str	r3, [sp, #188]	@ 0xbc
   88bd0:	6022      	str	r2, [r4, #0]
   88bd2:	f300 8638 	bgt.w	89846 <_svfprintf_r+0x145a>
   88bd6:	3408      	adds	r4, #8
   88bd8:	9b25      	ldr	r3, [sp, #148]	@ 0x94
   88bda:	9a11      	ldr	r2, [sp, #68]	@ 0x44
   88bdc:	4293      	cmp	r3, r2
   88bde:	f280 8364 	bge.w	892aa <_svfprintf_r+0xebe>
   88be2:	9b16      	ldr	r3, [sp, #88]	@ 0x58
   88be4:	9a17      	ldr	r2, [sp, #92]	@ 0x5c
   88be6:	441e      	add	r6, r3
   88be8:	e9c4 2300 	strd	r2, r3, [r4]
   88bec:	9b2f      	ldr	r3, [sp, #188]	@ 0xbc
   88bee:	9630      	str	r6, [sp, #192]	@ 0xc0
   88bf0:	3301      	adds	r3, #1
   88bf2:	2b07      	cmp	r3, #7
   88bf4:	932f      	str	r3, [sp, #188]	@ 0xbc
   88bf6:	f300 84a1 	bgt.w	8953c <_svfprintf_r+0x1150>
   88bfa:	3408      	adds	r4, #8
   88bfc:	9b11      	ldr	r3, [sp, #68]	@ 0x44
   88bfe:	1e5f      	subs	r7, r3, #1
   88c00:	2f00      	cmp	r7, #0
   88c02:	f77f ad5a 	ble.w	886ba <_svfprintf_r+0x2ce>
   88c06:	2f10      	cmp	r7, #16
   88c08:	9b2f      	ldr	r3, [sp, #188]	@ 0xbc
   88c0a:	f341 8453 	ble.w	8a4b4 <_svfprintf_r+0x20c8>
   88c0e:	49a1      	ldr	r1, [pc, #644]	@ (88e94 <_svfprintf_r+0xaa8>)
   88c10:	4632      	mov	r2, r6
   88c12:	f04f 0810 	mov.w	r8, #16
   88c16:	460e      	mov	r6, r1
   88c18:	f8dd 9028 	ldr.w	r9, [sp, #40]	@ 0x28
   88c1c:	9115      	str	r1, [sp, #84]	@ 0x54
   88c1e:	e004      	b.n	88c2a <_svfprintf_r+0x83e>
   88c20:	3408      	adds	r4, #8
   88c22:	3f10      	subs	r7, #16
   88c24:	2f10      	cmp	r7, #16
   88c26:	f340 80a9 	ble.w	88d7c <_svfprintf_r+0x990>
   88c2a:	3301      	adds	r3, #1
   88c2c:	3210      	adds	r2, #16
   88c2e:	2b07      	cmp	r3, #7
   88c30:	e9c4 6800 	strd	r6, r8, [r4]
   88c34:	e9cd 322f 	strd	r3, r2, [sp, #188]	@ 0xbc
   88c38:	ddf2      	ble.n	88c20 <_svfprintf_r+0x834>
   88c3a:	4649      	mov	r1, r9
   88c3c:	4658      	mov	r0, fp
   88c3e:	aa2e      	add	r2, sp, #184	@ 0xb8
   88c40:	f001 fcfc 	bl	8a63c <__ssprint_r>
   88c44:	2800      	cmp	r0, #0
   88c46:	f040 808c 	bne.w	88d62 <_svfprintf_r+0x976>
   88c4a:	e9dd 322f 	ldrd	r3, r2, [sp, #188]	@ 0xbc
   88c4e:	ac31      	add	r4, sp, #196	@ 0xc4
   88c50:	e7e7      	b.n	88c22 <_svfprintf_r+0x836>
   88c52:	9b09      	ldr	r3, [sp, #36]	@ 0x24
   88c54:	9a06      	ldr	r2, [sp, #24]
   88c56:	eba3 0802 	sub.w	r8, r3, r2
   88c5a:	f1b8 0f00 	cmp.w	r8, #0
   88c5e:	f77f ad14 	ble.w	8868a <_svfprintf_r+0x29e>
   88c62:	f1b8 0f10 	cmp.w	r8, #16
   88c66:	9a2f      	ldr	r2, [sp, #188]	@ 0xbc
   88c68:	f341 832c 	ble.w	8a2c4 <_svfprintf_r+0x1ed8>
   88c6c:	f8df c224 	ldr.w	ip, [pc, #548]	@ 88e94 <_svfprintf_r+0xaa8>
   88c70:	4621      	mov	r1, r4
   88c72:	4630      	mov	r0, r6
   88c74:	2310      	movs	r3, #16
   88c76:	462e      	mov	r6, r5
   88c78:	4664      	mov	r4, ip
   88c7a:	9d0a      	ldr	r5, [sp, #40]	@ 0x28
   88c7c:	f8cd c054 	str.w	ip, [sp, #84]	@ 0x54
   88c80:	e006      	b.n	88c90 <_svfprintf_r+0x8a4>
   88c82:	f1a8 0810 	sub.w	r8, r8, #16
   88c86:	f1b8 0f10 	cmp.w	r8, #16
   88c8a:	f101 0108 	add.w	r1, r1, #8
   88c8e:	dd18      	ble.n	88cc2 <_svfprintf_r+0x8d6>
   88c90:	3201      	adds	r2, #1
   88c92:	3010      	adds	r0, #16
   88c94:	2a07      	cmp	r2, #7
   88c96:	e9c1 4300 	strd	r4, r3, [r1]
   88c9a:	e9cd 202f 	strd	r2, r0, [sp, #188]	@ 0xbc
   88c9e:	ddf0      	ble.n	88c82 <_svfprintf_r+0x896>
   88ca0:	4629      	mov	r1, r5
   88ca2:	4658      	mov	r0, fp
   88ca4:	aa2e      	add	r2, sp, #184	@ 0xb8
   88ca6:	f001 fcc9 	bl	8a63c <__ssprint_r>
   88caa:	2800      	cmp	r0, #0
   88cac:	d159      	bne.n	88d62 <_svfprintf_r+0x976>
   88cae:	e9dd 202f 	ldrd	r2, r0, [sp, #188]	@ 0xbc
   88cb2:	f1a8 0810 	sub.w	r8, r8, #16
   88cb6:	f1b8 0f10 	cmp.w	r8, #16
   88cba:	f04f 0310 	mov.w	r3, #16
   88cbe:	a931      	add	r1, sp, #196	@ 0xc4
   88cc0:	dce6      	bgt.n	88c90 <_svfprintf_r+0x8a4>
   88cc2:	4635      	mov	r5, r6
   88cc4:	460c      	mov	r4, r1
   88cc6:	4606      	mov	r6, r0
   88cc8:	3201      	adds	r2, #1
   88cca:	9b15      	ldr	r3, [sp, #84]	@ 0x54
   88ccc:	4446      	add	r6, r8
   88cce:	2a07      	cmp	r2, #7
   88cd0:	e9cd 262f 	strd	r2, r6, [sp, #188]	@ 0xbc
   88cd4:	6023      	str	r3, [r4, #0]
   88cd6:	f8c4 8004 	str.w	r8, [r4, #4]
   88cda:	f300 85fe 	bgt.w	898da <_svfprintf_r+0x14ee>
   88cde:	3408      	adds	r4, #8
   88ce0:	e4d3      	b.n	8868a <_svfprintf_r+0x29e>
   88ce2:	4b6c      	ldr	r3, [pc, #432]	@ (88e94 <_svfprintf_r+0xaa8>)
   88ce4:	f1b8 0f10 	cmp.w	r8, #16
   88ce8:	9a2f      	ldr	r2, [sp, #188]	@ 0xbc
   88cea:	9315      	str	r3, [sp, #84]	@ 0x54
   88cec:	dd24      	ble.n	88d38 <_svfprintf_r+0x94c>
   88cee:	4621      	mov	r1, r4
   88cf0:	2310      	movs	r3, #16
   88cf2:	9c0a      	ldr	r4, [sp, #40]	@ 0x28
   88cf4:	e006      	b.n	88d04 <_svfprintf_r+0x918>
   88cf6:	f1a8 0810 	sub.w	r8, r8, #16
   88cfa:	f1b8 0f10 	cmp.w	r8, #16
   88cfe:	f101 0108 	add.w	r1, r1, #8
   88d02:	dd18      	ble.n	88d36 <_svfprintf_r+0x94a>
   88d04:	3201      	adds	r2, #1
   88d06:	4863      	ldr	r0, [pc, #396]	@ (88e94 <_svfprintf_r+0xaa8>)
   88d08:	3610      	adds	r6, #16
   88d0a:	2a07      	cmp	r2, #7
   88d0c:	e9c1 0300 	strd	r0, r3, [r1]
   88d10:	e9cd 262f 	strd	r2, r6, [sp, #188]	@ 0xbc
   88d14:	ddef      	ble.n	88cf6 <_svfprintf_r+0x90a>
   88d16:	4621      	mov	r1, r4
   88d18:	4658      	mov	r0, fp
   88d1a:	aa2e      	add	r2, sp, #184	@ 0xb8
   88d1c:	f001 fc8e 	bl	8a63c <__ssprint_r>
   88d20:	b9f8      	cbnz	r0, 88d62 <_svfprintf_r+0x976>
   88d22:	e9dd 262f 	ldrd	r2, r6, [sp, #188]	@ 0xbc
   88d26:	f1a8 0810 	sub.w	r8, r8, #16
   88d2a:	f1b8 0f10 	cmp.w	r8, #16
   88d2e:	f04f 0310 	mov.w	r3, #16
   88d32:	a931      	add	r1, sp, #196	@ 0xc4
   88d34:	dce6      	bgt.n	88d04 <_svfprintf_r+0x918>
   88d36:	460c      	mov	r4, r1
   88d38:	3201      	adds	r2, #1
   88d3a:	9b15      	ldr	r3, [sp, #84]	@ 0x54
   88d3c:	4446      	add	r6, r8
   88d3e:	2a07      	cmp	r2, #7
   88d40:	e9cd 262f 	strd	r2, r6, [sp, #188]	@ 0xbc
   88d44:	6023      	str	r3, [r4, #0]
   88d46:	f8c4 8004 	str.w	r8, [r4, #4]
   88d4a:	f300 8202 	bgt.w	89152 <_svfprintf_r+0xd66>
   88d4e:	3408      	adds	r4, #8
   88d50:	e4a3      	b.n	8869a <_svfprintf_r+0x2ae>
   88d52:	4658      	mov	r0, fp
   88d54:	990a      	ldr	r1, [sp, #40]	@ 0x28
   88d56:	aa2e      	add	r2, sp, #184	@ 0xb8
   88d58:	f001 fc70 	bl	8a63c <__ssprint_r>
   88d5c:	2800      	cmp	r0, #0
   88d5e:	f43f acc0 	beq.w	886e2 <_svfprintf_r+0x2f6>
   88d62:	9b0b      	ldr	r3, [sp, #44]	@ 0x2c
   88d64:	2b00      	cmp	r3, #0
   88d66:	f43f ac3d 	beq.w	885e4 <_svfprintf_r+0x1f8>
   88d6a:	4658      	mov	r0, fp
   88d6c:	990b      	ldr	r1, [sp, #44]	@ 0x2c
   88d6e:	f7fe fd79 	bl	87864 <_free_r>
   88d72:	9b0a      	ldr	r3, [sp, #40]	@ 0x28
   88d74:	899b      	ldrh	r3, [r3, #12]
   88d76:	f003 0340 	and.w	r3, r3, #64	@ 0x40
   88d7a:	e437      	b.n	885ec <_svfprintf_r+0x200>
   88d7c:	4616      	mov	r6, r2
   88d7e:	9a15      	ldr	r2, [sp, #84]	@ 0x54
   88d80:	3301      	adds	r3, #1
   88d82:	443e      	add	r6, r7
   88d84:	2b07      	cmp	r3, #7
   88d86:	6022      	str	r2, [r4, #0]
   88d88:	6067      	str	r7, [r4, #4]
   88d8a:	e9cd 362f 	strd	r3, r6, [sp, #188]	@ 0xbc
   88d8e:	f77f ac93 	ble.w	886b8 <_svfprintf_r+0x2cc>
   88d92:	4658      	mov	r0, fp
   88d94:	990a      	ldr	r1, [sp, #40]	@ 0x28
   88d96:	aa2e      	add	r2, sp, #184	@ 0xb8
   88d98:	f001 fc50 	bl	8a63c <__ssprint_r>
   88d9c:	2800      	cmp	r0, #0
   88d9e:	d1e0      	bne.n	88d62 <_svfprintf_r+0x976>
   88da0:	9e30      	ldr	r6, [sp, #192]	@ 0xc0
   88da2:	ac31      	add	r4, sp, #196	@ 0xc4
   88da4:	e489      	b.n	886ba <_svfprintf_r+0x2ce>
   88da6:	9b2f      	ldr	r3, [sp, #188]	@ 0xbc
   88da8:	3601      	adds	r6, #1
   88daa:	f103 0801 	add.w	r8, r3, #1
   88dae:	9b11      	ldr	r3, [sp, #68]	@ 0x44
   88db0:	f104 0908 	add.w	r9, r4, #8
   88db4:	2b01      	cmp	r3, #1
   88db6:	f340 813d 	ble.w	89034 <_svfprintf_r+0xc48>
   88dba:	2301      	movs	r3, #1
   88dbc:	f1b8 0f07 	cmp.w	r8, #7
   88dc0:	e9cd 862f 	strd	r8, r6, [sp, #188]	@ 0xbc
   88dc4:	6027      	str	r7, [r4, #0]
   88dc6:	6063      	str	r3, [r4, #4]
   88dc8:	f300 8262 	bgt.w	89290 <_svfprintf_r+0xea4>
   88dcc:	9b16      	ldr	r3, [sp, #88]	@ 0x58
   88dce:	f108 0801 	add.w	r8, r8, #1
   88dd2:	9a17      	ldr	r2, [sp, #92]	@ 0x5c
   88dd4:	441e      	add	r6, r3
   88dd6:	f1b8 0f07 	cmp.w	r8, #7
   88dda:	e9c9 2300 	strd	r2, r3, [r9]
   88dde:	e9cd 862f 	strd	r8, r6, [sp, #188]	@ 0xbc
   88de2:	f300 8248 	bgt.w	89276 <_svfprintf_r+0xe8a>
   88de6:	f109 0908 	add.w	r9, r9, #8
   88dea:	9b11      	ldr	r3, [sp, #68]	@ 0x44
   88dec:	2200      	movs	r2, #0
   88dee:	e9dd 0112 	ldrd	r0, r1, [sp, #72]	@ 0x48
   88df2:	1e5c      	subs	r4, r3, #1
   88df4:	2300      	movs	r3, #0
   88df6:	f7fc f8af 	bl	84f58 <__aeabi_dcmpeq>
   88dfa:	2800      	cmp	r0, #0
   88dfc:	f040 817e 	bne.w	890fc <_svfprintf_r+0xd10>
   88e00:	f108 0801 	add.w	r8, r8, #1
   88e04:	3701      	adds	r7, #1
   88e06:	4426      	add	r6, r4
   88e08:	f1b8 0f07 	cmp.w	r8, #7
   88e0c:	e9cd 862f 	strd	r8, r6, [sp, #188]	@ 0xbc
   88e10:	f8c9 7000 	str.w	r7, [r9]
   88e14:	f8c9 4004 	str.w	r4, [r9, #4]
   88e18:	f300 8119 	bgt.w	8904e <_svfprintf_r+0xc62>
   88e1c:	f109 0908 	add.w	r9, r9, #8
   88e20:	9a18      	ldr	r2, [sp, #96]	@ 0x60
   88e22:	f108 0301 	add.w	r3, r8, #1
   88e26:	4416      	add	r6, r2
   88e28:	f8c9 2004 	str.w	r2, [r9, #4]
   88e2c:	2b07      	cmp	r3, #7
   88e2e:	aa28      	add	r2, sp, #160	@ 0xa0
   88e30:	e9cd 362f 	strd	r3, r6, [sp, #188]	@ 0xbc
   88e34:	f8c9 2000 	str.w	r2, [r9]
   88e38:	dcab      	bgt.n	88d92 <_svfprintf_r+0x9a6>
   88e3a:	f109 0408 	add.w	r4, r9, #8
   88e3e:	e43c      	b.n	886ba <_svfprintf_r+0x2ce>
   88e40:	4658      	mov	r0, fp
   88e42:	990a      	ldr	r1, [sp, #40]	@ 0x28
   88e44:	aa2e      	add	r2, sp, #184	@ 0xb8
   88e46:	9315      	str	r3, [sp, #84]	@ 0x54
   88e48:	f001 fbf8 	bl	8a63c <__ssprint_r>
   88e4c:	2800      	cmp	r0, #0
   88e4e:	d188      	bne.n	88d62 <_svfprintf_r+0x976>
   88e50:	9e30      	ldr	r6, [sp, #192]	@ 0xc0
   88e52:	9b15      	ldr	r3, [sp, #84]	@ 0x54
   88e54:	ac31      	add	r4, sp, #196	@ 0xc4
   88e56:	e415      	b.n	88684 <_svfprintf_r+0x298>
   88e58:	4658      	mov	r0, fp
   88e5a:	990a      	ldr	r1, [sp, #40]	@ 0x28
   88e5c:	aa2e      	add	r2, sp, #184	@ 0xb8
   88e5e:	9315      	str	r3, [sp, #84]	@ 0x54
   88e60:	f001 fbec 	bl	8a63c <__ssprint_r>
   88e64:	2800      	cmp	r0, #0
   88e66:	f47f af7c 	bne.w	88d62 <_svfprintf_r+0x976>
   88e6a:	9e30      	ldr	r6, [sp, #192]	@ 0xc0
   88e6c:	9b15      	ldr	r3, [sp, #84]	@ 0x54
   88e6e:	ac31      	add	r4, sp, #196	@ 0xc4
   88e70:	f7ff bbf8 	b.w	88664 <_svfprintf_r+0x278>
   88e74:	2f10      	cmp	r7, #16
   88e76:	9b2f      	ldr	r3, [sp, #188]	@ 0xbc
   88e78:	f341 8194 	ble.w	8a1a4 <_svfprintf_r+0x1db8>
   88e7c:	4a06      	ldr	r2, [pc, #24]	@ (88e98 <_svfprintf_r+0xaac>)
   88e7e:	46aa      	mov	sl, r5
   88e80:	f04f 0810 	mov.w	r8, #16
   88e84:	4615      	mov	r5, r2
   88e86:	f8dd 9028 	ldr.w	r9, [sp, #40]	@ 0x28
   88e8a:	9215      	str	r2, [sp, #84]	@ 0x54
   88e8c:	e00b      	b.n	88ea6 <_svfprintf_r+0xaba>
   88e8e:	bf00      	nop
   88e90:	0008c714 	.word	0x0008c714
   88e94:	0008ca34 	.word	0x0008ca34
   88e98:	0008ca44 	.word	0x0008ca44
   88e9c:	3f10      	subs	r7, #16
   88e9e:	2f10      	cmp	r7, #16
   88ea0:	f104 0408 	add.w	r4, r4, #8
   88ea4:	dd15      	ble.n	88ed2 <_svfprintf_r+0xae6>
   88ea6:	3301      	adds	r3, #1
   88ea8:	3610      	adds	r6, #16
   88eaa:	2b07      	cmp	r3, #7
   88eac:	e9c4 5800 	strd	r5, r8, [r4]
   88eb0:	e9cd 362f 	strd	r3, r6, [sp, #188]	@ 0xbc
   88eb4:	ddf2      	ble.n	88e9c <_svfprintf_r+0xab0>
   88eb6:	4649      	mov	r1, r9
   88eb8:	4658      	mov	r0, fp
   88eba:	aa2e      	add	r2, sp, #184	@ 0xb8
   88ebc:	f001 fbbe 	bl	8a63c <__ssprint_r>
   88ec0:	2800      	cmp	r0, #0
   88ec2:	f47f af4e 	bne.w	88d62 <_svfprintf_r+0x976>
   88ec6:	e9dd 362f 	ldrd	r3, r6, [sp, #188]	@ 0xbc
   88eca:	3f10      	subs	r7, #16
   88ecc:	2f10      	cmp	r7, #16
   88ece:	ac31      	add	r4, sp, #196	@ 0xc4
   88ed0:	dce9      	bgt.n	88ea6 <_svfprintf_r+0xaba>
   88ed2:	4655      	mov	r5, sl
   88ed4:	3301      	adds	r3, #1
   88ed6:	9a15      	ldr	r2, [sp, #84]	@ 0x54
   88ed8:	443e      	add	r6, r7
   88eda:	2b07      	cmp	r3, #7
   88edc:	e9c4 2700 	strd	r2, r7, [r4]
   88ee0:	e9cd 362f 	strd	r3, r6, [sp, #188]	@ 0xbc
   88ee4:	f77f abf2 	ble.w	886cc <_svfprintf_r+0x2e0>
   88ee8:	4658      	mov	r0, fp
   88eea:	990a      	ldr	r1, [sp, #40]	@ 0x28
   88eec:	aa2e      	add	r2, sp, #184	@ 0xb8
   88eee:	f001 fba5 	bl	8a63c <__ssprint_r>
   88ef2:	2800      	cmp	r0, #0
   88ef4:	f47f af35 	bne.w	88d62 <_svfprintf_r+0x976>
   88ef8:	9e30      	ldr	r6, [sp, #192]	@ 0xc0
   88efa:	f7ff bbe7 	b.w	886cc <_svfprintf_r+0x2e0>
   88efe:	9925      	ldr	r1, [sp, #148]	@ 0x94
   88f00:	2900      	cmp	r1, #0
   88f02:	f340 844c 	ble.w	8979e <_svfprintf_r+0x13b2>
   88f06:	f8dd 903c 	ldr.w	r9, [sp, #60]	@ 0x3c
   88f0a:	9b11      	ldr	r3, [sp, #68]	@ 0x44
   88f0c:	4599      	cmp	r9, r3
   88f0e:	bfa8      	it	ge
   88f10:	4699      	movge	r9, r3
   88f12:	f1b9 0f00 	cmp.w	r9, #0
   88f16:	dd0a      	ble.n	88f2e <_svfprintf_r+0xb42>
   88f18:	9b2f      	ldr	r3, [sp, #188]	@ 0xbc
   88f1a:	444e      	add	r6, r9
   88f1c:	3301      	adds	r3, #1
   88f1e:	2b07      	cmp	r3, #7
   88f20:	e9c4 7900 	strd	r7, r9, [r4]
   88f24:	9630      	str	r6, [sp, #192]	@ 0xc0
   88f26:	932f      	str	r3, [sp, #188]	@ 0xbc
   88f28:	f300 878c 	bgt.w	89e44 <_svfprintf_r+0x1a58>
   88f2c:	3408      	adds	r4, #8
   88f2e:	f8dd 803c 	ldr.w	r8, [sp, #60]	@ 0x3c
   88f32:	f1b9 0f00 	cmp.w	r9, #0
   88f36:	bfa8      	it	ge
   88f38:	eba8 0809 	subge.w	r8, r8, r9
   88f3c:	f1b8 0f00 	cmp.w	r8, #0
   88f40:	f300 8328 	bgt.w	89594 <_svfprintf_r+0x11a8>
   88f44:	9b0f      	ldr	r3, [sp, #60]	@ 0x3c
   88f46:	f41a 6f80 	tst.w	sl, #1024	@ 0x400
   88f4a:	443b      	add	r3, r7
   88f4c:	f040 834b 	bne.w	895e6 <_svfprintf_r+0x11fa>
   88f50:	9a25      	ldr	r2, [sp, #148]	@ 0x94
   88f52:	9911      	ldr	r1, [sp, #68]	@ 0x44
   88f54:	428a      	cmp	r2, r1
   88f56:	db03      	blt.n	88f60 <_svfprintf_r+0xb74>
   88f58:	f01a 0f01 	tst.w	sl, #1
   88f5c:	f000 8632 	beq.w	89bc4 <_svfprintf_r+0x17d8>
   88f60:	9916      	ldr	r1, [sp, #88]	@ 0x58
   88f62:	9817      	ldr	r0, [sp, #92]	@ 0x5c
   88f64:	440e      	add	r6, r1
   88f66:	e9c4 0100 	strd	r0, r1, [r4]
   88f6a:	992f      	ldr	r1, [sp, #188]	@ 0xbc
   88f6c:	9630      	str	r6, [sp, #192]	@ 0xc0
   88f6e:	3101      	adds	r1, #1
   88f70:	2907      	cmp	r1, #7
   88f72:	912f      	str	r1, [sp, #188]	@ 0xbc
   88f74:	f301 8082 	bgt.w	8a07c <_svfprintf_r+0x1c90>
   88f78:	3408      	adds	r4, #8
   88f7a:	9911      	ldr	r1, [sp, #68]	@ 0x44
   88f7c:	eb07 0801 	add.w	r8, r7, r1
   88f80:	eba8 0803 	sub.w	r8, r8, r3
   88f84:	1a8f      	subs	r7, r1, r2
   88f86:	45b8      	cmp	r8, r7
   88f88:	bfa8      	it	ge
   88f8a:	46b8      	movge	r8, r7
   88f8c:	f1b8 0f00 	cmp.w	r8, #0
   88f90:	dd0b      	ble.n	88faa <_svfprintf_r+0xbbe>
   88f92:	6023      	str	r3, [r4, #0]
   88f94:	9b2f      	ldr	r3, [sp, #188]	@ 0xbc
   88f96:	4446      	add	r6, r8
   88f98:	3301      	adds	r3, #1
   88f9a:	2b07      	cmp	r3, #7
   88f9c:	f8c4 8004 	str.w	r8, [r4, #4]
   88fa0:	9630      	str	r6, [sp, #192]	@ 0xc0
   88fa2:	932f      	str	r3, [sp, #188]	@ 0xbc
   88fa4:	f301 80ef 	bgt.w	8a186 <_svfprintf_r+0x1d9a>
   88fa8:	3408      	adds	r4, #8
   88faa:	f1b8 0f00 	cmp.w	r8, #0
   88fae:	bfa8      	it	ge
   88fb0:	eba7 0708 	subge.w	r7, r7, r8
   88fb4:	2f00      	cmp	r7, #0
   88fb6:	f77f ab80 	ble.w	886ba <_svfprintf_r+0x2ce>
   88fba:	2f10      	cmp	r7, #16
   88fbc:	9b2f      	ldr	r3, [sp, #188]	@ 0xbc
   88fbe:	f341 8279 	ble.w	8a4b4 <_svfprintf_r+0x20c8>
   88fc2:	49c4      	ldr	r1, [pc, #784]	@ (892d4 <_svfprintf_r+0xee8>)
   88fc4:	4632      	mov	r2, r6
   88fc6:	f04f 0810 	mov.w	r8, #16
   88fca:	460e      	mov	r6, r1
   88fcc:	f8dd 9028 	ldr.w	r9, [sp, #40]	@ 0x28
   88fd0:	9115      	str	r1, [sp, #84]	@ 0x54
   88fd2:	e004      	b.n	88fde <_svfprintf_r+0xbf2>
   88fd4:	3408      	adds	r4, #8
   88fd6:	3f10      	subs	r7, #16
   88fd8:	2f10      	cmp	r7, #16
   88fda:	f77f aecf 	ble.w	88d7c <_svfprintf_r+0x990>
   88fde:	3301      	adds	r3, #1
   88fe0:	3210      	adds	r2, #16
   88fe2:	2b07      	cmp	r3, #7
   88fe4:	e9c4 6800 	strd	r6, r8, [r4]
   88fe8:	e9cd 322f 	strd	r3, r2, [sp, #188]	@ 0xbc
   88fec:	ddf2      	ble.n	88fd4 <_svfprintf_r+0xbe8>
   88fee:	4649      	mov	r1, r9
   88ff0:	4658      	mov	r0, fp
   88ff2:	aa2e      	add	r2, sp, #184	@ 0xb8
   88ff4:	f001 fb22 	bl	8a63c <__ssprint_r>
   88ff8:	2800      	cmp	r0, #0
   88ffa:	f47f aeb2 	bne.w	88d62 <_svfprintf_r+0x976>
   88ffe:	e9dd 322f 	ldrd	r3, r2, [sp, #188]	@ 0xbc
   89002:	ac31      	add	r4, sp, #196	@ 0xc4
   89004:	e7e7      	b.n	88fd6 <_svfprintf_r+0xbea>
   89006:	2a30      	cmp	r2, #48	@ 0x30
   89008:	f000 8453 	beq.w	898b2 <_svfprintf_r+0x14c6>
   8900c:	2330      	movs	r3, #48	@ 0x30
   8900e:	3802      	subs	r0, #2
   89010:	2200      	movs	r2, #0
   89012:	f807 3c01 	strb.w	r3, [r7, #-1]
   89016:	4607      	mov	r7, r0
   89018:	ab5a      	add	r3, sp, #360	@ 0x168
   8901a:	1a1b      	subs	r3, r3, r0
   8901c:	920b      	str	r2, [sp, #44]	@ 0x2c
   8901e:	930c      	str	r3, [sp, #48]	@ 0x30
   89020:	9907      	ldr	r1, [sp, #28]
   89022:	e9cd 220f 	strd	r2, r2, [sp, #60]	@ 0x3c
   89026:	4299      	cmp	r1, r3
   89028:	bfb8      	it	lt
   8902a:	4619      	movlt	r1, r3
   8902c:	9214      	str	r2, [sp, #80]	@ 0x50
   8902e:	9106      	str	r1, [sp, #24]
   89030:	f7ff baff 	b.w	88632 <_svfprintf_r+0x246>
   89034:	f01a 0f01 	tst.w	sl, #1
   89038:	f47f aebf 	bne.w	88dba <_svfprintf_r+0x9ce>
   8903c:	2301      	movs	r3, #1
   8903e:	f1b8 0f07 	cmp.w	r8, #7
   89042:	e9cd 862f 	strd	r8, r6, [sp, #188]	@ 0xbc
   89046:	6027      	str	r7, [r4, #0]
   89048:	6063      	str	r3, [r4, #4]
   8904a:	f77f aee9 	ble.w	88e20 <_svfprintf_r+0xa34>
   8904e:	4658      	mov	r0, fp
   89050:	990a      	ldr	r1, [sp, #40]	@ 0x28
   89052:	aa2e      	add	r2, sp, #184	@ 0xb8
   89054:	f001 faf2 	bl	8a63c <__ssprint_r>
   89058:	2800      	cmp	r0, #0
   8905a:	f47f ae82 	bne.w	88d62 <_svfprintf_r+0x976>
   8905e:	e9dd 862f 	ldrd	r8, r6, [sp, #188]	@ 0xbc
   89062:	f10d 09c4 	add.w	r9, sp, #196	@ 0xc4
   89066:	e6db      	b.n	88e20 <_svfprintf_r+0xa34>
   89068:	9a2f      	ldr	r2, [sp, #188]	@ 0xbc
   8906a:	f1b8 0f10 	cmp.w	r8, #16
   8906e:	f341 8052 	ble.w	8a116 <_svfprintf_r+0x1d2a>
   89072:	f8df c264 	ldr.w	ip, [pc, #612]	@ 892d8 <_svfprintf_r+0xeec>
   89076:	4620      	mov	r0, r4
   89078:	9520      	str	r5, [sp, #128]	@ 0x80
   8907a:	2610      	movs	r6, #16
   8907c:	4665      	mov	r5, ip
   8907e:	9c0a      	ldr	r4, [sp, #40]	@ 0x28
   89080:	f8cd c054 	str.w	ip, [sp, #84]	@ 0x54
   89084:	9321      	str	r3, [sp, #132]	@ 0x84
   89086:	e006      	b.n	89096 <_svfprintf_r+0xcaa>
   89088:	f1a8 0810 	sub.w	r8, r8, #16
   8908c:	f1b8 0f10 	cmp.w	r8, #16
   89090:	f100 0008 	add.w	r0, r0, #8
   89094:	dd17      	ble.n	890c6 <_svfprintf_r+0xcda>
   89096:	3201      	adds	r2, #1
   89098:	3110      	adds	r1, #16
   8909a:	2a07      	cmp	r2, #7
   8909c:	e9c0 5600 	strd	r5, r6, [r0]
   890a0:	e9cd 212f 	strd	r2, r1, [sp, #188]	@ 0xbc
   890a4:	ddf0      	ble.n	89088 <_svfprintf_r+0xc9c>
   890a6:	4621      	mov	r1, r4
   890a8:	4658      	mov	r0, fp
   890aa:	aa2e      	add	r2, sp, #184	@ 0xb8
   890ac:	f001 fac6 	bl	8a63c <__ssprint_r>
   890b0:	2800      	cmp	r0, #0
   890b2:	f47f ae56 	bne.w	88d62 <_svfprintf_r+0x976>
   890b6:	e9dd 212f 	ldrd	r2, r1, [sp, #188]	@ 0xbc
   890ba:	f1a8 0810 	sub.w	r8, r8, #16
   890be:	f1b8 0f10 	cmp.w	r8, #16
   890c2:	a831      	add	r0, sp, #196	@ 0xc4
   890c4:	dce7      	bgt.n	89096 <_svfprintf_r+0xcaa>
   890c6:	4604      	mov	r4, r0
   890c8:	9d20      	ldr	r5, [sp, #128]	@ 0x80
   890ca:	9b21      	ldr	r3, [sp, #132]	@ 0x84
   890cc:	9815      	ldr	r0, [sp, #84]	@ 0x54
   890ce:	eb08 0601 	add.w	r6, r8, r1
   890d2:	6020      	str	r0, [r4, #0]
   890d4:	1c50      	adds	r0, r2, #1
   890d6:	2807      	cmp	r0, #7
   890d8:	e9cd 062f 	strd	r0, r6, [sp, #188]	@ 0xbc
   890dc:	f8c4 8004 	str.w	r8, [r4, #4]
   890e0:	f300 8382 	bgt.w	897e8 <_svfprintf_r+0x13fc>
   890e4:	f89d 208f 	ldrb.w	r2, [sp, #143]	@ 0x8f
   890e8:	3408      	adds	r4, #8
   890ea:	2a00      	cmp	r2, #0
   890ec:	f040 80e2 	bne.w	892b4 <_svfprintf_r+0xec8>
   890f0:	2b00      	cmp	r3, #0
   890f2:	f43f aaca 	beq.w	8868a <_svfprintf_r+0x29e>
   890f6:	4613      	mov	r3, r2
   890f8:	f7ff bab8 	b.w	8866c <_svfprintf_r+0x280>
   890fc:	9b11      	ldr	r3, [sp, #68]	@ 0x44
   890fe:	2b01      	cmp	r3, #1
   89100:	f77f ae8e 	ble.w	88e20 <_svfprintf_r+0xa34>
   89104:	2b11      	cmp	r3, #17
   89106:	f341 825b 	ble.w	8a5c0 <_svfprintf_r+0x21d4>
   8910a:	4972      	ldr	r1, [pc, #456]	@ (892d4 <_svfprintf_r+0xee8>)
   8910c:	4632      	mov	r2, r6
   8910e:	4643      	mov	r3, r8
   89110:	2710      	movs	r7, #16
   89112:	460e      	mov	r6, r1
   89114:	f8dd 8028 	ldr.w	r8, [sp, #40]	@ 0x28
   89118:	9115      	str	r1, [sp, #84]	@ 0x54
   8911a:	e005      	b.n	89128 <_svfprintf_r+0xd3c>
   8911c:	f109 0908 	add.w	r9, r9, #8
   89120:	3c10      	subs	r4, #16
   89122:	2c10      	cmp	r4, #16
   89124:	f340 841d 	ble.w	89962 <_svfprintf_r+0x1576>
   89128:	3301      	adds	r3, #1
   8912a:	3210      	adds	r2, #16
   8912c:	2b07      	cmp	r3, #7
   8912e:	e9c9 6700 	strd	r6, r7, [r9]
   89132:	e9cd 322f 	strd	r3, r2, [sp, #188]	@ 0xbc
   89136:	ddf1      	ble.n	8911c <_svfprintf_r+0xd30>
   89138:	4641      	mov	r1, r8
   8913a:	4658      	mov	r0, fp
   8913c:	aa2e      	add	r2, sp, #184	@ 0xb8
   8913e:	f001 fa7d 	bl	8a63c <__ssprint_r>
   89142:	2800      	cmp	r0, #0
   89144:	f47f ae0d 	bne.w	88d62 <_svfprintf_r+0x976>
   89148:	e9dd 322f 	ldrd	r3, r2, [sp, #188]	@ 0xbc
   8914c:	f10d 09c4 	add.w	r9, sp, #196	@ 0xc4
   89150:	e7e6      	b.n	89120 <_svfprintf_r+0xd34>
   89152:	4658      	mov	r0, fp
   89154:	990a      	ldr	r1, [sp, #40]	@ 0x28
   89156:	aa2e      	add	r2, sp, #184	@ 0xb8
   89158:	f001 fa70 	bl	8a63c <__ssprint_r>
   8915c:	2800      	cmp	r0, #0
   8915e:	f47f ae00 	bne.w	88d62 <_svfprintf_r+0x976>
   89162:	9e30      	ldr	r6, [sp, #192]	@ 0xc0
   89164:	ac31      	add	r4, sp, #196	@ 0xc4
   89166:	f7ff ba98 	b.w	8869a <_svfprintf_r+0x2ae>
   8916a:	232d      	movs	r3, #45	@ 0x2d
   8916c:	f88d 308f 	strb.w	r3, [sp, #143]	@ 0x8f
   89170:	9b07      	ldr	r3, [sp, #28]
   89172:	4276      	negs	r6, r6
   89174:	eb68 0848 	sbc.w	r8, r8, r8, lsl #1
   89178:	2b00      	cmp	r3, #0
   8917a:	f6ff ac4b 	blt.w	88a14 <_svfprintf_r+0x628>
   8917e:	2e0a      	cmp	r6, #10
   89180:	f178 0300 	sbcs.w	r3, r8, #0
   89184:	f02a 0a80 	bic.w	sl, sl, #128	@ 0x80
   89188:	f4ff ac49 	bcc.w	88a1e <_svfprintf_r+0x632>
   8918c:	f40a 6380 	and.w	r3, sl, #1024	@ 0x400
   89190:	e9cd 490b 	strd	r4, r9, [sp, #44]	@ 0x2c
   89194:	f04f 0c00 	mov.w	ip, #0
   89198:	461c      	mov	r4, r3
   8919a:	f8dd 9068 	ldr.w	r9, [sp, #104]	@ 0x68
   8919e:	a95a      	add	r1, sp, #360	@ 0x168
   891a0:	9506      	str	r5, [sp, #24]
   891a2:	e026      	b.n	891f2 <_svfprintf_r+0xe06>
   891a4:	eb16 0308 	adds.w	r3, r6, r8
   891a8:	484c      	ldr	r0, [pc, #304]	@ (892dc <_svfprintf_r+0xef0>)
   891aa:	f143 0300 	adc.w	r3, r3, #0
   891ae:	fba0 2003 	umull	r2, r0, r0, r3
   891b2:	f020 0203 	bic.w	r2, r0, #3
   891b6:	eb02 0290 	add.w	r2, r2, r0, lsr #2
   891ba:	1a9b      	subs	r3, r3, r2
   891bc:	f04f 32cc 	mov.w	r2, #3435973836	@ 0xcccccccc
   891c0:	46b6      	mov	lr, r6
   891c2:	4645      	mov	r5, r8
   891c4:	1af3      	subs	r3, r6, r3
   891c6:	fb02 f203 	mul.w	r2, r2, r3
   891ca:	4844      	ldr	r0, [pc, #272]	@ (892dc <_svfprintf_r+0xef0>)
   891cc:	f168 0800 	sbc.w	r8, r8, #0
   891d0:	fb00 2208 	mla	r2, r0, r8, r2
   891d4:	fba3 6300 	umull	r6, r3, r3, r0
   891d8:	f1be 0f0a 	cmp.w	lr, #10
   891dc:	4413      	add	r3, r2
   891de:	ea4f 0656 	mov.w	r6, r6, lsr #1
   891e2:	f175 0500 	sbcs.w	r5, r5, #0
   891e6:	4639      	mov	r1, r7
   891e8:	ea46 76c3 	orr.w	r6, r6, r3, lsl #31
   891ec:	ea4f 0853 	mov.w	r8, r3, lsr #1
   891f0:	d32d      	bcc.n	8924e <_svfprintf_r+0xe62>
   891f2:	4d3a      	ldr	r5, [pc, #232]	@ (892dc <_svfprintf_r+0xef0>)
   891f4:	eb16 0308 	adds.w	r3, r6, r8
   891f8:	f143 0300 	adc.w	r3, r3, #0
   891fc:	fba5 2003 	umull	r2, r0, r5, r3
   89200:	f020 0203 	bic.w	r2, r0, #3
   89204:	eb02 0290 	add.w	r2, r2, r0, lsr #2
   89208:	1a9b      	subs	r3, r3, r2
   8920a:	1af3      	subs	r3, r6, r3
   8920c:	fba3 3205 	umull	r3, r2, r3, r5
   89210:	f168 0000 	sbc.w	r0, r8, #0
   89214:	fb05 2200 	mla	r2, r5, r0, r2
   89218:	085b      	lsrs	r3, r3, #1
   8921a:	ea43 73c2 	orr.w	r3, r3, r2, lsl #31
   8921e:	eb03 0383 	add.w	r3, r3, r3, lsl #2
   89222:	eba6 0343 	sub.w	r3, r6, r3, lsl #1
   89226:	3330      	adds	r3, #48	@ 0x30
   89228:	f10c 0c01 	add.w	ip, ip, #1
   8922c:	1e4f      	subs	r7, r1, #1
   8922e:	f801 3c01 	strb.w	r3, [r1, #-1]
   89232:	2c00      	cmp	r4, #0
   89234:	d0b6      	beq.n	891a4 <_svfprintf_r+0xdb8>
   89236:	f899 3000 	ldrb.w	r3, [r9]
   8923a:	4563      	cmp	r3, ip
   8923c:	d1b2      	bne.n	891a4 <_svfprintf_r+0xdb8>
   8923e:	f1bc 0fff 	cmp.w	ip, #255	@ 0xff
   89242:	d0af      	beq.n	891a4 <_svfprintf_r+0xdb8>
   89244:	2e0a      	cmp	r6, #10
   89246:	f178 0300 	sbcs.w	r3, r8, #0
   8924a:	f080 83ef 	bcs.w	89a2c <_svfprintf_r+0x1640>
   8924e:	9a07      	ldr	r2, [sp, #28]
   89250:	ab5a      	add	r3, sp, #360	@ 0x168
   89252:	1bdb      	subs	r3, r3, r7
   89254:	429a      	cmp	r2, r3
   89256:	bfb8      	it	lt
   89258:	461a      	movlt	r2, r3
   8925a:	9d06      	ldr	r5, [sp, #24]
   8925c:	f8cd 9068 	str.w	r9, [sp, #104]	@ 0x68
   89260:	9c0b      	ldr	r4, [sp, #44]	@ 0x2c
   89262:	f8dd 9030 	ldr.w	r9, [sp, #48]	@ 0x30
   89266:	f8cd c044 	str.w	ip, [sp, #68]	@ 0x44
   8926a:	930c      	str	r3, [sp, #48]	@ 0x30
   8926c:	9206      	str	r2, [sp, #24]
   8926e:	f89d 308f 	ldrb.w	r3, [sp, #143]	@ 0x8f
   89272:	f7ff bbe4 	b.w	88a3e <_svfprintf_r+0x652>
   89276:	4658      	mov	r0, fp
   89278:	990a      	ldr	r1, [sp, #40]	@ 0x28
   8927a:	aa2e      	add	r2, sp, #184	@ 0xb8
   8927c:	f001 f9de 	bl	8a63c <__ssprint_r>
   89280:	2800      	cmp	r0, #0
   89282:	f47f ad6e 	bne.w	88d62 <_svfprintf_r+0x976>
   89286:	e9dd 862f 	ldrd	r8, r6, [sp, #188]	@ 0xbc
   8928a:	f10d 09c4 	add.w	r9, sp, #196	@ 0xc4
   8928e:	e5ac      	b.n	88dea <_svfprintf_r+0x9fe>
   89290:	4658      	mov	r0, fp
   89292:	990a      	ldr	r1, [sp, #40]	@ 0x28
   89294:	aa2e      	add	r2, sp, #184	@ 0xb8
   89296:	f001 f9d1 	bl	8a63c <__ssprint_r>
   8929a:	2800      	cmp	r0, #0
   8929c:	f47f ad61 	bne.w	88d62 <_svfprintf_r+0x976>
   892a0:	e9dd 862f 	ldrd	r8, r6, [sp, #188]	@ 0xbc
   892a4:	f10d 09c4 	add.w	r9, sp, #196	@ 0xc4
   892a8:	e590      	b.n	88dcc <_svfprintf_r+0x9e0>
   892aa:	f01a 0f01 	tst.w	sl, #1
   892ae:	f43f aa04 	beq.w	886ba <_svfprintf_r+0x2ce>
   892b2:	e496      	b.n	88be2 <_svfprintf_r+0x7f6>
   892b4:	4698      	mov	r8, r3
   892b6:	2300      	movs	r3, #0
   892b8:	f7ff b9c7 	b.w	8864a <_svfprintf_r+0x25e>
   892bc:	9b0e      	ldr	r3, [sp, #56]	@ 0x38
   892be:	1d1a      	adds	r2, r3, #4
   892c0:	9b0e      	ldr	r3, [sp, #56]	@ 0x38
   892c2:	2100      	movs	r1, #0
   892c4:	681b      	ldr	r3, [r3, #0]
   892c6:	920e      	str	r2, [sp, #56]	@ 0x38
   892c8:	f7ff bb46 	b.w	88958 <_svfprintf_r+0x56c>
   892cc:	4651      	mov	r1, sl
   892ce:	f7ff bbed 	b.w	88aac <_svfprintf_r+0x6c0>
   892d2:	bf00      	nop
   892d4:	0008ca34 	.word	0x0008ca34
   892d8:	0008ca44 	.word	0x0008ca44
   892dc:	cccccccd 	.word	0xcccccccd
   892e0:	9b0e      	ldr	r3, [sp, #56]	@ 0x38
   892e2:	1d1a      	adds	r2, r3, #4
   892e4:	9b0e      	ldr	r3, [sp, #56]	@ 0x38
   892e6:	468a      	mov	sl, r1
   892e8:	681e      	ldr	r6, [r3, #0]
   892ea:	920e      	str	r2, [sp, #56]	@ 0x38
   892ec:	ea4f 78e6 	mov.w	r8, r6, asr #31
   892f0:	4643      	mov	r3, r8
   892f2:	f7ff bbe6 	b.w	88ac2 <_svfprintf_r+0x6d6>
   892f6:	9a0e      	ldr	r2, [sp, #56]	@ 0x38
   892f8:	f01a 0810 	ands.w	r8, sl, #16
   892fc:	f852 3b04 	ldr.w	r3, [r2], #4
   89300:	f041 816f 	bne.w	8a5e2 <_svfprintf_r+0x21f6>
   89304:	f01a 0140 	ands.w	r1, sl, #64	@ 0x40
   89308:	f000 833d 	beq.w	89986 <_svfprintf_r+0x159a>
   8930c:	b29e      	uxth	r6, r3
   8930e:	9b07      	ldr	r3, [sp, #28]
   89310:	f88d 808f 	strb.w	r8, [sp, #143]	@ 0x8f
   89314:	2b00      	cmp	r3, #0
   89316:	f6ff ab7c 	blt.w	88a12 <_svfprintf_r+0x626>
   8931a:	f02a 0a80 	bic.w	sl, sl, #128	@ 0x80
   8931e:	2e00      	cmp	r6, #0
   89320:	f47f ab77 	bne.w	88a12 <_svfprintf_r+0x626>
   89324:	9b07      	ldr	r3, [sp, #28]
   89326:	920e      	str	r2, [sp, #56]	@ 0x38
   89328:	2b00      	cmp	r3, #0
   8932a:	f47f abb3 	bne.w	88a94 <_svfprintf_r+0x6a8>
   8932e:	e9cd 330f 	strd	r3, r3, [sp, #60]	@ 0x3c
   89332:	930c      	str	r3, [sp, #48]	@ 0x30
   89334:	9314      	str	r3, [sp, #80]	@ 0x50
   89336:	9306      	str	r3, [sp, #24]
   89338:	930b      	str	r3, [sp, #44]	@ 0x2c
   8933a:	af5a      	add	r7, sp, #360	@ 0x168
   8933c:	f7ff b979 	b.w	88632 <_svfprintf_r+0x246>
   89340:	f01a 0f10 	tst.w	sl, #16
   89344:	f040 82d5 	bne.w	898f2 <_svfprintf_r+0x1506>
   89348:	f01a 0f40 	tst.w	sl, #64	@ 0x40
   8934c:	f040 849c 	bne.w	89c88 <_svfprintf_r+0x189c>
   89350:	f41a 7f00 	tst.w	sl, #512	@ 0x200
   89354:	f000 82cd 	beq.w	898f2 <_svfprintf_r+0x1506>
   89358:	9a0e      	ldr	r2, [sp, #56]	@ 0x38
   8935a:	9908      	ldr	r1, [sp, #32]
   8935c:	6812      	ldr	r2, [r2, #0]
   8935e:	7011      	strb	r1, [r2, #0]
   89360:	f7ff bbd5 	b.w	88b0e <_svfprintf_r+0x722>
   89364:	4650      	mov	r0, sl
   89366:	f7ff baee 	b.w	88946 <_svfprintf_r+0x55a>
   8936a:	e9dd 0112 	ldrd	r0, r1, [sp, #72]	@ 0x48
   8936e:	4602      	mov	r2, r0
   89370:	460b      	mov	r3, r1
   89372:	f7fb fe23 	bl	84fbc <__aeabi_dcmpun>
   89376:	4606      	mov	r6, r0
   89378:	2800      	cmp	r0, #0
   8937a:	f041 801d 	bne.w	8a3b8 <_svfprintf_r+0x1fcc>
   8937e:	f1b9 0f61 	cmp.w	r9, #97	@ 0x61
   89382:	f000 8599 	beq.w	89eb8 <_svfprintf_r+0x1acc>
   89386:	f1b9 0f41 	cmp.w	r9, #65	@ 0x41
   8938a:	f000 86cd 	beq.w	8a128 <_svfprintf_r+0x1d3c>
   8938e:	9b07      	ldr	r3, [sp, #28]
   89390:	3301      	adds	r3, #1
   89392:	f000 84c4 	beq.w	89d1e <_svfprintf_r+0x1932>
   89396:	f1b9 0f67 	cmp.w	r9, #103	@ 0x67
   8939a:	9b13      	ldr	r3, [sp, #76]	@ 0x4c
   8939c:	f44a 7880 	orr.w	r8, sl, #256	@ 0x100
   893a0:	f000 879c 	beq.w	8a2dc <_svfprintf_r+0x1ef0>
   893a4:	f1b9 0f47 	cmp.w	r9, #71	@ 0x47
   893a8:	f000 8798 	beq.w	8a2dc <_svfprintf_r+0x1ef0>
   893ac:	900b      	str	r0, [sp, #44]	@ 0x2c
   893ae:	e9dd 1212 	ldrd	r1, r2, [sp, #72]	@ 0x48
   893b2:	2a00      	cmp	r2, #0
   893b4:	4613      	mov	r3, r2
   893b6:	f2c0 8789 	blt.w	8a2cc <_svfprintf_r+0x1ee0>
   893ba:	2300      	movs	r3, #0
   893bc:	9315      	str	r3, [sp, #84]	@ 0x54
   893be:	e9dd 2312 	ldrd	r2, r3, [sp, #72]	@ 0x48
   893c2:	e9cd 231c 	strd	r2, r3, [sp, #112]	@ 0x70
   893c6:	f1a9 0341 	sub.w	r3, r9, #65	@ 0x41
   893ca:	2b25      	cmp	r3, #37	@ 0x25
   893cc:	f200 8415 	bhi.w	89bfa <_svfprintf_r+0x180e>
   893d0:	e8df f013 	tbh	[pc, r3, lsl #1]
   893d4:	0413073f 	.word	0x0413073f
   893d8:	04130413 	.word	0x04130413
   893dc:	051c04b0 	.word	0x051c04b0
   893e0:	04130413 	.word	0x04130413
   893e4:	04130413 	.word	0x04130413
   893e8:	04130413 	.word	0x04130413
   893ec:	04130413 	.word	0x04130413
   893f0:	04130413 	.word	0x04130413
   893f4:	04130413 	.word	0x04130413
   893f8:	04130413 	.word	0x04130413
   893fc:	04130413 	.word	0x04130413
   89400:	04130413 	.word	0x04130413
   89404:	04130413 	.word	0x04130413
   89408:	04130413 	.word	0x04130413
   8940c:	04130413 	.word	0x04130413
   89410:	04130413 	.word	0x04130413
   89414:	0413073f 	.word	0x0413073f
   89418:	04130413 	.word	0x04130413
   8941c:	051c04b0 	.word	0x051c04b0
   89420:	48b8      	ldr	r0, [pc, #736]	@ (89704 <_svfprintf_r+0x1318>)
   89422:	f01a 0620 	ands.w	r6, sl, #32
   89426:	f000 8175 	beq.w	89714 <_svfprintf_r+0x1328>
   8942a:	9b0e      	ldr	r3, [sp, #56]	@ 0x38
   8942c:	3307      	adds	r3, #7
   8942e:	f023 0307 	bic.w	r3, r3, #7
   89432:	461a      	mov	r2, r3
   89434:	685e      	ldr	r6, [r3, #4]
   89436:	f852 3b08 	ldr.w	r3, [r2], #8
   8943a:	920e      	str	r2, [sp, #56]	@ 0x38
   8943c:	f01a 0201 	ands.w	r2, sl, #1
   89440:	f000 8177 	beq.w	89732 <_svfprintf_r+0x1346>
   89444:	ea53 0206 	orrs.w	r2, r3, r6
   89448:	f000 81ed 	beq.w	89826 <_svfprintf_r+0x143a>
   8944c:	2230      	movs	r2, #48	@ 0x30
   8944e:	f88d 2090 	strb.w	r2, [sp, #144]	@ 0x90
   89452:	2200      	movs	r2, #0
   89454:	f88d 208f 	strb.w	r2, [sp, #143]	@ 0x8f
   89458:	9a07      	ldr	r2, [sp, #28]
   8945a:	f88d 9091 	strb.w	r9, [sp, #145]	@ 0x91
   8945e:	2a00      	cmp	r2, #0
   89460:	f2c0 8193 	blt.w	8978a <_svfprintf_r+0x139e>
   89464:	f42a 6290 	bic.w	r2, sl, #1152	@ 0x480
   89468:	f042 0a02 	orr.w	sl, r2, #2
   8946c:	f003 020f 	and.w	r2, r3, #15
   89470:	5c82      	ldrb	r2, [r0, r2]
   89472:	f00a 0102 	and.w	r1, sl, #2
   89476:	091b      	lsrs	r3, r3, #4
   89478:	ea43 7306 	orr.w	r3, r3, r6, lsl #28
   8947c:	f88d 2167 	strb.w	r2, [sp, #359]	@ 0x167
   89480:	0932      	lsrs	r2, r6, #4
   89482:	ea53 1616 	orrs.w	r6, r3, r6, lsr #4
   89486:	f20d 1767 	addw	r7, sp, #359	@ 0x167
   8948a:	d00b      	beq.n	894a4 <_svfprintf_r+0x10b8>
   8948c:	f003 060f 	and.w	r6, r3, #15
   89490:	5d86      	ldrb	r6, [r0, r6]
   89492:	091b      	lsrs	r3, r3, #4
   89494:	ea43 7302 	orr.w	r3, r3, r2, lsl #28
   89498:	0912      	lsrs	r2, r2, #4
   8949a:	f807 6d01 	strb.w	r6, [r7, #-1]!
   8949e:	ea53 0602 	orrs.w	r6, r3, r2
   894a2:	d1f3      	bne.n	8948c <_svfprintf_r+0x10a0>
   894a4:	9a07      	ldr	r2, [sp, #28]
   894a6:	ab5a      	add	r3, sp, #360	@ 0x168
   894a8:	f04f 0c00 	mov.w	ip, #0
   894ac:	1bdb      	subs	r3, r3, r7
   894ae:	429a      	cmp	r2, r3
   894b0:	bfb8      	it	lt
   894b2:	461a      	movlt	r2, r3
   894b4:	e9cd cc0f 	strd	ip, ip, [sp, #60]	@ 0x3c
   894b8:	930c      	str	r3, [sp, #48]	@ 0x30
   894ba:	9206      	str	r2, [sp, #24]
   894bc:	f8cd c02c 	str.w	ip, [sp, #44]	@ 0x2c
   894c0:	f8cd c050 	str.w	ip, [sp, #80]	@ 0x50
   894c4:	2900      	cmp	r1, #0
   894c6:	f43f a8b4 	beq.w	88632 <_svfprintf_r+0x246>
   894ca:	e9dd 062f 	ldrd	r0, r6, [sp, #188]	@ 0xbc
   894ce:	9b06      	ldr	r3, [sp, #24]
   894d0:	4631      	mov	r1, r6
   894d2:	3302      	adds	r3, #2
   894d4:	9306      	str	r3, [sp, #24]
   894d6:	f01a 0384 	ands.w	r3, sl, #132	@ 0x84
   894da:	4602      	mov	r2, r0
   894dc:	d108      	bne.n	894f0 <_svfprintf_r+0x1104>
   894de:	f8dd e024 	ldr.w	lr, [sp, #36]	@ 0x24
   894e2:	f8dd 8018 	ldr.w	r8, [sp, #24]
   894e6:	ebae 0808 	sub.w	r8, lr, r8
   894ea:	f1b8 0f00 	cmp.w	r8, #0
   894ee:	dc07      	bgt.n	89500 <_svfprintf_r+0x1114>
   894f0:	f1bc 0f00 	cmp.w	ip, #0
   894f4:	f43f a8ba 	beq.w	8866c <_svfprintf_r+0x280>
   894f8:	f04f 0802 	mov.w	r8, #2
   894fc:	f7ff b8a5 	b.w	8864a <_svfprintf_r+0x25e>
   89500:	2302      	movs	r3, #2
   89502:	e5b2      	b.n	8906a <_svfprintf_r+0xc7e>
   89504:	4880      	ldr	r0, [pc, #512]	@ (89708 <_svfprintf_r+0x131c>)
   89506:	e78c      	b.n	89422 <_svfprintf_r+0x1036>
   89508:	920e      	str	r2, [sp, #56]	@ 0x38
   8950a:	468a      	mov	sl, r1
   8950c:	f7ff ba82 	b.w	88a14 <_svfprintf_r+0x628>
   89510:	920e      	str	r2, [sp, #56]	@ 0x38
   89512:	4a7d      	ldr	r2, [pc, #500]	@ (89708 <_svfprintf_r+0x131c>)
   89514:	f003 070f 	and.w	r7, r3, #15
   89518:	4610      	mov	r0, r2
   8951a:	2102      	movs	r1, #2
   8951c:	f04f 0978 	mov.w	r9, #120	@ 0x78
   89520:	5dd2      	ldrb	r2, [r2, r7]
   89522:	f04a 0a02 	orr.w	sl, sl, #2
   89526:	e7a6      	b.n	89476 <_svfprintf_r+0x108a>
   89528:	9b0e      	ldr	r3, [sp, #56]	@ 0x38
   8952a:	af41      	add	r7, sp, #260	@ 0x104
   8952c:	681b      	ldr	r3, [r3, #0]
   8952e:	f88d 3104 	strb.w	r3, [sp, #260]	@ 0x104
   89532:	2301      	movs	r3, #1
   89534:	9306      	str	r3, [sp, #24]
   89536:	930c      	str	r3, [sp, #48]	@ 0x30
   89538:	f7ff b954 	b.w	887e4 <_svfprintf_r+0x3f8>
   8953c:	4658      	mov	r0, fp
   8953e:	990a      	ldr	r1, [sp, #40]	@ 0x28
   89540:	aa2e      	add	r2, sp, #184	@ 0xb8
   89542:	f001 f87b 	bl	8a63c <__ssprint_r>
   89546:	2800      	cmp	r0, #0
   89548:	f47f ac0b 	bne.w	88d62 <_svfprintf_r+0x976>
   8954c:	9e30      	ldr	r6, [sp, #192]	@ 0xc0
   8954e:	ac31      	add	r4, sp, #196	@ 0xc4
   89550:	f7ff bb54 	b.w	88bfc <_svfprintf_r+0x810>
   89554:	9b07      	ldr	r3, [sp, #28]
   89556:	463a      	mov	r2, r7
   89558:	2b06      	cmp	r3, #6
   8955a:	bf28      	it	cs
   8955c:	2306      	movcs	r3, #6
   8955e:	9707      	str	r7, [sp, #28]
   89560:	970b      	str	r7, [sp, #44]	@ 0x2c
   89562:	e9cd 220f 	strd	r2, r2, [sp, #60]	@ 0x3c
   89566:	4f69      	ldr	r7, [pc, #420]	@ (8970c <_svfprintf_r+0x1320>)
   89568:	9306      	str	r3, [sp, #24]
   8956a:	f8cd 8038 	str.w	r8, [sp, #56]	@ 0x38
   8956e:	930c      	str	r3, [sp, #48]	@ 0x30
   89570:	9214      	str	r2, [sp, #80]	@ 0x50
   89572:	f7ff b85e 	b.w	88632 <_svfprintf_r+0x246>
   89576:	2140      	movs	r1, #64	@ 0x40
   89578:	4658      	mov	r0, fp
   8957a:	f7fe fa6f 	bl	87a5c <_malloc_r>
   8957e:	9b0a      	ldr	r3, [sp, #40]	@ 0x28
   89580:	6018      	str	r0, [r3, #0]
   89582:	6118      	str	r0, [r3, #16]
   89584:	2800      	cmp	r0, #0
   89586:	f001 8051 	beq.w	8a62c <_svfprintf_r+0x2240>
   8958a:	2340      	movs	r3, #64	@ 0x40
   8958c:	9a0a      	ldr	r2, [sp, #40]	@ 0x28
   8958e:	6153      	str	r3, [r2, #20]
   89590:	f7fe bf48 	b.w	88424 <_svfprintf_r+0x38>
   89594:	f1b8 0f10 	cmp.w	r8, #16
   89598:	9b2f      	ldr	r3, [sp, #188]	@ 0xbc
   8959a:	f341 800d 	ble.w	8a5b8 <_svfprintf_r+0x21cc>
   8959e:	485c      	ldr	r0, [pc, #368]	@ (89710 <_svfprintf_r+0x1324>)
   895a0:	4622      	mov	r2, r4
   895a2:	4631      	mov	r1, r6
   895a4:	f04f 0910 	mov.w	r9, #16
   895a8:	4606      	mov	r6, r0
   895aa:	9c0a      	ldr	r4, [sp, #40]	@ 0x28
   895ac:	9015      	str	r0, [sp, #84]	@ 0x54
   895ae:	e006      	b.n	895be <_svfprintf_r+0x11d2>
   895b0:	3208      	adds	r2, #8
   895b2:	f1a8 0810 	sub.w	r8, r8, #16
   895b6:	f1b8 0f10 	cmp.w	r8, #16
   895ba:	f340 82bd 	ble.w	89b38 <_svfprintf_r+0x174c>
   895be:	3301      	adds	r3, #1
   895c0:	3110      	adds	r1, #16
   895c2:	2b07      	cmp	r3, #7
   895c4:	e9c2 6900 	strd	r6, r9, [r2]
   895c8:	e9cd 312f 	strd	r3, r1, [sp, #188]	@ 0xbc
   895cc:	ddf0      	ble.n	895b0 <_svfprintf_r+0x11c4>
   895ce:	4621      	mov	r1, r4
   895d0:	4658      	mov	r0, fp
   895d2:	aa2e      	add	r2, sp, #184	@ 0xb8
   895d4:	f001 f832 	bl	8a63c <__ssprint_r>
   895d8:	2800      	cmp	r0, #0
   895da:	f47f abc2 	bne.w	88d62 <_svfprintf_r+0x976>
   895de:	e9dd 312f 	ldrd	r3, r1, [sp, #188]	@ 0xbc
   895e2:	aa31      	add	r2, sp, #196	@ 0xc4
   895e4:	e7e5      	b.n	895b2 <_svfprintf_r+0x11c6>
   895e6:	9a11      	ldr	r2, [sp, #68]	@ 0x44
   895e8:	4631      	mov	r1, r6
   895ea:	18ba      	adds	r2, r7, r2
   895ec:	9207      	str	r2, [sp, #28]
   895ee:	4622      	mov	r2, r4
   895f0:	461c      	mov	r4, r3
   895f2:	9b10      	ldr	r3, [sp, #64]	@ 0x40
   895f4:	f8dd 8050 	ldr.w	r8, [sp, #80]	@ 0x50
   895f8:	2b00      	cmp	r3, #0
   895fa:	f8cd a054 	str.w	sl, [sp, #84]	@ 0x54
   895fe:	f8dd 9068 	ldr.w	r9, [sp, #104]	@ 0x68
   89602:	9e1b      	ldr	r6, [sp, #108]	@ 0x6c
   89604:	f8dd a028 	ldr.w	sl, [sp, #40]	@ 0x28
   89608:	950f      	str	r5, [sp, #60]	@ 0x3c
   8960a:	9714      	str	r7, [sp, #80]	@ 0x50
   8960c:	dd31      	ble.n	89672 <_svfprintf_r+0x1286>
   8960e:	f1b8 0f00 	cmp.w	r8, #0
   89612:	f340 8112 	ble.w	8983a <_svfprintf_r+0x144e>
   89616:	f108 38ff 	add.w	r8, r8, #4294967295	@ 0xffffffff
   8961a:	982f      	ldr	r0, [sp, #188]	@ 0xbc
   8961c:	9b19      	ldr	r3, [sp, #100]	@ 0x64
   8961e:	3001      	adds	r0, #1
   89620:	4431      	add	r1, r6
   89622:	2807      	cmp	r0, #7
   89624:	e9c2 3600 	strd	r3, r6, [r2]
   89628:	9130      	str	r1, [sp, #192]	@ 0xc0
   8962a:	902f      	str	r0, [sp, #188]	@ 0xbc
   8962c:	f300 80a2 	bgt.w	89774 <_svfprintf_r+0x1388>
   89630:	3208      	adds	r2, #8
   89632:	9b07      	ldr	r3, [sp, #28]
   89634:	f899 0000 	ldrb.w	r0, [r9]
   89638:	1b1f      	subs	r7, r3, r4
   8963a:	4287      	cmp	r7, r0
   8963c:	bfa8      	it	ge
   8963e:	4607      	movge	r7, r0
   89640:	2f00      	cmp	r7, #0
   89642:	dd0c      	ble.n	8965e <_svfprintf_r+0x1272>
   89644:	982f      	ldr	r0, [sp, #188]	@ 0xbc
   89646:	4439      	add	r1, r7
   89648:	3001      	adds	r0, #1
   8964a:	2807      	cmp	r0, #7
   8964c:	e9c2 4700 	strd	r4, r7, [r2]
   89650:	9130      	str	r1, [sp, #192]	@ 0xc0
   89652:	902f      	str	r0, [sp, #188]	@ 0xbc
   89654:	f300 8134 	bgt.w	898c0 <_svfprintf_r+0x14d4>
   89658:	f899 0000 	ldrb.w	r0, [r9]
   8965c:	3208      	adds	r2, #8
   8965e:	2f00      	cmp	r7, #0
   89660:	bfb4      	ite	lt
   89662:	4605      	movlt	r5, r0
   89664:	1bc5      	subge	r5, r0, r7
   89666:	2d00      	cmp	r5, #0
   89668:	dc15      	bgt.n	89696 <_svfprintf_r+0x12aa>
   8966a:	4404      	add	r4, r0
   8966c:	9b10      	ldr	r3, [sp, #64]	@ 0x40
   8966e:	2b00      	cmp	r3, #0
   89670:	dccd      	bgt.n	8960e <_svfprintf_r+0x1222>
   89672:	f1b8 0f00 	cmp.w	r8, #0
   89676:	dcce      	bgt.n	89616 <_svfprintf_r+0x122a>
   89678:	4623      	mov	r3, r4
   8967a:	9f14      	ldr	r7, [sp, #80]	@ 0x50
   8967c:	4614      	mov	r4, r2
   8967e:	9a11      	ldr	r2, [sp, #68]	@ 0x44
   89680:	460e      	mov	r6, r1
   89682:	18ba      	adds	r2, r7, r2
   89684:	4293      	cmp	r3, r2
   89686:	bf28      	it	cs
   89688:	4613      	movcs	r3, r2
   8968a:	9d0f      	ldr	r5, [sp, #60]	@ 0x3c
   8968c:	f8dd a054 	ldr.w	sl, [sp, #84]	@ 0x54
   89690:	f8cd 9068 	str.w	r9, [sp, #104]	@ 0x68
   89694:	e45c      	b.n	88f50 <_svfprintf_r+0xb64>
   89696:	2d10      	cmp	r5, #16
   89698:	982f      	ldr	r0, [sp, #188]	@ 0xbc
   8969a:	4b1d      	ldr	r3, [pc, #116]	@ (89710 <_svfprintf_r+0x1324>)
   8969c:	dd23      	ble.n	896e6 <_svfprintf_r+0x12fa>
   8969e:	940c      	str	r4, [sp, #48]	@ 0x30
   896a0:	2710      	movs	r7, #16
   896a2:	462c      	mov	r4, r5
   896a4:	461d      	mov	r5, r3
   896a6:	e004      	b.n	896b2 <_svfprintf_r+0x12c6>
   896a8:	3c10      	subs	r4, #16
   896aa:	2c10      	cmp	r4, #16
   896ac:	f102 0208 	add.w	r2, r2, #8
   896b0:	dd16      	ble.n	896e0 <_svfprintf_r+0x12f4>
   896b2:	3001      	adds	r0, #1
   896b4:	4b16      	ldr	r3, [pc, #88]	@ (89710 <_svfprintf_r+0x1324>)
   896b6:	3110      	adds	r1, #16
   896b8:	2807      	cmp	r0, #7
   896ba:	e9c2 3700 	strd	r3, r7, [r2]
   896be:	e9cd 012f 	strd	r0, r1, [sp, #188]	@ 0xbc
   896c2:	ddf1      	ble.n	896a8 <_svfprintf_r+0x12bc>
   896c4:	4651      	mov	r1, sl
   896c6:	4658      	mov	r0, fp
   896c8:	aa2e      	add	r2, sp, #184	@ 0xb8
   896ca:	f000 ffb7 	bl	8a63c <__ssprint_r>
   896ce:	2800      	cmp	r0, #0
   896d0:	f47f ab47 	bne.w	88d62 <_svfprintf_r+0x976>
   896d4:	e9dd 012f 	ldrd	r0, r1, [sp, #188]	@ 0xbc
   896d8:	3c10      	subs	r4, #16
   896da:	2c10      	cmp	r4, #16
   896dc:	aa31      	add	r2, sp, #196	@ 0xc4
   896de:	dce8      	bgt.n	896b2 <_svfprintf_r+0x12c6>
   896e0:	462b      	mov	r3, r5
   896e2:	4625      	mov	r5, r4
   896e4:	9c0c      	ldr	r4, [sp, #48]	@ 0x30
   896e6:	3001      	adds	r0, #1
   896e8:	4429      	add	r1, r5
   896ea:	2807      	cmp	r0, #7
   896ec:	e9cd 012f 	strd	r0, r1, [sp, #188]	@ 0xbc
   896f0:	6013      	str	r3, [r2, #0]
   896f2:	6055      	str	r5, [r2, #4]
   896f4:	f300 8398 	bgt.w	89e28 <_svfprintf_r+0x1a3c>
   896f8:	f899 0000 	ldrb.w	r0, [r9]
   896fc:	3208      	adds	r2, #8
   896fe:	4404      	add	r4, r0
   89700:	e7b4      	b.n	8966c <_svfprintf_r+0x1280>
   89702:	bf00      	nop
   89704:	0008c68c 	.word	0x0008c68c
   89708:	0008c6a0 	.word	0x0008c6a0
   8970c:	0008c6b4 	.word	0x0008c6b4
   89710:	0008ca34 	.word	0x0008ca34
   89714:	9a0e      	ldr	r2, [sp, #56]	@ 0x38
   89716:	f852 3b04 	ldr.w	r3, [r2], #4
   8971a:	920e      	str	r2, [sp, #56]	@ 0x38
   8971c:	f01a 0210 	ands.w	r2, sl, #16
   89720:	f47f ae8c 	bne.w	8943c <_svfprintf_r+0x1050>
   89724:	f01a 0140 	ands.w	r1, sl, #64	@ 0x40
   89728:	f000 814d 	beq.w	899c6 <_svfprintf_r+0x15da>
   8972c:	4616      	mov	r6, r2
   8972e:	b29b      	uxth	r3, r3
   89730:	e684      	b.n	8943c <_svfprintf_r+0x1050>
   89732:	f88d 208f 	strb.w	r2, [sp, #143]	@ 0x8f
   89736:	9a07      	ldr	r2, [sp, #28]
   89738:	2a00      	cmp	r2, #0
   8973a:	db28      	blt.n	8978e <_svfprintf_r+0x13a2>
   8973c:	ea53 0206 	orrs.w	r2, r3, r6
   89740:	f42a 6a90 	bic.w	sl, sl, #1152	@ 0x480
   89744:	f47f ae92 	bne.w	8946c <_svfprintf_r+0x1080>
   89748:	9a07      	ldr	r2, [sp, #28]
   8974a:	2a00      	cmp	r2, #0
   8974c:	f000 80e0 	beq.w	89910 <_svfprintf_r+0x1524>
   89750:	2a01      	cmp	r2, #1
   89752:	bfb8      	it	lt
   89754:	2201      	movlt	r2, #1
   89756:	7803      	ldrb	r3, [r0, #0]
   89758:	9206      	str	r2, [sp, #24]
   8975a:	f88d 3167 	strb.w	r3, [sp, #359]	@ 0x167
   8975e:	2201      	movs	r2, #1
   89760:	2300      	movs	r3, #0
   89762:	920c      	str	r2, [sp, #48]	@ 0x30
   89764:	e9cd 330f 	strd	r3, r3, [sp, #60]	@ 0x3c
   89768:	930b      	str	r3, [sp, #44]	@ 0x2c
   8976a:	f20d 1767 	addw	r7, sp, #359	@ 0x167
   8976e:	9314      	str	r3, [sp, #80]	@ 0x50
   89770:	f7fe bf5f 	b.w	88632 <_svfprintf_r+0x246>
   89774:	4651      	mov	r1, sl
   89776:	4658      	mov	r0, fp
   89778:	aa2e      	add	r2, sp, #184	@ 0xb8
   8977a:	f000 ff5f 	bl	8a63c <__ssprint_r>
   8977e:	2800      	cmp	r0, #0
   89780:	f47f aaef 	bne.w	88d62 <_svfprintf_r+0x976>
   89784:	9930      	ldr	r1, [sp, #192]	@ 0xc0
   89786:	aa31      	add	r2, sp, #196	@ 0xc4
   89788:	e753      	b.n	89632 <_svfprintf_r+0x1246>
   8978a:	f04a 0a02 	orr.w	sl, sl, #2
   8978e:	f003 020f 	and.w	r2, r3, #15
   89792:	f00a 0102 	and.w	r1, sl, #2
   89796:	5c82      	ldrb	r2, [r0, r2]
   89798:	f42a 6a80 	bic.w	sl, sl, #1024	@ 0x400
   8979c:	e66b      	b.n	89476 <_svfprintf_r+0x108a>
   8979e:	2301      	movs	r3, #1
   897a0:	6063      	str	r3, [r4, #4]
   897a2:	9b2f      	ldr	r3, [sp, #188]	@ 0xbc
   897a4:	4a9e      	ldr	r2, [pc, #632]	@ (89a20 <_svfprintf_r+0x1634>)
   897a6:	3301      	adds	r3, #1
   897a8:	3601      	adds	r6, #1
   897aa:	2b07      	cmp	r3, #7
   897ac:	9630      	str	r6, [sp, #192]	@ 0xc0
   897ae:	932f      	str	r3, [sp, #188]	@ 0xbc
   897b0:	6022      	str	r2, [r4, #0]
   897b2:	f300 81e1 	bgt.w	89b78 <_svfprintf_r+0x178c>
   897b6:	3408      	adds	r4, #8
   897b8:	2900      	cmp	r1, #0
   897ba:	f040 80ab 	bne.w	89914 <_svfprintf_r+0x1528>
   897be:	9a11      	ldr	r2, [sp, #68]	@ 0x44
   897c0:	f00a 0301 	and.w	r3, sl, #1
   897c4:	4313      	orrs	r3, r2
   897c6:	f43e af78 	beq.w	886ba <_svfprintf_r+0x2ce>
   897ca:	9b16      	ldr	r3, [sp, #88]	@ 0x58
   897cc:	9a17      	ldr	r2, [sp, #92]	@ 0x5c
   897ce:	441e      	add	r6, r3
   897d0:	e9c4 2300 	strd	r2, r3, [r4]
   897d4:	9b2f      	ldr	r3, [sp, #188]	@ 0xbc
   897d6:	9630      	str	r6, [sp, #192]	@ 0xc0
   897d8:	3301      	adds	r3, #1
   897da:	2b07      	cmp	r3, #7
   897dc:	932f      	str	r3, [sp, #188]	@ 0xbc
   897de:	f300 8291 	bgt.w	89d04 <_svfprintf_r+0x1918>
   897e2:	f104 0208 	add.w	r2, r4, #8
   897e6:	e0a6      	b.n	89936 <_svfprintf_r+0x154a>
   897e8:	4658      	mov	r0, fp
   897ea:	990a      	ldr	r1, [sp, #40]	@ 0x28
   897ec:	aa2e      	add	r2, sp, #184	@ 0xb8
   897ee:	9315      	str	r3, [sp, #84]	@ 0x54
   897f0:	f000 ff24 	bl	8a63c <__ssprint_r>
   897f4:	2800      	cmp	r0, #0
   897f6:	f47f aab4 	bne.w	88d62 <_svfprintf_r+0x976>
   897fa:	f89d 208f 	ldrb.w	r2, [sp, #143]	@ 0x8f
   897fe:	9e30      	ldr	r6, [sp, #192]	@ 0xc0
   89800:	9b15      	ldr	r3, [sp, #84]	@ 0x54
   89802:	2a00      	cmp	r2, #0
   89804:	f000 80a5 	beq.w	89952 <_svfprintf_r+0x1566>
   89808:	4698      	mov	r8, r3
   8980a:	ac31      	add	r4, sp, #196	@ 0xc4
   8980c:	4603      	mov	r3, r0
   8980e:	982f      	ldr	r0, [sp, #188]	@ 0xbc
   89810:	f7fe bf1b 	b.w	8864a <_svfprintf_r+0x25e>
   89814:	9b07      	ldr	r3, [sp, #28]
   89816:	af5a      	add	r7, sp, #360	@ 0x168
   89818:	e9cd 330f 	strd	r3, r3, [sp, #60]	@ 0x3c
   8981c:	930c      	str	r3, [sp, #48]	@ 0x30
   8981e:	9314      	str	r3, [sp, #80]	@ 0x50
   89820:	930b      	str	r3, [sp, #44]	@ 0x2c
   89822:	f7fe bf06 	b.w	88632 <_svfprintf_r+0x246>
   89826:	2100      	movs	r1, #0
   89828:	9b07      	ldr	r3, [sp, #28]
   8982a:	f88d 108f 	strb.w	r1, [sp, #143]	@ 0x8f
   8982e:	428b      	cmp	r3, r1
   89830:	f2c0 80ee 	blt.w	89a10 <_svfprintf_r+0x1624>
   89834:	f42a 6a90 	bic.w	sl, sl, #1152	@ 0x480
   89838:	e786      	b.n	89748 <_svfprintf_r+0x135c>
   8983a:	9b10      	ldr	r3, [sp, #64]	@ 0x40
   8983c:	f109 39ff 	add.w	r9, r9, #4294967295	@ 0xffffffff
   89840:	3b01      	subs	r3, #1
   89842:	9310      	str	r3, [sp, #64]	@ 0x40
   89844:	e6e9      	b.n	8961a <_svfprintf_r+0x122e>
   89846:	4658      	mov	r0, fp
   89848:	990a      	ldr	r1, [sp, #40]	@ 0x28
   8984a:	aa2e      	add	r2, sp, #184	@ 0xb8
   8984c:	f000 fef6 	bl	8a63c <__ssprint_r>
   89850:	2800      	cmp	r0, #0
   89852:	f47f aa86 	bne.w	88d62 <_svfprintf_r+0x976>
   89856:	9e30      	ldr	r6, [sp, #192]	@ 0xc0
   89858:	ac31      	add	r4, sp, #196	@ 0xc4
   8985a:	f7ff b9bd 	b.w	88bd8 <_svfprintf_r+0x7ec>
   8985e:	2208      	movs	r2, #8
   89860:	2100      	movs	r1, #0
   89862:	a82c      	add	r0, sp, #176	@ 0xb0
   89864:	9727      	str	r7, [sp, #156]	@ 0x9c
   89866:	f7fd fd95 	bl	87394 <memset>
   8986a:	9b07      	ldr	r3, [sp, #28]
   8986c:	2b00      	cmp	r3, #0
   8986e:	f2c0 8128 	blt.w	89ac2 <_svfprintf_r+0x16d6>
   89872:	2600      	movs	r6, #0
   89874:	9506      	str	r5, [sp, #24]
   89876:	f8cd 802c 	str.w	r8, [sp, #44]	@ 0x2c
   8987a:	4635      	mov	r5, r6
   8987c:	4698      	mov	r8, r3
   8987e:	e00f      	b.n	898a0 <_svfprintf_r+0x14b4>
   89880:	ab2c      	add	r3, sp, #176	@ 0xb0
   89882:	4658      	mov	r0, fp
   89884:	a941      	add	r1, sp, #260	@ 0x104
   89886:	f7fe fd7f 	bl	88388 <_wcrtomb_r>
   8988a:	1c43      	adds	r3, r0, #1
   8988c:	f106 0604 	add.w	r6, r6, #4
   89890:	4428      	add	r0, r5
   89892:	f000 8542 	beq.w	8a31a <_svfprintf_r+0x1f2e>
   89896:	4540      	cmp	r0, r8
   89898:	dc06      	bgt.n	898a8 <_svfprintf_r+0x14bc>
   8989a:	f000 85a8 	beq.w	8a3ee <_svfprintf_r+0x2002>
   8989e:	4605      	mov	r5, r0
   898a0:	9b27      	ldr	r3, [sp, #156]	@ 0x9c
   898a2:	599a      	ldr	r2, [r3, r6]
   898a4:	2a00      	cmp	r2, #0
   898a6:	d1eb      	bne.n	89880 <_svfprintf_r+0x1494>
   898a8:	950c      	str	r5, [sp, #48]	@ 0x30
   898aa:	f8dd 802c 	ldr.w	r8, [sp, #44]	@ 0x2c
   898ae:	9d06      	ldr	r5, [sp, #24]
   898b0:	e115      	b.n	89ade <_svfprintf_r+0x16f2>
   898b2:	2200      	movs	r2, #0
   898b4:	ab5a      	add	r3, sp, #360	@ 0x168
   898b6:	1bdb      	subs	r3, r3, r7
   898b8:	920b      	str	r2, [sp, #44]	@ 0x2c
   898ba:	930c      	str	r3, [sp, #48]	@ 0x30
   898bc:	f7ff bbb0 	b.w	89020 <_svfprintf_r+0xc34>
   898c0:	4651      	mov	r1, sl
   898c2:	4658      	mov	r0, fp
   898c4:	aa2e      	add	r2, sp, #184	@ 0xb8
   898c6:	f000 feb9 	bl	8a63c <__ssprint_r>
   898ca:	2800      	cmp	r0, #0
   898cc:	f47f aa49 	bne.w	88d62 <_svfprintf_r+0x976>
   898d0:	f899 0000 	ldrb.w	r0, [r9]
   898d4:	9930      	ldr	r1, [sp, #192]	@ 0xc0
   898d6:	aa31      	add	r2, sp, #196	@ 0xc4
   898d8:	e6c1      	b.n	8965e <_svfprintf_r+0x1272>
   898da:	4658      	mov	r0, fp
   898dc:	990a      	ldr	r1, [sp, #40]	@ 0x28
   898de:	aa2e      	add	r2, sp, #184	@ 0xb8
   898e0:	f000 feac 	bl	8a63c <__ssprint_r>
   898e4:	2800      	cmp	r0, #0
   898e6:	f47f aa3c 	bne.w	88d62 <_svfprintf_r+0x976>
   898ea:	9e30      	ldr	r6, [sp, #192]	@ 0xc0
   898ec:	ac31      	add	r4, sp, #196	@ 0xc4
   898ee:	f7fe becc 	b.w	8868a <_svfprintf_r+0x29e>
   898f2:	9a0e      	ldr	r2, [sp, #56]	@ 0x38
   898f4:	9908      	ldr	r1, [sp, #32]
   898f6:	6812      	ldr	r2, [r2, #0]
   898f8:	6011      	str	r1, [r2, #0]
   898fa:	f7ff b908 	b.w	88b0e <_svfprintf_r+0x722>
   898fe:	4849      	ldr	r0, [pc, #292]	@ (89a24 <_svfprintf_r+0x1638>)
   89900:	920e      	str	r2, [sp, #56]	@ 0x38
   89902:	f001 020f 	and.w	r2, r1, #15
   89906:	f04f 0978 	mov.w	r9, #120	@ 0x78
   8990a:	2102      	movs	r1, #2
   8990c:	5c82      	ldrb	r2, [r0, r2]
   8990e:	e5b2      	b.n	89476 <_svfprintf_r+0x108a>
   89910:	9b07      	ldr	r3, [sp, #28]
   89912:	e50c      	b.n	8932e <_svfprintf_r+0xf42>
   89914:	9b16      	ldr	r3, [sp, #88]	@ 0x58
   89916:	9a17      	ldr	r2, [sp, #92]	@ 0x5c
   89918:	441e      	add	r6, r3
   8991a:	e9c4 2300 	strd	r2, r3, [r4]
   8991e:	9b2f      	ldr	r3, [sp, #188]	@ 0xbc
   89920:	9630      	str	r6, [sp, #192]	@ 0xc0
   89922:	3301      	adds	r3, #1
   89924:	2b07      	cmp	r3, #7
   89926:	932f      	str	r3, [sp, #188]	@ 0xbc
   89928:	f300 81ec 	bgt.w	89d04 <_svfprintf_r+0x1918>
   8992c:	f104 0208 	add.w	r2, r4, #8
   89930:	2900      	cmp	r1, #0
   89932:	f2c0 843b 	blt.w	8a1ac <_svfprintf_r+0x1dc0>
   89936:	9911      	ldr	r1, [sp, #68]	@ 0x44
   89938:	3301      	adds	r3, #1
   8993a:	440e      	add	r6, r1
   8993c:	2b07      	cmp	r3, #7
   8993e:	e9cd 362f 	strd	r3, r6, [sp, #188]	@ 0xbc
   89942:	6017      	str	r7, [r2, #0]
   89944:	6051      	str	r1, [r2, #4]
   89946:	f73f aa24 	bgt.w	88d92 <_svfprintf_r+0x9a6>
   8994a:	f102 0408 	add.w	r4, r2, #8
   8994e:	f7fe beb4 	b.w	886ba <_svfprintf_r+0x2ce>
   89952:	2b00      	cmp	r3, #0
   89954:	f000 8140 	beq.w	89bd8 <_svfprintf_r+0x17ec>
   89958:	4613      	mov	r3, r2
   8995a:	982f      	ldr	r0, [sp, #188]	@ 0xbc
   8995c:	ac31      	add	r4, sp, #196	@ 0xc4
   8995e:	f7fe be85 	b.w	8866c <_svfprintf_r+0x280>
   89962:	4616      	mov	r6, r2
   89964:	4698      	mov	r8, r3
   89966:	f108 0801 	add.w	r8, r8, #1
   8996a:	9b15      	ldr	r3, [sp, #84]	@ 0x54
   8996c:	4426      	add	r6, r4
   8996e:	f1b8 0f07 	cmp.w	r8, #7
   89972:	e9cd 862f 	strd	r8, r6, [sp, #188]	@ 0xbc
   89976:	f8c9 3000 	str.w	r3, [r9]
   8997a:	f8c9 4004 	str.w	r4, [r9, #4]
   8997e:	f77f aa4d 	ble.w	88e1c <_svfprintf_r+0xa30>
   89982:	f7ff bb64 	b.w	8904e <_svfprintf_r+0xc62>
   89986:	f41a 7800 	ands.w	r8, sl, #512	@ 0x200
   8998a:	f040 8128 	bne.w	89bde <_svfprintf_r+0x17f2>
   8998e:	9907      	ldr	r1, [sp, #28]
   89990:	461e      	mov	r6, r3
   89992:	2900      	cmp	r1, #0
   89994:	f88d 808f 	strb.w	r8, [sp, #143]	@ 0x8f
   89998:	f6ff a83b 	blt.w	88a12 <_svfprintf_r+0x626>
   8999c:	f02a 0a80 	bic.w	sl, sl, #128	@ 0x80
   899a0:	2b00      	cmp	r3, #0
   899a2:	f47f a836 	bne.w	88a12 <_svfprintf_r+0x626>
   899a6:	460b      	mov	r3, r1
   899a8:	920e      	str	r2, [sp, #56]	@ 0x38
   899aa:	2900      	cmp	r1, #0
   899ac:	f47f a872 	bne.w	88a94 <_svfprintf_r+0x6a8>
   899b0:	e4bd      	b.n	8932e <_svfprintf_r+0xf42>
   899b2:	f41a 7100 	ands.w	r1, sl, #512	@ 0x200
   899b6:	f000 811c 	beq.w	89bf2 <_svfprintf_r+0x1806>
   899ba:	4601      	mov	r1, r0
   899bc:	920e      	str	r2, [sp, #56]	@ 0x38
   899be:	4650      	mov	r0, sl
   899c0:	b2db      	uxtb	r3, r3
   899c2:	f7fe bfc9 	b.w	88958 <_svfprintf_r+0x56c>
   899c6:	f41a 7600 	ands.w	r6, sl, #512	@ 0x200
   899ca:	bf1c      	itt	ne
   899cc:	460e      	movne	r6, r1
   899ce:	b2db      	uxtbne	r3, r3
   899d0:	e534      	b.n	8943c <_svfprintf_r+0x1050>
   899d2:	f41a 7f00 	tst.w	sl, #512	@ 0x200
   899d6:	bf14      	ite	ne
   899d8:	f346 18c0 	sbfxne	r8, r6, #7, #1
   899dc:	ea4f 78e6 	moveq.w	r8, r6, asr #31
   899e0:	4643      	mov	r3, r8
   899e2:	bf18      	it	ne
   899e4:	b276      	sxtbne	r6, r6
   899e6:	f7ff b86c 	b.w	88ac2 <_svfprintf_r+0x6d6>
   899ea:	232d      	movs	r3, #45	@ 0x2d
   899ec:	f88d 308f 	strb.w	r3, [sp, #143]	@ 0x8f
   899f0:	2303      	movs	r3, #3
   899f2:	930c      	str	r3, [sp, #48]	@ 0x30
   899f4:	2304      	movs	r3, #4
   899f6:	f1b9 0f47 	cmp.w	r9, #71	@ 0x47
   899fa:	960b      	str	r6, [sp, #44]	@ 0x2c
   899fc:	9306      	str	r3, [sp, #24]
   899fe:	f300 8154 	bgt.w	89caa <_svfprintf_r+0x18be>
   89a02:	e9cd 660f 	strd	r6, r6, [sp, #60]	@ 0x3c
   89a06:	4f08      	ldr	r7, [pc, #32]	@ (89a28 <_svfprintf_r+0x163c>)
   89a08:	9607      	str	r6, [sp, #28]
   89a0a:	9614      	str	r6, [sp, #80]	@ 0x50
   89a0c:	f7fe be11 	b.w	88632 <_svfprintf_r+0x246>
   89a10:	7803      	ldrb	r3, [r0, #0]
   89a12:	f42a 6a80 	bic.w	sl, sl, #1024	@ 0x400
   89a16:	f88d 3167 	strb.w	r3, [sp, #359]	@ 0x167
   89a1a:	f20d 1767 	addw	r7, sp, #359	@ 0x167
   89a1e:	e541      	b.n	894a4 <_svfprintf_r+0x10b8>
   89a20:	0008c714 	.word	0x0008c714
   89a24:	0008c6a0 	.word	0x0008c6a0
   89a28:	0008c704 	.word	0x0008c704
   89a2c:	9a1b      	ldr	r2, [sp, #108]	@ 0x6c
   89a2e:	9919      	ldr	r1, [sp, #100]	@ 0x64
   89a30:	1abd      	subs	r5, r7, r2
   89a32:	4628      	mov	r0, r5
   89a34:	f7fd fcfc 	bl	87430 <strncpy>
   89a38:	f899 3001 	ldrb.w	r3, [r9, #1]
   89a3c:	b10b      	cbz	r3, 89a42 <_svfprintf_r+0x1656>
   89a3e:	f109 0901 	add.w	r9, r9, #1
   89a42:	f04f 31cc 	mov.w	r1, #3435973836	@ 0xcccccccc
   89a46:	f04f 0c01 	mov.w	ip, #1
   89a4a:	4ab8      	ldr	r2, [pc, #736]	@ (89d2c <_svfprintf_r+0x1940>)
   89a4c:	eb16 0308 	adds.w	r3, r6, r8
   89a50:	f143 0300 	adc.w	r3, r3, #0
   89a54:	fba2 0e03 	umull	r0, lr, r2, r3
   89a58:	f02e 0003 	bic.w	r0, lr, #3
   89a5c:	eb00 009e 	add.w	r0, r0, lr, lsr #2
   89a60:	1a1b      	subs	r3, r3, r0
   89a62:	1af3      	subs	r3, r6, r3
   89a64:	fb03 f101 	mul.w	r1, r3, r1
   89a68:	f168 0800 	sbc.w	r8, r8, #0
   89a6c:	fba3 3002 	umull	r3, r0, r3, r2
   89a70:	fb02 1108 	mla	r1, r2, r8, r1
   89a74:	fa23 f30c 	lsr.w	r3, r3, ip
   89a78:	4401      	add	r1, r0
   89a7a:	ea43 76c1 	orr.w	r6, r3, r1, lsl #31
   89a7e:	fa21 f80c 	lsr.w	r8, r1, ip
   89a82:	eb16 0308 	adds.w	r3, r6, r8
   89a86:	f143 0300 	adc.w	r3, r3, #0
   89a8a:	fba2 1003 	umull	r1, r0, r2, r3
   89a8e:	f020 0103 	bic.w	r1, r0, #3
   89a92:	eb01 0190 	add.w	r1, r1, r0, lsr #2
   89a96:	1a5b      	subs	r3, r3, r1
   89a98:	1af3      	subs	r3, r6, r3
   89a9a:	fba3 3102 	umull	r3, r1, r3, r2
   89a9e:	f168 0000 	sbc.w	r0, r8, #0
   89aa2:	fb02 1200 	mla	r2, r2, r0, r1
   89aa6:	fa23 f30c 	lsr.w	r3, r3, ip
   89aaa:	ea43 73c2 	orr.w	r3, r3, r2, lsl #31
   89aae:	eb03 0383 	add.w	r3, r3, r3, lsl #2
   89ab2:	eba6 0343 	sub.w	r3, r6, r3, lsl #1
   89ab6:	3330      	adds	r3, #48	@ 0x30
   89ab8:	1e6f      	subs	r7, r5, #1
   89aba:	f805 3c01 	strb.w	r3, [r5, #-1]
   89abe:	f7ff bbba 	b.w	89236 <_svfprintf_r+0xe4a>
   89ac2:	ab2c      	add	r3, sp, #176	@ 0xb0
   89ac4:	9300      	str	r3, [sp, #0]
   89ac6:	2300      	movs	r3, #0
   89ac8:	4658      	mov	r0, fp
   89aca:	4619      	mov	r1, r3
   89acc:	aa27      	add	r2, sp, #156	@ 0x9c
   89ace:	f7fe fc81 	bl	883d4 <_wcsrtombs_r>
   89ad2:	4603      	mov	r3, r0
   89ad4:	3301      	adds	r3, #1
   89ad6:	900c      	str	r0, [sp, #48]	@ 0x30
   89ad8:	f000 841f 	beq.w	8a31a <_svfprintf_r+0x1f2e>
   89adc:	9727      	str	r7, [sp, #156]	@ 0x9c
   89ade:	9b0c      	ldr	r3, [sp, #48]	@ 0x30
   89ae0:	2b00      	cmp	r3, #0
   89ae2:	d039      	beq.n	89b58 <_svfprintf_r+0x176c>
   89ae4:	2b63      	cmp	r3, #99	@ 0x63
   89ae6:	f300 80f7 	bgt.w	89cd8 <_svfprintf_r+0x18ec>
   89aea:	2300      	movs	r3, #0
   89aec:	af41      	add	r7, sp, #260	@ 0x104
   89aee:	930b      	str	r3, [sp, #44]	@ 0x2c
   89af0:	2208      	movs	r2, #8
   89af2:	2100      	movs	r1, #0
   89af4:	a82c      	add	r0, sp, #176	@ 0xb0
   89af6:	f7fd fc4d 	bl	87394 <memset>
   89afa:	9e0c      	ldr	r6, [sp, #48]	@ 0x30
   89afc:	ab2c      	add	r3, sp, #176	@ 0xb0
   89afe:	9300      	str	r3, [sp, #0]
   89b00:	4639      	mov	r1, r7
   89b02:	4633      	mov	r3, r6
   89b04:	4658      	mov	r0, fp
   89b06:	aa27      	add	r2, sp, #156	@ 0x9c
   89b08:	f7fe fc64 	bl	883d4 <_wcsrtombs_r>
   89b0c:	4286      	cmp	r6, r0
   89b0e:	f040 8587 	bne.w	8a620 <_svfprintf_r+0x2234>
   89b12:	2300      	movs	r3, #0
   89b14:	9a0c      	ldr	r2, [sp, #48]	@ 0x30
   89b16:	54bb      	strb	r3, [r7, r2]
   89b18:	ea22 71e2 	bic.w	r1, r2, r2, asr #31
   89b1c:	f89d 208f 	ldrb.w	r2, [sp, #143]	@ 0x8f
   89b20:	9106      	str	r1, [sp, #24]
   89b22:	2a00      	cmp	r2, #0
   89b24:	f040 8376 	bne.w	8a214 <_svfprintf_r+0x1e28>
   89b28:	e9cd 220f 	strd	r2, r2, [sp, #60]	@ 0x3c
   89b2c:	9207      	str	r2, [sp, #28]
   89b2e:	f8cd 8038 	str.w	r8, [sp, #56]	@ 0x38
   89b32:	9214      	str	r2, [sp, #80]	@ 0x50
   89b34:	f7fe bd7d 	b.w	88632 <_svfprintf_r+0x246>
   89b38:	4614      	mov	r4, r2
   89b3a:	460e      	mov	r6, r1
   89b3c:	3301      	adds	r3, #1
   89b3e:	9a15      	ldr	r2, [sp, #84]	@ 0x54
   89b40:	4446      	add	r6, r8
   89b42:	2b07      	cmp	r3, #7
   89b44:	e9cd 362f 	strd	r3, r6, [sp, #188]	@ 0xbc
   89b48:	6022      	str	r2, [r4, #0]
   89b4a:	f8c4 8004 	str.w	r8, [r4, #4]
   89b4e:	f300 80cd 	bgt.w	89cec <_svfprintf_r+0x1900>
   89b52:	3408      	adds	r4, #8
   89b54:	f7ff b9f6 	b.w	88f44 <_svfprintf_r+0xb58>
   89b58:	f89d 308f 	ldrb.w	r3, [sp, #143]	@ 0x8f
   89b5c:	f8cd 8038 	str.w	r8, [sp, #56]	@ 0x38
   89b60:	3b00      	subs	r3, #0
   89b62:	bf18      	it	ne
   89b64:	2301      	movne	r3, #1
   89b66:	9306      	str	r3, [sp, #24]
   89b68:	9b0c      	ldr	r3, [sp, #48]	@ 0x30
   89b6a:	e9cd 330f 	strd	r3, r3, [sp, #60]	@ 0x3c
   89b6e:	9307      	str	r3, [sp, #28]
   89b70:	9314      	str	r3, [sp, #80]	@ 0x50
   89b72:	930b      	str	r3, [sp, #44]	@ 0x2c
   89b74:	f7fe bd5d 	b.w	88632 <_svfprintf_r+0x246>
   89b78:	4658      	mov	r0, fp
   89b7a:	990a      	ldr	r1, [sp, #40]	@ 0x28
   89b7c:	aa2e      	add	r2, sp, #184	@ 0xb8
   89b7e:	f000 fd5d 	bl	8a63c <__ssprint_r>
   89b82:	2800      	cmp	r0, #0
   89b84:	f47f a8ed 	bne.w	88d62 <_svfprintf_r+0x976>
   89b88:	9925      	ldr	r1, [sp, #148]	@ 0x94
   89b8a:	9e30      	ldr	r6, [sp, #192]	@ 0xc0
   89b8c:	ac31      	add	r4, sp, #196	@ 0xc4
   89b8e:	e613      	b.n	897b8 <_svfprintf_r+0x13cc>
   89b90:	f89d 308f 	ldrb.w	r3, [sp, #143]	@ 0x8f
   89b94:	9206      	str	r2, [sp, #24]
   89b96:	920c      	str	r2, [sp, #48]	@ 0x30
   89b98:	af5a      	add	r7, sp, #360	@ 0x168
   89b9a:	f7fe bf50 	b.w	88a3e <_svfprintf_r+0x652>
   89b9e:	f8dd c01c 	ldr.w	ip, [sp, #28]
   89ba2:	f04f 0978 	mov.w	r9, #120	@ 0x78
   89ba6:	920e      	str	r2, [sp, #56]	@ 0x38
   89ba8:	f8cd c040 	str.w	ip, [sp, #64]	@ 0x40
   89bac:	f8cd c050 	str.w	ip, [sp, #80]	@ 0x50
   89bb0:	f8cd c030 	str.w	ip, [sp, #48]	@ 0x30
   89bb4:	f8cd c03c 	str.w	ip, [sp, #60]	@ 0x3c
   89bb8:	f8cd c018 	str.w	ip, [sp, #24]
   89bbc:	af5a      	add	r7, sp, #360	@ 0x168
   89bbe:	f8cd c02c 	str.w	ip, [sp, #44]	@ 0x2c
   89bc2:	e482      	b.n	894ca <_svfprintf_r+0x10de>
   89bc4:	eb07 0801 	add.w	r8, r7, r1
   89bc8:	eba8 0803 	sub.w	r8, r8, r3
   89bcc:	1a8f      	subs	r7, r1, r2
   89bce:	45b8      	cmp	r8, r7
   89bd0:	bfa8      	it	ge
   89bd2:	46b8      	movge	r8, r7
   89bd4:	f7ff b9e9 	b.w	88faa <_svfprintf_r+0xbbe>
   89bd8:	ac31      	add	r4, sp, #196	@ 0xc4
   89bda:	f7fe bd56 	b.w	8868a <_svfprintf_r+0x29e>
   89bde:	b2de      	uxtb	r6, r3
   89be0:	9b07      	ldr	r3, [sp, #28]
   89be2:	4688      	mov	r8, r1
   89be4:	2b00      	cmp	r3, #0
   89be6:	f88d 108f 	strb.w	r1, [sp, #143]	@ 0x8f
   89bea:	f6bf ab96 	bge.w	8931a <_svfprintf_r+0xf2e>
   89bee:	f7fe bf10 	b.w	88a12 <_svfprintf_r+0x626>
   89bf2:	4650      	mov	r0, sl
   89bf4:	920e      	str	r2, [sp, #56]	@ 0x38
   89bf6:	f7fe beaf 	b.w	88958 <_svfprintf_r+0x56c>
   89bfa:	9b07      	ldr	r3, [sp, #28]
   89bfc:	4658      	mov	r0, fp
   89bfe:	9301      	str	r3, [sp, #4]
   89c00:	2302      	movs	r3, #2
   89c02:	9300      	str	r3, [sp, #0]
   89c04:	ab2c      	add	r3, sp, #176	@ 0xb0
   89c06:	9304      	str	r3, [sp, #16]
   89c08:	ab27      	add	r3, sp, #156	@ 0x9c
   89c0a:	9303      	str	r3, [sp, #12]
   89c0c:	ab25      	add	r3, sp, #148	@ 0x94
   89c0e:	9302      	str	r3, [sp, #8]
   89c10:	e9dd 231c 	ldrd	r2, r3, [sp, #112]	@ 0x70
   89c14:	f000 ffa4 	bl	8ab60 <_dtoa_r>
   89c18:	4607      	mov	r7, r0
   89c1a:	f01a 0f01 	tst.w	sl, #1
   89c1e:	f040 82ad 	bne.w	8a17c <_svfprintf_r+0x1d90>
   89c22:	9a25      	ldr	r2, [sp, #148]	@ 0x94
   89c24:	9b2c      	ldr	r3, [sp, #176]	@ 0xb0
   89c26:	1cd1      	adds	r1, r2, #3
   89c28:	eba3 0307 	sub.w	r3, r3, r7
   89c2c:	9311      	str	r3, [sp, #68]	@ 0x44
   89c2e:	920f      	str	r2, [sp, #60]	@ 0x3c
   89c30:	f2c0 8233 	blt.w	8a09a <_svfprintf_r+0x1cae>
   89c34:	9907      	ldr	r1, [sp, #28]
   89c36:	4291      	cmp	r1, r2
   89c38:	f2c0 8120 	blt.w	89e7c <_svfprintf_r+0x1a90>
   89c3c:	4293      	cmp	r3, r2
   89c3e:	f300 82f4 	bgt.w	8a22a <_svfprintf_r+0x1e3e>
   89c42:	9b0f      	ldr	r3, [sp, #60]	@ 0x3c
   89c44:	930c      	str	r3, [sp, #48]	@ 0x30
   89c46:	f41a 6f80 	tst.w	sl, #1024	@ 0x400
   89c4a:	d003      	beq.n	89c54 <_svfprintf_r+0x1868>
   89c4c:	9b0f      	ldr	r3, [sp, #60]	@ 0x3c
   89c4e:	2b00      	cmp	r3, #0
   89c50:	f300 83db 	bgt.w	8a40a <_svfprintf_r+0x201e>
   89c54:	46c2      	mov	sl, r8
   89c56:	f04f 0967 	mov.w	r9, #103	@ 0x67
   89c5a:	9b0c      	ldr	r3, [sp, #48]	@ 0x30
   89c5c:	ea23 73e3 	bic.w	r3, r3, r3, asr #31
   89c60:	9306      	str	r3, [sp, #24]
   89c62:	2300      	movs	r3, #0
   89c64:	9314      	str	r3, [sp, #80]	@ 0x50
   89c66:	9310      	str	r3, [sp, #64]	@ 0x40
   89c68:	9b15      	ldr	r3, [sp, #84]	@ 0x54
   89c6a:	f00a 0102 	and.w	r1, sl, #2
   89c6e:	2b00      	cmp	r3, #0
   89c70:	f000 80d0 	beq.w	89e14 <_svfprintf_r+0x1a28>
   89c74:	f04f 0c2d 	mov.w	ip, #45	@ 0x2d
   89c78:	f88d c08f 	strb.w	ip, [sp, #143]	@ 0x8f
   89c7c:	9b06      	ldr	r3, [sp, #24]
   89c7e:	3301      	adds	r3, #1
   89c80:	9306      	str	r3, [sp, #24]
   89c82:	2300      	movs	r3, #0
   89c84:	9307      	str	r3, [sp, #28]
   89c86:	e41d      	b.n	894c4 <_svfprintf_r+0x10d8>
   89c88:	9a0e      	ldr	r2, [sp, #56]	@ 0x38
   89c8a:	9908      	ldr	r1, [sp, #32]
   89c8c:	6812      	ldr	r2, [r2, #0]
   89c8e:	8011      	strh	r1, [r2, #0]
   89c90:	f7fe bf3d 	b.w	88b0e <_svfprintf_r+0x722>
   89c94:	9c0a      	ldr	r4, [sp, #40]	@ 0x28
   89c96:	4658      	mov	r0, fp
   89c98:	4621      	mov	r1, r4
   89c9a:	aa2e      	add	r2, sp, #184	@ 0xb8
   89c9c:	f000 fcce 	bl	8a63c <__ssprint_r>
   89ca0:	89a3      	ldrh	r3, [r4, #12]
   89ca2:	f003 0340 	and.w	r3, r3, #64	@ 0x40
   89ca6:	f7fe bca1 	b.w	885ec <_svfprintf_r+0x200>
   89caa:	e9cd 660f 	strd	r6, r6, [sp, #60]	@ 0x3c
   89cae:	4f20      	ldr	r7, [pc, #128]	@ (89d30 <_svfprintf_r+0x1944>)
   89cb0:	9607      	str	r6, [sp, #28]
   89cb2:	9614      	str	r6, [sp, #80]	@ 0x50
   89cb4:	f7fe bcbd 	b.w	88632 <_svfprintf_r+0x246>
   89cb8:	4638      	mov	r0, r7
   89cba:	f7fd fd39 	bl	87730 <strlen>
   89cbe:	f89d 308f 	ldrb.w	r3, [sp, #143]	@ 0x8f
   89cc2:	ea20 72e0 	bic.w	r2, r0, r0, asr #31
   89cc6:	900c      	str	r0, [sp, #48]	@ 0x30
   89cc8:	9206      	str	r2, [sp, #24]
   89cca:	f8cd 8038 	str.w	r8, [sp, #56]	@ 0x38
   89cce:	2b00      	cmp	r3, #0
   89cd0:	f43e add3 	beq.w	8887a <_svfprintf_r+0x48e>
   89cd4:	f7fe bdce 	b.w	88874 <_svfprintf_r+0x488>
   89cd8:	4658      	mov	r0, fp
   89cda:	1c59      	adds	r1, r3, #1
   89cdc:	f7fd febe 	bl	87a5c <_malloc_r>
   89ce0:	4607      	mov	r7, r0
   89ce2:	2800      	cmp	r0, #0
   89ce4:	f000 848e 	beq.w	8a604 <_svfprintf_r+0x2218>
   89ce8:	900b      	str	r0, [sp, #44]	@ 0x2c
   89cea:	e701      	b.n	89af0 <_svfprintf_r+0x1704>
   89cec:	4658      	mov	r0, fp
   89cee:	990a      	ldr	r1, [sp, #40]	@ 0x28
   89cf0:	aa2e      	add	r2, sp, #184	@ 0xb8
   89cf2:	f000 fca3 	bl	8a63c <__ssprint_r>
   89cf6:	2800      	cmp	r0, #0
   89cf8:	f47f a833 	bne.w	88d62 <_svfprintf_r+0x976>
   89cfc:	9e30      	ldr	r6, [sp, #192]	@ 0xc0
   89cfe:	ac31      	add	r4, sp, #196	@ 0xc4
   89d00:	f7ff b920 	b.w	88f44 <_svfprintf_r+0xb58>
   89d04:	4658      	mov	r0, fp
   89d06:	990a      	ldr	r1, [sp, #40]	@ 0x28
   89d08:	aa2e      	add	r2, sp, #184	@ 0xb8
   89d0a:	f000 fc97 	bl	8a63c <__ssprint_r>
   89d0e:	2800      	cmp	r0, #0
   89d10:	f47f a827 	bne.w	88d62 <_svfprintf_r+0x976>
   89d14:	e9dd 362f 	ldrd	r3, r6, [sp, #188]	@ 0xbc
   89d18:	9925      	ldr	r1, [sp, #148]	@ 0x94
   89d1a:	aa31      	add	r2, sp, #196	@ 0xc4
   89d1c:	e608      	b.n	89930 <_svfprintf_r+0x1544>
   89d1e:	2306      	movs	r3, #6
   89d20:	900b      	str	r0, [sp, #44]	@ 0x2c
   89d22:	9307      	str	r3, [sp, #28]
   89d24:	f44a 7880 	orr.w	r8, sl, #256	@ 0x100
   89d28:	f7ff bb41 	b.w	893ae <_svfprintf_r+0xfc2>
   89d2c:	cccccccd 	.word	0xcccccccd
   89d30:	0008c708 	.word	0x0008c708
   89d34:	2302      	movs	r3, #2
   89d36:	9a07      	ldr	r2, [sp, #28]
   89d38:	3201      	adds	r2, #1
   89d3a:	9211      	str	r2, [sp, #68]	@ 0x44
   89d3c:	9300      	str	r3, [sp, #0]
   89d3e:	ab2c      	add	r3, sp, #176	@ 0xb0
   89d40:	9e11      	ldr	r6, [sp, #68]	@ 0x44
   89d42:	9304      	str	r3, [sp, #16]
   89d44:	ab27      	add	r3, sp, #156	@ 0x9c
   89d46:	9303      	str	r3, [sp, #12]
   89d48:	ab25      	add	r3, sp, #148	@ 0x94
   89d4a:	9601      	str	r6, [sp, #4]
   89d4c:	9302      	str	r3, [sp, #8]
   89d4e:	4658      	mov	r0, fp
   89d50:	e9dd 231c 	ldrd	r2, r3, [sp, #112]	@ 0x70
   89d54:	f000 ff04 	bl	8ab60 <_dtoa_r>
   89d58:	f029 0320 	bic.w	r3, r9, #32
   89d5c:	2b46      	cmp	r3, #70	@ 0x46
   89d5e:	4607      	mov	r7, r0
   89d60:	9306      	str	r3, [sp, #24]
   89d62:	4406      	add	r6, r0
   89d64:	f000 8155 	beq.w	8a012 <_svfprintf_r+0x1c26>
   89d68:	e9dd 011c 	ldrd	r0, r1, [sp, #112]	@ 0x70
   89d6c:	2200      	movs	r2, #0
   89d6e:	2300      	movs	r3, #0
   89d70:	f7fb f8f2 	bl	84f58 <__aeabi_dcmpeq>
   89d74:	2800      	cmp	r0, #0
   89d76:	f040 8315 	bne.w	8a3a4 <_svfprintf_r+0x1fb8>
   89d7a:	9b2c      	ldr	r3, [sp, #176]	@ 0xb0
   89d7c:	429e      	cmp	r6, r3
   89d7e:	f240 830f 	bls.w	8a3a0 <_svfprintf_r+0x1fb4>
   89d82:	2245      	movs	r2, #69	@ 0x45
   89d84:	9206      	str	r2, [sp, #24]
   89d86:	2130      	movs	r1, #48	@ 0x30
   89d88:	1c5a      	adds	r2, r3, #1
   89d8a:	922c      	str	r2, [sp, #176]	@ 0xb0
   89d8c:	7019      	strb	r1, [r3, #0]
   89d8e:	9b2c      	ldr	r3, [sp, #176]	@ 0xb0
   89d90:	42b3      	cmp	r3, r6
   89d92:	d3f9      	bcc.n	89d88 <_svfprintf_r+0x199c>
   89d94:	1bdb      	subs	r3, r3, r7
   89d96:	9311      	str	r3, [sp, #68]	@ 0x44
   89d98:	9b25      	ldr	r3, [sp, #148]	@ 0x94
   89d9a:	930f      	str	r3, [sp, #60]	@ 0x3c
   89d9c:	9b06      	ldr	r3, [sp, #24]
   89d9e:	2b47      	cmp	r3, #71	@ 0x47
   89da0:	d064      	beq.n	89e6c <_svfprintf_r+0x1a80>
   89da2:	9b06      	ldr	r3, [sp, #24]
   89da4:	2b46      	cmp	r3, #70	@ 0x46
   89da6:	f000 814f 	beq.w	8a048 <_svfprintf_r+0x1c5c>
   89daa:	9b0f      	ldr	r3, [sp, #60]	@ 0x3c
   89dac:	f88d 90a0 	strb.w	r9, [sp, #160]	@ 0xa0
   89db0:	3b01      	subs	r3, #1
   89db2:	2b00      	cmp	r3, #0
   89db4:	9325      	str	r3, [sp, #148]	@ 0x94
   89db6:	f2c0 8177 	blt.w	8a0a8 <_svfprintf_r+0x1cbc>
   89dba:	222b      	movs	r2, #43	@ 0x2b
   89dbc:	2b09      	cmp	r3, #9
   89dbe:	f88d 20a1 	strb.w	r2, [sp, #161]	@ 0xa1
   89dc2:	f300 817a 	bgt.w	8a0ba <_svfprintf_r+0x1cce>
   89dc6:	2230      	movs	r2, #48	@ 0x30
   89dc8:	f88d 20a2 	strb.w	r2, [sp, #162]	@ 0xa2
   89dcc:	f10d 02a3 	add.w	r2, sp, #163	@ 0xa3
   89dd0:	3330      	adds	r3, #48	@ 0x30
   89dd2:	f802 3b01 	strb.w	r3, [r2], #1
   89dd6:	ab28      	add	r3, sp, #160	@ 0xa0
   89dd8:	1ad3      	subs	r3, r2, r3
   89dda:	9318      	str	r3, [sp, #96]	@ 0x60
   89ddc:	9b11      	ldr	r3, [sp, #68]	@ 0x44
   89dde:	9a18      	ldr	r2, [sp, #96]	@ 0x60
   89de0:	2b01      	cmp	r3, #1
   89de2:	441a      	add	r2, r3
   89de4:	920c      	str	r2, [sp, #48]	@ 0x30
   89de6:	f340 82a3 	ble.w	8a330 <_svfprintf_r+0x1f44>
   89dea:	9b0c      	ldr	r3, [sp, #48]	@ 0x30
   89dec:	9a16      	ldr	r2, [sp, #88]	@ 0x58
   89dee:	4413      	add	r3, r2
   89df0:	930c      	str	r3, [sp, #48]	@ 0x30
   89df2:	f42a 6380 	bic.w	r3, sl, #1024	@ 0x400
   89df6:	f443 7a80 	orr.w	sl, r3, #256	@ 0x100
   89dfa:	2300      	movs	r3, #0
   89dfc:	9a0c      	ldr	r2, [sp, #48]	@ 0x30
   89dfe:	e9cd 330f 	strd	r3, r3, [sp, #60]	@ 0x3c
   89e02:	ea22 72e2 	bic.w	r2, r2, r2, asr #31
   89e06:	9314      	str	r3, [sp, #80]	@ 0x50
   89e08:	9206      	str	r2, [sp, #24]
   89e0a:	e72d      	b.n	89c68 <_svfprintf_r+0x187c>
   89e0c:	9b07      	ldr	r3, [sp, #28]
   89e0e:	9311      	str	r3, [sp, #68]	@ 0x44
   89e10:	2303      	movs	r3, #3
   89e12:	e793      	b.n	89d3c <_svfprintf_r+0x1950>
   89e14:	f89d c08f 	ldrb.w	ip, [sp, #143]	@ 0x8f
   89e18:	f1bc 0f00 	cmp.w	ip, #0
   89e1c:	f47f af2e 	bne.w	89c7c <_svfprintf_r+0x1890>
   89e20:	9b15      	ldr	r3, [sp, #84]	@ 0x54
   89e22:	9307      	str	r3, [sp, #28]
   89e24:	f7ff bb4e 	b.w	894c4 <_svfprintf_r+0x10d8>
   89e28:	4651      	mov	r1, sl
   89e2a:	4658      	mov	r0, fp
   89e2c:	aa2e      	add	r2, sp, #184	@ 0xb8
   89e2e:	f000 fc05 	bl	8a63c <__ssprint_r>
   89e32:	2800      	cmp	r0, #0
   89e34:	f47e af95 	bne.w	88d62 <_svfprintf_r+0x976>
   89e38:	f899 0000 	ldrb.w	r0, [r9]
   89e3c:	9930      	ldr	r1, [sp, #192]	@ 0xc0
   89e3e:	aa31      	add	r2, sp, #196	@ 0xc4
   89e40:	4404      	add	r4, r0
   89e42:	e413      	b.n	8966c <_svfprintf_r+0x1280>
   89e44:	4658      	mov	r0, fp
   89e46:	990a      	ldr	r1, [sp, #40]	@ 0x28
   89e48:	aa2e      	add	r2, sp, #184	@ 0xb8
   89e4a:	f000 fbf7 	bl	8a63c <__ssprint_r>
   89e4e:	2800      	cmp	r0, #0
   89e50:	f47e af87 	bne.w	88d62 <_svfprintf_r+0x976>
   89e54:	9e30      	ldr	r6, [sp, #192]	@ 0xc0
   89e56:	ac31      	add	r4, sp, #196	@ 0xc4
   89e58:	f7ff b869 	b.w	88f2e <_svfprintf_r+0xb42>
   89e5c:	9b25      	ldr	r3, [sp, #148]	@ 0x94
   89e5e:	930f      	str	r3, [sp, #60]	@ 0x3c
   89e60:	1bf3      	subs	r3, r6, r7
   89e62:	9311      	str	r3, [sp, #68]	@ 0x44
   89e64:	9b06      	ldr	r3, [sp, #24]
   89e66:	2b47      	cmp	r3, #71	@ 0x47
   89e68:	f040 80ee 	bne.w	8a048 <_svfprintf_r+0x1c5c>
   89e6c:	9b0f      	ldr	r3, [sp, #60]	@ 0x3c
   89e6e:	3303      	adds	r3, #3
   89e70:	f2c0 8113 	blt.w	8a09a <_svfprintf_r+0x1cae>
   89e74:	9b07      	ldr	r3, [sp, #28]
   89e76:	9a0f      	ldr	r2, [sp, #60]	@ 0x3c
   89e78:	4293      	cmp	r3, r2
   89e7a:	da0f      	bge.n	89e9c <_svfprintf_r+0x1ab0>
   89e7c:	9b0f      	ldr	r3, [sp, #60]	@ 0x3c
   89e7e:	f1a9 0902 	sub.w	r9, r9, #2
   89e82:	3b01      	subs	r3, #1
   89e84:	2b00      	cmp	r3, #0
   89e86:	f88d 90a0 	strb.w	r9, [sp, #160]	@ 0xa0
   89e8a:	9325      	str	r3, [sp, #148]	@ 0x94
   89e8c:	da95      	bge.n	89dba <_svfprintf_r+0x19ce>
   89e8e:	222d      	movs	r2, #45	@ 0x2d
   89e90:	9b0f      	ldr	r3, [sp, #60]	@ 0x3c
   89e92:	f88d 20a1 	strb.w	r2, [sp, #161]	@ 0xa1
   89e96:	f1c3 0301 	rsb	r3, r3, #1
   89e9a:	e794      	b.n	89dc6 <_svfprintf_r+0x19da>
   89e9c:	9b11      	ldr	r3, [sp, #68]	@ 0x44
   89e9e:	9a0f      	ldr	r2, [sp, #60]	@ 0x3c
   89ea0:	4293      	cmp	r3, r2
   89ea2:	f300 81c2 	bgt.w	8a22a <_svfprintf_r+0x1e3e>
   89ea6:	f01a 0f01 	tst.w	sl, #1
   89eaa:	9b0f      	ldr	r3, [sp, #60]	@ 0x3c
   89eac:	f000 8306 	beq.w	8a4bc <_svfprintf_r+0x20d0>
   89eb0:	9a16      	ldr	r2, [sp, #88]	@ 0x58
   89eb2:	4413      	add	r3, r2
   89eb4:	930c      	str	r3, [sp, #48]	@ 0x30
   89eb6:	e6c6      	b.n	89c46 <_svfprintf_r+0x185a>
   89eb8:	f647 0330 	movw	r3, #30768	@ 0x7830
   89ebc:	f8ad 3090 	strh.w	r3, [sp, #144]	@ 0x90
   89ec0:	9b07      	ldr	r3, [sp, #28]
   89ec2:	f04a 0a02 	orr.w	sl, sl, #2
   89ec6:	2b63      	cmp	r3, #99	@ 0x63
   89ec8:	f300 81df 	bgt.w	8a28a <_svfprintf_r+0x1e9e>
   89ecc:	e9dd 1212 	ldrd	r1, r2, [sp, #72]	@ 0x48
   89ed0:	2a00      	cmp	r2, #0
   89ed2:	f2c0 81b5 	blt.w	8a240 <_svfprintf_r+0x1e54>
   89ed6:	e9dd 0112 	ldrd	r0, r1, [sp, #72]	@ 0x48
   89eda:	aa25      	add	r2, sp, #148	@ 0x94
   89edc:	f000 fd2c 	bl	8a938 <frexp>
   89ee0:	2200      	movs	r2, #0
   89ee2:	f04f 537f 	mov.w	r3, #1069547520	@ 0x3fc00000
   89ee6:	f7fa fdcf 	bl	84a88 <__aeabi_dmul>
   89eea:	4602      	mov	r2, r0
   89eec:	460b      	mov	r3, r1
   89eee:	e9cd 230c 	strd	r2, r3, [sp, #48]	@ 0x30
   89ef2:	2300      	movs	r3, #0
   89ef4:	2200      	movs	r2, #0
   89ef6:	f7fb f82f 	bl	84f58 <__aeabi_dcmpeq>
   89efa:	4603      	mov	r3, r0
   89efc:	2800      	cmp	r0, #0
   89efe:	f000 82e0 	beq.w	8a4c2 <_svfprintf_r+0x20d6>
   89f02:	2301      	movs	r3, #1
   89f04:	9615      	str	r6, [sp, #84]	@ 0x54
   89f06:	9325      	str	r3, [sp, #148]	@ 0x94
   89f08:	960b      	str	r6, [sp, #44]	@ 0x2c
   89f0a:	af41      	add	r7, sp, #260	@ 0x104
   89f0c:	4bad      	ldr	r3, [pc, #692]	@ (8a1c4 <_svfprintf_r+0x1dd8>)
   89f0e:	9306      	str	r3, [sp, #24]
   89f10:	9b07      	ldr	r3, [sp, #28]
   89f12:	46b8      	mov	r8, r7
   89f14:	1e59      	subs	r1, r3, #1
   89f16:	9507      	str	r5, [sp, #28]
   89f18:	940f      	str	r4, [sp, #60]	@ 0x3c
   89f1a:	f8cd 9040 	str.w	r9, [sp, #64]	@ 0x40
   89f1e:	9714      	str	r7, [sp, #80]	@ 0x50
   89f20:	4689      	mov	r9, r1
   89f22:	e9dd 450c 	ldrd	r4, r5, [sp, #48]	@ 0x30
   89f26:	9f06      	ldr	r7, [sp, #24]
   89f28:	f8cd a044 	str.w	sl, [sp, #68]	@ 0x44
   89f2c:	e007      	b.n	89f3e <_svfprintf_r+0x1b52>
   89f2e:	2200      	movs	r2, #0
   89f30:	2300      	movs	r3, #0
   89f32:	f7fb f811 	bl	84f58 <__aeabi_dcmpeq>
   89f36:	2800      	cmp	r0, #0
   89f38:	f040 820c 	bne.w	8a354 <_svfprintf_r+0x1f68>
   89f3c:	46d1      	mov	r9, sl
   89f3e:	2200      	movs	r2, #0
   89f40:	4ba1      	ldr	r3, [pc, #644]	@ (8a1c8 <_svfprintf_r+0x1ddc>)
   89f42:	4620      	mov	r0, r4
   89f44:	4629      	mov	r1, r5
   89f46:	f7fa fd9f 	bl	84a88 <__aeabi_dmul>
   89f4a:	460d      	mov	r5, r1
   89f4c:	4604      	mov	r4, r0
   89f4e:	f7fb f84b 	bl	84fe8 <__aeabi_d2iz>
   89f52:	4606      	mov	r6, r0
   89f54:	f7fa fd2e 	bl	849b4 <__aeabi_i2d>
   89f58:	4602      	mov	r2, r0
   89f5a:	460b      	mov	r3, r1
   89f5c:	4620      	mov	r0, r4
   89f5e:	4629      	mov	r1, r5
   89f60:	f7fa fbda 	bl	84718 <__aeabi_dsub>
   89f64:	5dbb      	ldrb	r3, [r7, r6]
   89f66:	f1b9 3fff 	cmp.w	r9, #4294967295	@ 0xffffffff
   89f6a:	4642      	mov	r2, r8
   89f6c:	4604      	mov	r4, r0
   89f6e:	460d      	mov	r5, r1
   89f70:	f109 3aff 	add.w	sl, r9, #4294967295	@ 0xffffffff
   89f74:	f808 3b01 	strb.w	r3, [r8], #1
   89f78:	d1d9      	bne.n	89f2e <_svfprintf_r+0x1b42>
   89f7a:	e9cd 450c 	strd	r4, r5, [sp, #48]	@ 0x30
   89f7e:	e9dd 9a10 	ldrd	r9, sl, [sp, #64]	@ 0x40
   89f82:	9d07      	ldr	r5, [sp, #28]
   89f84:	4b91      	ldr	r3, [pc, #580]	@ (8a1cc <_svfprintf_r+0x1de0>)
   89f86:	9207      	str	r2, [sp, #28]
   89f88:	2200      	movs	r2, #0
   89f8a:	9c0f      	ldr	r4, [sp, #60]	@ 0x3c
   89f8c:	9f14      	ldr	r7, [sp, #80]	@ 0x50
   89f8e:	f7fb f80b 	bl	84fa8 <__aeabi_dcmpgt>
   89f92:	b940      	cbnz	r0, 89fa6 <_svfprintf_r+0x1bba>
   89f94:	e9dd 010c 	ldrd	r0, r1, [sp, #48]	@ 0x30
   89f98:	2200      	movs	r2, #0
   89f9a:	4b8c      	ldr	r3, [pc, #560]	@ (8a1cc <_svfprintf_r+0x1de0>)
   89f9c:	f7fa ffdc 	bl	84f58 <__aeabi_dcmpeq>
   89fa0:	b1e0      	cbz	r0, 89fdc <_svfprintf_r+0x1bf0>
   89fa2:	07f0      	lsls	r0, r6, #31
   89fa4:	d51a      	bpl.n	89fdc <_svfprintf_r+0x1bf0>
   89fa6:	9b07      	ldr	r3, [sp, #28]
   89fa8:	932c      	str	r3, [sp, #176]	@ 0xb0
   89faa:	9b06      	ldr	r3, [sp, #24]
   89fac:	f818 2c01 	ldrb.w	r2, [r8, #-1]
   89fb0:	7bd9      	ldrb	r1, [r3, #15]
   89fb2:	4643      	mov	r3, r8
   89fb4:	4291      	cmp	r1, r2
   89fb6:	d109      	bne.n	89fcc <_svfprintf_r+0x1be0>
   89fb8:	2030      	movs	r0, #48	@ 0x30
   89fba:	f803 0c01 	strb.w	r0, [r3, #-1]
   89fbe:	9b2c      	ldr	r3, [sp, #176]	@ 0xb0
   89fc0:	1e5a      	subs	r2, r3, #1
   89fc2:	922c      	str	r2, [sp, #176]	@ 0xb0
   89fc4:	f813 2c01 	ldrb.w	r2, [r3, #-1]
   89fc8:	428a      	cmp	r2, r1
   89fca:	d0f6      	beq.n	89fba <_svfprintf_r+0x1bce>
   89fcc:	2a39      	cmp	r2, #57	@ 0x39
   89fce:	bf0b      	itete	eq
   89fd0:	9a06      	ldreq	r2, [sp, #24]
   89fd2:	3201      	addne	r2, #1
   89fd4:	7a92      	ldrbeq	r2, [r2, #10]
   89fd6:	b2d2      	uxtbne	r2, r2
   89fd8:	f803 2c01 	strb.w	r2, [r3, #-1]
   89fdc:	9a25      	ldr	r2, [sp, #148]	@ 0x94
   89fde:	eba8 0307 	sub.w	r3, r8, r7
   89fe2:	9311      	str	r3, [sp, #68]	@ 0x44
   89fe4:	f1b9 0f61 	cmp.w	r9, #97	@ 0x61
   89fe8:	f102 33ff 	add.w	r3, r2, #4294967295	@ 0xffffffff
   89fec:	9325      	str	r3, [sp, #148]	@ 0x94
   89fee:	f000 8292 	beq.w	8a516 <_svfprintf_r+0x212a>
   89ff2:	2150      	movs	r1, #80	@ 0x50
   89ff4:	f04f 0941 	mov.w	r9, #65	@ 0x41
   89ff8:	2b00      	cmp	r3, #0
   89ffa:	f88d 10a0 	strb.w	r1, [sp, #160]	@ 0xa0
   89ffe:	f2c0 8271 	blt.w	8a4e4 <_svfprintf_r+0x20f8>
   8a002:	222b      	movs	r2, #43	@ 0x2b
   8a004:	2b09      	cmp	r3, #9
   8a006:	f88d 20a1 	strb.w	r2, [sp, #161]	@ 0xa1
   8a00a:	dc56      	bgt.n	8a0ba <_svfprintf_r+0x1cce>
   8a00c:	f10d 02a2 	add.w	r2, sp, #162	@ 0xa2
   8a010:	e6de      	b.n	89dd0 <_svfprintf_r+0x19e4>
   8a012:	783b      	ldrb	r3, [r7, #0]
   8a014:	2b30      	cmp	r3, #48	@ 0x30
   8a016:	f000 8190 	beq.w	8a33a <_svfprintf_r+0x1f4e>
   8a01a:	9b25      	ldr	r3, [sp, #148]	@ 0x94
   8a01c:	441e      	add	r6, r3
   8a01e:	2200      	movs	r2, #0
   8a020:	e9dd 011c 	ldrd	r0, r1, [sp, #112]	@ 0x70
   8a024:	2300      	movs	r3, #0
   8a026:	f7fa ff97 	bl	84f58 <__aeabi_dcmpeq>
   8a02a:	2800      	cmp	r0, #0
   8a02c:	f47f af16 	bne.w	89e5c <_svfprintf_r+0x1a70>
   8a030:	9b2c      	ldr	r3, [sp, #176]	@ 0xb0
   8a032:	429e      	cmp	r6, r3
   8a034:	f63f aea7 	bhi.w	89d86 <_svfprintf_r+0x199a>
   8a038:	1bdb      	subs	r3, r3, r7
   8a03a:	9311      	str	r3, [sp, #68]	@ 0x44
   8a03c:	9b25      	ldr	r3, [sp, #148]	@ 0x94
   8a03e:	930f      	str	r3, [sp, #60]	@ 0x3c
   8a040:	9b06      	ldr	r3, [sp, #24]
   8a042:	2b47      	cmp	r3, #71	@ 0x47
   8a044:	f43f af12 	beq.w	89e6c <_svfprintf_r+0x1a80>
   8a048:	990f      	ldr	r1, [sp, #60]	@ 0x3c
   8a04a:	9a07      	ldr	r2, [sp, #28]
   8a04c:	f00a 0301 	and.w	r3, sl, #1
   8a050:	2900      	cmp	r1, #0
   8a052:	ea43 0302 	orr.w	r3, r3, r2
   8a056:	f340 8275 	ble.w	8a544 <_svfprintf_r+0x2158>
   8a05a:	2b00      	cmp	r3, #0
   8a05c:	f040 81ce 	bne.w	8a3fc <_svfprintf_r+0x2010>
   8a060:	f04f 0966 	mov.w	r9, #102	@ 0x66
   8a064:	9b0f      	ldr	r3, [sp, #60]	@ 0x3c
   8a066:	930c      	str	r3, [sp, #48]	@ 0x30
   8a068:	f41a 6f80 	tst.w	sl, #1024	@ 0x400
   8a06c:	f040 81cf 	bne.w	8a40e <_svfprintf_r+0x2022>
   8a070:	9b0c      	ldr	r3, [sp, #48]	@ 0x30
   8a072:	46c2      	mov	sl, r8
   8a074:	ea23 73e3 	bic.w	r3, r3, r3, asr #31
   8a078:	9306      	str	r3, [sp, #24]
   8a07a:	e5f2      	b.n	89c62 <_svfprintf_r+0x1876>
   8a07c:	4658      	mov	r0, fp
   8a07e:	990a      	ldr	r1, [sp, #40]	@ 0x28
   8a080:	aa2e      	add	r2, sp, #184	@ 0xb8
   8a082:	9307      	str	r3, [sp, #28]
   8a084:	f000 fada 	bl	8a63c <__ssprint_r>
   8a088:	2800      	cmp	r0, #0
   8a08a:	f47e ae6a 	bne.w	88d62 <_svfprintf_r+0x976>
   8a08e:	9a25      	ldr	r2, [sp, #148]	@ 0x94
   8a090:	9e30      	ldr	r6, [sp, #192]	@ 0xc0
   8a092:	9b07      	ldr	r3, [sp, #28]
   8a094:	ac31      	add	r4, sp, #196	@ 0xc4
   8a096:	f7fe bf70 	b.w	88f7a <_svfprintf_r+0xb8e>
   8a09a:	9b0f      	ldr	r3, [sp, #60]	@ 0x3c
   8a09c:	f1a9 0902 	sub.w	r9, r9, #2
   8a0a0:	3b01      	subs	r3, #1
   8a0a2:	f88d 90a0 	strb.w	r9, [sp, #160]	@ 0xa0
   8a0a6:	9325      	str	r3, [sp, #148]	@ 0x94
   8a0a8:	222d      	movs	r2, #45	@ 0x2d
   8a0aa:	9b0f      	ldr	r3, [sp, #60]	@ 0x3c
   8a0ac:	f88d 20a1 	strb.w	r2, [sp, #161]	@ 0xa1
   8a0b0:	f1c3 0301 	rsb	r3, r3, #1
   8a0b4:	2b09      	cmp	r3, #9
   8a0b6:	f77f ae86 	ble.w	89dc6 <_svfprintf_r+0x19da>
   8a0ba:	f10d 0cb7 	add.w	ip, sp, #183	@ 0xb7
   8a0be:	4662      	mov	r2, ip
   8a0c0:	f8df e10c 	ldr.w	lr, [pc, #268]	@ 8a1d0 <_svfprintf_r+0x1de4>
   8a0c4:	461e      	mov	r6, r3
   8a0c6:	4610      	mov	r0, r2
   8a0c8:	fbae 2103 	umull	r2, r1, lr, r3
   8a0cc:	08c9      	lsrs	r1, r1, #3
   8a0ce:	eb01 0281 	add.w	r2, r1, r1, lsl #2
   8a0d2:	eba3 0242 	sub.w	r2, r3, r2, lsl #1
   8a0d6:	3230      	adds	r2, #48	@ 0x30
   8a0d8:	2e63      	cmp	r6, #99	@ 0x63
   8a0da:	f800 2c01 	strb.w	r2, [r0, #-1]
   8a0de:	460b      	mov	r3, r1
   8a0e0:	f100 32ff 	add.w	r2, r0, #4294967295	@ 0xffffffff
   8a0e4:	dcee      	bgt.n	8a0c4 <_svfprintf_r+0x1cd8>
   8a0e6:	3330      	adds	r3, #48	@ 0x30
   8a0e8:	f802 3c01 	strb.w	r3, [r2, #-1]
   8a0ec:	1e83      	subs	r3, r0, #2
   8a0ee:	4563      	cmp	r3, ip
   8a0f0:	f080 824e 	bcs.w	8a590 <_svfprintf_r+0x21a4>
   8a0f4:	f10d 02a1 	add.w	r2, sp, #161	@ 0xa1
   8a0f8:	f813 1b01 	ldrb.w	r1, [r3], #1
   8a0fc:	4563      	cmp	r3, ip
   8a0fe:	f802 1f01 	strb.w	r1, [r2, #1]!
   8a102:	d1f9      	bne.n	8a0f8 <_svfprintf_r+0x1d0c>
   8a104:	f503 73b4 	add.w	r3, r3, #360	@ 0x168
   8a108:	446b      	add	r3, sp
   8a10a:	3bc4      	subs	r3, #196	@ 0xc4
   8a10c:	1a1b      	subs	r3, r3, r0
   8a10e:	aa28      	add	r2, sp, #160	@ 0xa0
   8a110:	1a9b      	subs	r3, r3, r2
   8a112:	9318      	str	r3, [sp, #96]	@ 0x60
   8a114:	e662      	b.n	89ddc <_svfprintf_r+0x19f0>
   8a116:	482f      	ldr	r0, [pc, #188]	@ (8a1d4 <_svfprintf_r+0x1de8>)
   8a118:	9015      	str	r0, [sp, #84]	@ 0x54
   8a11a:	f7fe bfd7 	b.w	890cc <_svfprintf_r+0xce0>
   8a11e:	2300      	movs	r3, #0
   8a120:	460d      	mov	r5, r1
   8a122:	9307      	str	r3, [sp, #28]
   8a124:	f7fe b9be 	b.w	884a4 <_svfprintf_r+0xb8>
   8a128:	f645 0330 	movw	r3, #22576	@ 0x5830
   8a12c:	f8ad 3090 	strh.w	r3, [sp, #144]	@ 0x90
   8a130:	9b07      	ldr	r3, [sp, #28]
   8a132:	f04a 0a02 	orr.w	sl, sl, #2
   8a136:	2b63      	cmp	r3, #99	@ 0x63
   8a138:	f300 80a7 	bgt.w	8a28a <_svfprintf_r+0x1e9e>
   8a13c:	e9dd 1212 	ldrd	r1, r2, [sp, #72]	@ 0x48
   8a140:	2a00      	cmp	r2, #0
   8a142:	db7d      	blt.n	8a240 <_svfprintf_r+0x1e54>
   8a144:	e9dd 0112 	ldrd	r0, r1, [sp, #72]	@ 0x48
   8a148:	aa25      	add	r2, sp, #148	@ 0x94
   8a14a:	f000 fbf5 	bl	8a938 <frexp>
   8a14e:	2200      	movs	r2, #0
   8a150:	f04f 537f 	mov.w	r3, #1069547520	@ 0x3fc00000
   8a154:	f7fa fc98 	bl	84a88 <__aeabi_dmul>
   8a158:	4602      	mov	r2, r0
   8a15a:	460b      	mov	r3, r1
   8a15c:	e9cd 230c 	strd	r2, r3, [sp, #48]	@ 0x30
   8a160:	2200      	movs	r2, #0
   8a162:	2300      	movs	r3, #0
   8a164:	f7fa fef8 	bl	84f58 <__aeabi_dcmpeq>
   8a168:	b108      	cbz	r0, 8a16e <_svfprintf_r+0x1d82>
   8a16a:	2301      	movs	r3, #1
   8a16c:	9325      	str	r3, [sp, #148]	@ 0x94
   8a16e:	2300      	movs	r3, #0
   8a170:	4a19      	ldr	r2, [pc, #100]	@ (8a1d8 <_svfprintf_r+0x1dec>)
   8a172:	9315      	str	r3, [sp, #84]	@ 0x54
   8a174:	9206      	str	r2, [sp, #24]
   8a176:	af41      	add	r7, sp, #260	@ 0x104
   8a178:	930b      	str	r3, [sp, #44]	@ 0x2c
   8a17a:	e6c9      	b.n	89f10 <_svfprintf_r+0x1b24>
   8a17c:	2347      	movs	r3, #71	@ 0x47
   8a17e:	9306      	str	r3, [sp, #24]
   8a180:	9b07      	ldr	r3, [sp, #28]
   8a182:	18fe      	adds	r6, r7, r3
   8a184:	e74b      	b.n	8a01e <_svfprintf_r+0x1c32>
   8a186:	4658      	mov	r0, fp
   8a188:	990a      	ldr	r1, [sp, #40]	@ 0x28
   8a18a:	aa2e      	add	r2, sp, #184	@ 0xb8
   8a18c:	f000 fa56 	bl	8a63c <__ssprint_r>
   8a190:	2800      	cmp	r0, #0
   8a192:	f47e ade6 	bne.w	88d62 <_svfprintf_r+0x976>
   8a196:	9f25      	ldr	r7, [sp, #148]	@ 0x94
   8a198:	9b11      	ldr	r3, [sp, #68]	@ 0x44
   8a19a:	9e30      	ldr	r6, [sp, #192]	@ 0xc0
   8a19c:	ac31      	add	r4, sp, #196	@ 0xc4
   8a19e:	1bdf      	subs	r7, r3, r7
   8a1a0:	f7fe bf03 	b.w	88faa <_svfprintf_r+0xbbe>
   8a1a4:	4a0b      	ldr	r2, [pc, #44]	@ (8a1d4 <_svfprintf_r+0x1de8>)
   8a1a6:	9215      	str	r2, [sp, #84]	@ 0x54
   8a1a8:	f7fe be94 	b.w	88ed4 <_svfprintf_r+0xae8>
   8a1ac:	f1c1 0800 	rsb	r8, r1, #0
   8a1b0:	3110      	adds	r1, #16
   8a1b2:	f280 8232 	bge.w	8a61a <_svfprintf_r+0x222e>
   8a1b6:	4809      	ldr	r0, [pc, #36]	@ (8a1dc <_svfprintf_r+0x1df0>)
   8a1b8:	4631      	mov	r1, r6
   8a1ba:	2410      	movs	r4, #16
   8a1bc:	4606      	mov	r6, r0
   8a1be:	9015      	str	r0, [sp, #84]	@ 0x54
   8a1c0:	e014      	b.n	8a1ec <_svfprintf_r+0x1e00>
   8a1c2:	bf00      	nop
   8a1c4:	0008c6a0 	.word	0x0008c6a0
   8a1c8:	40300000 	.word	0x40300000
   8a1cc:	3fe00000 	.word	0x3fe00000
   8a1d0:	cccccccd 	.word	0xcccccccd
   8a1d4:	0008ca44 	.word	0x0008ca44
   8a1d8:	0008c68c 	.word	0x0008c68c
   8a1dc:	0008ca34 	.word	0x0008ca34
   8a1e0:	3208      	adds	r2, #8
   8a1e2:	f1a8 0810 	sub.w	r8, r8, #16
   8a1e6:	f1b8 0f10 	cmp.w	r8, #16
   8a1ea:	dd5c      	ble.n	8a2a6 <_svfprintf_r+0x1eba>
   8a1ec:	3301      	adds	r3, #1
   8a1ee:	3110      	adds	r1, #16
   8a1f0:	2b07      	cmp	r3, #7
   8a1f2:	e9c2 6400 	strd	r6, r4, [r2]
   8a1f6:	e9cd 312f 	strd	r3, r1, [sp, #188]	@ 0xbc
   8a1fa:	ddf1      	ble.n	8a1e0 <_svfprintf_r+0x1df4>
   8a1fc:	4658      	mov	r0, fp
   8a1fe:	990a      	ldr	r1, [sp, #40]	@ 0x28
   8a200:	aa2e      	add	r2, sp, #184	@ 0xb8
   8a202:	f000 fa1b 	bl	8a63c <__ssprint_r>
   8a206:	2800      	cmp	r0, #0
   8a208:	f47e adab 	bne.w	88d62 <_svfprintf_r+0x976>
   8a20c:	e9dd 312f 	ldrd	r3, r1, [sp, #188]	@ 0xbc
   8a210:	aa31      	add	r2, sp, #196	@ 0xc4
   8a212:	e7e6      	b.n	8a1e2 <_svfprintf_r+0x1df6>
   8a214:	9a06      	ldr	r2, [sp, #24]
   8a216:	e9cd 330f 	strd	r3, r3, [sp, #60]	@ 0x3c
   8a21a:	3201      	adds	r2, #1
   8a21c:	9307      	str	r3, [sp, #28]
   8a21e:	f8cd 8038 	str.w	r8, [sp, #56]	@ 0x38
   8a222:	9206      	str	r2, [sp, #24]
   8a224:	9314      	str	r3, [sp, #80]	@ 0x50
   8a226:	f7fe ba04 	b.w	88632 <_svfprintf_r+0x246>
   8a22a:	9b11      	ldr	r3, [sp, #68]	@ 0x44
   8a22c:	9a16      	ldr	r2, [sp, #88]	@ 0x58
   8a22e:	189a      	adds	r2, r3, r2
   8a230:	9b0f      	ldr	r3, [sp, #60]	@ 0x3c
   8a232:	920c      	str	r2, [sp, #48]	@ 0x30
   8a234:	2b00      	cmp	r3, #0
   8a236:	f340 8111 	ble.w	8a45c <_svfprintf_r+0x2070>
   8a23a:	f04f 0967 	mov.w	r9, #103	@ 0x67
   8a23e:	e713      	b.n	8a068 <_svfprintf_r+0x1c7c>
   8a240:	4613      	mov	r3, r2
   8a242:	911c      	str	r1, [sp, #112]	@ 0x70
   8a244:	212d      	movs	r1, #45	@ 0x2d
   8a246:	f103 4300 	add.w	r3, r3, #2147483648	@ 0x80000000
   8a24a:	960b      	str	r6, [sp, #44]	@ 0x2c
   8a24c:	9115      	str	r1, [sp, #84]	@ 0x54
   8a24e:	af41      	add	r7, sp, #260	@ 0x104
   8a250:	931d      	str	r3, [sp, #116]	@ 0x74
   8a252:	aa25      	add	r2, sp, #148	@ 0x94
   8a254:	e9dd 011c 	ldrd	r0, r1, [sp, #112]	@ 0x70
   8a258:	f000 fb6e 	bl	8a938 <frexp>
   8a25c:	2200      	movs	r2, #0
   8a25e:	f04f 537f 	mov.w	r3, #1069547520	@ 0x3fc00000
   8a262:	f7fa fc11 	bl	84a88 <__aeabi_dmul>
   8a266:	4602      	mov	r2, r0
   8a268:	460b      	mov	r3, r1
   8a26a:	e9cd 230c 	strd	r2, r3, [sp, #48]	@ 0x30
   8a26e:	2200      	movs	r2, #0
   8a270:	2300      	movs	r3, #0
   8a272:	f7fa fe71 	bl	84f58 <__aeabi_dcmpeq>
   8a276:	b108      	cbz	r0, 8a27c <_svfprintf_r+0x1e90>
   8a278:	2301      	movs	r3, #1
   8a27a:	9325      	str	r3, [sp, #148]	@ 0x94
   8a27c:	f1b9 0f61 	cmp.w	r9, #97	@ 0x61
   8a280:	f43f ae44 	beq.w	89f0c <_svfprintf_r+0x1b20>
   8a284:	4baa      	ldr	r3, [pc, #680]	@ (8a530 <_svfprintf_r+0x2144>)
   8a286:	9306      	str	r3, [sp, #24]
   8a288:	e642      	b.n	89f10 <_svfprintf_r+0x1b24>
   8a28a:	9b07      	ldr	r3, [sp, #28]
   8a28c:	4658      	mov	r0, fp
   8a28e:	1c59      	adds	r1, r3, #1
   8a290:	f7fd fbe4 	bl	87a5c <_malloc_r>
   8a294:	4607      	mov	r7, r0
   8a296:	2800      	cmp	r0, #0
   8a298:	f000 8196 	beq.w	8a5c8 <_svfprintf_r+0x21dc>
   8a29c:	900b      	str	r0, [sp, #44]	@ 0x2c
   8a29e:	f44a 7880 	orr.w	r8, sl, #256	@ 0x100
   8a2a2:	f7ff b884 	b.w	893ae <_svfprintf_r+0xfc2>
   8a2a6:	460e      	mov	r6, r1
   8a2a8:	3301      	adds	r3, #1
   8a2aa:	9915      	ldr	r1, [sp, #84]	@ 0x54
   8a2ac:	4446      	add	r6, r8
   8a2ae:	2b07      	cmp	r3, #7
   8a2b0:	e9cd 362f 	strd	r3, r6, [sp, #188]	@ 0xbc
   8a2b4:	6011      	str	r1, [r2, #0]
   8a2b6:	f8c2 8004 	str.w	r8, [r2, #4]
   8a2ba:	f300 80db 	bgt.w	8a474 <_svfprintf_r+0x2088>
   8a2be:	3208      	adds	r2, #8
   8a2c0:	f7ff bb39 	b.w	89936 <_svfprintf_r+0x154a>
   8a2c4:	4b9b      	ldr	r3, [pc, #620]	@ (8a534 <_svfprintf_r+0x2148>)
   8a2c6:	9315      	str	r3, [sp, #84]	@ 0x54
   8a2c8:	f7fe bcfe 	b.w	88cc8 <_svfprintf_r+0x8dc>
   8a2cc:	911c      	str	r1, [sp, #112]	@ 0x70
   8a2ce:	212d      	movs	r1, #45	@ 0x2d
   8a2d0:	f103 4300 	add.w	r3, r3, #2147483648	@ 0x80000000
   8a2d4:	9115      	str	r1, [sp, #84]	@ 0x54
   8a2d6:	931d      	str	r3, [sp, #116]	@ 0x74
   8a2d8:	f7ff b875 	b.w	893c6 <_svfprintf_r+0xfda>
   8a2dc:	9a07      	ldr	r2, [sp, #28]
   8a2de:	2a00      	cmp	r2, #0
   8a2e0:	f000 80f5 	beq.w	8a4ce <_svfprintf_r+0x20e2>
   8a2e4:	2b00      	cmp	r3, #0
   8a2e6:	f2c0 814a 	blt.w	8a57e <_svfprintf_r+0x2192>
   8a2ea:	e9dd 2312 	ldrd	r2, r3, [sp, #72]	@ 0x48
   8a2ee:	e9cd 231c 	strd	r2, r3, [sp, #112]	@ 0x70
   8a2f2:	9615      	str	r6, [sp, #84]	@ 0x54
   8a2f4:	9b07      	ldr	r3, [sp, #28]
   8a2f6:	4658      	mov	r0, fp
   8a2f8:	9301      	str	r3, [sp, #4]
   8a2fa:	2302      	movs	r3, #2
   8a2fc:	9300      	str	r3, [sp, #0]
   8a2fe:	ab2c      	add	r3, sp, #176	@ 0xb0
   8a300:	9304      	str	r3, [sp, #16]
   8a302:	ab27      	add	r3, sp, #156	@ 0x9c
   8a304:	9303      	str	r3, [sp, #12]
   8a306:	ab25      	add	r3, sp, #148	@ 0x94
   8a308:	9302      	str	r3, [sp, #8]
   8a30a:	e9dd 231c 	ldrd	r2, r3, [sp, #112]	@ 0x70
   8a30e:	f000 fc27 	bl	8ab60 <_dtoa_r>
   8a312:	2300      	movs	r3, #0
   8a314:	4607      	mov	r7, r0
   8a316:	930b      	str	r3, [sp, #44]	@ 0x2c
   8a318:	e47f      	b.n	89c1a <_svfprintf_r+0x182e>
   8a31a:	2200      	movs	r2, #0
   8a31c:	9b0a      	ldr	r3, [sp, #40]	@ 0x28
   8a31e:	920b      	str	r2, [sp, #44]	@ 0x2c
   8a320:	f9b3 300c 	ldrsh.w	r3, [r3, #12]
   8a324:	f043 0340 	orr.w	r3, r3, #64	@ 0x40
   8a328:	9a0a      	ldr	r2, [sp, #40]	@ 0x28
   8a32a:	8193      	strh	r3, [r2, #12]
   8a32c:	f7fe bd19 	b.w	88d62 <_svfprintf_r+0x976>
   8a330:	f01a 0f01 	tst.w	sl, #1
   8a334:	f43f ad5d 	beq.w	89df2 <_svfprintf_r+0x1a06>
   8a338:	e557      	b.n	89dea <_svfprintf_r+0x19fe>
   8a33a:	2200      	movs	r2, #0
   8a33c:	e9dd 011c 	ldrd	r0, r1, [sp, #112]	@ 0x70
   8a340:	2300      	movs	r3, #0
   8a342:	f7fa fe09 	bl	84f58 <__aeabi_dcmpeq>
   8a346:	2800      	cmp	r0, #0
   8a348:	f000 80d5 	beq.w	8a4f6 <_svfprintf_r+0x210a>
   8a34c:	9b25      	ldr	r3, [sp, #148]	@ 0x94
   8a34e:	930f      	str	r3, [sp, #60]	@ 0x3c
   8a350:	441e      	add	r6, r3
   8a352:	e585      	b.n	89e60 <_svfprintf_r+0x1a74>
   8a354:	4649      	mov	r1, r9
   8a356:	e9dd 9a10 	ldrd	r9, sl, [sp, #64]	@ 0x40
   8a35a:	2900      	cmp	r1, #0
   8a35c:	9d07      	ldr	r5, [sp, #28]
   8a35e:	9c0f      	ldr	r4, [sp, #60]	@ 0x3c
   8a360:	9f14      	ldr	r7, [sp, #80]	@ 0x50
   8a362:	f6ff ae3b 	blt.w	89fdc <_svfprintf_r+0x1bf0>
   8a366:	4642      	mov	r2, r8
   8a368:	2030      	movs	r0, #48	@ 0x30
   8a36a:	1c4b      	adds	r3, r1, #1
   8a36c:	4443      	add	r3, r8
   8a36e:	f802 0b01 	strb.w	r0, [r2], #1
   8a372:	429a      	cmp	r2, r3
   8a374:	d1fb      	bne.n	8a36e <_svfprintf_r+0x1f82>
   8a376:	eb08 0301 	add.w	r3, r8, r1
   8a37a:	f103 0801 	add.w	r8, r3, #1
   8a37e:	e62d      	b.n	89fdc <_svfprintf_r+0x1bf0>
   8a380:	f8cd 8038 	str.w	r8, [sp, #56]	@ 0x38
   8a384:	2b00      	cmp	r3, #0
   8a386:	f000 80bb 	beq.w	8a500 <_svfprintf_r+0x2114>
   8a38a:	9b07      	ldr	r3, [sp, #28]
   8a38c:	f04f 0973 	mov.w	r9, #115	@ 0x73
   8a390:	930c      	str	r3, [sp, #48]	@ 0x30
   8a392:	3301      	adds	r3, #1
   8a394:	9306      	str	r3, [sp, #24]
   8a396:	9007      	str	r0, [sp, #28]
   8a398:	9014      	str	r0, [sp, #80]	@ 0x50
   8a39a:	9010      	str	r0, [sp, #64]	@ 0x40
   8a39c:	f7fe b949 	b.w	88632 <_svfprintf_r+0x246>
   8a3a0:	1bdb      	subs	r3, r3, r7
   8a3a2:	9311      	str	r3, [sp, #68]	@ 0x44
   8a3a4:	9b25      	ldr	r3, [sp, #148]	@ 0x94
   8a3a6:	930f      	str	r3, [sp, #60]	@ 0x3c
   8a3a8:	e4ff      	b.n	89daa <_svfprintf_r+0x19be>
   8a3aa:	2203      	movs	r2, #3
   8a3ac:	2300      	movs	r3, #0
   8a3ae:	e9cd 320b 	strd	r3, r2, [sp, #44]	@ 0x2c
   8a3b2:	2204      	movs	r2, #4
   8a3b4:	f7fe b938 	b.w	88628 <_svfprintf_r+0x23c>
   8a3b8:	9b13      	ldr	r3, [sp, #76]	@ 0x4c
   8a3ba:	f02a 0a80 	bic.w	sl, sl, #128	@ 0x80
   8a3be:	f013 4300 	ands.w	r3, r3, #2147483648	@ 0x80000000
   8a3c2:	930f      	str	r3, [sp, #60]	@ 0x3c
   8a3c4:	d063      	beq.n	8a48e <_svfprintf_r+0x20a2>
   8a3c6:	232d      	movs	r3, #45	@ 0x2d
   8a3c8:	2203      	movs	r2, #3
   8a3ca:	f88d 308f 	strb.w	r3, [sp, #143]	@ 0x8f
   8a3ce:	2300      	movs	r3, #0
   8a3d0:	e9cd 320b 	strd	r3, r2, [sp, #44]	@ 0x2c
   8a3d4:	2204      	movs	r2, #4
   8a3d6:	f1b9 0f47 	cmp.w	r9, #71	@ 0x47
   8a3da:	9206      	str	r2, [sp, #24]
   8a3dc:	f340 80c8 	ble.w	8a570 <_svfprintf_r+0x2184>
   8a3e0:	e9cd 330f 	strd	r3, r3, [sp, #60]	@ 0x3c
   8a3e4:	4f54      	ldr	r7, [pc, #336]	@ (8a538 <_svfprintf_r+0x214c>)
   8a3e6:	9307      	str	r3, [sp, #28]
   8a3e8:	9314      	str	r3, [sp, #80]	@ 0x50
   8a3ea:	f7fe b922 	b.w	88632 <_svfprintf_r+0x246>
   8a3ee:	9b07      	ldr	r3, [sp, #28]
   8a3f0:	9d06      	ldr	r5, [sp, #24]
   8a3f2:	f8dd 802c 	ldr.w	r8, [sp, #44]	@ 0x2c
   8a3f6:	930c      	str	r3, [sp, #48]	@ 0x30
   8a3f8:	f7ff bb71 	b.w	89ade <_svfprintf_r+0x16f2>
   8a3fc:	9b16      	ldr	r3, [sp, #88]	@ 0x58
   8a3fe:	440a      	add	r2, r1
   8a400:	18d3      	adds	r3, r2, r3
   8a402:	f04f 0966 	mov.w	r9, #102	@ 0x66
   8a406:	930c      	str	r3, [sp, #48]	@ 0x30
   8a408:	e62e      	b.n	8a068 <_svfprintf_r+0x1c7c>
   8a40a:	f04f 0967 	mov.w	r9, #103	@ 0x67
   8a40e:	991a      	ldr	r1, [sp, #104]	@ 0x68
   8a410:	780b      	ldrb	r3, [r1, #0]
   8a412:	2bff      	cmp	r3, #255	@ 0xff
   8a414:	f000 80fd 	beq.w	8a612 <_svfprintf_r+0x2226>
   8a418:	2600      	movs	r6, #0
   8a41a:	9a0f      	ldr	r2, [sp, #60]	@ 0x3c
   8a41c:	4630      	mov	r0, r6
   8a41e:	e003      	b.n	8a428 <_svfprintf_r+0x203c>
   8a420:	3001      	adds	r0, #1
   8a422:	3101      	adds	r1, #1
   8a424:	2bff      	cmp	r3, #255	@ 0xff
   8a426:	d008      	beq.n	8a43a <_svfprintf_r+0x204e>
   8a428:	4293      	cmp	r3, r2
   8a42a:	da06      	bge.n	8a43a <_svfprintf_r+0x204e>
   8a42c:	1ad2      	subs	r2, r2, r3
   8a42e:	784b      	ldrb	r3, [r1, #1]
   8a430:	2b00      	cmp	r3, #0
   8a432:	d1f5      	bne.n	8a420 <_svfprintf_r+0x2034>
   8a434:	780b      	ldrb	r3, [r1, #0]
   8a436:	3601      	adds	r6, #1
   8a438:	e7f4      	b.n	8a424 <_svfprintf_r+0x2038>
   8a43a:	e9cd 200f 	strd	r2, r0, [sp, #60]	@ 0x3c
   8a43e:	911a      	str	r1, [sp, #104]	@ 0x68
   8a440:	9614      	str	r6, [sp, #80]	@ 0x50
   8a442:	9a10      	ldr	r2, [sp, #64]	@ 0x40
   8a444:	9b14      	ldr	r3, [sp, #80]	@ 0x50
   8a446:	991b      	ldr	r1, [sp, #108]	@ 0x6c
   8a448:	4413      	add	r3, r2
   8a44a:	9a0c      	ldr	r2, [sp, #48]	@ 0x30
   8a44c:	46c2      	mov	sl, r8
   8a44e:	fb01 2303 	mla	r3, r1, r3, r2
   8a452:	930c      	str	r3, [sp, #48]	@ 0x30
   8a454:	ea23 73e3 	bic.w	r3, r3, r3, asr #31
   8a458:	9306      	str	r3, [sp, #24]
   8a45a:	e405      	b.n	89c68 <_svfprintf_r+0x187c>
   8a45c:	f1c3 0301 	rsb	r3, r3, #1
   8a460:	441a      	add	r2, r3
   8a462:	ea22 73e2 	bic.w	r3, r2, r2, asr #31
   8a466:	46c2      	mov	sl, r8
   8a468:	f04f 0967 	mov.w	r9, #103	@ 0x67
   8a46c:	920c      	str	r2, [sp, #48]	@ 0x30
   8a46e:	9306      	str	r3, [sp, #24]
   8a470:	f7ff bbf7 	b.w	89c62 <_svfprintf_r+0x1876>
   8a474:	4658      	mov	r0, fp
   8a476:	990a      	ldr	r1, [sp, #40]	@ 0x28
   8a478:	aa2e      	add	r2, sp, #184	@ 0xb8
   8a47a:	f000 f8df 	bl	8a63c <__ssprint_r>
   8a47e:	2800      	cmp	r0, #0
   8a480:	f47e ac6f 	bne.w	88d62 <_svfprintf_r+0x976>
   8a484:	e9dd 362f 	ldrd	r3, r6, [sp, #188]	@ 0xbc
   8a488:	aa31      	add	r2, sp, #196	@ 0xc4
   8a48a:	f7ff ba54 	b.w	89936 <_svfprintf_r+0x154a>
   8a48e:	f89d 308f 	ldrb.w	r3, [sp, #143]	@ 0x8f
   8a492:	f1b9 0f47 	cmp.w	r9, #71	@ 0x47
   8a496:	bfcc      	ite	gt
   8a498:	4f27      	ldrgt	r7, [pc, #156]	@ (8a538 <_svfprintf_r+0x214c>)
   8a49a:	4f28      	ldrle	r7, [pc, #160]	@ (8a53c <_svfprintf_r+0x2150>)
   8a49c:	2b00      	cmp	r3, #0
   8a49e:	f040 80a6 	bne.w	8a5ee <_svfprintf_r+0x2202>
   8a4a2:	2203      	movs	r2, #3
   8a4a4:	9307      	str	r3, [sp, #28]
   8a4a6:	920c      	str	r2, [sp, #48]	@ 0x30
   8a4a8:	9314      	str	r3, [sp, #80]	@ 0x50
   8a4aa:	9310      	str	r3, [sp, #64]	@ 0x40
   8a4ac:	930b      	str	r3, [sp, #44]	@ 0x2c
   8a4ae:	9206      	str	r2, [sp, #24]
   8a4b0:	f7fe b8bf 	b.w	88632 <_svfprintf_r+0x246>
   8a4b4:	4a1f      	ldr	r2, [pc, #124]	@ (8a534 <_svfprintf_r+0x2148>)
   8a4b6:	9215      	str	r2, [sp, #84]	@ 0x54
   8a4b8:	f7fe bc61 	b.w	88d7e <_svfprintf_r+0x992>
   8a4bc:	930c      	str	r3, [sp, #48]	@ 0x30
   8a4be:	f7ff bbc2 	b.w	89c46 <_svfprintf_r+0x185a>
   8a4c2:	4a1f      	ldr	r2, [pc, #124]	@ (8a540 <_svfprintf_r+0x2154>)
   8a4c4:	9315      	str	r3, [sp, #84]	@ 0x54
   8a4c6:	9206      	str	r2, [sp, #24]
   8a4c8:	af41      	add	r7, sp, #260	@ 0x104
   8a4ca:	930b      	str	r3, [sp, #44]	@ 0x2c
   8a4cc:	e520      	b.n	89f10 <_svfprintf_r+0x1b24>
   8a4ce:	2b00      	cmp	r3, #0
   8a4d0:	db23      	blt.n	8a51a <_svfprintf_r+0x212e>
   8a4d2:	9b07      	ldr	r3, [sp, #28]
   8a4d4:	9315      	str	r3, [sp, #84]	@ 0x54
   8a4d6:	2301      	movs	r3, #1
   8a4d8:	9307      	str	r3, [sp, #28]
   8a4da:	e9dd 2312 	ldrd	r2, r3, [sp, #72]	@ 0x48
   8a4de:	e9cd 231c 	strd	r2, r3, [sp, #112]	@ 0x70
   8a4e2:	e707      	b.n	8a2f4 <_svfprintf_r+0x1f08>
   8a4e4:	f1c2 0301 	rsb	r3, r2, #1
   8a4e8:	222d      	movs	r2, #45	@ 0x2d
   8a4ea:	2b09      	cmp	r3, #9
   8a4ec:	f88d 20a1 	strb.w	r2, [sp, #161]	@ 0xa1
   8a4f0:	f73f ade3 	bgt.w	8a0ba <_svfprintf_r+0x1cce>
   8a4f4:	e58a      	b.n	8a00c <_svfprintf_r+0x1c20>
   8a4f6:	9b11      	ldr	r3, [sp, #68]	@ 0x44
   8a4f8:	f1c3 0301 	rsb	r3, r3, #1
   8a4fc:	9325      	str	r3, [sp, #148]	@ 0x94
   8a4fe:	e58d      	b.n	8a01c <_svfprintf_r+0x1c30>
   8a500:	9b07      	ldr	r3, [sp, #28]
   8a502:	f04f 0973 	mov.w	r9, #115	@ 0x73
   8a506:	930c      	str	r3, [sp, #48]	@ 0x30
   8a508:	9306      	str	r3, [sp, #24]
   8a50a:	9b0b      	ldr	r3, [sp, #44]	@ 0x2c
   8a50c:	9314      	str	r3, [sp, #80]	@ 0x50
   8a50e:	9310      	str	r3, [sp, #64]	@ 0x40
   8a510:	9307      	str	r3, [sp, #28]
   8a512:	f7fe b88e 	b.w	88632 <_svfprintf_r+0x246>
   8a516:	2170      	movs	r1, #112	@ 0x70
   8a518:	e56e      	b.n	89ff8 <_svfprintf_r+0x1c0c>
   8a51a:	212d      	movs	r1, #45	@ 0x2d
   8a51c:	e9dd 2312 	ldrd	r2, r3, [sp, #72]	@ 0x48
   8a520:	9115      	str	r1, [sp, #84]	@ 0x54
   8a522:	2101      	movs	r1, #1
   8a524:	f103 4300 	add.w	r3, r3, #2147483648	@ 0x80000000
   8a528:	921c      	str	r2, [sp, #112]	@ 0x70
   8a52a:	9107      	str	r1, [sp, #28]
   8a52c:	931d      	str	r3, [sp, #116]	@ 0x74
   8a52e:	e6e1      	b.n	8a2f4 <_svfprintf_r+0x1f08>
   8a530:	0008c68c 	.word	0x0008c68c
   8a534:	0008ca34 	.word	0x0008ca34
   8a538:	0008c710 	.word	0x0008c710
   8a53c:	0008c70c 	.word	0x0008c70c
   8a540:	0008c6a0 	.word	0x0008c6a0
   8a544:	46c2      	mov	sl, r8
   8a546:	b933      	cbnz	r3, 8a556 <_svfprintf_r+0x216a>
   8a548:	2301      	movs	r3, #1
   8a54a:	f04f 0966 	mov.w	r9, #102	@ 0x66
   8a54e:	9306      	str	r3, [sp, #24]
   8a550:	930c      	str	r3, [sp, #48]	@ 0x30
   8a552:	f7ff bb86 	b.w	89c62 <_svfprintf_r+0x1876>
   8a556:	9b16      	ldr	r3, [sp, #88]	@ 0x58
   8a558:	f103 0901 	add.w	r9, r3, #1
   8a55c:	9b07      	ldr	r3, [sp, #28]
   8a55e:	444b      	add	r3, r9
   8a560:	930c      	str	r3, [sp, #48]	@ 0x30
   8a562:	ea23 73e3 	bic.w	r3, r3, r3, asr #31
   8a566:	f04f 0966 	mov.w	r9, #102	@ 0x66
   8a56a:	9306      	str	r3, [sp, #24]
   8a56c:	f7ff bb79 	b.w	89c62 <_svfprintf_r+0x1876>
   8a570:	e9cd 330f 	strd	r3, r3, [sp, #60]	@ 0x3c
   8a574:	4f2f      	ldr	r7, [pc, #188]	@ (8a634 <_svfprintf_r+0x2248>)
   8a576:	9307      	str	r3, [sp, #28]
   8a578:	9314      	str	r3, [sp, #80]	@ 0x50
   8a57a:	f7fe b85a 	b.w	88632 <_svfprintf_r+0x246>
   8a57e:	212d      	movs	r1, #45	@ 0x2d
   8a580:	e9dd 2312 	ldrd	r2, r3, [sp, #72]	@ 0x48
   8a584:	f103 4300 	add.w	r3, r3, #2147483648	@ 0x80000000
   8a588:	921c      	str	r2, [sp, #112]	@ 0x70
   8a58a:	9115      	str	r1, [sp, #84]	@ 0x54
   8a58c:	931d      	str	r3, [sp, #116]	@ 0x74
   8a58e:	e6b1      	b.n	8a2f4 <_svfprintf_r+0x1f08>
   8a590:	2302      	movs	r3, #2
   8a592:	9318      	str	r3, [sp, #96]	@ 0x60
   8a594:	e422      	b.n	89ddc <_svfprintf_r+0x19f0>
   8a596:	e9cd 330f 	strd	r3, r3, [sp, #60]	@ 0x3c
   8a59a:	930b      	str	r3, [sp, #44]	@ 0x2c
   8a59c:	9314      	str	r3, [sp, #80]	@ 0x50
   8a59e:	f7fe b848 	b.w	88632 <_svfprintf_r+0x246>
   8a5a2:	9a0e      	ldr	r2, [sp, #56]	@ 0x38
   8a5a4:	786b      	ldrb	r3, [r5, #1]
   8a5a6:	460d      	mov	r5, r1
   8a5a8:	f852 1b04 	ldr.w	r1, [r2], #4
   8a5ac:	920e      	str	r2, [sp, #56]	@ 0x38
   8a5ae:	ea41 72e1 	orr.w	r2, r1, r1, asr #31
   8a5b2:	9207      	str	r2, [sp, #28]
   8a5b4:	f7fd bf74 	b.w	884a0 <_svfprintf_r+0xb4>
   8a5b8:	4a1f      	ldr	r2, [pc, #124]	@ (8a638 <_svfprintf_r+0x224c>)
   8a5ba:	9215      	str	r2, [sp, #84]	@ 0x54
   8a5bc:	f7ff babe 	b.w	89b3c <_svfprintf_r+0x1750>
   8a5c0:	4b1d      	ldr	r3, [pc, #116]	@ (8a638 <_svfprintf_r+0x224c>)
   8a5c2:	9315      	str	r3, [sp, #84]	@ 0x54
   8a5c4:	f7ff b9cf 	b.w	89966 <_svfprintf_r+0x157a>
   8a5c8:	9a0a      	ldr	r2, [sp, #40]	@ 0x28
   8a5ca:	8993      	ldrh	r3, [r2, #12]
   8a5cc:	f043 0340 	orr.w	r3, r3, #64	@ 0x40
   8a5d0:	8193      	strh	r3, [r2, #12]
   8a5d2:	f04f 33ff 	mov.w	r3, #4294967295	@ 0xffffffff
   8a5d6:	9308      	str	r3, [sp, #32]
   8a5d8:	f7fe b80b 	b.w	885f2 <_svfprintf_r+0x206>
   8a5dc:	4651      	mov	r1, sl
   8a5de:	f7fe be81 	b.w	892e4 <_svfprintf_r+0xef8>
   8a5e2:	4651      	mov	r1, sl
   8a5e4:	f7fe ba05 	b.w	889f2 <_svfprintf_r+0x606>
   8a5e8:	4650      	mov	r0, sl
   8a5ea:	f7fe be69 	b.w	892c0 <_svfprintf_r+0xed4>
   8a5ee:	2203      	movs	r2, #3
   8a5f0:	2300      	movs	r3, #0
   8a5f2:	920c      	str	r2, [sp, #48]	@ 0x30
   8a5f4:	2204      	movs	r2, #4
   8a5f6:	9307      	str	r3, [sp, #28]
   8a5f8:	9206      	str	r2, [sp, #24]
   8a5fa:	9314      	str	r3, [sp, #80]	@ 0x50
   8a5fc:	9310      	str	r3, [sp, #64]	@ 0x40
   8a5fe:	930b      	str	r3, [sp, #44]	@ 0x2c
   8a600:	f7fe b817 	b.w	88632 <_svfprintf_r+0x246>
   8a604:	9b0a      	ldr	r3, [sp, #40]	@ 0x28
   8a606:	900b      	str	r0, [sp, #44]	@ 0x2c
   8a608:	f9b3 300c 	ldrsh.w	r3, [r3, #12]
   8a60c:	f043 0340 	orr.w	r3, r3, #64	@ 0x40
   8a610:	e68a      	b.n	8a328 <_svfprintf_r+0x1f3c>
   8a612:	2300      	movs	r3, #0
   8a614:	9314      	str	r3, [sp, #80]	@ 0x50
   8a616:	9310      	str	r3, [sp, #64]	@ 0x40
   8a618:	e713      	b.n	8a442 <_svfprintf_r+0x2056>
   8a61a:	4907      	ldr	r1, [pc, #28]	@ (8a638 <_svfprintf_r+0x224c>)
   8a61c:	9115      	str	r1, [sp, #84]	@ 0x54
   8a61e:	e643      	b.n	8a2a8 <_svfprintf_r+0x1ebc>
   8a620:	9b0a      	ldr	r3, [sp, #40]	@ 0x28
   8a622:	f9b3 300c 	ldrsh.w	r3, [r3, #12]
   8a626:	f043 0340 	orr.w	r3, r3, #64	@ 0x40
   8a62a:	e67d      	b.n	8a328 <_svfprintf_r+0x1f3c>
   8a62c:	230c      	movs	r3, #12
   8a62e:	f8cb 3000 	str.w	r3, [fp]
   8a632:	e7ce      	b.n	8a5d2 <_svfprintf_r+0x21e6>
   8a634:	0008c70c 	.word	0x0008c70c
   8a638:	0008ca34 	.word	0x0008ca34

0008a63c <__ssprint_r>:
   8a63c:	e92d 41f0 	stmdb	sp!, {r4, r5, r6, r7, r8, lr}
   8a640:	4615      	mov	r5, r2
   8a642:	6892      	ldr	r2, [r2, #8]
   8a644:	682c      	ldr	r4, [r5, #0]
   8a646:	b1fa      	cbz	r2, 8a688 <__ssprint_r+0x4c>
   8a648:	4607      	mov	r7, r0
   8a64a:	4688      	mov	r8, r1
   8a64c:	3408      	adds	r4, #8
   8a64e:	e002      	b.n	8a656 <__ssprint_r+0x1a>
   8a650:	4613      	mov	r3, r2
   8a652:	3408      	adds	r4, #8
   8a654:	b1c3      	cbz	r3, 8a688 <__ssprint_r+0x4c>
   8a656:	686b      	ldr	r3, [r5, #4]
   8a658:	1e5e      	subs	r6, r3, #1
   8a65a:	2b00      	cmp	r3, #0
   8a65c:	606e      	str	r6, [r5, #4]
   8a65e:	dd13      	ble.n	8a688 <__ssprint_r+0x4c>
   8a660:	f854 6c04 	ldr.w	r6, [r4, #-4]
   8a664:	2e00      	cmp	r6, #0
   8a666:	d0f3      	beq.n	8a650 <__ssprint_r+0x14>
   8a668:	4633      	mov	r3, r6
   8a66a:	4641      	mov	r1, r8
   8a66c:	4638      	mov	r0, r7
   8a66e:	f854 2c08 	ldr.w	r2, [r4, #-8]
   8a672:	f001 fee5 	bl	8c440 <__ssputs_r>
   8a676:	1c43      	adds	r3, r0, #1
   8a678:	d007      	beq.n	8a68a <__ssprint_r+0x4e>
   8a67a:	68aa      	ldr	r2, [r5, #8]
   8a67c:	3408      	adds	r4, #8
   8a67e:	1b92      	subs	r2, r2, r6
   8a680:	4613      	mov	r3, r2
   8a682:	60aa      	str	r2, [r5, #8]
   8a684:	2b00      	cmp	r3, #0
   8a686:	d1e6      	bne.n	8a656 <__ssprint_r+0x1a>
   8a688:	2000      	movs	r0, #0
   8a68a:	2300      	movs	r3, #0
   8a68c:	e9c5 3301 	strd	r3, r3, [r5, #4]
   8a690:	e8bd 81f0 	ldmia.w	sp!, {r4, r5, r6, r7, r8, pc}

0008a694 <_fclose_r>:
   8a694:	b570      	push	{r4, r5, r6, lr}
   8a696:	2900      	cmp	r1, #0
   8a698:	d03f      	beq.n	8a71a <_fclose_r+0x86>
   8a69a:	4606      	mov	r6, r0
   8a69c:	460c      	mov	r4, r1
   8a69e:	b110      	cbz	r0, 8a6a6 <_fclose_r+0x12>
   8a6a0:	6b43      	ldr	r3, [r0, #52]	@ 0x34
   8a6a2:	2b00      	cmp	r3, #0
   8a6a4:	d03c      	beq.n	8a720 <_fclose_r+0x8c>
   8a6a6:	6e63      	ldr	r3, [r4, #100]	@ 0x64
   8a6a8:	f9b4 200c 	ldrsh.w	r2, [r4, #12]
   8a6ac:	07dd      	lsls	r5, r3, #31
   8a6ae:	d432      	bmi.n	8a716 <_fclose_r+0x82>
   8a6b0:	0590      	lsls	r0, r2, #22
   8a6b2:	d538      	bpl.n	8a726 <_fclose_r+0x92>
   8a6b4:	4621      	mov	r1, r4
   8a6b6:	4630      	mov	r0, r6
   8a6b8:	f7fc f914 	bl	868e4 <__sflush_r>
   8a6bc:	6ae3      	ldr	r3, [r4, #44]	@ 0x2c
   8a6be:	4605      	mov	r5, r0
   8a6c0:	b133      	cbz	r3, 8a6d0 <_fclose_r+0x3c>
   8a6c2:	4630      	mov	r0, r6
   8a6c4:	69e1      	ldr	r1, [r4, #28]
   8a6c6:	4798      	blx	r3
   8a6c8:	2800      	cmp	r0, #0
   8a6ca:	bfb8      	it	lt
   8a6cc:	f04f 35ff 	movlt.w	r5, #4294967295	@ 0xffffffff
   8a6d0:	89a3      	ldrh	r3, [r4, #12]
   8a6d2:	061a      	lsls	r2, r3, #24
   8a6d4:	d439      	bmi.n	8a74a <_fclose_r+0xb6>
   8a6d6:	6b21      	ldr	r1, [r4, #48]	@ 0x30
   8a6d8:	b141      	cbz	r1, 8a6ec <_fclose_r+0x58>
   8a6da:	f104 0340 	add.w	r3, r4, #64	@ 0x40
   8a6de:	4299      	cmp	r1, r3
   8a6e0:	d002      	beq.n	8a6e8 <_fclose_r+0x54>
   8a6e2:	4630      	mov	r0, r6
   8a6e4:	f7fd f8be 	bl	87864 <_free_r>
   8a6e8:	2300      	movs	r3, #0
   8a6ea:	6323      	str	r3, [r4, #48]	@ 0x30
   8a6ec:	6c61      	ldr	r1, [r4, #68]	@ 0x44
   8a6ee:	b121      	cbz	r1, 8a6fa <_fclose_r+0x66>
   8a6f0:	4630      	mov	r0, r6
   8a6f2:	f7fd f8b7 	bl	87864 <_free_r>
   8a6f6:	2300      	movs	r3, #0
   8a6f8:	6463      	str	r3, [r4, #68]	@ 0x44
   8a6fa:	f7fc fa71 	bl	86be0 <__sfp_lock_acquire>
   8a6fe:	2200      	movs	r2, #0
   8a700:	6e63      	ldr	r3, [r4, #100]	@ 0x64
   8a702:	81a2      	strh	r2, [r4, #12]
   8a704:	07db      	lsls	r3, r3, #31
   8a706:	d51c      	bpl.n	8a742 <_fclose_r+0xae>
   8a708:	6da0      	ldr	r0, [r4, #88]	@ 0x58
   8a70a:	f7fc ff55 	bl	875b8 <__retarget_lock_close_recursive>
   8a70e:	f7fc fa6d 	bl	86bec <__sfp_lock_release>
   8a712:	4628      	mov	r0, r5
   8a714:	bd70      	pop	{r4, r5, r6, pc}
   8a716:	2a00      	cmp	r2, #0
   8a718:	d1cc      	bne.n	8a6b4 <_fclose_r+0x20>
   8a71a:	2500      	movs	r5, #0
   8a71c:	4628      	mov	r0, r5
   8a71e:	bd70      	pop	{r4, r5, r6, pc}
   8a720:	f7fc fa40 	bl	86ba4 <__sinit>
   8a724:	e7bf      	b.n	8a6a6 <_fclose_r+0x12>
   8a726:	6da0      	ldr	r0, [r4, #88]	@ 0x58
   8a728:	f7fc ff48 	bl	875bc <__retarget_lock_acquire_recursive>
   8a72c:	f9b4 300c 	ldrsh.w	r3, [r4, #12]
   8a730:	2b00      	cmp	r3, #0
   8a732:	d1bf      	bne.n	8a6b4 <_fclose_r+0x20>
   8a734:	6e63      	ldr	r3, [r4, #100]	@ 0x64
   8a736:	07d9      	lsls	r1, r3, #31
   8a738:	d4ef      	bmi.n	8a71a <_fclose_r+0x86>
   8a73a:	6da0      	ldr	r0, [r4, #88]	@ 0x58
   8a73c:	f7fc ff40 	bl	875c0 <__retarget_lock_release_recursive>
   8a740:	e7eb      	b.n	8a71a <_fclose_r+0x86>
   8a742:	6da0      	ldr	r0, [r4, #88]	@ 0x58
   8a744:	f7fc ff3c 	bl	875c0 <__retarget_lock_release_recursive>
   8a748:	e7de      	b.n	8a708 <_fclose_r+0x74>
   8a74a:	4630      	mov	r0, r6
   8a74c:	6921      	ldr	r1, [r4, #16]
   8a74e:	f7fd f889 	bl	87864 <_free_r>
   8a752:	e7c0      	b.n	8a6d6 <_fclose_r+0x42>

0008a754 <__smakebuf_r>:
   8a754:	b570      	push	{r4, r5, r6, lr}
   8a756:	f9b1 300c 	ldrsh.w	r3, [r1, #12]
   8a75a:	460c      	mov	r4, r1
   8a75c:	0799      	lsls	r1, r3, #30
   8a75e:	b096      	sub	sp, #88	@ 0x58
   8a760:	d507      	bpl.n	8a772 <__smakebuf_r+0x1e>
   8a762:	2201      	movs	r2, #1
   8a764:	f104 0343 	add.w	r3, r4, #67	@ 0x43
   8a768:	e9c4 3204 	strd	r3, r2, [r4, #16]
   8a76c:	6023      	str	r3, [r4, #0]
   8a76e:	b016      	add	sp, #88	@ 0x58
   8a770:	bd70      	pop	{r4, r5, r6, pc}
   8a772:	f9b4 100e 	ldrsh.w	r1, [r4, #14]
   8a776:	4605      	mov	r5, r0
   8a778:	2900      	cmp	r1, #0
   8a77a:	db2b      	blt.n	8a7d4 <__smakebuf_r+0x80>
   8a77c:	466a      	mov	r2, sp
   8a77e:	f000 f881 	bl	8a884 <_fstat_r>
   8a782:	2800      	cmp	r0, #0
   8a784:	db24      	blt.n	8a7d0 <__smakebuf_r+0x7c>
   8a786:	f44f 6180 	mov.w	r1, #1024	@ 0x400
   8a78a:	4628      	mov	r0, r5
   8a78c:	9e01      	ldr	r6, [sp, #4]
   8a78e:	f7fd f965 	bl	87a5c <_malloc_r>
   8a792:	f9b4 300c 	ldrsh.w	r3, [r4, #12]
   8a796:	b3a0      	cbz	r0, 8a802 <__smakebuf_r+0xae>
   8a798:	f44f 6280 	mov.w	r2, #1024	@ 0x400
   8a79c:	f406 4670 	and.w	r6, r6, #61440	@ 0xf000
   8a7a0:	f043 0380 	orr.w	r3, r3, #128	@ 0x80
   8a7a4:	f5b6 5f00 	cmp.w	r6, #8192	@ 0x2000
   8a7a8:	81a3      	strh	r3, [r4, #12]
   8a7aa:	6020      	str	r0, [r4, #0]
   8a7ac:	6120      	str	r0, [r4, #16]
   8a7ae:	6162      	str	r2, [r4, #20]
   8a7b0:	d135      	bne.n	8a81e <__smakebuf_r+0xca>
   8a7b2:	4628      	mov	r0, r5
   8a7b4:	f9b4 100e 	ldrsh.w	r1, [r4, #14]
   8a7b8:	f000 f878 	bl	8a8ac <_isatty_r>
   8a7bc:	f9b4 300c 	ldrsh.w	r3, [r4, #12]
   8a7c0:	b368      	cbz	r0, 8a81e <__smakebuf_r+0xca>
   8a7c2:	f023 0303 	bic.w	r3, r3, #3
   8a7c6:	f44f 6200 	mov.w	r2, #2048	@ 0x800
   8a7ca:	f043 0301 	orr.w	r3, r3, #1
   8a7ce:	e014      	b.n	8a7fa <__smakebuf_r+0xa6>
   8a7d0:	f9b4 300c 	ldrsh.w	r3, [r4, #12]
   8a7d4:	f013 0f80 	tst.w	r3, #128	@ 0x80
   8a7d8:	bf0c      	ite	eq
   8a7da:	f44f 6680 	moveq.w	r6, #1024	@ 0x400
   8a7de:	2640      	movne	r6, #64	@ 0x40
   8a7e0:	4628      	mov	r0, r5
   8a7e2:	4631      	mov	r1, r6
   8a7e4:	f7fd f93a 	bl	87a5c <_malloc_r>
   8a7e8:	f9b4 300c 	ldrsh.w	r3, [r4, #12]
   8a7ec:	b148      	cbz	r0, 8a802 <__smakebuf_r+0xae>
   8a7ee:	2200      	movs	r2, #0
   8a7f0:	e9c4 0604 	strd	r0, r6, [r4, #16]
   8a7f4:	f043 0380 	orr.w	r3, r3, #128	@ 0x80
   8a7f8:	6020      	str	r0, [r4, #0]
   8a7fa:	4313      	orrs	r3, r2
   8a7fc:	81a3      	strh	r3, [r4, #12]
   8a7fe:	b016      	add	sp, #88	@ 0x58
   8a800:	bd70      	pop	{r4, r5, r6, pc}
   8a802:	059a      	lsls	r2, r3, #22
   8a804:	d4b3      	bmi.n	8a76e <__smakebuf_r+0x1a>
   8a806:	2101      	movs	r1, #1
   8a808:	f023 0303 	bic.w	r3, r3, #3
   8a80c:	f104 0243 	add.w	r2, r4, #67	@ 0x43
   8a810:	f043 0302 	orr.w	r3, r3, #2
   8a814:	e9c4 2104 	strd	r2, r1, [r4, #16]
   8a818:	81a3      	strh	r3, [r4, #12]
   8a81a:	6022      	str	r2, [r4, #0]
   8a81c:	e7a7      	b.n	8a76e <__smakebuf_r+0x1a>
   8a81e:	f44f 6200 	mov.w	r2, #2048	@ 0x800
   8a822:	e7ea      	b.n	8a7fa <__smakebuf_r+0xa6>

0008a824 <__swhatbuf_r>:
   8a824:	b570      	push	{r4, r5, r6, lr}
   8a826:	460c      	mov	r4, r1
   8a828:	f9b1 100e 	ldrsh.w	r1, [r1, #14]
   8a82c:	4615      	mov	r5, r2
   8a82e:	2900      	cmp	r1, #0
   8a830:	461e      	mov	r6, r3
   8a832:	b096      	sub	sp, #88	@ 0x58
   8a834:	db14      	blt.n	8a860 <__swhatbuf_r+0x3c>
   8a836:	466a      	mov	r2, sp
   8a838:	f000 f824 	bl	8a884 <_fstat_r>
   8a83c:	2800      	cmp	r0, #0
   8a83e:	db0f      	blt.n	8a860 <__swhatbuf_r+0x3c>
   8a840:	9901      	ldr	r1, [sp, #4]
   8a842:	f44f 6380 	mov.w	r3, #1024	@ 0x400
   8a846:	f401 4170 	and.w	r1, r1, #61440	@ 0xf000
   8a84a:	f5a1 5100 	sub.w	r1, r1, #8192	@ 0x2000
   8a84e:	fab1 f181 	clz	r1, r1
   8a852:	f44f 6000 	mov.w	r0, #2048	@ 0x800
   8a856:	0949      	lsrs	r1, r1, #5
   8a858:	6031      	str	r1, [r6, #0]
   8a85a:	602b      	str	r3, [r5, #0]
   8a85c:	b016      	add	sp, #88	@ 0x58
   8a85e:	bd70      	pop	{r4, r5, r6, pc}
   8a860:	89a1      	ldrh	r1, [r4, #12]
   8a862:	f011 0180 	ands.w	r1, r1, #128	@ 0x80
   8a866:	d006      	beq.n	8a876 <__swhatbuf_r+0x52>
   8a868:	2100      	movs	r1, #0
   8a86a:	2340      	movs	r3, #64	@ 0x40
   8a86c:	4608      	mov	r0, r1
   8a86e:	6031      	str	r1, [r6, #0]
   8a870:	602b      	str	r3, [r5, #0]
   8a872:	b016      	add	sp, #88	@ 0x58
   8a874:	bd70      	pop	{r4, r5, r6, pc}
   8a876:	f44f 6380 	mov.w	r3, #1024	@ 0x400
   8a87a:	4608      	mov	r0, r1
   8a87c:	6031      	str	r1, [r6, #0]
   8a87e:	602b      	str	r3, [r5, #0]
   8a880:	b016      	add	sp, #88	@ 0x58
   8a882:	bd70      	pop	{r4, r5, r6, pc}

0008a884 <_fstat_r>:
   8a884:	b570      	push	{r4, r5, r6, lr}
   8a886:	2600      	movs	r6, #0
   8a888:	4d07      	ldr	r5, [pc, #28]	@ (8a8a8 <_fstat_r+0x24>)
   8a88a:	4604      	mov	r4, r0
   8a88c:	4608      	mov	r0, r1
   8a88e:	4611      	mov	r1, r2
   8a890:	602e      	str	r6, [r5, #0]
   8a892:	f7f8 fa89 	bl	82da8 <_fstat>
   8a896:	1c43      	adds	r3, r0, #1
   8a898:	d000      	beq.n	8a89c <_fstat_r+0x18>
   8a89a:	bd70      	pop	{r4, r5, r6, pc}
   8a89c:	682b      	ldr	r3, [r5, #0]
   8a89e:	2b00      	cmp	r3, #0
   8a8a0:	d0fb      	beq.n	8a89a <_fstat_r+0x16>
   8a8a2:	6023      	str	r3, [r4, #0]
   8a8a4:	bd70      	pop	{r4, r5, r6, pc}
   8a8a6:	bf00      	nop
   8a8a8:	20003540 	.word	0x20003540

0008a8ac <_isatty_r>:
   8a8ac:	2200      	movs	r2, #0
   8a8ae:	b538      	push	{r3, r4, r5, lr}
   8a8b0:	4d06      	ldr	r5, [pc, #24]	@ (8a8cc <_isatty_r+0x20>)
   8a8b2:	4604      	mov	r4, r0
   8a8b4:	4608      	mov	r0, r1
   8a8b6:	602a      	str	r2, [r5, #0]
   8a8b8:	f7f8 fa7c 	bl	82db4 <_isatty>
   8a8bc:	1c43      	adds	r3, r0, #1
   8a8be:	d000      	beq.n	8a8c2 <_isatty_r+0x16>
   8a8c0:	bd38      	pop	{r3, r4, r5, pc}
   8a8c2:	682b      	ldr	r3, [r5, #0]
   8a8c4:	2b00      	cmp	r3, #0
   8a8c6:	d0fb      	beq.n	8a8c0 <_isatty_r+0x14>
   8a8c8:	6023      	str	r3, [r4, #0]
   8a8ca:	bd38      	pop	{r3, r4, r5, pc}
   8a8cc:	20003540 	.word	0x20003540

0008a8d0 <_sbrk_r>:
   8a8d0:	2200      	movs	r2, #0
   8a8d2:	b538      	push	{r3, r4, r5, lr}
   8a8d4:	4d06      	ldr	r5, [pc, #24]	@ (8a8f0 <_sbrk_r+0x20>)
   8a8d6:	4604      	mov	r4, r0
   8a8d8:	4608      	mov	r0, r1
   8a8da:	602a      	str	r2, [r5, #0]
   8a8dc:	f7f8 fa40 	bl	82d60 <_sbrk>
   8a8e0:	1c43      	adds	r3, r0, #1
   8a8e2:	d000      	beq.n	8a8e6 <_sbrk_r+0x16>
   8a8e4:	bd38      	pop	{r3, r4, r5, pc}
   8a8e6:	682b      	ldr	r3, [r5, #0]
   8a8e8:	2b00      	cmp	r3, #0
   8a8ea:	d0fb      	beq.n	8a8e4 <_sbrk_r+0x14>
   8a8ec:	6023      	str	r3, [r4, #0]
   8a8ee:	bd38      	pop	{r3, r4, r5, pc}
   8a8f0:	20003540 	.word	0x20003540

0008a8f4 <__libc_fini_array>:
   8a8f4:	b538      	push	{r3, r4, r5, lr}
   8a8f6:	4d07      	ldr	r5, [pc, #28]	@ (8a914 <__libc_fini_array+0x20>)
   8a8f8:	4c07      	ldr	r4, [pc, #28]	@ (8a918 <__libc_fini_array+0x24>)
   8a8fa:	1b2c      	subs	r4, r5, r4
   8a8fc:	10a4      	asrs	r4, r4, #2
   8a8fe:	d005      	beq.n	8a90c <__libc_fini_array+0x18>
   8a900:	3c01      	subs	r4, #1
   8a902:	f855 3d04 	ldr.w	r3, [r5, #-4]!
   8a906:	4798      	blx	r3
   8a908:	2c00      	cmp	r4, #0
   8a90a:	d1f9      	bne.n	8a900 <__libc_fini_array+0xc>
   8a90c:	e8bd 4038 	ldmia.w	sp!, {r3, r4, r5, lr}
   8a910:	f002 b928 	b.w	8cb64 <_fini>
   8a914:	0008cb74 	.word	0x0008cb74
   8a918:	0008cb70 	.word	0x0008cb70

0008a91c <sysconf>:
   8a91c:	2808      	cmp	r0, #8
   8a91e:	d102      	bne.n	8a926 <sysconf+0xa>
   8a920:	f44f 5080 	mov.w	r0, #4096	@ 0x1000
   8a924:	4770      	bx	lr
   8a926:	b508      	push	{r3, lr}
   8a928:	f7fc fe16 	bl	87558 <__errno>
   8a92c:	2216      	movs	r2, #22
   8a92e:	4603      	mov	r3, r0
   8a930:	f04f 30ff 	mov.w	r0, #4294967295	@ 0xffffffff
   8a934:	601a      	str	r2, [r3, #0]
   8a936:	bd08      	pop	{r3, pc}

0008a938 <frexp>:
   8a938:	b5f8      	push	{r3, r4, r5, r6, r7, lr}
   8a93a:	2700      	movs	r7, #0
   8a93c:	f8df c058 	ldr.w	ip, [pc, #88]	@ 8a998 <frexp+0x60>
   8a940:	f021 4300 	bic.w	r3, r1, #2147483648	@ 0x80000000
   8a944:	4563      	cmp	r3, ip
   8a946:	4604      	mov	r4, r0
   8a948:	460d      	mov	r5, r1
   8a94a:	6017      	str	r7, [r2, #0]
   8a94c:	d821      	bhi.n	8a992 <frexp+0x5a>
   8a94e:	4684      	mov	ip, r0
   8a950:	ea53 0c0c 	orrs.w	ip, r3, ip
   8a954:	d01d      	beq.n	8a992 <frexp+0x5a>
   8a956:	f8df c044 	ldr.w	ip, [pc, #68]	@ 8a99c <frexp+0x64>
   8a95a:	4616      	mov	r6, r2
   8a95c:	ea01 0c0c 	and.w	ip, r1, ip
   8a960:	460a      	mov	r2, r1
   8a962:	f1bc 0f00 	cmp.w	ip, #0
   8a966:	d109      	bne.n	8a97c <frexp+0x44>
   8a968:	2200      	movs	r2, #0
   8a96a:	4b0d      	ldr	r3, [pc, #52]	@ (8a9a0 <frexp+0x68>)
   8a96c:	f7fa f88c 	bl	84a88 <__aeabi_dmul>
   8a970:	f06f 0735 	mvn.w	r7, #53	@ 0x35
   8a974:	4604      	mov	r4, r0
   8a976:	460a      	mov	r2, r1
   8a978:	f021 4300 	bic.w	r3, r1, #2147483648	@ 0x80000000
   8a97c:	151b      	asrs	r3, r3, #20
   8a97e:	f36f 521e 	bfc	r2, #20, #11
   8a982:	f2a3 33fe 	subw	r3, r3, #1022	@ 0x3fe
   8a986:	443b      	add	r3, r7
   8a988:	f042 557f 	orr.w	r5, r2, #1069547520	@ 0x3fc00000
   8a98c:	6033      	str	r3, [r6, #0]
   8a98e:	f445 1500 	orr.w	r5, r5, #2097152	@ 0x200000
   8a992:	4620      	mov	r0, r4
   8a994:	4629      	mov	r1, r5
   8a996:	bdf8      	pop	{r3, r4, r5, r6, r7, pc}
   8a998:	7fefffff 	.word	0x7fefffff
   8a99c:	7ff00000 	.word	0x7ff00000
   8a9a0:	43500000 	.word	0x43500000

0008a9a4 <__register_exitproc>:
   8a9a4:	e92d 43f8 	stmdb	sp!, {r3, r4, r5, r6, r7, r8, r9, lr}
   8a9a8:	4d1b      	ldr	r5, [pc, #108]	@ (8aa18 <__register_exitproc+0x74>)
   8a9aa:	4606      	mov	r6, r0
   8a9ac:	6828      	ldr	r0, [r5, #0]
   8a9ae:	4698      	mov	r8, r3
   8a9b0:	460f      	mov	r7, r1
   8a9b2:	4691      	mov	r9, r2
   8a9b4:	f7fc fe02 	bl	875bc <__retarget_lock_acquire_recursive>
   8a9b8:	4b18      	ldr	r3, [pc, #96]	@ (8aa1c <__register_exitproc+0x78>)
   8a9ba:	681c      	ldr	r4, [r3, #0]
   8a9bc:	b31c      	cbz	r4, 8aa06 <__register_exitproc+0x62>
   8a9be:	6828      	ldr	r0, [r5, #0]
   8a9c0:	6865      	ldr	r5, [r4, #4]
   8a9c2:	2d1f      	cmp	r5, #31
   8a9c4:	dc22      	bgt.n	8aa0c <__register_exitproc+0x68>
   8a9c6:	b94e      	cbnz	r6, 8a9dc <__register_exitproc+0x38>
   8a9c8:	1c6b      	adds	r3, r5, #1
   8a9ca:	3502      	adds	r5, #2
   8a9cc:	6063      	str	r3, [r4, #4]
   8a9ce:	f844 7025 	str.w	r7, [r4, r5, lsl #2]
   8a9d2:	f7fc fdf5 	bl	875c0 <__retarget_lock_release_recursive>
   8a9d6:	2000      	movs	r0, #0
   8a9d8:	e8bd 83f8 	ldmia.w	sp!, {r3, r4, r5, r6, r7, r8, r9, pc}
   8a9dc:	2301      	movs	r3, #1
   8a9de:	eb04 0185 	add.w	r1, r4, r5, lsl #2
   8a9e2:	f8c1 9088 	str.w	r9, [r1, #136]	@ 0x88
   8a9e6:	f8d4 2188 	ldr.w	r2, [r4, #392]	@ 0x188
   8a9ea:	40ab      	lsls	r3, r5
   8a9ec:	431a      	orrs	r2, r3
   8a9ee:	2e02      	cmp	r6, #2
   8a9f0:	f8c4 2188 	str.w	r2, [r4, #392]	@ 0x188
   8a9f4:	f8c1 8108 	str.w	r8, [r1, #264]	@ 0x108
   8a9f8:	d1e6      	bne.n	8a9c8 <__register_exitproc+0x24>
   8a9fa:	f8d4 218c 	ldr.w	r2, [r4, #396]	@ 0x18c
   8a9fe:	431a      	orrs	r2, r3
   8aa00:	f8c4 218c 	str.w	r2, [r4, #396]	@ 0x18c
   8aa04:	e7e0      	b.n	8a9c8 <__register_exitproc+0x24>
   8aa06:	4c06      	ldr	r4, [pc, #24]	@ (8aa20 <__register_exitproc+0x7c>)
   8aa08:	601c      	str	r4, [r3, #0]
   8aa0a:	e7d8      	b.n	8a9be <__register_exitproc+0x1a>
   8aa0c:	f7fc fdd8 	bl	875c0 <__retarget_lock_release_recursive>
   8aa10:	f04f 30ff 	mov.w	r0, #4294967295	@ 0xffffffff
   8aa14:	e7e0      	b.n	8a9d8 <__register_exitproc+0x34>
   8aa16:	bf00      	nop
   8aa18:	20000668 	.word	0x20000668
   8aa1c:	20003550 	.word	0x20003550
   8aa20:	20003588 	.word	0x20003588

0008aa24 <quorem>:
   8aa24:	e92d 4ff0 	stmdb	sp!, {r4, r5, r6, r7, r8, r9, sl, fp, lr}
   8aa28:	6903      	ldr	r3, [r0, #16]
   8aa2a:	690c      	ldr	r4, [r1, #16]
   8aa2c:	b085      	sub	sp, #20
   8aa2e:	42a3      	cmp	r3, r4
   8aa30:	f2c0 8091 	blt.w	8ab56 <quorem+0x132>
   8aa34:	4681      	mov	r9, r0
   8aa36:	3c01      	subs	r4, #1
   8aa38:	f101 0514 	add.w	r5, r1, #20
   8aa3c:	f109 0814 	add.w	r8, r9, #20
   8aa40:	f855 3024 	ldr.w	r3, [r5, r4, lsl #2]
   8aa44:	f858 c024 	ldr.w	ip, [r8, r4, lsl #2]
   8aa48:	3301      	adds	r3, #1
   8aa4a:	459c      	cmp	ip, r3
   8aa4c:	fbbc f6f3 	udiv	r6, ip, r3
   8aa50:	ea4f 0084 	mov.w	r0, r4, lsl #2
   8aa54:	eb05 0784 	add.w	r7, r5, r4, lsl #2
   8aa58:	eb08 0284 	add.w	r2, r8, r4, lsl #2
   8aa5c:	d343      	bcc.n	8aae6 <quorem+0xc2>
   8aa5e:	f04f 0c00 	mov.w	ip, #0
   8aa62:	46aa      	mov	sl, r5
   8aa64:	e9cd 0501 	strd	r0, r5, [sp, #4]
   8aa68:	46c6      	mov	lr, r8
   8aa6a:	4663      	mov	r3, ip
   8aa6c:	4665      	mov	r5, ip
   8aa6e:	4693      	mov	fp, r2
   8aa70:	f8cd 800c 	str.w	r8, [sp, #12]
   8aa74:	f85a 0b04 	ldr.w	r0, [sl], #4
   8aa78:	f8de 2000 	ldr.w	r2, [lr]
   8aa7c:	fa1f fc80 	uxth.w	ip, r0
   8aa80:	fb06 550c 	mla	r5, r6, ip, r5
   8aa84:	ea4f 4810 	mov.w	r8, r0, lsr #16
   8aa88:	ea4f 4c15 	mov.w	ip, r5, lsr #16
   8aa8c:	fb06 cc08 	mla	ip, r6, r8, ip
   8aa90:	b2ad      	uxth	r5, r5
   8aa92:	b290      	uxth	r0, r2
   8aa94:	1b40      	subs	r0, r0, r5
   8aa96:	4418      	add	r0, r3
   8aa98:	fa1f f38c 	uxth.w	r3, ip
   8aa9c:	ebc3 4320 	rsb	r3, r3, r0, asr #16
   8aaa0:	eb03 4312 	add.w	r3, r3, r2, lsr #16
   8aaa4:	b280      	uxth	r0, r0
   8aaa6:	ea40 4003 	orr.w	r0, r0, r3, lsl #16
   8aaaa:	4557      	cmp	r7, sl
   8aaac:	f84e 0b04 	str.w	r0, [lr], #4
   8aab0:	ea4f 451c 	mov.w	r5, ip, lsr #16
   8aab4:	ea4f 4323 	mov.w	r3, r3, asr #16
   8aab8:	d2dc      	bcs.n	8aa74 <quorem+0x50>
   8aaba:	e9dd 0501 	ldrd	r0, r5, [sp, #4]
   8aabe:	f8dd 800c 	ldr.w	r8, [sp, #12]
   8aac2:	f858 3000 	ldr.w	r3, [r8, r0]
   8aac6:	b973      	cbnz	r3, 8aae6 <quorem+0xc2>
   8aac8:	f1ab 0204 	sub.w	r2, fp, #4
   8aacc:	4590      	cmp	r8, r2
   8aace:	d304      	bcc.n	8aada <quorem+0xb6>
   8aad0:	e007      	b.n	8aae2 <quorem+0xbe>
   8aad2:	4590      	cmp	r8, r2
   8aad4:	f104 34ff 	add.w	r4, r4, #4294967295	@ 0xffffffff
   8aad8:	d203      	bcs.n	8aae2 <quorem+0xbe>
   8aada:	f852 3904 	ldr.w	r3, [r2], #-4
   8aade:	2b00      	cmp	r3, #0
   8aae0:	d0f7      	beq.n	8aad2 <quorem+0xae>
   8aae2:	f8c9 4010 	str.w	r4, [r9, #16]
   8aae6:	4648      	mov	r0, r9
   8aae8:	f001 faf2 	bl	8c0d0 <__mcmp>
   8aaec:	2800      	cmp	r0, #0
   8aaee:	db2e      	blt.n	8ab4e <quorem+0x12a>
   8aaf0:	4641      	mov	r1, r8
   8aaf2:	2200      	movs	r2, #0
   8aaf4:	f855 0b04 	ldr.w	r0, [r5], #4
   8aaf8:	f8d1 c000 	ldr.w	ip, [r1]
   8aafc:	fa1f fe80 	uxth.w	lr, r0
   8ab00:	fa1f f38c 	uxth.w	r3, ip
   8ab04:	eba3 030e 	sub.w	r3, r3, lr
   8ab08:	4413      	add	r3, r2
   8ab0a:	0c02      	lsrs	r2, r0, #16
   8ab0c:	ebc2 4223 	rsb	r2, r2, r3, asr #16
   8ab10:	eb02 421c 	add.w	r2, r2, ip, lsr #16
   8ab14:	b29b      	uxth	r3, r3
   8ab16:	ea43 4302 	orr.w	r3, r3, r2, lsl #16
   8ab1a:	42af      	cmp	r7, r5
   8ab1c:	f841 3b04 	str.w	r3, [r1], #4
   8ab20:	ea4f 4222 	mov.w	r2, r2, asr #16
   8ab24:	d2e6      	bcs.n	8aaf4 <quorem+0xd0>
   8ab26:	f858 2024 	ldr.w	r2, [r8, r4, lsl #2]
   8ab2a:	eb08 0384 	add.w	r3, r8, r4, lsl #2
   8ab2e:	b96a      	cbnz	r2, 8ab4c <quorem+0x128>
   8ab30:	3b04      	subs	r3, #4
   8ab32:	4543      	cmp	r3, r8
   8ab34:	d804      	bhi.n	8ab40 <quorem+0x11c>
   8ab36:	e007      	b.n	8ab48 <quorem+0x124>
   8ab38:	4598      	cmp	r8, r3
   8ab3a:	f104 34ff 	add.w	r4, r4, #4294967295	@ 0xffffffff
   8ab3e:	d203      	bcs.n	8ab48 <quorem+0x124>
   8ab40:	f853 2904 	ldr.w	r2, [r3], #-4
   8ab44:	2a00      	cmp	r2, #0
   8ab46:	d0f7      	beq.n	8ab38 <quorem+0x114>
   8ab48:	f8c9 4010 	str.w	r4, [r9, #16]
   8ab4c:	3601      	adds	r6, #1
   8ab4e:	4630      	mov	r0, r6
   8ab50:	b005      	add	sp, #20
   8ab52:	e8bd 8ff0 	ldmia.w	sp!, {r4, r5, r6, r7, r8, r9, sl, fp, pc}
   8ab56:	2000      	movs	r0, #0
   8ab58:	b005      	add	sp, #20
   8ab5a:	e8bd 8ff0 	ldmia.w	sp!, {r4, r5, r6, r7, r8, r9, sl, fp, pc}
   8ab5e:	bf00      	nop

0008ab60 <_dtoa_r>:
   8ab60:	e92d 4ff0 	stmdb	sp!, {r4, r5, r6, r7, r8, r9, sl, fp, lr}
   8ab64:	4616      	mov	r6, r2
   8ab66:	461f      	mov	r7, r3
   8ab68:	6b81      	ldr	r1, [r0, #56]	@ 0x38
   8ab6a:	b09f      	sub	sp, #124	@ 0x7c
   8ab6c:	4604      	mov	r4, r0
   8ab6e:	e9cd 6704 	strd	r6, r7, [sp, #16]
   8ab72:	9d2b      	ldr	r5, [sp, #172]	@ 0xac
   8ab74:	b141      	cbz	r1, 8ab88 <_dtoa_r+0x28>
   8ab76:	2301      	movs	r3, #1
   8ab78:	6bc2      	ldr	r2, [r0, #60]	@ 0x3c
   8ab7a:	4093      	lsls	r3, r2
   8ab7c:	608b      	str	r3, [r1, #8]
   8ab7e:	604a      	str	r2, [r1, #4]
   8ab80:	f001 f82c 	bl	8bbdc <_Bfree>
   8ab84:	2300      	movs	r3, #0
   8ab86:	63a3      	str	r3, [r4, #56]	@ 0x38
   8ab88:	f1b7 0900 	subs.w	r9, r7, #0
   8ab8c:	bfb4      	ite	lt
   8ab8e:	2301      	movlt	r3, #1
   8ab90:	2300      	movge	r3, #0
   8ab92:	602b      	str	r3, [r5, #0]
   8ab94:	4bb4      	ldr	r3, [pc, #720]	@ (8ae68 <_dtoa_r+0x308>)
   8ab96:	bfbc      	itt	lt
   8ab98:	f029 4900 	biclt.w	r9, r9, #2147483648	@ 0x80000000
   8ab9c:	f8cd 9014 	strlt.w	r9, [sp, #20]
   8aba0:	ea33 0309 	bics.w	r3, r3, r9
   8aba4:	f000 80a4 	beq.w	8acf0 <_dtoa_r+0x190>
   8aba8:	e9dd 2304 	ldrd	r2, r3, [sp, #16]
   8abac:	4610      	mov	r0, r2
   8abae:	4619      	mov	r1, r3
   8abb0:	2200      	movs	r2, #0
   8abb2:	2300      	movs	r3, #0
   8abb4:	e9cd 0102 	strd	r0, r1, [sp, #8]
   8abb8:	f7fa f9ce 	bl	84f58 <__aeabi_dcmpeq>
   8abbc:	4682      	mov	sl, r0
   8abbe:	b168      	cbz	r0, 8abdc <_dtoa_r+0x7c>
   8abc0:	2301      	movs	r3, #1
   8abc2:	9a2a      	ldr	r2, [sp, #168]	@ 0xa8
   8abc4:	6013      	str	r3, [r2, #0]
   8abc6:	9b2c      	ldr	r3, [sp, #176]	@ 0xb0
   8abc8:	b113      	cbz	r3, 8abd0 <_dtoa_r+0x70>
   8abca:	4ba8      	ldr	r3, [pc, #672]	@ (8ae6c <_dtoa_r+0x30c>)
   8abcc:	9a2c      	ldr	r2, [sp, #176]	@ 0xb0
   8abce:	6013      	str	r3, [r2, #0]
   8abd0:	4ba7      	ldr	r3, [pc, #668]	@ (8ae70 <_dtoa_r+0x310>)
   8abd2:	9307      	str	r3, [sp, #28]
   8abd4:	9807      	ldr	r0, [sp, #28]
   8abd6:	b01f      	add	sp, #124	@ 0x7c
   8abd8:	e8bd 8ff0 	ldmia.w	sp!, {r4, r5, r6, r7, r8, r9, sl, fp, pc}
   8abdc:	ab1c      	add	r3, sp, #112	@ 0x70
   8abde:	9301      	str	r3, [sp, #4]
   8abe0:	ab1d      	add	r3, sp, #116	@ 0x74
   8abe2:	9300      	str	r3, [sp, #0]
   8abe4:	4620      	mov	r0, r4
   8abe6:	e9dd 2302 	ldrd	r2, r3, [sp, #8]
   8abea:	f001 fb43 	bl	8c274 <__d2b>
   8abee:	ea5f 5519 	movs.w	r5, r9, lsr #20
   8abf2:	f8dd 8070 	ldr.w	r8, [sp, #112]	@ 0x70
   8abf6:	9009      	str	r0, [sp, #36]	@ 0x24
   8abf8:	f040 8090 	bne.w	8ad1c <_dtoa_r+0x1bc>
   8abfc:	9d1d      	ldr	r5, [sp, #116]	@ 0x74
   8abfe:	4445      	add	r5, r8
   8ac00:	f205 4332 	addw	r3, r5, #1074	@ 0x432
   8ac04:	2b20      	cmp	r3, #32
   8ac06:	f340 822d 	ble.w	8b064 <_dtoa_r+0x504>
   8ac0a:	f1c3 0340 	rsb	r3, r3, #64	@ 0x40
   8ac0e:	fa09 f903 	lsl.w	r9, r9, r3
   8ac12:	f205 4312 	addw	r3, r5, #1042	@ 0x412
   8ac16:	fa26 f303 	lsr.w	r3, r6, r3
   8ac1a:	ea49 0003 	orr.w	r0, r9, r3
   8ac1e:	f7f9 feb9 	bl	84994 <__aeabi_ui2d>
   8ac22:	2301      	movs	r3, #1
   8ac24:	3d01      	subs	r5, #1
   8ac26:	9310      	str	r3, [sp, #64]	@ 0x40
   8ac28:	f1a1 73f8 	sub.w	r3, r1, #32505856	@ 0x1f00000
   8ac2c:	4619      	mov	r1, r3
   8ac2e:	2200      	movs	r2, #0
   8ac30:	4b90      	ldr	r3, [pc, #576]	@ (8ae74 <_dtoa_r+0x314>)
   8ac32:	f7f9 fd71 	bl	84718 <__aeabi_dsub>
   8ac36:	a386      	add	r3, pc, #536	@ (adr r3, 8ae50 <_dtoa_r+0x2f0>)
   8ac38:	e9d3 2300 	ldrd	r2, r3, [r3]
   8ac3c:	f7f9 ff24 	bl	84a88 <__aeabi_dmul>
   8ac40:	a385      	add	r3, pc, #532	@ (adr r3, 8ae58 <_dtoa_r+0x2f8>)
   8ac42:	e9d3 2300 	ldrd	r2, r3, [r3]
   8ac46:	f7f9 fd69 	bl	8471c <__adddf3>
   8ac4a:	4606      	mov	r6, r0
   8ac4c:	4628      	mov	r0, r5
   8ac4e:	460f      	mov	r7, r1
   8ac50:	f7f9 feb0 	bl	849b4 <__aeabi_i2d>
   8ac54:	a382      	add	r3, pc, #520	@ (adr r3, 8ae60 <_dtoa_r+0x300>)
   8ac56:	e9d3 2300 	ldrd	r2, r3, [r3]
   8ac5a:	f7f9 ff15 	bl	84a88 <__aeabi_dmul>
   8ac5e:	4602      	mov	r2, r0
   8ac60:	460b      	mov	r3, r1
   8ac62:	4630      	mov	r0, r6
   8ac64:	4639      	mov	r1, r7
   8ac66:	f7f9 fd59 	bl	8471c <__adddf3>
   8ac6a:	4606      	mov	r6, r0
   8ac6c:	460f      	mov	r7, r1
   8ac6e:	f7fa f9bb 	bl	84fe8 <__aeabi_d2iz>
   8ac72:	2200      	movs	r2, #0
   8ac74:	4681      	mov	r9, r0
   8ac76:	9008      	str	r0, [sp, #32]
   8ac78:	2300      	movs	r3, #0
   8ac7a:	4630      	mov	r0, r6
   8ac7c:	4639      	mov	r1, r7
   8ac7e:	f7fa f975 	bl	84f6c <__aeabi_dcmplt>
   8ac82:	2800      	cmp	r0, #0
   8ac84:	f040 8115 	bne.w	8aeb2 <_dtoa_r+0x352>
   8ac88:	eba8 0805 	sub.w	r8, r8, r5
   8ac8c:	9d08      	ldr	r5, [sp, #32]
   8ac8e:	f108 3bff 	add.w	fp, r8, #4294967295	@ 0xffffffff
   8ac92:	2d16      	cmp	r5, #22
   8ac94:	f200 80f8 	bhi.w	8ae88 <_dtoa_r+0x328>
   8ac98:	e9dd 0102 	ldrd	r0, r1, [sp, #8]
   8ac9c:	4a76      	ldr	r2, [pc, #472]	@ (8ae78 <_dtoa_r+0x318>)
   8ac9e:	eb02 03c5 	add.w	r3, r2, r5, lsl #3
   8aca2:	e9d3 2300 	ldrd	r2, r3, [r3]
   8aca6:	f7fa f961 	bl	84f6c <__aeabi_dcmplt>
   8acaa:	2800      	cmp	r0, #0
   8acac:	f040 81d4 	bne.w	8b058 <_dtoa_r+0x4f8>
   8acb0:	f1b8 0f00 	cmp.w	r8, #0
   8acb4:	900d      	str	r0, [sp, #52]	@ 0x34
   8acb6:	f340 858a 	ble.w	8b7ce <_dtoa_r+0xc6e>
   8acba:	44ab      	add	fp, r5
   8acbc:	950c      	str	r5, [sp, #48]	@ 0x30
   8acbe:	900a      	str	r0, [sp, #40]	@ 0x28
   8acc0:	2300      	movs	r3, #0
   8acc2:	930b      	str	r3, [sp, #44]	@ 0x2c
   8acc4:	9b28      	ldr	r3, [sp, #160]	@ 0xa0
   8acc6:	2b09      	cmp	r3, #9
   8acc8:	d83c      	bhi.n	8ad44 <_dtoa_r+0x1e4>
   8acca:	2b05      	cmp	r3, #5
   8accc:	bfc4      	itt	gt
   8acce:	3b04      	subgt	r3, #4
   8acd0:	9328      	strgt	r3, [sp, #160]	@ 0xa0
   8acd2:	9b28      	ldr	r3, [sp, #160]	@ 0xa0
   8acd4:	bfc8      	it	gt
   8acd6:	2500      	movgt	r5, #0
   8acd8:	f1a3 0302 	sub.w	r3, r3, #2
   8acdc:	bfd8      	it	le
   8acde:	2501      	movle	r5, #1
   8ace0:	2b03      	cmp	r3, #3
   8ace2:	d831      	bhi.n	8ad48 <_dtoa_r+0x1e8>
   8ace4:	e8df f013 	tbh	[pc, r3, lsl #1]
   8ace8:	02ea02ed 	.word	0x02ea02ed
   8acec:	01c702df 	.word	0x01c702df
   8acf0:	f242 730f 	movw	r3, #9999	@ 0x270f
   8acf4:	9a2a      	ldr	r2, [sp, #168]	@ 0xa8
   8acf6:	f3c9 0913 	ubfx	r9, r9, #0, #20
   8acfa:	ea59 0906 	orrs.w	r9, r9, r6
   8acfe:	6013      	str	r3, [r2, #0]
   8ad00:	d119      	bne.n	8ad36 <_dtoa_r+0x1d6>
   8ad02:	9b2c      	ldr	r3, [sp, #176]	@ 0xb0
   8ad04:	2b00      	cmp	r3, #0
   8ad06:	f000 872e 	beq.w	8bb66 <_dtoa_r+0x1006>
   8ad0a:	4b5c      	ldr	r3, [pc, #368]	@ (8ae7c <_dtoa_r+0x31c>)
   8ad0c:	9307      	str	r3, [sp, #28]
   8ad0e:	3308      	adds	r3, #8
   8ad10:	9a2c      	ldr	r2, [sp, #176]	@ 0xb0
   8ad12:	9807      	ldr	r0, [sp, #28]
   8ad14:	6013      	str	r3, [r2, #0]
   8ad16:	b01f      	add	sp, #124	@ 0x7c
   8ad18:	e8bd 8ff0 	ldmia.w	sp!, {r4, r5, r6, r7, r8, r9, sl, fp, pc}
   8ad1c:	e9dd 0102 	ldrd	r0, r1, [sp, #8]
   8ad20:	f3c1 0313 	ubfx	r3, r1, #0, #20
   8ad24:	f043 537f 	orr.w	r3, r3, #1069547520	@ 0x3fc00000
   8ad28:	f8cd a040 	str.w	sl, [sp, #64]	@ 0x40
   8ad2c:	f2a5 35ff 	subw	r5, r5, #1023	@ 0x3ff
   8ad30:	f443 1340 	orr.w	r3, r3, #3145728	@ 0x300000
   8ad34:	e77a      	b.n	8ac2c <_dtoa_r+0xcc>
   8ad36:	9b2c      	ldr	r3, [sp, #176]	@ 0xb0
   8ad38:	2b00      	cmp	r3, #0
   8ad3a:	f040 8198 	bne.w	8b06e <_dtoa_r+0x50e>
   8ad3e:	4b50      	ldr	r3, [pc, #320]	@ (8ae80 <_dtoa_r+0x320>)
   8ad40:	9307      	str	r3, [sp, #28]
   8ad42:	e747      	b.n	8abd4 <_dtoa_r+0x74>
   8ad44:	2300      	movs	r3, #0
   8ad46:	9328      	str	r3, [sp, #160]	@ 0xa0
   8ad48:	2500      	movs	r5, #0
   8ad4a:	4620      	mov	r0, r4
   8ad4c:	4629      	mov	r1, r5
   8ad4e:	63e5      	str	r5, [r4, #60]	@ 0x3c
   8ad50:	f000 ff1e 	bl	8bb90 <_Balloc>
   8ad54:	9007      	str	r0, [sp, #28]
   8ad56:	2800      	cmp	r0, #0
   8ad58:	f000 86ae 	beq.w	8bab8 <_dtoa_r+0xf58>
   8ad5c:	9b07      	ldr	r3, [sp, #28]
   8ad5e:	63a3      	str	r3, [r4, #56]	@ 0x38
   8ad60:	9b1d      	ldr	r3, [sp, #116]	@ 0x74
   8ad62:	2b00      	cmp	r3, #0
   8ad64:	f2c0 80b3 	blt.w	8aece <_dtoa_r+0x36e>
   8ad68:	9a08      	ldr	r2, [sp, #32]
   8ad6a:	2a0e      	cmp	r2, #14
   8ad6c:	f300 80af 	bgt.w	8aece <_dtoa_r+0x36e>
   8ad70:	e9dd 8902 	ldrd	r8, r9, [sp, #8]
   8ad74:	4b40      	ldr	r3, [pc, #256]	@ (8ae78 <_dtoa_r+0x318>)
   8ad76:	4640      	mov	r0, r8
   8ad78:	eb03 03c2 	add.w	r3, r3, r2, lsl #3
   8ad7c:	e9d3 6700 	ldrd	r6, r7, [r3]
   8ad80:	4649      	mov	r1, r9
   8ad82:	4632      	mov	r2, r6
   8ad84:	463b      	mov	r3, r7
   8ad86:	e9cd 6704 	strd	r6, r7, [sp, #16]
   8ad8a:	f7f9 ffa7 	bl	84cdc <__aeabi_ddiv>
   8ad8e:	f7fa f92b 	bl	84fe8 <__aeabi_d2iz>
   8ad92:	4605      	mov	r5, r0
   8ad94:	f7f9 fe0e 	bl	849b4 <__aeabi_i2d>
   8ad98:	4632      	mov	r2, r6
   8ad9a:	463b      	mov	r3, r7
   8ad9c:	f7f9 fe74 	bl	84a88 <__aeabi_dmul>
   8ada0:	f04f 3aff 	mov.w	sl, #4294967295	@ 0xffffffff
   8ada4:	460b      	mov	r3, r1
   8ada6:	4602      	mov	r2, r0
   8ada8:	4649      	mov	r1, r9
   8adaa:	4640      	mov	r0, r8
   8adac:	f7f9 fcb4 	bl	84718 <__aeabi_dsub>
   8adb0:	f105 0330 	add.w	r3, r5, #48	@ 0x30
   8adb4:	9d07      	ldr	r5, [sp, #28]
   8adb6:	f805 3b01 	strb.w	r3, [r5], #1
   8adba:	9402      	str	r4, [sp, #8]
   8adbc:	f04f 0901 	mov.w	r9, #1
   8adc0:	4654      	mov	r4, sl
   8adc2:	e9dd ab04 	ldrd	sl, fp, [sp, #16]
   8adc6:	e01d      	b.n	8ae04 <_dtoa_r+0x2a4>
   8adc8:	4652      	mov	r2, sl
   8adca:	465b      	mov	r3, fp
   8adcc:	4630      	mov	r0, r6
   8adce:	4639      	mov	r1, r7
   8add0:	f7f9 ff84 	bl	84cdc <__aeabi_ddiv>
   8add4:	f7fa f908 	bl	84fe8 <__aeabi_d2iz>
   8add8:	4680      	mov	r8, r0
   8adda:	f7f9 fdeb 	bl	849b4 <__aeabi_i2d>
   8adde:	4652      	mov	r2, sl
   8ade0:	465b      	mov	r3, fp
   8ade2:	f7f9 fe51 	bl	84a88 <__aeabi_dmul>
   8ade6:	f109 0901 	add.w	r9, r9, #1
   8adea:	460b      	mov	r3, r1
   8adec:	4602      	mov	r2, r0
   8adee:	4639      	mov	r1, r7
   8adf0:	4630      	mov	r0, r6
   8adf2:	f7f9 fc91 	bl	84718 <__aeabi_dsub>
   8adf6:	f108 0330 	add.w	r3, r8, #48	@ 0x30
   8adfa:	45a1      	cmp	r9, r4
   8adfc:	f805 3b01 	strb.w	r3, [r5], #1
   8ae00:	f000 8542 	beq.w	8b888 <_dtoa_r+0xd28>
   8ae04:	2200      	movs	r2, #0
   8ae06:	4b1f      	ldr	r3, [pc, #124]	@ (8ae84 <_dtoa_r+0x324>)
   8ae08:	f7f9 fe3e 	bl	84a88 <__aeabi_dmul>
   8ae0c:	2200      	movs	r2, #0
   8ae0e:	2300      	movs	r3, #0
   8ae10:	4606      	mov	r6, r0
   8ae12:	460f      	mov	r7, r1
   8ae14:	f7fa f8a0 	bl	84f58 <__aeabi_dcmpeq>
   8ae18:	2800      	cmp	r0, #0
   8ae1a:	d0d5      	beq.n	8adc8 <_dtoa_r+0x268>
   8ae1c:	46ab      	mov	fp, r5
   8ae1e:	9f08      	ldr	r7, [sp, #32]
   8ae20:	9c02      	ldr	r4, [sp, #8]
   8ae22:	3701      	adds	r7, #1
   8ae24:	4620      	mov	r0, r4
   8ae26:	9909      	ldr	r1, [sp, #36]	@ 0x24
   8ae28:	f000 fed8 	bl	8bbdc <_Bfree>
   8ae2c:	2300      	movs	r3, #0
   8ae2e:	f88b 3000 	strb.w	r3, [fp]
   8ae32:	9b2a      	ldr	r3, [sp, #168]	@ 0xa8
   8ae34:	601f      	str	r7, [r3, #0]
   8ae36:	9b2c      	ldr	r3, [sp, #176]	@ 0xb0
   8ae38:	2b00      	cmp	r3, #0
   8ae3a:	f43f aecb 	beq.w	8abd4 <_dtoa_r+0x74>
   8ae3e:	9807      	ldr	r0, [sp, #28]
   8ae40:	f8c3 b000 	str.w	fp, [r3]
   8ae44:	b01f      	add	sp, #124	@ 0x7c
   8ae46:	e8bd 8ff0 	ldmia.w	sp!, {r4, r5, r6, r7, r8, r9, sl, fp, pc}
   8ae4a:	bf00      	nop
   8ae4c:	f3af 8000 	nop.w
   8ae50:	636f4361 	.word	0x636f4361
   8ae54:	3fd287a7 	.word	0x3fd287a7
   8ae58:	8b60c8b3 	.word	0x8b60c8b3
   8ae5c:	3fc68a28 	.word	0x3fc68a28
   8ae60:	509f79fb 	.word	0x509f79fb
   8ae64:	3fd34413 	.word	0x3fd34413
   8ae68:	7ff00000 	.word	0x7ff00000
   8ae6c:	0008c715 	.word	0x0008c715
   8ae70:	0008c714 	.word	0x0008c714
   8ae74:	3ff80000 	.word	0x3ff80000
   8ae78:	0008ca88 	.word	0x0008ca88
   8ae7c:	0008c718 	.word	0x0008c718
   8ae80:	0008c724 	.word	0x0008c724
   8ae84:	40240000 	.word	0x40240000
   8ae88:	2301      	movs	r3, #1
   8ae8a:	930d      	str	r3, [sp, #52]	@ 0x34
   8ae8c:	f1bb 0f00 	cmp.w	fp, #0
   8ae90:	f2c0 80dc 	blt.w	8b04c <_dtoa_r+0x4ec>
   8ae94:	2300      	movs	r3, #0
   8ae96:	930a      	str	r3, [sp, #40]	@ 0x28
   8ae98:	9b08      	ldr	r3, [sp, #32]
   8ae9a:	2b00      	cmp	r3, #0
   8ae9c:	f280 80d3 	bge.w	8b046 <_dtoa_r+0x4e6>
   8aea0:	9a0a      	ldr	r2, [sp, #40]	@ 0x28
   8aea2:	9b08      	ldr	r3, [sp, #32]
   8aea4:	1ad2      	subs	r2, r2, r3
   8aea6:	920a      	str	r2, [sp, #40]	@ 0x28
   8aea8:	2200      	movs	r2, #0
   8aeaa:	425b      	negs	r3, r3
   8aeac:	920c      	str	r2, [sp, #48]	@ 0x30
   8aeae:	930b      	str	r3, [sp, #44]	@ 0x2c
   8aeb0:	e708      	b.n	8acc4 <_dtoa_r+0x164>
   8aeb2:	4648      	mov	r0, r9
   8aeb4:	f7f9 fd7e 	bl	849b4 <__aeabi_i2d>
   8aeb8:	4632      	mov	r2, r6
   8aeba:	463b      	mov	r3, r7
   8aebc:	f7fa f84c 	bl	84f58 <__aeabi_dcmpeq>
   8aec0:	2800      	cmp	r0, #0
   8aec2:	f47f aee1 	bne.w	8ac88 <_dtoa_r+0x128>
   8aec6:	f109 33ff 	add.w	r3, r9, #4294967295	@ 0xffffffff
   8aeca:	9308      	str	r3, [sp, #32]
   8aecc:	e6dc      	b.n	8ac88 <_dtoa_r+0x128>
   8aece:	f04f 3aff 	mov.w	sl, #4294967295	@ 0xffffffff
   8aed2:	9529      	str	r5, [sp, #164]	@ 0xa4
   8aed4:	f8cd a050 	str.w	sl, [sp, #80]	@ 0x50
   8aed8:	9a10      	ldr	r2, [sp, #64]	@ 0x40
   8aeda:	2a00      	cmp	r2, #0
   8aedc:	f040 81f4 	bne.w	8b2c8 <_dtoa_r+0x768>
   8aee0:	9b1c      	ldr	r3, [sp, #112]	@ 0x70
   8aee2:	9f0b      	ldr	r7, [sp, #44]	@ 0x2c
   8aee4:	f1c3 0336 	rsb	r3, r3, #54	@ 0x36
   8aee8:	9a0a      	ldr	r2, [sp, #40]	@ 0x28
   8aeea:	2101      	movs	r1, #1
   8aeec:	4620      	mov	r0, r4
   8aeee:	18d5      	adds	r5, r2, r3
   8aef0:	449b      	add	fp, r3
   8aef2:	f000 ff37 	bl	8bd64 <__i2b>
   8aef6:	9a0a      	ldr	r2, [sp, #40]	@ 0x28
   8aef8:	4606      	mov	r6, r0
   8aefa:	2a00      	cmp	r2, #0
   8aefc:	f040 8382 	bne.w	8b604 <_dtoa_r+0xaa4>
   8af00:	9b0b      	ldr	r3, [sp, #44]	@ 0x2c
   8af02:	2b00      	cmp	r3, #0
   8af04:	f000 83f6 	beq.w	8b6f4 <_dtoa_r+0xb94>
   8af08:	2f00      	cmp	r7, #0
   8af0a:	f040 83da 	bne.w	8b6c2 <_dtoa_r+0xb62>
   8af0e:	4620      	mov	r0, r4
   8af10:	9a0b      	ldr	r2, [sp, #44]	@ 0x2c
   8af12:	9909      	ldr	r1, [sp, #36]	@ 0x24
   8af14:	f001 f808 	bl	8bf28 <__pow5mult>
   8af18:	2301      	movs	r3, #1
   8af1a:	9009      	str	r0, [sp, #36]	@ 0x24
   8af1c:	930b      	str	r3, [sp, #44]	@ 0x2c
   8af1e:	2101      	movs	r1, #1
   8af20:	4620      	mov	r0, r4
   8af22:	f000 ff1f 	bl	8bd64 <__i2b>
   8af26:	9b0c      	ldr	r3, [sp, #48]	@ 0x30
   8af28:	9002      	str	r0, [sp, #8]
   8af2a:	2b00      	cmp	r3, #0
   8af2c:	f040 8304 	bne.w	8b538 <_dtoa_r+0x9d8>
   8af30:	9b28      	ldr	r3, [sp, #160]	@ 0xa0
   8af32:	2b01      	cmp	r3, #1
   8af34:	f340 838c 	ble.w	8b650 <_dtoa_r+0xaf0>
   8af38:	2001      	movs	r0, #1
   8af3a:	4458      	add	r0, fp
   8af3c:	f010 001f 	ands.w	r0, r0, #31
   8af40:	f000 81ca 	beq.w	8b2d8 <_dtoa_r+0x778>
   8af44:	f1c0 0320 	rsb	r3, r0, #32
   8af48:	2b04      	cmp	r3, #4
   8af4a:	f340 839a 	ble.w	8b682 <_dtoa_r+0xb22>
   8af4e:	9b0a      	ldr	r3, [sp, #40]	@ 0x28
   8af50:	f1c0 001c 	rsb	r0, r0, #28
   8af54:	4403      	add	r3, r0
   8af56:	4405      	add	r5, r0
   8af58:	930a      	str	r3, [sp, #40]	@ 0x28
   8af5a:	4483      	add	fp, r0
   8af5c:	2d00      	cmp	r5, #0
   8af5e:	dd05      	ble.n	8af6c <_dtoa_r+0x40c>
   8af60:	462a      	mov	r2, r5
   8af62:	4620      	mov	r0, r4
   8af64:	9909      	ldr	r1, [sp, #36]	@ 0x24
   8af66:	f001 f83f 	bl	8bfe8 <__lshift>
   8af6a:	9009      	str	r0, [sp, #36]	@ 0x24
   8af6c:	f1bb 0f00 	cmp.w	fp, #0
   8af70:	dd05      	ble.n	8af7e <_dtoa_r+0x41e>
   8af72:	465a      	mov	r2, fp
   8af74:	4620      	mov	r0, r4
   8af76:	9902      	ldr	r1, [sp, #8]
   8af78:	f001 f836 	bl	8bfe8 <__lshift>
   8af7c:	9002      	str	r0, [sp, #8]
   8af7e:	9b0d      	ldr	r3, [sp, #52]	@ 0x34
   8af80:	2b00      	cmp	r3, #0
   8af82:	f040 82ef 	bne.w	8b564 <_dtoa_r+0xa04>
   8af86:	f1ba 0f00 	cmp.w	sl, #0
   8af8a:	f340 82b0 	ble.w	8b4ee <_dtoa_r+0x98e>
   8af8e:	9b0b      	ldr	r3, [sp, #44]	@ 0x2c
   8af90:	2b00      	cmp	r3, #0
   8af92:	f040 81fc 	bne.w	8b38e <_dtoa_r+0x82e>
   8af96:	9f08      	ldr	r7, [sp, #32]
   8af98:	3701      	adds	r7, #1
   8af9a:	2501      	movs	r5, #1
   8af9c:	f8dd 801c 	ldr.w	r8, [sp, #28]
   8afa0:	f8dd b024 	ldr.w	fp, [sp, #36]	@ 0x24
   8afa4:	f8dd 9008 	ldr.w	r9, [sp, #8]
   8afa8:	e007      	b.n	8afba <_dtoa_r+0x45a>
   8afaa:	4659      	mov	r1, fp
   8afac:	2300      	movs	r3, #0
   8afae:	220a      	movs	r2, #10
   8afb0:	4620      	mov	r0, r4
   8afb2:	f000 fe1d 	bl	8bbf0 <__multadd>
   8afb6:	4683      	mov	fp, r0
   8afb8:	3501      	adds	r5, #1
   8afba:	4649      	mov	r1, r9
   8afbc:	4658      	mov	r0, fp
   8afbe:	f7ff fd31 	bl	8aa24 <quorem>
   8afc2:	4555      	cmp	r5, sl
   8afc4:	f100 0030 	add.w	r0, r0, #48	@ 0x30
   8afc8:	f808 0b01 	strb.w	r0, [r8], #1
   8afcc:	dbed      	blt.n	8afaa <_dtoa_r+0x44a>
   8afce:	f1ba 0f00 	cmp.w	sl, #0
   8afd2:	f10a 35ff 	add.w	r5, sl, #4294967295	@ 0xffffffff
   8afd6:	bfd8      	it	le
   8afd8:	2500      	movle	r5, #0
   8afda:	9b07      	ldr	r3, [sp, #28]
   8afdc:	4681      	mov	r9, r0
   8afde:	1c5a      	adds	r2, r3, #1
   8afe0:	eb05 0a02 	add.w	sl, r5, r2
   8afe4:	2500      	movs	r5, #0
   8afe6:	f8cd b024 	str.w	fp, [sp, #36]	@ 0x24
   8afea:	2201      	movs	r2, #1
   8afec:	9909      	ldr	r1, [sp, #36]	@ 0x24
   8afee:	4620      	mov	r0, r4
   8aff0:	f000 fffa 	bl	8bfe8 <__lshift>
   8aff4:	9902      	ldr	r1, [sp, #8]
   8aff6:	9009      	str	r0, [sp, #36]	@ 0x24
   8aff8:	f001 f86a 	bl	8c0d0 <__mcmp>
   8affc:	2800      	cmp	r0, #0
   8affe:	f340 837c 	ble.w	8b6fa <_dtoa_r+0xb9a>
   8b002:	9a07      	ldr	r2, [sp, #28]
   8b004:	e002      	b.n	8b00c <_dtoa_r+0x4ac>
   8b006:	4592      	cmp	sl, r2
   8b008:	f000 8382 	beq.w	8b710 <_dtoa_r+0xbb0>
   8b00c:	f81a 3c01 	ldrb.w	r3, [sl, #-1]
   8b010:	46d3      	mov	fp, sl
   8b012:	2b39      	cmp	r3, #57	@ 0x39
   8b014:	f10a 3aff 	add.w	sl, sl, #4294967295	@ 0xffffffff
   8b018:	d0f5      	beq.n	8b006 <_dtoa_r+0x4a6>
   8b01a:	3301      	adds	r3, #1
   8b01c:	f88a 3000 	strb.w	r3, [sl]
   8b020:	4620      	mov	r0, r4
   8b022:	9902      	ldr	r1, [sp, #8]
   8b024:	f000 fdda 	bl	8bbdc <_Bfree>
   8b028:	2e00      	cmp	r6, #0
   8b02a:	f43f aefb 	beq.w	8ae24 <_dtoa_r+0x2c4>
   8b02e:	b12d      	cbz	r5, 8b03c <_dtoa_r+0x4dc>
   8b030:	42b5      	cmp	r5, r6
   8b032:	d003      	beq.n	8b03c <_dtoa_r+0x4dc>
   8b034:	4629      	mov	r1, r5
   8b036:	4620      	mov	r0, r4
   8b038:	f000 fdd0 	bl	8bbdc <_Bfree>
   8b03c:	4631      	mov	r1, r6
   8b03e:	4620      	mov	r0, r4
   8b040:	f000 fdcc 	bl	8bbdc <_Bfree>
   8b044:	e6ee      	b.n	8ae24 <_dtoa_r+0x2c4>
   8b046:	449b      	add	fp, r3
   8b048:	930c      	str	r3, [sp, #48]	@ 0x30
   8b04a:	e639      	b.n	8acc0 <_dtoa_r+0x160>
   8b04c:	f1c8 0301 	rsb	r3, r8, #1
   8b050:	f04f 0b00 	mov.w	fp, #0
   8b054:	930a      	str	r3, [sp, #40]	@ 0x28
   8b056:	e71f      	b.n	8ae98 <_dtoa_r+0x338>
   8b058:	9b08      	ldr	r3, [sp, #32]
   8b05a:	3b01      	subs	r3, #1
   8b05c:	9308      	str	r3, [sp, #32]
   8b05e:	2300      	movs	r3, #0
   8b060:	930d      	str	r3, [sp, #52]	@ 0x34
   8b062:	e713      	b.n	8ae8c <_dtoa_r+0x32c>
   8b064:	f1c3 0320 	rsb	r3, r3, #32
   8b068:	fa06 f003 	lsl.w	r0, r6, r3
   8b06c:	e5d7      	b.n	8ac1e <_dtoa_r+0xbe>
   8b06e:	4b9e      	ldr	r3, [pc, #632]	@ (8b2e8 <_dtoa_r+0x788>)
   8b070:	9307      	str	r3, [sp, #28]
   8b072:	3303      	adds	r3, #3
   8b074:	e64c      	b.n	8ad10 <_dtoa_r+0x1b0>
   8b076:	2301      	movs	r3, #1
   8b078:	9312      	str	r3, [sp, #72]	@ 0x48
   8b07a:	9b29      	ldr	r3, [sp, #164]	@ 0xa4
   8b07c:	9a08      	ldr	r2, [sp, #32]
   8b07e:	4413      	add	r3, r2
   8b080:	f103 0a01 	add.w	sl, r3, #1
   8b084:	4656      	mov	r6, sl
   8b086:	2e01      	cmp	r6, #1
   8b088:	bfb8      	it	lt
   8b08a:	2601      	movlt	r6, #1
   8b08c:	9314      	str	r3, [sp, #80]	@ 0x50
   8b08e:	2e17      	cmp	r6, #23
   8b090:	f340 8560 	ble.w	8bb54 <_dtoa_r+0xff4>
   8b094:	2201      	movs	r2, #1
   8b096:	2304      	movs	r3, #4
   8b098:	005b      	lsls	r3, r3, #1
   8b09a:	f103 0014 	add.w	r0, r3, #20
   8b09e:	42b0      	cmp	r0, r6
   8b0a0:	4611      	mov	r1, r2
   8b0a2:	f102 0201 	add.w	r2, r2, #1
   8b0a6:	d9f7      	bls.n	8b098 <_dtoa_r+0x538>
   8b0a8:	63e1      	str	r1, [r4, #60]	@ 0x3c
   8b0aa:	4620      	mov	r0, r4
   8b0ac:	f000 fd70 	bl	8bb90 <_Balloc>
   8b0b0:	9007      	str	r0, [sp, #28]
   8b0b2:	2800      	cmp	r0, #0
   8b0b4:	f000 8500 	beq.w	8bab8 <_dtoa_r+0xf58>
   8b0b8:	f1ba 0f0e 	cmp.w	sl, #14
   8b0bc:	63a0      	str	r0, [r4, #56]	@ 0x38
   8b0be:	f200 8121 	bhi.w	8b304 <_dtoa_r+0x7a4>
   8b0c2:	2d00      	cmp	r5, #0
   8b0c4:	f000 811e 	beq.w	8b304 <_dtoa_r+0x7a4>
   8b0c8:	9a08      	ldr	r2, [sp, #32]
   8b0ca:	2a00      	cmp	r2, #0
   8b0cc:	f340 8356 	ble.w	8b77c <_dtoa_r+0xc1c>
   8b0d0:	4986      	ldr	r1, [pc, #536]	@ (8b2ec <_dtoa_r+0x78c>)
   8b0d2:	f002 030f 	and.w	r3, r2, #15
   8b0d6:	eb01 03c3 	add.w	r3, r1, r3, lsl #3
   8b0da:	05d1      	lsls	r1, r2, #23
   8b0dc:	ea4f 1522 	mov.w	r5, r2, asr #4
   8b0e0:	e9d3 6700 	ldrd	r6, r7, [r3]
   8b0e4:	f140 83ee 	bpl.w	8b8c4 <_dtoa_r+0xd64>
   8b0e8:	e9dd 0102 	ldrd	r0, r1, [sp, #8]
   8b0ec:	4b80      	ldr	r3, [pc, #512]	@ (8b2f0 <_dtoa_r+0x790>)
   8b0ee:	f04f 0903 	mov.w	r9, #3
   8b0f2:	e9d3 2308 	ldrd	r2, r3, [r3, #32]
   8b0f6:	f7f9 fdf1 	bl	84cdc <__aeabi_ddiv>
   8b0fa:	e9cd 010e 	strd	r0, r1, [sp, #56]	@ 0x38
   8b0fe:	f005 050f 	and.w	r5, r5, #15
   8b102:	b185      	cbz	r5, 8b126 <_dtoa_r+0x5c6>
   8b104:	f8df 81e8 	ldr.w	r8, [pc, #488]	@ 8b2f0 <_dtoa_r+0x790>
   8b108:	07ea      	lsls	r2, r5, #31
   8b10a:	f140 80e1 	bpl.w	8b2d0 <_dtoa_r+0x770>
   8b10e:	e8f8 2302 	ldrd	r2, r3, [r8], #8
   8b112:	4630      	mov	r0, r6
   8b114:	4639      	mov	r1, r7
   8b116:	f7f9 fcb7 	bl	84a88 <__aeabi_dmul>
   8b11a:	106d      	asrs	r5, r5, #1
   8b11c:	4606      	mov	r6, r0
   8b11e:	460f      	mov	r7, r1
   8b120:	f109 0901 	add.w	r9, r9, #1
   8b124:	d1f0      	bne.n	8b108 <_dtoa_r+0x5a8>
   8b126:	e9dd 010e 	ldrd	r0, r1, [sp, #56]	@ 0x38
   8b12a:	4632      	mov	r2, r6
   8b12c:	463b      	mov	r3, r7
   8b12e:	f7f9 fdd5 	bl	84cdc <__aeabi_ddiv>
   8b132:	e9cd 010e 	strd	r0, r1, [sp, #56]	@ 0x38
   8b136:	9b0d      	ldr	r3, [sp, #52]	@ 0x34
   8b138:	b153      	cbz	r3, 8b150 <_dtoa_r+0x5f0>
   8b13a:	e9dd 670e 	ldrd	r6, r7, [sp, #56]	@ 0x38
   8b13e:	2200      	movs	r2, #0
   8b140:	4630      	mov	r0, r6
   8b142:	4639      	mov	r1, r7
   8b144:	4b6b      	ldr	r3, [pc, #428]	@ (8b2f4 <_dtoa_r+0x794>)
   8b146:	f7f9 ff11 	bl	84f6c <__aeabi_dcmplt>
   8b14a:	2800      	cmp	r0, #0
   8b14c:	f040 846e 	bne.w	8ba2c <_dtoa_r+0xecc>
   8b150:	4648      	mov	r0, r9
   8b152:	f7f9 fc2f 	bl	849b4 <__aeabi_i2d>
   8b156:	e9dd 230e 	ldrd	r2, r3, [sp, #56]	@ 0x38
   8b15a:	f7f9 fc95 	bl	84a88 <__aeabi_dmul>
   8b15e:	2200      	movs	r2, #0
   8b160:	4b65      	ldr	r3, [pc, #404]	@ (8b2f8 <_dtoa_r+0x798>)
   8b162:	f7f9 fadb 	bl	8471c <__adddf3>
   8b166:	4606      	mov	r6, r0
   8b168:	f1a1 7750 	sub.w	r7, r1, #54525952	@ 0x3400000
   8b16c:	f1ba 0f00 	cmp.w	sl, #0
   8b170:	f000 82e1 	beq.w	8b736 <_dtoa_r+0xbd6>
   8b174:	9b08      	ldr	r3, [sp, #32]
   8b176:	f8cd a054 	str.w	sl, [sp, #84]	@ 0x54
   8b17a:	931b      	str	r3, [sp, #108]	@ 0x6c
   8b17c:	4b5b      	ldr	r3, [pc, #364]	@ (8b2ec <_dtoa_r+0x78c>)
   8b17e:	9915      	ldr	r1, [sp, #84]	@ 0x54
   8b180:	931a      	str	r3, [sp, #104]	@ 0x68
   8b182:	eb03 03c1 	add.w	r3, r3, r1, lsl #3
   8b186:	e953 1202 	ldrd	r1, r2, [r3, #-8]
   8b18a:	e9cd 6718 	strd	r6, r7, [sp, #96]	@ 0x60
   8b18e:	e9dd 560e 	ldrd	r5, r6, [sp, #56]	@ 0x38
   8b192:	e9cd 1216 	strd	r1, r2, [sp, #88]	@ 0x58
   8b196:	4628      	mov	r0, r5
   8b198:	4631      	mov	r1, r6
   8b19a:	f7f9 ff25 	bl	84fe8 <__aeabi_d2iz>
   8b19e:	f100 0330 	add.w	r3, r0, #48	@ 0x30
   8b1a2:	fa5f f883 	uxtb.w	r8, r3
   8b1a6:	f7f9 fc05 	bl	849b4 <__aeabi_i2d>
   8b1aa:	460b      	mov	r3, r1
   8b1ac:	4602      	mov	r2, r0
   8b1ae:	4631      	mov	r1, r6
   8b1b0:	4628      	mov	r0, r5
   8b1b2:	f7f9 fab1 	bl	84718 <__aeabi_dsub>
   8b1b6:	9b07      	ldr	r3, [sp, #28]
   8b1b8:	460f      	mov	r7, r1
   8b1ba:	9912      	ldr	r1, [sp, #72]	@ 0x48
   8b1bc:	1c5d      	adds	r5, r3, #1
   8b1be:	4606      	mov	r6, r0
   8b1c0:	950e      	str	r5, [sp, #56]	@ 0x38
   8b1c2:	2900      	cmp	r1, #0
   8b1c4:	f000 83b1 	beq.w	8b92a <_dtoa_r+0xdca>
   8b1c8:	e9dd 2316 	ldrd	r2, r3, [sp, #88]	@ 0x58
   8b1cc:	2000      	movs	r0, #0
   8b1ce:	494b      	ldr	r1, [pc, #300]	@ (8b2fc <_dtoa_r+0x79c>)
   8b1d0:	f7f9 fd84 	bl	84cdc <__aeabi_ddiv>
   8b1d4:	e9dd 2318 	ldrd	r2, r3, [sp, #96]	@ 0x60
   8b1d8:	f7f9 fa9e 	bl	84718 <__aeabi_dsub>
   8b1dc:	4602      	mov	r2, r0
   8b1de:	460b      	mov	r3, r1
   8b1e0:	f8dd c01c 	ldr.w	ip, [sp, #28]
   8b1e4:	e9cd 2312 	strd	r2, r3, [sp, #72]	@ 0x48
   8b1e8:	f88c 8000 	strb.w	r8, [ip]
   8b1ec:	4632      	mov	r2, r6
   8b1ee:	463b      	mov	r3, r7
   8b1f0:	f7f9 feda 	bl	84fa8 <__aeabi_dcmpgt>
   8b1f4:	2800      	cmp	r0, #0
   8b1f6:	f040 846d 	bne.w	8bad4 <_dtoa_r+0xf74>
   8b1fa:	f8dd 8054 	ldr.w	r8, [sp, #84]	@ 0x54
   8b1fe:	f8cd b058 	str.w	fp, [sp, #88]	@ 0x58
   8b202:	f8cd a054 	str.w	sl, [sp, #84]	@ 0x54
   8b206:	f04f 0900 	mov.w	r9, #0
   8b20a:	e9dd ab12 	ldrd	sl, fp, [sp, #72]	@ 0x48
   8b20e:	940e      	str	r4, [sp, #56]	@ 0x38
   8b210:	e02b      	b.n	8b26a <_dtoa_r+0x70a>
   8b212:	f109 0901 	add.w	r9, r9, #1
   8b216:	45c1      	cmp	r9, r8
   8b218:	f280 81d0 	bge.w	8b5bc <_dtoa_r+0xa5c>
   8b21c:	4650      	mov	r0, sl
   8b21e:	4659      	mov	r1, fp
   8b220:	2200      	movs	r2, #0
   8b222:	4b37      	ldr	r3, [pc, #220]	@ (8b300 <_dtoa_r+0x7a0>)
   8b224:	f7f9 fc30 	bl	84a88 <__aeabi_dmul>
   8b228:	2200      	movs	r2, #0
   8b22a:	4b35      	ldr	r3, [pc, #212]	@ (8b300 <_dtoa_r+0x7a0>)
   8b22c:	4682      	mov	sl, r0
   8b22e:	468b      	mov	fp, r1
   8b230:	4630      	mov	r0, r6
   8b232:	4639      	mov	r1, r7
   8b234:	f7f9 fc28 	bl	84a88 <__aeabi_dmul>
   8b238:	460f      	mov	r7, r1
   8b23a:	4606      	mov	r6, r0
   8b23c:	f7f9 fed4 	bl	84fe8 <__aeabi_d2iz>
   8b240:	4604      	mov	r4, r0
   8b242:	f7f9 fbb7 	bl	849b4 <__aeabi_i2d>
   8b246:	4602      	mov	r2, r0
   8b248:	460b      	mov	r3, r1
   8b24a:	4630      	mov	r0, r6
   8b24c:	4639      	mov	r1, r7
   8b24e:	f7f9 fa63 	bl	84718 <__aeabi_dsub>
   8b252:	3430      	adds	r4, #48	@ 0x30
   8b254:	4652      	mov	r2, sl
   8b256:	465b      	mov	r3, fp
   8b258:	f805 4b01 	strb.w	r4, [r5], #1
   8b25c:	4606      	mov	r6, r0
   8b25e:	460f      	mov	r7, r1
   8b260:	f7f9 fe84 	bl	84f6c <__aeabi_dcmplt>
   8b264:	2800      	cmp	r0, #0
   8b266:	f040 8434 	bne.w	8bad2 <_dtoa_r+0xf72>
   8b26a:	4632      	mov	r2, r6
   8b26c:	463b      	mov	r3, r7
   8b26e:	2000      	movs	r0, #0
   8b270:	4920      	ldr	r1, [pc, #128]	@ (8b2f4 <_dtoa_r+0x794>)
   8b272:	f7f9 fa51 	bl	84718 <__aeabi_dsub>
   8b276:	4652      	mov	r2, sl
   8b278:	465b      	mov	r3, fp
   8b27a:	f7f9 fe77 	bl	84f6c <__aeabi_dcmplt>
   8b27e:	2800      	cmp	r0, #0
   8b280:	d0c7      	beq.n	8b212 <_dtoa_r+0x6b2>
   8b282:	9e1b      	ldr	r6, [sp, #108]	@ 0x6c
   8b284:	9c0e      	ldr	r4, [sp, #56]	@ 0x38
   8b286:	9a07      	ldr	r2, [sp, #28]
   8b288:	3601      	adds	r6, #1
   8b28a:	e002      	b.n	8b292 <_dtoa_r+0x732>
   8b28c:	4295      	cmp	r5, r2
   8b28e:	f000 83f5 	beq.w	8ba7c <_dtoa_r+0xf1c>
   8b292:	46ab      	mov	fp, r5
   8b294:	f815 3d01 	ldrb.w	r3, [r5, #-1]!
   8b298:	2b39      	cmp	r3, #57	@ 0x39
   8b29a:	d0f7      	beq.n	8b28c <_dtoa_r+0x72c>
   8b29c:	3301      	adds	r3, #1
   8b29e:	b2db      	uxtb	r3, r3
   8b2a0:	4637      	mov	r7, r6
   8b2a2:	702b      	strb	r3, [r5, #0]
   8b2a4:	e5be      	b.n	8ae24 <_dtoa_r+0x2c4>
   8b2a6:	2301      	movs	r3, #1
   8b2a8:	9312      	str	r3, [sp, #72]	@ 0x48
   8b2aa:	9b29      	ldr	r3, [sp, #164]	@ 0xa4
   8b2ac:	2b00      	cmp	r3, #0
   8b2ae:	f340 81b8 	ble.w	8b622 <_dtoa_r+0xac2>
   8b2b2:	9b29      	ldr	r3, [sp, #164]	@ 0xa4
   8b2b4:	469a      	mov	sl, r3
   8b2b6:	461e      	mov	r6, r3
   8b2b8:	9314      	str	r3, [sp, #80]	@ 0x50
   8b2ba:	e6e8      	b.n	8b08e <_dtoa_r+0x52e>
   8b2bc:	2300      	movs	r3, #0
   8b2be:	9312      	str	r3, [sp, #72]	@ 0x48
   8b2c0:	e6db      	b.n	8b07a <_dtoa_r+0x51a>
   8b2c2:	2300      	movs	r3, #0
   8b2c4:	9312      	str	r3, [sp, #72]	@ 0x48
   8b2c6:	e7f0      	b.n	8b2aa <_dtoa_r+0x74a>
   8b2c8:	9f0b      	ldr	r7, [sp, #44]	@ 0x2c
   8b2ca:	f203 4333 	addw	r3, r3, #1075	@ 0x433
   8b2ce:	e60b      	b.n	8aee8 <_dtoa_r+0x388>
   8b2d0:	106d      	asrs	r5, r5, #1
   8b2d2:	f108 0808 	add.w	r8, r8, #8
   8b2d6:	e717      	b.n	8b108 <_dtoa_r+0x5a8>
   8b2d8:	231c      	movs	r3, #28
   8b2da:	9a0a      	ldr	r2, [sp, #40]	@ 0x28
   8b2dc:	441d      	add	r5, r3
   8b2de:	441a      	add	r2, r3
   8b2e0:	920a      	str	r2, [sp, #40]	@ 0x28
   8b2e2:	449b      	add	fp, r3
   8b2e4:	e63a      	b.n	8af5c <_dtoa_r+0x3fc>
   8b2e6:	bf00      	nop
   8b2e8:	0008c724 	.word	0x0008c724
   8b2ec:	0008ca88 	.word	0x0008ca88
   8b2f0:	0008ca60 	.word	0x0008ca60
   8b2f4:	3ff00000 	.word	0x3ff00000
   8b2f8:	401c0000 	.word	0x401c0000
   8b2fc:	3fe00000 	.word	0x3fe00000
   8b300:	40240000 	.word	0x40240000
   8b304:	9b1d      	ldr	r3, [sp, #116]	@ 0x74
   8b306:	2b00      	cmp	r3, #0
   8b308:	f2c0 8148 	blt.w	8b59c <_dtoa_r+0xa3c>
   8b30c:	9a08      	ldr	r2, [sp, #32]
   8b30e:	2a0e      	cmp	r2, #14
   8b310:	f300 8144 	bgt.w	8b59c <_dtoa_r+0xa3c>
   8b314:	4ba7      	ldr	r3, [pc, #668]	@ (8b5b4 <_dtoa_r+0xa54>)
   8b316:	931a      	str	r3, [sp, #104]	@ 0x68
   8b318:	9a08      	ldr	r2, [sp, #32]
   8b31a:	9b1a      	ldr	r3, [sp, #104]	@ 0x68
   8b31c:	eb03 03c2 	add.w	r3, r3, r2, lsl #3
   8b320:	e9d3 2300 	ldrd	r2, r3, [r3]
   8b324:	e9cd 2304 	strd	r2, r3, [sp, #16]
   8b328:	9b29      	ldr	r3, [sp, #164]	@ 0xa4
   8b32a:	2b00      	cmp	r3, #0
   8b32c:	f280 82d1 	bge.w	8b8d2 <_dtoa_r+0xd72>
   8b330:	f1ba 0f00 	cmp.w	sl, #0
   8b334:	f300 82cd 	bgt.w	8b8d2 <_dtoa_r+0xd72>
   8b338:	f040 8216 	bne.w	8b768 <_dtoa_r+0xc08>
   8b33c:	e9dd 0104 	ldrd	r0, r1, [sp, #16]
   8b340:	2200      	movs	r2, #0
   8b342:	4b9d      	ldr	r3, [pc, #628]	@ (8b5b8 <_dtoa_r+0xa58>)
   8b344:	f7f9 fba0 	bl	84a88 <__aeabi_dmul>
   8b348:	4602      	mov	r2, r0
   8b34a:	460b      	mov	r3, r1
   8b34c:	e9dd 0102 	ldrd	r0, r1, [sp, #8]
   8b350:	f7f9 fe16 	bl	84f80 <__aeabi_dcmple>
   8b354:	4651      	mov	r1, sl
   8b356:	2800      	cmp	r0, #0
   8b358:	f040 8207 	bne.w	8b76a <_dtoa_r+0xc0a>
   8b35c:	2331      	movs	r3, #49	@ 0x31
   8b35e:	f8dd b01c 	ldr.w	fp, [sp, #28]
   8b362:	4620      	mov	r0, r4
   8b364:	f80b 3b01 	strb.w	r3, [fp], #1
   8b368:	f000 fc38 	bl	8bbdc <_Bfree>
   8b36c:	9f08      	ldr	r7, [sp, #32]
   8b36e:	3702      	adds	r7, #2
   8b370:	e558      	b.n	8ae24 <_dtoa_r+0x2c4>
   8b372:	4631      	mov	r1, r6
   8b374:	2300      	movs	r3, #0
   8b376:	220a      	movs	r2, #10
   8b378:	4620      	mov	r0, r4
   8b37a:	f000 fc39 	bl	8bbf0 <__multadd>
   8b37e:	9b14      	ldr	r3, [sp, #80]	@ 0x50
   8b380:	4606      	mov	r6, r0
   8b382:	2b00      	cmp	r3, #0
   8b384:	f340 83e0 	ble.w	8bb48 <_dtoa_r+0xfe8>
   8b388:	f8dd a050 	ldr.w	sl, [sp, #80]	@ 0x50
   8b38c:	9508      	str	r5, [sp, #32]
   8b38e:	9b0a      	ldr	r3, [sp, #40]	@ 0x28
   8b390:	2b00      	cmp	r3, #0
   8b392:	dd05      	ble.n	8b3a0 <_dtoa_r+0x840>
   8b394:	4631      	mov	r1, r6
   8b396:	461a      	mov	r2, r3
   8b398:	4620      	mov	r0, r4
   8b39a:	f000 fe25 	bl	8bfe8 <__lshift>
   8b39e:	4606      	mov	r6, r0
   8b3a0:	9b0c      	ldr	r3, [sp, #48]	@ 0x30
   8b3a2:	2b00      	cmp	r3, #0
   8b3a4:	f040 8259 	bne.w	8b85a <_dtoa_r+0xcfa>
   8b3a8:	46b0      	mov	r8, r6
   8b3aa:	9b07      	ldr	r3, [sp, #28]
   8b3ac:	f103 3bff 	add.w	fp, r3, #4294967295	@ 0xffffffff
   8b3b0:	461d      	mov	r5, r3
   8b3b2:	eb0b 030a 	add.w	r3, fp, sl
   8b3b6:	930a      	str	r3, [sp, #40]	@ 0x28
   8b3b8:	9b04      	ldr	r3, [sp, #16]
   8b3ba:	f8dd b024 	ldr.w	fp, [sp, #36]	@ 0x24
   8b3be:	f003 0301 	and.w	r3, r3, #1
   8b3c2:	930b      	str	r3, [sp, #44]	@ 0x2c
   8b3c4:	9902      	ldr	r1, [sp, #8]
   8b3c6:	4658      	mov	r0, fp
   8b3c8:	f7ff fb2c 	bl	8aa24 <quorem>
   8b3cc:	4631      	mov	r1, r6
   8b3ce:	4682      	mov	sl, r0
   8b3d0:	4658      	mov	r0, fp
   8b3d2:	f000 fe7d 	bl	8c0d0 <__mcmp>
   8b3d6:	9902      	ldr	r1, [sp, #8]
   8b3d8:	4607      	mov	r7, r0
   8b3da:	4642      	mov	r2, r8
   8b3dc:	4620      	mov	r0, r4
   8b3de:	f000 fe97 	bl	8c110 <__mdiff>
   8b3e2:	68c3      	ldr	r3, [r0, #12]
   8b3e4:	4601      	mov	r1, r0
   8b3e6:	f10a 0930 	add.w	r9, sl, #48	@ 0x30
   8b3ea:	2b00      	cmp	r3, #0
   8b3ec:	d136      	bne.n	8b45c <_dtoa_r+0x8fc>
   8b3ee:	9009      	str	r0, [sp, #36]	@ 0x24
   8b3f0:	4658      	mov	r0, fp
   8b3f2:	f000 fe6d 	bl	8c0d0 <__mcmp>
   8b3f6:	9909      	ldr	r1, [sp, #36]	@ 0x24
   8b3f8:	9009      	str	r0, [sp, #36]	@ 0x24
   8b3fa:	4620      	mov	r0, r4
   8b3fc:	f000 fbee 	bl	8bbdc <_Bfree>
   8b400:	9b09      	ldr	r3, [sp, #36]	@ 0x24
   8b402:	2b00      	cmp	r3, #0
   8b404:	d158      	bne.n	8b4b8 <_dtoa_r+0x958>
   8b406:	9b28      	ldr	r3, [sp, #160]	@ 0xa0
   8b408:	b91b      	cbnz	r3, 8b412 <_dtoa_r+0x8b2>
   8b40a:	9b0b      	ldr	r3, [sp, #44]	@ 0x2c
   8b40c:	2b00      	cmp	r3, #0
   8b40e:	f000 8384 	beq.w	8bb1a <_dtoa_r+0xfba>
   8b412:	2f00      	cmp	r7, #0
   8b414:	f2c0 834d 	blt.w	8bab2 <_dtoa_r+0xf52>
   8b418:	46aa      	mov	sl, r5
   8b41a:	9b0a      	ldr	r3, [sp, #40]	@ 0x28
   8b41c:	f80a 9b01 	strb.w	r9, [sl], #1
   8b420:	429d      	cmp	r5, r3
   8b422:	f000 827a 	beq.w	8b91a <_dtoa_r+0xdba>
   8b426:	4659      	mov	r1, fp
   8b428:	2300      	movs	r3, #0
   8b42a:	220a      	movs	r2, #10
   8b42c:	4620      	mov	r0, r4
   8b42e:	f000 fbdf 	bl	8bbf0 <__multadd>
   8b432:	4546      	cmp	r6, r8
   8b434:	4683      	mov	fp, r0
   8b436:	4631      	mov	r1, r6
   8b438:	f04f 0300 	mov.w	r3, #0
   8b43c:	f04f 020a 	mov.w	r2, #10
   8b440:	4620      	mov	r0, r4
   8b442:	d033      	beq.n	8b4ac <_dtoa_r+0x94c>
   8b444:	f000 fbd4 	bl	8bbf0 <__multadd>
   8b448:	4641      	mov	r1, r8
   8b44a:	2300      	movs	r3, #0
   8b44c:	220a      	movs	r2, #10
   8b44e:	4606      	mov	r6, r0
   8b450:	4620      	mov	r0, r4
   8b452:	f000 fbcd 	bl	8bbf0 <__multadd>
   8b456:	4655      	mov	r5, sl
   8b458:	4680      	mov	r8, r0
   8b45a:	e7b3      	b.n	8b3c4 <_dtoa_r+0x864>
   8b45c:	4620      	mov	r0, r4
   8b45e:	f8cd b024 	str.w	fp, [sp, #36]	@ 0x24
   8b462:	f000 fbbb 	bl	8bbdc <_Bfree>
   8b466:	2f00      	cmp	r7, #0
   8b468:	db06      	blt.n	8b478 <_dtoa_r+0x918>
   8b46a:	9b04      	ldr	r3, [sp, #16]
   8b46c:	f003 0201 	and.w	r2, r3, #1
   8b470:	9b28      	ldr	r3, [sp, #160]	@ 0xa0
   8b472:	431f      	orrs	r7, r3
   8b474:	433a      	orrs	r2, r7
   8b476:	d12c      	bne.n	8b4d2 <_dtoa_r+0x972>
   8b478:	2201      	movs	r2, #1
   8b47a:	9909      	ldr	r1, [sp, #36]	@ 0x24
   8b47c:	4620      	mov	r0, r4
   8b47e:	f000 fdb3 	bl	8bfe8 <__lshift>
   8b482:	9902      	ldr	r1, [sp, #8]
   8b484:	9009      	str	r0, [sp, #36]	@ 0x24
   8b486:	f000 fe23 	bl	8c0d0 <__mcmp>
   8b48a:	2800      	cmp	r0, #0
   8b48c:	f340 8329 	ble.w	8bae2 <_dtoa_r+0xf82>
   8b490:	f1b9 0f39 	cmp.w	r9, #57	@ 0x39
   8b494:	f000 82f5 	beq.w	8ba82 <_dtoa_r+0xf22>
   8b498:	f10a 0931 	add.w	r9, sl, #49	@ 0x31
   8b49c:	46ab      	mov	fp, r5
   8b49e:	9f08      	ldr	r7, [sp, #32]
   8b4a0:	4635      	mov	r5, r6
   8b4a2:	3701      	adds	r7, #1
   8b4a4:	4646      	mov	r6, r8
   8b4a6:	f80b 9b01 	strb.w	r9, [fp], #1
   8b4aa:	e5b9      	b.n	8b020 <_dtoa_r+0x4c0>
   8b4ac:	f000 fba0 	bl	8bbf0 <__multadd>
   8b4b0:	4655      	mov	r5, sl
   8b4b2:	4606      	mov	r6, r0
   8b4b4:	4680      	mov	r8, r0
   8b4b6:	e785      	b.n	8b3c4 <_dtoa_r+0x864>
   8b4b8:	2f00      	cmp	r7, #0
   8b4ba:	f2c0 8304 	blt.w	8bac6 <_dtoa_r+0xf66>
   8b4be:	9a28      	ldr	r2, [sp, #160]	@ 0xa0
   8b4c0:	4317      	orrs	r7, r2
   8b4c2:	9a0b      	ldr	r2, [sp, #44]	@ 0x2c
   8b4c4:	4317      	orrs	r7, r2
   8b4c6:	f000 82fe 	beq.w	8bac6 <_dtoa_r+0xf66>
   8b4ca:	2b00      	cmp	r3, #0
   8b4cc:	dda4      	ble.n	8b418 <_dtoa_r+0x8b8>
   8b4ce:	f8cd b024 	str.w	fp, [sp, #36]	@ 0x24
   8b4d2:	f1b9 0f39 	cmp.w	r9, #57	@ 0x39
   8b4d6:	f000 82d4 	beq.w	8ba82 <_dtoa_r+0xf22>
   8b4da:	46ab      	mov	fp, r5
   8b4dc:	9f08      	ldr	r7, [sp, #32]
   8b4de:	f109 0301 	add.w	r3, r9, #1
   8b4e2:	4635      	mov	r5, r6
   8b4e4:	3701      	adds	r7, #1
   8b4e6:	4646      	mov	r6, r8
   8b4e8:	f80b 3b01 	strb.w	r3, [fp], #1
   8b4ec:	e598      	b.n	8b020 <_dtoa_r+0x4c0>
   8b4ee:	9b28      	ldr	r3, [sp, #160]	@ 0xa0
   8b4f0:	2b02      	cmp	r3, #2
   8b4f2:	f77f ad4c 	ble.w	8af8e <_dtoa_r+0x42e>
   8b4f6:	f1ba 0f00 	cmp.w	sl, #0
   8b4fa:	f040 8190 	bne.w	8b81e <_dtoa_r+0xcbe>
   8b4fe:	4653      	mov	r3, sl
   8b500:	2205      	movs	r2, #5
   8b502:	9902      	ldr	r1, [sp, #8]
   8b504:	4620      	mov	r0, r4
   8b506:	f000 fb73 	bl	8bbf0 <__multadd>
   8b50a:	4601      	mov	r1, r0
   8b50c:	9002      	str	r0, [sp, #8]
   8b50e:	9809      	ldr	r0, [sp, #36]	@ 0x24
   8b510:	f000 fdde 	bl	8c0d0 <__mcmp>
   8b514:	2800      	cmp	r0, #0
   8b516:	f340 8182 	ble.w	8b81e <_dtoa_r+0xcbe>
   8b51a:	2331      	movs	r3, #49	@ 0x31
   8b51c:	f8dd b01c 	ldr.w	fp, [sp, #28]
   8b520:	4620      	mov	r0, r4
   8b522:	9902      	ldr	r1, [sp, #8]
   8b524:	f80b 3b01 	strb.w	r3, [fp], #1
   8b528:	f000 fb58 	bl	8bbdc <_Bfree>
   8b52c:	9f08      	ldr	r7, [sp, #32]
   8b52e:	3702      	adds	r7, #2
   8b530:	2e00      	cmp	r6, #0
   8b532:	f47f ad83 	bne.w	8b03c <_dtoa_r+0x4dc>
   8b536:	e475      	b.n	8ae24 <_dtoa_r+0x2c4>
   8b538:	461a      	mov	r2, r3
   8b53a:	4601      	mov	r1, r0
   8b53c:	4620      	mov	r0, r4
   8b53e:	f000 fcf3 	bl	8bf28 <__pow5mult>
   8b542:	9b28      	ldr	r3, [sp, #160]	@ 0xa0
   8b544:	9002      	str	r0, [sp, #8]
   8b546:	2b01      	cmp	r3, #1
   8b548:	f340 817a 	ble.w	8b840 <_dtoa_r+0xce0>
   8b54c:	2300      	movs	r3, #0
   8b54e:	930c      	str	r3, [sp, #48]	@ 0x30
   8b550:	9a02      	ldr	r2, [sp, #8]
   8b552:	6913      	ldr	r3, [r2, #16]
   8b554:	eb02 0383 	add.w	r3, r2, r3, lsl #2
   8b558:	6918      	ldr	r0, [r3, #16]
   8b55a:	f000 fb9b 	bl	8bc94 <__hi0bits>
   8b55e:	f1c0 0020 	rsb	r0, r0, #32
   8b562:	e4ea      	b.n	8af3a <_dtoa_r+0x3da>
   8b564:	9902      	ldr	r1, [sp, #8]
   8b566:	9809      	ldr	r0, [sp, #36]	@ 0x24
   8b568:	f000 fdb2 	bl	8c0d0 <__mcmp>
   8b56c:	2800      	cmp	r0, #0
   8b56e:	f6bf ad0a 	bge.w	8af86 <_dtoa_r+0x426>
   8b572:	2300      	movs	r3, #0
   8b574:	220a      	movs	r2, #10
   8b576:	4620      	mov	r0, r4
   8b578:	9909      	ldr	r1, [sp, #36]	@ 0x24
   8b57a:	9d08      	ldr	r5, [sp, #32]
   8b57c:	f000 fb38 	bl	8bbf0 <__multadd>
   8b580:	9b0b      	ldr	r3, [sp, #44]	@ 0x2c
   8b582:	3d01      	subs	r5, #1
   8b584:	9009      	str	r0, [sp, #36]	@ 0x24
   8b586:	2b00      	cmp	r3, #0
   8b588:	f47f aef3 	bne.w	8b372 <_dtoa_r+0x812>
   8b58c:	9b14      	ldr	r3, [sp, #80]	@ 0x50
   8b58e:	2b00      	cmp	r3, #0
   8b590:	f340 82cf 	ble.w	8bb32 <_dtoa_r+0xfd2>
   8b594:	9f08      	ldr	r7, [sp, #32]
   8b596:	f8dd a050 	ldr.w	sl, [sp, #80]	@ 0x50
   8b59a:	e4fe      	b.n	8af9a <_dtoa_r+0x43a>
   8b59c:	9a12      	ldr	r2, [sp, #72]	@ 0x48
   8b59e:	b9ba      	cbnz	r2, 8b5d0 <_dtoa_r+0xa70>
   8b5a0:	9b0a      	ldr	r3, [sp, #40]	@ 0x28
   8b5a2:	2b00      	cmp	r3, #0
   8b5a4:	d172      	bne.n	8b68c <_dtoa_r+0xb2c>
   8b5a6:	9b0b      	ldr	r3, [sp, #44]	@ 0x2c
   8b5a8:	2b00      	cmp	r3, #0
   8b5aa:	f040 8080 	bne.w	8b6ae <_dtoa_r+0xb4e>
   8b5ae:	461d      	mov	r5, r3
   8b5b0:	461e      	mov	r6, r3
   8b5b2:	e4b4      	b.n	8af1e <_dtoa_r+0x3be>
   8b5b4:	0008ca88 	.word	0x0008ca88
   8b5b8:	40140000 	.word	0x40140000
   8b5bc:	9b1d      	ldr	r3, [sp, #116]	@ 0x74
   8b5be:	9c0e      	ldr	r4, [sp, #56]	@ 0x38
   8b5c0:	2b00      	cmp	r3, #0
   8b5c2:	e9dd ab15 	ldrd	sl, fp, [sp, #84]	@ 0x54
   8b5c6:	db03      	blt.n	8b5d0 <_dtoa_r+0xa70>
   8b5c8:	9a08      	ldr	r2, [sp, #32]
   8b5ca:	2a0e      	cmp	r2, #14
   8b5cc:	f77f aea4 	ble.w	8b318 <_dtoa_r+0x7b8>
   8b5d0:	9a28      	ldr	r2, [sp, #160]	@ 0xa0
   8b5d2:	2a01      	cmp	r2, #1
   8b5d4:	f77f ac80 	ble.w	8aed8 <_dtoa_r+0x378>
   8b5d8:	9b0b      	ldr	r3, [sp, #44]	@ 0x2c
   8b5da:	f10a 37ff 	add.w	r7, sl, #4294967295	@ 0xffffffff
   8b5de:	42bb      	cmp	r3, r7
   8b5e0:	f2c0 80fd 	blt.w	8b7de <_dtoa_r+0xc7e>
   8b5e4:	f1ba 0f00 	cmp.w	sl, #0
   8b5e8:	eba3 0707 	sub.w	r7, r3, r7
   8b5ec:	f280 829e 	bge.w	8bb2c <_dtoa_r+0xfcc>
   8b5f0:	2101      	movs	r1, #1
   8b5f2:	4620      	mov	r0, r4
   8b5f4:	9d0a      	ldr	r5, [sp, #40]	@ 0x28
   8b5f6:	f000 fbb5 	bl	8bd64 <__i2b>
   8b5fa:	4606      	mov	r6, r0
   8b5fc:	eba5 080a 	sub.w	r8, r5, sl
   8b600:	f8cd 8028 	str.w	r8, [sp, #40]	@ 0x28
   8b604:	f1bb 0f00 	cmp.w	fp, #0
   8b608:	f77f ac7a 	ble.w	8af00 <_dtoa_r+0x3a0>
   8b60c:	9a0a      	ldr	r2, [sp, #40]	@ 0x28
   8b60e:	455a      	cmp	r2, fp
   8b610:	4613      	mov	r3, r2
   8b612:	bfa8      	it	ge
   8b614:	465b      	movge	r3, fp
   8b616:	1ad2      	subs	r2, r2, r3
   8b618:	1aed      	subs	r5, r5, r3
   8b61a:	920a      	str	r2, [sp, #40]	@ 0x28
   8b61c:	ebab 0b03 	sub.w	fp, fp, r3
   8b620:	e46e      	b.n	8af00 <_dtoa_r+0x3a0>
   8b622:	2100      	movs	r1, #0
   8b624:	4620      	mov	r0, r4
   8b626:	63e1      	str	r1, [r4, #60]	@ 0x3c
   8b628:	f000 fab2 	bl	8bb90 <_Balloc>
   8b62c:	9007      	str	r0, [sp, #28]
   8b62e:	2800      	cmp	r0, #0
   8b630:	f000 8242 	beq.w	8bab8 <_dtoa_r+0xf58>
   8b634:	9b07      	ldr	r3, [sp, #28]
   8b636:	63a3      	str	r3, [r4, #56]	@ 0x38
   8b638:	2d00      	cmp	r5, #0
   8b63a:	f040 80fd 	bne.w	8b838 <_dtoa_r+0xcd8>
   8b63e:	9b1d      	ldr	r3, [sp, #116]	@ 0x74
   8b640:	2b00      	cmp	r3, #0
   8b642:	f2c0 8263 	blt.w	8bb0c <_dtoa_r+0xfac>
   8b646:	2201      	movs	r2, #1
   8b648:	4692      	mov	sl, r2
   8b64a:	9214      	str	r2, [sp, #80]	@ 0x50
   8b64c:	9229      	str	r2, [sp, #164]	@ 0xa4
   8b64e:	e65d      	b.n	8b30c <_dtoa_r+0x7ac>
   8b650:	9b04      	ldr	r3, [sp, #16]
   8b652:	2b00      	cmp	r3, #0
   8b654:	f47f ac70 	bne.w	8af38 <_dtoa_r+0x3d8>
   8b658:	9b05      	ldr	r3, [sp, #20]
   8b65a:	f3c3 0313 	ubfx	r3, r3, #0, #20
   8b65e:	2b00      	cmp	r3, #0
   8b660:	f47f ac6a 	bne.w	8af38 <_dtoa_r+0x3d8>
   8b664:	9b05      	ldr	r3, [sp, #20]
   8b666:	f023 4300 	bic.w	r3, r3, #2147483648	@ 0x80000000
   8b66a:	0d1b      	lsrs	r3, r3, #20
   8b66c:	051b      	lsls	r3, r3, #20
   8b66e:	2b00      	cmp	r3, #0
   8b670:	f43f ac62 	beq.w	8af38 <_dtoa_r+0x3d8>
   8b674:	2301      	movs	r3, #1
   8b676:	3501      	adds	r5, #1
   8b678:	4618      	mov	r0, r3
   8b67a:	f10b 0b01 	add.w	fp, fp, #1
   8b67e:	930c      	str	r3, [sp, #48]	@ 0x30
   8b680:	e45b      	b.n	8af3a <_dtoa_r+0x3da>
   8b682:	f43f ac6b 	beq.w	8af5c <_dtoa_r+0x3fc>
   8b686:	f1c0 033c 	rsb	r3, r0, #60	@ 0x3c
   8b68a:	e626      	b.n	8b2da <_dtoa_r+0x77a>
   8b68c:	f1bb 0f00 	cmp.w	fp, #0
   8b690:	f000 81b3 	beq.w	8b9fa <_dtoa_r+0xe9a>
   8b694:	9a0a      	ldr	r2, [sp, #40]	@ 0x28
   8b696:	9e0b      	ldr	r6, [sp, #44]	@ 0x2c
   8b698:	455a      	cmp	r2, fp
   8b69a:	4613      	mov	r3, r2
   8b69c:	bfa8      	it	ge
   8b69e:	465b      	movge	r3, fp
   8b6a0:	1ad5      	subs	r5, r2, r3
   8b6a2:	ebab 0b03 	sub.w	fp, fp, r3
   8b6a6:	950a      	str	r5, [sp, #40]	@ 0x28
   8b6a8:	2e00      	cmp	r6, #0
   8b6aa:	f43f ac38 	beq.w	8af1e <_dtoa_r+0x3be>
   8b6ae:	4620      	mov	r0, r4
   8b6b0:	9a0b      	ldr	r2, [sp, #44]	@ 0x2c
   8b6b2:	9909      	ldr	r1, [sp, #36]	@ 0x24
   8b6b4:	f000 fc38 	bl	8bf28 <__pow5mult>
   8b6b8:	2600      	movs	r6, #0
   8b6ba:	9009      	str	r0, [sp, #36]	@ 0x24
   8b6bc:	960b      	str	r6, [sp, #44]	@ 0x2c
   8b6be:	9d0a      	ldr	r5, [sp, #40]	@ 0x28
   8b6c0:	e42d      	b.n	8af1e <_dtoa_r+0x3be>
   8b6c2:	4631      	mov	r1, r6
   8b6c4:	463a      	mov	r2, r7
   8b6c6:	4620      	mov	r0, r4
   8b6c8:	f000 fc2e 	bl	8bf28 <__pow5mult>
   8b6cc:	4606      	mov	r6, r0
   8b6ce:	f8dd 8024 	ldr.w	r8, [sp, #36]	@ 0x24
   8b6d2:	4631      	mov	r1, r6
   8b6d4:	4642      	mov	r2, r8
   8b6d6:	4620      	mov	r0, r4
   8b6d8:	f000 fb72 	bl	8bdc0 <__multiply>
   8b6dc:	4641      	mov	r1, r8
   8b6de:	4680      	mov	r8, r0
   8b6e0:	4620      	mov	r0, r4
   8b6e2:	f000 fa7b 	bl	8bbdc <_Bfree>
   8b6e6:	9b0b      	ldr	r3, [sp, #44]	@ 0x2c
   8b6e8:	f8cd 8024 	str.w	r8, [sp, #36]	@ 0x24
   8b6ec:	1bdb      	subs	r3, r3, r7
   8b6ee:	930b      	str	r3, [sp, #44]	@ 0x2c
   8b6f0:	f47f ac0d 	bne.w	8af0e <_dtoa_r+0x3ae>
   8b6f4:	2301      	movs	r3, #1
   8b6f6:	930b      	str	r3, [sp, #44]	@ 0x2c
   8b6f8:	e411      	b.n	8af1e <_dtoa_r+0x3be>
   8b6fa:	d103      	bne.n	8b704 <_dtoa_r+0xba4>
   8b6fc:	f019 0f01 	tst.w	r9, #1
   8b700:	f47f ac7f 	bne.w	8b002 <_dtoa_r+0x4a2>
   8b704:	46d3      	mov	fp, sl
   8b706:	f81a 3d01 	ldrb.w	r3, [sl, #-1]!
   8b70a:	2b30      	cmp	r3, #48	@ 0x30
   8b70c:	d0fa      	beq.n	8b704 <_dtoa_r+0xba4>
   8b70e:	e487      	b.n	8b020 <_dtoa_r+0x4c0>
   8b710:	2331      	movs	r3, #49	@ 0x31
   8b712:	9a07      	ldr	r2, [sp, #28]
   8b714:	3701      	adds	r7, #1
   8b716:	7013      	strb	r3, [r2, #0]
   8b718:	e482      	b.n	8b020 <_dtoa_r+0x4c0>
   8b71a:	4648      	mov	r0, r9
   8b71c:	f7f9 f94a 	bl	849b4 <__aeabi_i2d>
   8b720:	e9dd 230e 	ldrd	r2, r3, [sp, #56]	@ 0x38
   8b724:	f7f9 f9b0 	bl	84a88 <__aeabi_dmul>
   8b728:	2200      	movs	r2, #0
   8b72a:	4bb6      	ldr	r3, [pc, #728]	@ (8ba04 <_dtoa_r+0xea4>)
   8b72c:	f7f8 fff6 	bl	8471c <__adddf3>
   8b730:	4606      	mov	r6, r0
   8b732:	f1a1 7750 	sub.w	r7, r1, #54525952	@ 0x3400000
   8b736:	2200      	movs	r2, #0
   8b738:	e9dd 010e 	ldrd	r0, r1, [sp, #56]	@ 0x38
   8b73c:	4bb2      	ldr	r3, [pc, #712]	@ (8ba08 <_dtoa_r+0xea8>)
   8b73e:	f7f8 ffeb 	bl	84718 <__aeabi_dsub>
   8b742:	4632      	mov	r2, r6
   8b744:	463b      	mov	r3, r7
   8b746:	4680      	mov	r8, r0
   8b748:	4689      	mov	r9, r1
   8b74a:	f7f9 fc2d 	bl	84fa8 <__aeabi_dcmpgt>
   8b74e:	2800      	cmp	r0, #0
   8b750:	f040 81a2 	bne.w	8ba98 <_dtoa_r+0xf38>
   8b754:	4640      	mov	r0, r8
   8b756:	4649      	mov	r1, r9
   8b758:	4632      	mov	r2, r6
   8b75a:	f107 4300 	add.w	r3, r7, #2147483648	@ 0x80000000
   8b75e:	f7f9 fc05 	bl	84f6c <__aeabi_dcmplt>
   8b762:	2800      	cmp	r0, #0
   8b764:	f43f adce 	beq.w	8b304 <_dtoa_r+0x7a4>
   8b768:	2100      	movs	r1, #0
   8b76a:	4620      	mov	r0, r4
   8b76c:	f000 fa36 	bl	8bbdc <_Bfree>
   8b770:	9b29      	ldr	r3, [sp, #164]	@ 0xa4
   8b772:	f8dd b01c 	ldr.w	fp, [sp, #28]
   8b776:	425f      	negs	r7, r3
   8b778:	f7ff bb54 	b.w	8ae24 <_dtoa_r+0x2c4>
   8b77c:	f000 814e 	beq.w	8ba1c <_dtoa_r+0xebc>
   8b780:	e9dd 0102 	ldrd	r0, r1, [sp, #8]
   8b784:	9b08      	ldr	r3, [sp, #32]
   8b786:	4aa1      	ldr	r2, [pc, #644]	@ (8ba0c <_dtoa_r+0xeac>)
   8b788:	425d      	negs	r5, r3
   8b78a:	f005 030f 	and.w	r3, r5, #15
   8b78e:	eb02 03c3 	add.w	r3, r2, r3, lsl #3
   8b792:	e9d3 2300 	ldrd	r2, r3, [r3]
   8b796:	f7f9 f977 	bl	84a88 <__aeabi_dmul>
   8b79a:	112d      	asrs	r5, r5, #4
   8b79c:	f04f 0902 	mov.w	r9, #2
   8b7a0:	e9cd 010e 	strd	r0, r1, [sp, #56]	@ 0x38
   8b7a4:	f43f acc7 	beq.w	8b136 <_dtoa_r+0x5d6>
   8b7a8:	4e99      	ldr	r6, [pc, #612]	@ (8ba10 <_dtoa_r+0xeb0>)
   8b7aa:	07eb      	lsls	r3, r5, #31
   8b7ac:	d50c      	bpl.n	8b7c8 <_dtoa_r+0xc68>
   8b7ae:	e9dd 010e 	ldrd	r0, r1, [sp, #56]	@ 0x38
   8b7b2:	e8f6 2302 	ldrd	r2, r3, [r6], #8
   8b7b6:	f7f9 f967 	bl	84a88 <__aeabi_dmul>
   8b7ba:	106d      	asrs	r5, r5, #1
   8b7bc:	e9cd 010e 	strd	r0, r1, [sp, #56]	@ 0x38
   8b7c0:	f109 0901 	add.w	r9, r9, #1
   8b7c4:	d1f1      	bne.n	8b7aa <_dtoa_r+0xc4a>
   8b7c6:	e4b6      	b.n	8b136 <_dtoa_r+0x5d6>
   8b7c8:	106d      	asrs	r5, r5, #1
   8b7ca:	3608      	adds	r6, #8
   8b7cc:	e7ed      	b.n	8b7aa <_dtoa_r+0xc4a>
   8b7ce:	f1c8 0301 	rsb	r3, r8, #1
   8b7d2:	930a      	str	r3, [sp, #40]	@ 0x28
   8b7d4:	9b08      	ldr	r3, [sp, #32]
   8b7d6:	469b      	mov	fp, r3
   8b7d8:	930c      	str	r3, [sp, #48]	@ 0x30
   8b7da:	f7ff ba71 	b.w	8acc0 <_dtoa_r+0x160>
   8b7de:	9b0b      	ldr	r3, [sp, #44]	@ 0x2c
   8b7e0:	9a0c      	ldr	r2, [sp, #48]	@ 0x30
   8b7e2:	f8dd 8028 	ldr.w	r8, [sp, #40]	@ 0x28
   8b7e6:	1afb      	subs	r3, r7, r3
   8b7e8:	441a      	add	r2, r3
   8b7ea:	2101      	movs	r1, #1
   8b7ec:	4620      	mov	r0, r4
   8b7ee:	920c      	str	r2, [sp, #48]	@ 0x30
   8b7f0:	f000 fab8 	bl	8bd64 <__i2b>
   8b7f4:	4643      	mov	r3, r8
   8b7f6:	4606      	mov	r6, r0
   8b7f8:	44d3      	add	fp, sl
   8b7fa:	eb08 050a 	add.w	r5, r8, sl
   8b7fe:	970b      	str	r7, [sp, #44]	@ 0x2c
   8b800:	2b00      	cmp	r3, #0
   8b802:	f43f ab84 	beq.w	8af0e <_dtoa_r+0x3ae>
   8b806:	9a0a      	ldr	r2, [sp, #40]	@ 0x28
   8b808:	455a      	cmp	r2, fp
   8b80a:	4613      	mov	r3, r2
   8b80c:	bfa8      	it	ge
   8b80e:	465b      	movge	r3, fp
   8b810:	1ad2      	subs	r2, r2, r3
   8b812:	1aed      	subs	r5, r5, r3
   8b814:	920a      	str	r2, [sp, #40]	@ 0x28
   8b816:	ebab 0b03 	sub.w	fp, fp, r3
   8b81a:	f7ff bb78 	b.w	8af0e <_dtoa_r+0x3ae>
   8b81e:	4620      	mov	r0, r4
   8b820:	9902      	ldr	r1, [sp, #8]
   8b822:	f000 f9db 	bl	8bbdc <_Bfree>
   8b826:	9b29      	ldr	r3, [sp, #164]	@ 0xa4
   8b828:	f8dd b01c 	ldr.w	fp, [sp, #28]
   8b82c:	425f      	negs	r7, r3
   8b82e:	2e00      	cmp	r6, #0
   8b830:	f47f ac04 	bne.w	8b03c <_dtoa_r+0x4dc>
   8b834:	f7ff baf6 	b.w	8ae24 <_dtoa_r+0x2c4>
   8b838:	46aa      	mov	sl, r5
   8b83a:	9514      	str	r5, [sp, #80]	@ 0x50
   8b83c:	9529      	str	r5, [sp, #164]	@ 0xa4
   8b83e:	e443      	b.n	8b0c8 <_dtoa_r+0x568>
   8b840:	9b04      	ldr	r3, [sp, #16]
   8b842:	2b00      	cmp	r3, #0
   8b844:	f47f ae82 	bne.w	8b54c <_dtoa_r+0x9ec>
   8b848:	e9dd 1204 	ldrd	r1, r2, [sp, #16]
   8b84c:	f3c2 0313 	ubfx	r3, r2, #0, #20
   8b850:	2b00      	cmp	r3, #0
   8b852:	f000 814d 	beq.w	8baf0 <_dtoa_r+0xf90>
   8b856:	910c      	str	r1, [sp, #48]	@ 0x30
   8b858:	e67a      	b.n	8b550 <_dtoa_r+0x9f0>
   8b85a:	4620      	mov	r0, r4
   8b85c:	6871      	ldr	r1, [r6, #4]
   8b85e:	f000 f997 	bl	8bb90 <_Balloc>
   8b862:	4605      	mov	r5, r0
   8b864:	2800      	cmp	r0, #0
   8b866:	f000 8182 	beq.w	8bb6e <_dtoa_r+0x100e>
   8b86a:	6933      	ldr	r3, [r6, #16]
   8b86c:	f106 010c 	add.w	r1, r6, #12
   8b870:	3302      	adds	r3, #2
   8b872:	009a      	lsls	r2, r3, #2
   8b874:	300c      	adds	r0, #12
   8b876:	f7fb fee5 	bl	87644 <memcpy>
   8b87a:	2201      	movs	r2, #1
   8b87c:	4629      	mov	r1, r5
   8b87e:	4620      	mov	r0, r4
   8b880:	f000 fbb2 	bl	8bfe8 <__lshift>
   8b884:	4680      	mov	r8, r0
   8b886:	e590      	b.n	8b3aa <_dtoa_r+0x84a>
   8b888:	9c02      	ldr	r4, [sp, #8]
   8b88a:	4602      	mov	r2, r0
   8b88c:	460b      	mov	r3, r1
   8b88e:	f7f8 ff45 	bl	8471c <__adddf3>
   8b892:	e9dd 2304 	ldrd	r2, r3, [sp, #16]
   8b896:	9f08      	ldr	r7, [sp, #32]
   8b898:	4682      	mov	sl, r0
   8b89a:	3701      	adds	r7, #1
   8b89c:	468b      	mov	fp, r1
   8b89e:	463e      	mov	r6, r7
   8b8a0:	f7f9 fb82 	bl	84fa8 <__aeabi_dcmpgt>
   8b8a4:	b948      	cbnz	r0, 8b8ba <_dtoa_r+0xd5a>
   8b8a6:	e9dd 2304 	ldrd	r2, r3, [sp, #16]
   8b8aa:	4650      	mov	r0, sl
   8b8ac:	4659      	mov	r1, fp
   8b8ae:	f7f9 fb53 	bl	84f58 <__aeabi_dcmpeq>
   8b8b2:	b120      	cbz	r0, 8b8be <_dtoa_r+0xd5e>
   8b8b4:	f018 0f01 	tst.w	r8, #1
   8b8b8:	d001      	beq.n	8b8be <_dtoa_r+0xd5e>
   8b8ba:	9a07      	ldr	r2, [sp, #28]
   8b8bc:	e4e9      	b.n	8b292 <_dtoa_r+0x732>
   8b8be:	46ab      	mov	fp, r5
   8b8c0:	f7ff bab0 	b.w	8ae24 <_dtoa_r+0x2c4>
   8b8c4:	e9dd 2302 	ldrd	r2, r3, [sp, #8]
   8b8c8:	f04f 0902 	mov.w	r9, #2
   8b8cc:	e9cd 230e 	strd	r2, r3, [sp, #56]	@ 0x38
   8b8d0:	e417      	b.n	8b102 <_dtoa_r+0x5a2>
   8b8d2:	9b07      	ldr	r3, [sp, #28]
   8b8d4:	3301      	adds	r3, #1
   8b8d6:	930e      	str	r3, [sp, #56]	@ 0x38
   8b8d8:	e9dd 5602 	ldrd	r5, r6, [sp, #8]
   8b8dc:	e9dd 2304 	ldrd	r2, r3, [sp, #16]
   8b8e0:	4628      	mov	r0, r5
   8b8e2:	4631      	mov	r1, r6
   8b8e4:	f7f9 f9fa 	bl	84cdc <__aeabi_ddiv>
   8b8e8:	f7f9 fb7e 	bl	84fe8 <__aeabi_d2iz>
   8b8ec:	4680      	mov	r8, r0
   8b8ee:	f7f9 f861 	bl	849b4 <__aeabi_i2d>
   8b8f2:	e9dd 2304 	ldrd	r2, r3, [sp, #16]
   8b8f6:	f7f9 f8c7 	bl	84a88 <__aeabi_dmul>
   8b8fa:	4602      	mov	r2, r0
   8b8fc:	460b      	mov	r3, r1
   8b8fe:	4628      	mov	r0, r5
   8b900:	4631      	mov	r1, r6
   8b902:	f7f8 ff09 	bl	84718 <__aeabi_dsub>
   8b906:	9a07      	ldr	r2, [sp, #28]
   8b908:	f108 0330 	add.w	r3, r8, #48	@ 0x30
   8b90c:	f1ba 0f01 	cmp.w	sl, #1
   8b910:	9d0e      	ldr	r5, [sp, #56]	@ 0x38
   8b912:	7013      	strb	r3, [r2, #0]
   8b914:	f47f aa51 	bne.w	8adba <_dtoa_r+0x25a>
   8b918:	e7b7      	b.n	8b88a <_dtoa_r+0xd2a>
   8b91a:	9f08      	ldr	r7, [sp, #32]
   8b91c:	4635      	mov	r5, r6
   8b91e:	f8cd b024 	str.w	fp, [sp, #36]	@ 0x24
   8b922:	4646      	mov	r6, r8
   8b924:	3701      	adds	r7, #1
   8b926:	f7ff bb60 	b.w	8afea <_dtoa_r+0x48a>
   8b92a:	e9dd 2318 	ldrd	r2, r3, [sp, #96]	@ 0x60
   8b92e:	e9dd 0116 	ldrd	r0, r1, [sp, #88]	@ 0x58
   8b932:	f7f9 f8a9 	bl	84a88 <__aeabi_dmul>
   8b936:	9b07      	ldr	r3, [sp, #28]
   8b938:	e9cd 0110 	strd	r0, r1, [sp, #64]	@ 0x40
   8b93c:	f883 8000 	strb.w	r8, [r3]
   8b940:	9b15      	ldr	r3, [sp, #84]	@ 0x54
   8b942:	2b01      	cmp	r3, #1
   8b944:	d023      	beq.n	8b98e <_dtoa_r+0xe2e>
   8b946:	9b07      	ldr	r3, [sp, #28]
   8b948:	9a15      	ldr	r2, [sp, #84]	@ 0x54
   8b94a:	f8dd 8038 	ldr.w	r8, [sp, #56]	@ 0x38
   8b94e:	eb03 0902 	add.w	r9, r3, r2
   8b952:	2200      	movs	r2, #0
   8b954:	4b2f      	ldr	r3, [pc, #188]	@ (8ba14 <_dtoa_r+0xeb4>)
   8b956:	4630      	mov	r0, r6
   8b958:	4639      	mov	r1, r7
   8b95a:	f7f9 f895 	bl	84a88 <__aeabi_dmul>
   8b95e:	460f      	mov	r7, r1
   8b960:	4606      	mov	r6, r0
   8b962:	f7f9 fb41 	bl	84fe8 <__aeabi_d2iz>
   8b966:	4605      	mov	r5, r0
   8b968:	f7f9 f824 	bl	849b4 <__aeabi_i2d>
   8b96c:	4602      	mov	r2, r0
   8b96e:	460b      	mov	r3, r1
   8b970:	4630      	mov	r0, r6
   8b972:	4639      	mov	r1, r7
   8b974:	f7f8 fed0 	bl	84718 <__aeabi_dsub>
   8b978:	3530      	adds	r5, #48	@ 0x30
   8b97a:	f808 5b01 	strb.w	r5, [r8], #1
   8b97e:	45c8      	cmp	r8, r9
   8b980:	4606      	mov	r6, r0
   8b982:	460f      	mov	r7, r1
   8b984:	d1e5      	bne.n	8b952 <_dtoa_r+0xdf2>
   8b986:	9b0e      	ldr	r3, [sp, #56]	@ 0x38
   8b988:	1e5d      	subs	r5, r3, #1
   8b98a:	9b15      	ldr	r3, [sp, #84]	@ 0x54
   8b98c:	441d      	add	r5, r3
   8b98e:	2200      	movs	r2, #0
   8b990:	e9dd 8910 	ldrd	r8, r9, [sp, #64]	@ 0x40
   8b994:	4b20      	ldr	r3, [pc, #128]	@ (8ba18 <_dtoa_r+0xeb8>)
   8b996:	4640      	mov	r0, r8
   8b998:	4649      	mov	r1, r9
   8b99a:	f7f8 febf 	bl	8471c <__adddf3>
   8b99e:	4632      	mov	r2, r6
   8b9a0:	463b      	mov	r3, r7
   8b9a2:	f7f9 fae3 	bl	84f6c <__aeabi_dcmplt>
   8b9a6:	2800      	cmp	r0, #0
   8b9a8:	f040 8096 	bne.w	8bad8 <_dtoa_r+0xf78>
   8b9ac:	4642      	mov	r2, r8
   8b9ae:	464b      	mov	r3, r9
   8b9b0:	2000      	movs	r0, #0
   8b9b2:	4919      	ldr	r1, [pc, #100]	@ (8ba18 <_dtoa_r+0xeb8>)
   8b9b4:	f7f8 feb0 	bl	84718 <__aeabi_dsub>
   8b9b8:	4632      	mov	r2, r6
   8b9ba:	463b      	mov	r3, r7
   8b9bc:	f7f9 faf4 	bl	84fa8 <__aeabi_dcmpgt>
   8b9c0:	b980      	cbnz	r0, 8b9e4 <_dtoa_r+0xe84>
   8b9c2:	9b1d      	ldr	r3, [sp, #116]	@ 0x74
   8b9c4:	2b00      	cmp	r3, #0
   8b9c6:	f6ff adeb 	blt.w	8b5a0 <_dtoa_r+0xa40>
   8b9ca:	9b08      	ldr	r3, [sp, #32]
   8b9cc:	2b0e      	cmp	r3, #14
   8b9ce:	f73f ade7 	bgt.w	8b5a0 <_dtoa_r+0xa40>
   8b9d2:	9b1a      	ldr	r3, [sp, #104]	@ 0x68
   8b9d4:	9a08      	ldr	r2, [sp, #32]
   8b9d6:	eb03 07c2 	add.w	r7, r3, r2, lsl #3
   8b9da:	e9d7 2300 	ldrd	r2, r3, [r7]
   8b9de:	e9cd 2304 	strd	r2, r3, [sp, #16]
   8b9e2:	e779      	b.n	8b8d8 <_dtoa_r+0xd78>
   8b9e4:	f815 3c01 	ldrb.w	r3, [r5, #-1]
   8b9e8:	46ab      	mov	fp, r5
   8b9ea:	2b30      	cmp	r3, #48	@ 0x30
   8b9ec:	f105 35ff 	add.w	r5, r5, #4294967295	@ 0xffffffff
   8b9f0:	d0f8      	beq.n	8b9e4 <_dtoa_r+0xe84>
   8b9f2:	9f1b      	ldr	r7, [sp, #108]	@ 0x6c
   8b9f4:	3701      	adds	r7, #1
   8b9f6:	f7ff ba15 	b.w	8ae24 <_dtoa_r+0x2c4>
   8b9fa:	9e0b      	ldr	r6, [sp, #44]	@ 0x2c
   8b9fc:	2e00      	cmp	r6, #0
   8b9fe:	f47f ae56 	bne.w	8b6ae <_dtoa_r+0xb4e>
   8ba02:	e65c      	b.n	8b6be <_dtoa_r+0xb5e>
   8ba04:	401c0000 	.word	0x401c0000
   8ba08:	40140000 	.word	0x40140000
   8ba0c:	0008ca88 	.word	0x0008ca88
   8ba10:	0008ca60 	.word	0x0008ca60
   8ba14:	40240000 	.word	0x40240000
   8ba18:	3fe00000 	.word	0x3fe00000
   8ba1c:	e9dd 2302 	ldrd	r2, r3, [sp, #8]
   8ba20:	f04f 0902 	mov.w	r9, #2
   8ba24:	e9cd 230e 	strd	r2, r3, [sp, #56]	@ 0x38
   8ba28:	f7ff bb85 	b.w	8b136 <_dtoa_r+0x5d6>
   8ba2c:	f1ba 0f00 	cmp.w	sl, #0
   8ba30:	f43f ae73 	beq.w	8b71a <_dtoa_r+0xbba>
   8ba34:	9d14      	ldr	r5, [sp, #80]	@ 0x50
   8ba36:	2d00      	cmp	r5, #0
   8ba38:	f77f ac64 	ble.w	8b304 <_dtoa_r+0x7a4>
   8ba3c:	9b08      	ldr	r3, [sp, #32]
   8ba3e:	4630      	mov	r0, r6
   8ba40:	3b01      	subs	r3, #1
   8ba42:	4639      	mov	r1, r7
   8ba44:	2200      	movs	r2, #0
   8ba46:	931b      	str	r3, [sp, #108]	@ 0x6c
   8ba48:	4b4c      	ldr	r3, [pc, #304]	@ (8bb7c <_dtoa_r+0x101c>)
   8ba4a:	f7f9 f81d 	bl	84a88 <__aeabi_dmul>
   8ba4e:	4602      	mov	r2, r0
   8ba50:	460f      	mov	r7, r1
   8ba52:	4616      	mov	r6, r2
   8ba54:	f109 0001 	add.w	r0, r9, #1
   8ba58:	e9cd 670e 	strd	r6, r7, [sp, #56]	@ 0x38
   8ba5c:	f7f8 ffaa 	bl	849b4 <__aeabi_i2d>
   8ba60:	4632      	mov	r2, r6
   8ba62:	463b      	mov	r3, r7
   8ba64:	f7f9 f810 	bl	84a88 <__aeabi_dmul>
   8ba68:	2200      	movs	r2, #0
   8ba6a:	4b45      	ldr	r3, [pc, #276]	@ (8bb80 <_dtoa_r+0x1020>)
   8ba6c:	f7f8 fe56 	bl	8471c <__adddf3>
   8ba70:	9515      	str	r5, [sp, #84]	@ 0x54
   8ba72:	4606      	mov	r6, r0
   8ba74:	f1a1 7750 	sub.w	r7, r1, #54525952	@ 0x3400000
   8ba78:	f7ff bb80 	b.w	8b17c <_dtoa_r+0x61c>
   8ba7c:	2331      	movs	r3, #49	@ 0x31
   8ba7e:	3601      	adds	r6, #1
   8ba80:	e40e      	b.n	8b2a0 <_dtoa_r+0x740>
   8ba82:	46aa      	mov	sl, r5
   8ba84:	2339      	movs	r3, #57	@ 0x39
   8ba86:	9f08      	ldr	r7, [sp, #32]
   8ba88:	4635      	mov	r5, r6
   8ba8a:	9a07      	ldr	r2, [sp, #28]
   8ba8c:	4646      	mov	r6, r8
   8ba8e:	3701      	adds	r7, #1
   8ba90:	f80a 3b01 	strb.w	r3, [sl], #1
   8ba94:	f7ff baba 	b.w	8b00c <_dtoa_r+0x4ac>
   8ba98:	2331      	movs	r3, #49	@ 0x31
   8ba9a:	f8dd b01c 	ldr.w	fp, [sp, #28]
   8ba9e:	2100      	movs	r1, #0
   8baa0:	4620      	mov	r0, r4
   8baa2:	f80b 3b01 	strb.w	r3, [fp], #1
   8baa6:	f000 f899 	bl	8bbdc <_Bfree>
   8baaa:	9f08      	ldr	r7, [sp, #32]
   8baac:	3702      	adds	r7, #2
   8baae:	f7ff b9b9 	b.w	8ae24 <_dtoa_r+0x2c4>
   8bab2:	f8cd b024 	str.w	fp, [sp, #36]	@ 0x24
   8bab6:	e4f1      	b.n	8b49c <_dtoa_r+0x93c>
   8bab8:	2200      	movs	r2, #0
   8baba:	f240 11af 	movw	r1, #431	@ 0x1af
   8babe:	4b31      	ldr	r3, [pc, #196]	@ (8bb84 <_dtoa_r+0x1024>)
   8bac0:	4831      	ldr	r0, [pc, #196]	@ (8bb88 <_dtoa_r+0x1028>)
   8bac2:	f000 fd1d 	bl	8c500 <__assert_func>
   8bac6:	2b00      	cmp	r3, #0
   8bac8:	f8cd b024 	str.w	fp, [sp, #36]	@ 0x24
   8bacc:	f73f acd4 	bgt.w	8b478 <_dtoa_r+0x918>
   8bad0:	e4e4      	b.n	8b49c <_dtoa_r+0x93c>
   8bad2:	9c0e      	ldr	r4, [sp, #56]	@ 0x38
   8bad4:	46ab      	mov	fp, r5
   8bad6:	e78c      	b.n	8b9f2 <_dtoa_r+0xe92>
   8bad8:	9e1b      	ldr	r6, [sp, #108]	@ 0x6c
   8bada:	9a07      	ldr	r2, [sp, #28]
   8badc:	3601      	adds	r6, #1
   8bade:	f7ff bbd8 	b.w	8b292 <_dtoa_r+0x732>
   8bae2:	f47f acdb 	bne.w	8b49c <_dtoa_r+0x93c>
   8bae6:	f019 0f01 	tst.w	r9, #1
   8baea:	f47f acd1 	bne.w	8b490 <_dtoa_r+0x930>
   8baee:	e4d5      	b.n	8b49c <_dtoa_r+0x93c>
   8baf0:	9b05      	ldr	r3, [sp, #20]
   8baf2:	f023 4300 	bic.w	r3, r3, #2147483648	@ 0x80000000
   8baf6:	0d1b      	lsrs	r3, r3, #20
   8baf8:	051b      	lsls	r3, r3, #20
   8bafa:	2b00      	cmp	r3, #0
   8bafc:	f43f ad27 	beq.w	8b54e <_dtoa_r+0x9ee>
   8bb00:	2301      	movs	r3, #1
   8bb02:	3501      	adds	r5, #1
   8bb04:	f10b 0b01 	add.w	fp, fp, #1
   8bb08:	930c      	str	r3, [sp, #48]	@ 0x30
   8bb0a:	e521      	b.n	8b550 <_dtoa_r+0x9f0>
   8bb0c:	9b12      	ldr	r3, [sp, #72]	@ 0x48
   8bb0e:	bb2b      	cbnz	r3, 8bb5c <_dtoa_r+0xffc>
   8bb10:	2301      	movs	r3, #1
   8bb12:	469a      	mov	sl, r3
   8bb14:	9314      	str	r3, [sp, #80]	@ 0x50
   8bb16:	9329      	str	r3, [sp, #164]	@ 0xa4
   8bb18:	e542      	b.n	8b5a0 <_dtoa_r+0xa40>
   8bb1a:	f1b9 0f39 	cmp.w	r9, #57	@ 0x39
   8bb1e:	f8cd b024 	str.w	fp, [sp, #36]	@ 0x24
   8bb22:	d0ae      	beq.n	8ba82 <_dtoa_r+0xf22>
   8bb24:	2f00      	cmp	r7, #0
   8bb26:	f73f acb7 	bgt.w	8b498 <_dtoa_r+0x938>
   8bb2a:	e4b7      	b.n	8b49c <_dtoa_r+0x93c>
   8bb2c:	4653      	mov	r3, sl
   8bb2e:	f7ff b9db 	b.w	8aee8 <_dtoa_r+0x388>
   8bb32:	9a28      	ldr	r2, [sp, #160]	@ 0xa0
   8bb34:	2a02      	cmp	r2, #2
   8bb36:	dc03      	bgt.n	8bb40 <_dtoa_r+0xfe0>
   8bb38:	469a      	mov	sl, r3
   8bb3a:	9f08      	ldr	r7, [sp, #32]
   8bb3c:	f7ff ba2d 	b.w	8af9a <_dtoa_r+0x43a>
   8bb40:	9508      	str	r5, [sp, #32]
   8bb42:	f8dd a050 	ldr.w	sl, [sp, #80]	@ 0x50
   8bb46:	e4d6      	b.n	8b4f6 <_dtoa_r+0x996>
   8bb48:	9a28      	ldr	r2, [sp, #160]	@ 0xa0
   8bb4a:	9508      	str	r5, [sp, #32]
   8bb4c:	2a02      	cmp	r2, #2
   8bb4e:	dcf8      	bgt.n	8bb42 <_dtoa_r+0xfe2>
   8bb50:	469a      	mov	sl, r3
   8bb52:	e41c      	b.n	8b38e <_dtoa_r+0x82e>
   8bb54:	2100      	movs	r1, #0
   8bb56:	63e1      	str	r1, [r4, #60]	@ 0x3c
   8bb58:	f7ff baa7 	b.w	8b0aa <_dtoa_r+0x54a>
   8bb5c:	9b12      	ldr	r3, [sp, #72]	@ 0x48
   8bb5e:	469a      	mov	sl, r3
   8bb60:	9329      	str	r3, [sp, #164]	@ 0xa4
   8bb62:	9314      	str	r3, [sp, #80]	@ 0x50
   8bb64:	e538      	b.n	8b5d8 <_dtoa_r+0xa78>
   8bb66:	4b09      	ldr	r3, [pc, #36]	@ (8bb8c <_dtoa_r+0x102c>)
   8bb68:	9307      	str	r3, [sp, #28]
   8bb6a:	f7ff b833 	b.w	8abd4 <_dtoa_r+0x74>
   8bb6e:	4602      	mov	r2, r0
   8bb70:	f240 21ef 	movw	r1, #751	@ 0x2ef
   8bb74:	4b03      	ldr	r3, [pc, #12]	@ (8bb84 <_dtoa_r+0x1024>)
   8bb76:	4804      	ldr	r0, [pc, #16]	@ (8bb88 <_dtoa_r+0x1028>)
   8bb78:	f000 fcc2 	bl	8c500 <__assert_func>
   8bb7c:	40240000 	.word	0x40240000
   8bb80:	401c0000 	.word	0x401c0000
   8bb84:	0008c728 	.word	0x0008c728
   8bb88:	0008c73c 	.word	0x0008c73c
   8bb8c:	0008c718 	.word	0x0008c718

0008bb90 <_Balloc>:
   8bb90:	b538      	push	{r3, r4, r5, lr}
   8bb92:	6c43      	ldr	r3, [r0, #68]	@ 0x44
   8bb94:	4605      	mov	r5, r0
   8bb96:	460c      	mov	r4, r1
   8bb98:	b14b      	cbz	r3, 8bbae <_Balloc+0x1e>
   8bb9a:	f853 0024 	ldr.w	r0, [r3, r4, lsl #2]
   8bb9e:	b180      	cbz	r0, 8bbc2 <_Balloc+0x32>
   8bba0:	6802      	ldr	r2, [r0, #0]
   8bba2:	f843 2024 	str.w	r2, [r3, r4, lsl #2]
   8bba6:	2300      	movs	r3, #0
   8bba8:	e9c0 3303 	strd	r3, r3, [r0, #12]
   8bbac:	bd38      	pop	{r3, r4, r5, pc}
   8bbae:	2221      	movs	r2, #33	@ 0x21
   8bbb0:	2104      	movs	r1, #4
   8bbb2:	f000 fcc5 	bl	8c540 <_calloc_r>
   8bbb6:	4603      	mov	r3, r0
   8bbb8:	6468      	str	r0, [r5, #68]	@ 0x44
   8bbba:	2800      	cmp	r0, #0
   8bbbc:	d1ed      	bne.n	8bb9a <_Balloc+0xa>
   8bbbe:	2000      	movs	r0, #0
   8bbc0:	bd38      	pop	{r3, r4, r5, pc}
   8bbc2:	2101      	movs	r1, #1
   8bbc4:	4628      	mov	r0, r5
   8bbc6:	fa01 f504 	lsl.w	r5, r1, r4
   8bbca:	1d6a      	adds	r2, r5, #5
   8bbcc:	0092      	lsls	r2, r2, #2
   8bbce:	f000 fcb7 	bl	8c540 <_calloc_r>
   8bbd2:	2800      	cmp	r0, #0
   8bbd4:	d0f3      	beq.n	8bbbe <_Balloc+0x2e>
   8bbd6:	e9c0 4501 	strd	r4, r5, [r0, #4]
   8bbda:	e7e4      	b.n	8bba6 <_Balloc+0x16>

0008bbdc <_Bfree>:
   8bbdc:	b131      	cbz	r1, 8bbec <_Bfree+0x10>
   8bbde:	6c43      	ldr	r3, [r0, #68]	@ 0x44
   8bbe0:	684a      	ldr	r2, [r1, #4]
   8bbe2:	f853 0022 	ldr.w	r0, [r3, r2, lsl #2]
   8bbe6:	6008      	str	r0, [r1, #0]
   8bbe8:	f843 1022 	str.w	r1, [r3, r2, lsl #2]
   8bbec:	4770      	bx	lr
   8bbee:	bf00      	nop

0008bbf0 <__multadd>:
   8bbf0:	e92d 41f0 	stmdb	sp!, {r4, r5, r6, r7, r8, lr}
   8bbf4:	f04f 0e00 	mov.w	lr, #0
   8bbf8:	460e      	mov	r6, r1
   8bbfa:	461c      	mov	r4, r3
   8bbfc:	690d      	ldr	r5, [r1, #16]
   8bbfe:	4607      	mov	r7, r0
   8bc00:	f101 0014 	add.w	r0, r1, #20
   8bc04:	6801      	ldr	r1, [r0, #0]
   8bc06:	f10e 0e01 	add.w	lr, lr, #1
   8bc0a:	b28b      	uxth	r3, r1
   8bc0c:	fb02 4303 	mla	r3, r2, r3, r4
   8bc10:	0c09      	lsrs	r1, r1, #16
   8bc12:	ea4f 4c13 	mov.w	ip, r3, lsr #16
   8bc16:	fb02 cc01 	mla	ip, r2, r1, ip
   8bc1a:	b29b      	uxth	r3, r3
   8bc1c:	eb03 430c 	add.w	r3, r3, ip, lsl #16
   8bc20:	4575      	cmp	r5, lr
   8bc22:	f840 3b04 	str.w	r3, [r0], #4
   8bc26:	ea4f 441c 	mov.w	r4, ip, lsr #16
   8bc2a:	dceb      	bgt.n	8bc04 <__multadd+0x14>
   8bc2c:	b13c      	cbz	r4, 8bc3e <__multadd+0x4e>
   8bc2e:	68b3      	ldr	r3, [r6, #8]
   8bc30:	42ab      	cmp	r3, r5
   8bc32:	dd07      	ble.n	8bc44 <__multadd+0x54>
   8bc34:	eb06 0385 	add.w	r3, r6, r5, lsl #2
   8bc38:	3501      	adds	r5, #1
   8bc3a:	615c      	str	r4, [r3, #20]
   8bc3c:	6135      	str	r5, [r6, #16]
   8bc3e:	4630      	mov	r0, r6
   8bc40:	e8bd 81f0 	ldmia.w	sp!, {r4, r5, r6, r7, r8, pc}
   8bc44:	6871      	ldr	r1, [r6, #4]
   8bc46:	4638      	mov	r0, r7
   8bc48:	3101      	adds	r1, #1
   8bc4a:	f7ff ffa1 	bl	8bb90 <_Balloc>
   8bc4e:	4680      	mov	r8, r0
   8bc50:	b1a8      	cbz	r0, 8bc7e <__multadd+0x8e>
   8bc52:	6932      	ldr	r2, [r6, #16]
   8bc54:	f106 010c 	add.w	r1, r6, #12
   8bc58:	3202      	adds	r2, #2
   8bc5a:	0092      	lsls	r2, r2, #2
   8bc5c:	300c      	adds	r0, #12
   8bc5e:	f7fb fcf1 	bl	87644 <memcpy>
   8bc62:	6c7b      	ldr	r3, [r7, #68]	@ 0x44
   8bc64:	6872      	ldr	r2, [r6, #4]
   8bc66:	f853 1022 	ldr.w	r1, [r3, r2, lsl #2]
   8bc6a:	6031      	str	r1, [r6, #0]
   8bc6c:	f843 6022 	str.w	r6, [r3, r2, lsl #2]
   8bc70:	4646      	mov	r6, r8
   8bc72:	eb06 0385 	add.w	r3, r6, r5, lsl #2
   8bc76:	3501      	adds	r5, #1
   8bc78:	615c      	str	r4, [r3, #20]
   8bc7a:	6135      	str	r5, [r6, #16]
   8bc7c:	e7df      	b.n	8bc3e <__multadd+0x4e>
   8bc7e:	4602      	mov	r2, r0
   8bc80:	21ba      	movs	r1, #186	@ 0xba
   8bc82:	4b02      	ldr	r3, [pc, #8]	@ (8bc8c <__multadd+0x9c>)
   8bc84:	4802      	ldr	r0, [pc, #8]	@ (8bc90 <__multadd+0xa0>)
   8bc86:	f000 fc3b 	bl	8c500 <__assert_func>
   8bc8a:	bf00      	nop
   8bc8c:	0008c728 	.word	0x0008c728
   8bc90:	0008c798 	.word	0x0008c798

0008bc94 <__hi0bits>:
   8bc94:	f5b0 3f80 	cmp.w	r0, #65536	@ 0x10000
   8bc98:	4603      	mov	r3, r0
   8bc9a:	bf3a      	itte	cc
   8bc9c:	2010      	movcc	r0, #16
   8bc9e:	4083      	lslcc	r3, r0
   8bca0:	2000      	movcs	r0, #0
   8bca2:	f1b3 7f80 	cmp.w	r3, #16777216	@ 0x1000000
   8bca6:	bf3c      	itt	cc
   8bca8:	021b      	lslcc	r3, r3, #8
   8bcaa:	3008      	addcc	r0, #8
   8bcac:	f1b3 5f80 	cmp.w	r3, #268435456	@ 0x10000000
   8bcb0:	d306      	bcc.n	8bcc0 <__hi0bits+0x2c>
   8bcb2:	f1b3 4f80 	cmp.w	r3, #1073741824	@ 0x40000000
   8bcb6:	d20f      	bcs.n	8bcd8 <__hi0bits+0x44>
   8bcb8:	009a      	lsls	r2, r3, #2
   8bcba:	d412      	bmi.n	8bce2 <__hi0bits+0x4e>
   8bcbc:	3003      	adds	r0, #3
   8bcbe:	4770      	bx	lr
   8bcc0:	011a      	lsls	r2, r3, #4
   8bcc2:	f1b2 4f80 	cmp.w	r2, #1073741824	@ 0x40000000
   8bcc6:	f100 0004 	add.w	r0, r0, #4
   8bcca:	d206      	bcs.n	8bcda <__hi0bits+0x46>
   8bccc:	019b      	lsls	r3, r3, #6
   8bcce:	d408      	bmi.n	8bce2 <__hi0bits+0x4e>
   8bcd0:	005b      	lsls	r3, r3, #1
   8bcd2:	d4f3      	bmi.n	8bcbc <__hi0bits+0x28>
   8bcd4:	2020      	movs	r0, #32
   8bcd6:	4770      	bx	lr
   8bcd8:	461a      	mov	r2, r3
   8bcda:	2a00      	cmp	r2, #0
   8bcdc:	dbfb      	blt.n	8bcd6 <__hi0bits+0x42>
   8bcde:	3001      	adds	r0, #1
   8bce0:	4770      	bx	lr
   8bce2:	3002      	adds	r0, #2
   8bce4:	4770      	bx	lr
   8bce6:	bf00      	nop

0008bce8 <__lo0bits>:
   8bce8:	6803      	ldr	r3, [r0, #0]
   8bcea:	4602      	mov	r2, r0
   8bcec:	0759      	lsls	r1, r3, #29
   8bcee:	d009      	beq.n	8bd04 <__lo0bits+0x1c>
   8bcf0:	07d8      	lsls	r0, r3, #31
   8bcf2:	d41f      	bmi.n	8bd34 <__lo0bits+0x4c>
   8bcf4:	0799      	lsls	r1, r3, #30
   8bcf6:	bf4b      	itete	mi
   8bcf8:	085b      	lsrmi	r3, r3, #1
   8bcfa:	089b      	lsrpl	r3, r3, #2
   8bcfc:	2001      	movmi	r0, #1
   8bcfe:	2002      	movpl	r0, #2
   8bd00:	6013      	str	r3, [r2, #0]
   8bd02:	4770      	bx	lr
   8bd04:	b299      	uxth	r1, r3
   8bd06:	b979      	cbnz	r1, 8bd28 <__lo0bits+0x40>
   8bd08:	0c1b      	lsrs	r3, r3, #16
   8bd0a:	b2d9      	uxtb	r1, r3
   8bd0c:	b1a1      	cbz	r1, 8bd38 <__lo0bits+0x50>
   8bd0e:	2010      	movs	r0, #16
   8bd10:	0719      	lsls	r1, r3, #28
   8bd12:	d101      	bne.n	8bd18 <__lo0bits+0x30>
   8bd14:	3004      	adds	r0, #4
   8bd16:	091b      	lsrs	r3, r3, #4
   8bd18:	0799      	lsls	r1, r3, #30
   8bd1a:	d012      	beq.n	8bd42 <__lo0bits+0x5a>
   8bd1c:	07d9      	lsls	r1, r3, #31
   8bd1e:	d401      	bmi.n	8bd24 <__lo0bits+0x3c>
   8bd20:	3001      	adds	r0, #1
   8bd22:	085b      	lsrs	r3, r3, #1
   8bd24:	6013      	str	r3, [r2, #0]
   8bd26:	4770      	bx	lr
   8bd28:	b2d9      	uxtb	r1, r3
   8bd2a:	b141      	cbz	r1, 8bd3e <__lo0bits+0x56>
   8bd2c:	0718      	lsls	r0, r3, #28
   8bd2e:	d114      	bne.n	8bd5a <__lo0bits+0x72>
   8bd30:	2004      	movs	r0, #4
   8bd32:	e7f0      	b.n	8bd16 <__lo0bits+0x2e>
   8bd34:	2000      	movs	r0, #0
   8bd36:	4770      	bx	lr
   8bd38:	2018      	movs	r0, #24
   8bd3a:	0a1b      	lsrs	r3, r3, #8
   8bd3c:	e7e8      	b.n	8bd10 <__lo0bits+0x28>
   8bd3e:	2008      	movs	r0, #8
   8bd40:	e7fb      	b.n	8bd3a <__lo0bits+0x52>
   8bd42:	f013 0f04 	tst.w	r3, #4
   8bd46:	ea4f 0193 	mov.w	r1, r3, lsr #2
   8bd4a:	d002      	beq.n	8bd52 <__lo0bits+0x6a>
   8bd4c:	460b      	mov	r3, r1
   8bd4e:	3002      	adds	r0, #2
   8bd50:	e7e8      	b.n	8bd24 <__lo0bits+0x3c>
   8bd52:	08db      	lsrs	r3, r3, #3
   8bd54:	d104      	bne.n	8bd60 <__lo0bits+0x78>
   8bd56:	2020      	movs	r0, #32
   8bd58:	4770      	bx	lr
   8bd5a:	2003      	movs	r0, #3
   8bd5c:	40c3      	lsrs	r3, r0
   8bd5e:	e7e1      	b.n	8bd24 <__lo0bits+0x3c>
   8bd60:	3003      	adds	r0, #3
   8bd62:	e7df      	b.n	8bd24 <__lo0bits+0x3c>

0008bd64 <__i2b>:
   8bd64:	b538      	push	{r3, r4, r5, lr}
   8bd66:	6c43      	ldr	r3, [r0, #68]	@ 0x44
   8bd68:	4604      	mov	r4, r0
   8bd6a:	460d      	mov	r5, r1
   8bd6c:	b14b      	cbz	r3, 8bd82 <__i2b+0x1e>
   8bd6e:	6858      	ldr	r0, [r3, #4]
   8bd70:	b1b0      	cbz	r0, 8bda0 <__i2b+0x3c>
   8bd72:	6802      	ldr	r2, [r0, #0]
   8bd74:	605a      	str	r2, [r3, #4]
   8bd76:	2200      	movs	r2, #0
   8bd78:	2301      	movs	r3, #1
   8bd7a:	6145      	str	r5, [r0, #20]
   8bd7c:	e9c0 2303 	strd	r2, r3, [r0, #12]
   8bd80:	bd38      	pop	{r3, r4, r5, pc}
   8bd82:	2221      	movs	r2, #33	@ 0x21
   8bd84:	2104      	movs	r1, #4
   8bd86:	f000 fbdb 	bl	8c540 <_calloc_r>
   8bd8a:	4603      	mov	r3, r0
   8bd8c:	6460      	str	r0, [r4, #68]	@ 0x44
   8bd8e:	2800      	cmp	r0, #0
   8bd90:	d1ed      	bne.n	8bd6e <__i2b+0xa>
   8bd92:	2200      	movs	r2, #0
   8bd94:	f240 1145 	movw	r1, #325	@ 0x145
   8bd98:	4b07      	ldr	r3, [pc, #28]	@ (8bdb8 <__i2b+0x54>)
   8bd9a:	4808      	ldr	r0, [pc, #32]	@ (8bdbc <__i2b+0x58>)
   8bd9c:	f000 fbb0 	bl	8c500 <__assert_func>
   8bda0:	221c      	movs	r2, #28
   8bda2:	2101      	movs	r1, #1
   8bda4:	4620      	mov	r0, r4
   8bda6:	f000 fbcb 	bl	8c540 <_calloc_r>
   8bdaa:	2800      	cmp	r0, #0
   8bdac:	d0f1      	beq.n	8bd92 <__i2b+0x2e>
   8bdae:	2201      	movs	r2, #1
   8bdb0:	2302      	movs	r3, #2
   8bdb2:	e9c0 2301 	strd	r2, r3, [r0, #4]
   8bdb6:	e7de      	b.n	8bd76 <__i2b+0x12>
   8bdb8:	0008c728 	.word	0x0008c728
   8bdbc:	0008c798 	.word	0x0008c798

0008bdc0 <__multiply>:
   8bdc0:	e92d 4ff0 	stmdb	sp!, {r4, r5, r6, r7, r8, r9, sl, fp, lr}
   8bdc4:	f8d1 8010 	ldr.w	r8, [r1, #16]
   8bdc8:	6915      	ldr	r5, [r2, #16]
   8bdca:	460e      	mov	r6, r1
   8bdcc:	45a8      	cmp	r8, r5
   8bdce:	4692      	mov	sl, r2
   8bdd0:	b085      	sub	sp, #20
   8bdd2:	db05      	blt.n	8bde0 <__multiply+0x20>
   8bdd4:	462a      	mov	r2, r5
   8bdd6:	4653      	mov	r3, sl
   8bdd8:	4645      	mov	r5, r8
   8bdda:	468a      	mov	sl, r1
   8bddc:	4690      	mov	r8, r2
   8bdde:	461e      	mov	r6, r3
   8bde0:	f8da 3008 	ldr.w	r3, [sl, #8]
   8bde4:	f8da 1004 	ldr.w	r1, [sl, #4]
   8bde8:	eb05 0408 	add.w	r4, r5, r8
   8bdec:	42a3      	cmp	r3, r4
   8bdee:	bfb8      	it	lt
   8bdf0:	3101      	addlt	r1, #1
   8bdf2:	f7ff fecd 	bl	8bb90 <_Balloc>
   8bdf6:	2800      	cmp	r0, #0
   8bdf8:	f000 808a 	beq.w	8bf10 <__multiply+0x150>
   8bdfc:	f100 0714 	add.w	r7, r0, #20
   8be00:	eb07 0e84 	add.w	lr, r7, r4, lsl #2
   8be04:	4577      	cmp	r7, lr
   8be06:	d205      	bcs.n	8be14 <__multiply+0x54>
   8be08:	463b      	mov	r3, r7
   8be0a:	2200      	movs	r2, #0
   8be0c:	f843 2b04 	str.w	r2, [r3], #4
   8be10:	459e      	cmp	lr, r3
   8be12:	d8fb      	bhi.n	8be0c <__multiply+0x4c>
   8be14:	3614      	adds	r6, #20
   8be16:	eb06 0888 	add.w	r8, r6, r8, lsl #2
   8be1a:	f10a 0914 	add.w	r9, sl, #20
   8be1e:	4546      	cmp	r6, r8
   8be20:	eb09 0585 	add.w	r5, r9, r5, lsl #2
   8be24:	d267      	bcs.n	8bef6 <__multiply+0x136>
   8be26:	eba5 030a 	sub.w	r3, r5, sl
   8be2a:	3b15      	subs	r3, #21
   8be2c:	f10a 0a15 	add.w	sl, sl, #21
   8be30:	f023 0303 	bic.w	r3, r3, #3
   8be34:	45aa      	cmp	sl, r5
   8be36:	bf94      	ite	ls
   8be38:	469b      	movls	fp, r3
   8be3a:	f04f 0b00 	movhi.w	fp, #0
   8be3e:	f8cd e008 	str.w	lr, [sp, #8]
   8be42:	4682      	mov	sl, r0
   8be44:	46ae      	mov	lr, r5
   8be46:	9403      	str	r4, [sp, #12]
   8be48:	e005      	b.n	8be56 <__multiply+0x96>
   8be4a:	0c09      	lsrs	r1, r1, #16
   8be4c:	d12b      	bne.n	8bea6 <__multiply+0xe6>
   8be4e:	45b0      	cmp	r8, r6
   8be50:	f107 0704 	add.w	r7, r7, #4
   8be54:	d94c      	bls.n	8bef0 <__multiply+0x130>
   8be56:	f856 1b04 	ldr.w	r1, [r6], #4
   8be5a:	b28d      	uxth	r5, r1
   8be5c:	2d00      	cmp	r5, #0
   8be5e:	d0f4      	beq.n	8be4a <__multiply+0x8a>
   8be60:	46cc      	mov	ip, r9
   8be62:	463c      	mov	r4, r7
   8be64:	2300      	movs	r3, #0
   8be66:	9601      	str	r6, [sp, #4]
   8be68:	f85c 0b04 	ldr.w	r0, [ip], #4
   8be6c:	6821      	ldr	r1, [r4, #0]
   8be6e:	b286      	uxth	r6, r0
   8be70:	b28a      	uxth	r2, r1
   8be72:	fb05 2206 	mla	r2, r5, r6, r2
   8be76:	0c00      	lsrs	r0, r0, #16
   8be78:	0c09      	lsrs	r1, r1, #16
   8be7a:	fb05 1100 	mla	r1, r5, r0, r1
   8be7e:	441a      	add	r2, r3
   8be80:	eb01 4112 	add.w	r1, r1, r2, lsr #16
   8be84:	b292      	uxth	r2, r2
   8be86:	ea42 4201 	orr.w	r2, r2, r1, lsl #16
   8be8a:	45e6      	cmp	lr, ip
   8be8c:	f844 2b04 	str.w	r2, [r4], #4
   8be90:	ea4f 4311 	mov.w	r3, r1, lsr #16
   8be94:	d8e8      	bhi.n	8be68 <__multiply+0xa8>
   8be96:	9e01      	ldr	r6, [sp, #4]
   8be98:	eb07 020b 	add.w	r2, r7, fp
   8be9c:	6053      	str	r3, [r2, #4]
   8be9e:	f856 1c04 	ldr.w	r1, [r6, #-4]
   8bea2:	0c09      	lsrs	r1, r1, #16
   8bea4:	d0d3      	beq.n	8be4e <__multiply+0x8e>
   8bea6:	2200      	movs	r2, #0
   8bea8:	683b      	ldr	r3, [r7, #0]
   8beaa:	4648      	mov	r0, r9
   8beac:	461d      	mov	r5, r3
   8beae:	463c      	mov	r4, r7
   8beb0:	4694      	mov	ip, r2
   8beb2:	8802      	ldrh	r2, [r0, #0]
   8beb4:	b29b      	uxth	r3, r3
   8beb6:	fb01 c202 	mla	r2, r1, r2, ip
   8beba:	eb02 4215 	add.w	r2, r2, r5, lsr #16
   8bebe:	ea43 4302 	orr.w	r3, r3, r2, lsl #16
   8bec2:	f844 3b04 	str.w	r3, [r4], #4
   8bec6:	f850 3b04 	ldr.w	r3, [r0], #4
   8beca:	6825      	ldr	r5, [r4, #0]
   8becc:	ea4f 4c13 	mov.w	ip, r3, lsr #16
   8bed0:	b2ab      	uxth	r3, r5
   8bed2:	fb01 330c 	mla	r3, r1, ip, r3
   8bed6:	4586      	cmp	lr, r0
   8bed8:	eb03 4312 	add.w	r3, r3, r2, lsr #16
   8bedc:	ea4f 4c13 	mov.w	ip, r3, lsr #16
   8bee0:	d8e7      	bhi.n	8beb2 <__multiply+0xf2>
   8bee2:	eb07 020b 	add.w	r2, r7, fp
   8bee6:	45b0      	cmp	r8, r6
   8bee8:	6053      	str	r3, [r2, #4]
   8beea:	f107 0704 	add.w	r7, r7, #4
   8beee:	d8b2      	bhi.n	8be56 <__multiply+0x96>
   8bef0:	e9dd e402 	ldrd	lr, r4, [sp, #8]
   8bef4:	4650      	mov	r0, sl
   8bef6:	2c00      	cmp	r4, #0
   8bef8:	dc02      	bgt.n	8bf00 <__multiply+0x140>
   8befa:	e005      	b.n	8bf08 <__multiply+0x148>
   8befc:	3c01      	subs	r4, #1
   8befe:	d003      	beq.n	8bf08 <__multiply+0x148>
   8bf00:	f85e 3d04 	ldr.w	r3, [lr, #-4]!
   8bf04:	2b00      	cmp	r3, #0
   8bf06:	d0f9      	beq.n	8befc <__multiply+0x13c>
   8bf08:	6104      	str	r4, [r0, #16]
   8bf0a:	b005      	add	sp, #20
   8bf0c:	e8bd 8ff0 	ldmia.w	sp!, {r4, r5, r6, r7, r8, r9, sl, fp, pc}
   8bf10:	4602      	mov	r2, r0
   8bf12:	f44f 71b1 	mov.w	r1, #354	@ 0x162
   8bf16:	4b02      	ldr	r3, [pc, #8]	@ (8bf20 <__multiply+0x160>)
   8bf18:	4802      	ldr	r0, [pc, #8]	@ (8bf24 <__multiply+0x164>)
   8bf1a:	f000 faf1 	bl	8c500 <__assert_func>
   8bf1e:	bf00      	nop
   8bf20:	0008c728 	.word	0x0008c728
   8bf24:	0008c798 	.word	0x0008c798

0008bf28 <__pow5mult>:
   8bf28:	f012 0303 	ands.w	r3, r2, #3
   8bf2c:	e92d 41f0 	stmdb	sp!, {r4, r5, r6, r7, r8, lr}
   8bf30:	4614      	mov	r4, r2
   8bf32:	4607      	mov	r7, r0
   8bf34:	d132      	bne.n	8bf9c <__pow5mult+0x74>
   8bf36:	460e      	mov	r6, r1
   8bf38:	10a4      	asrs	r4, r4, #2
   8bf3a:	d02c      	beq.n	8bf96 <__pow5mult+0x6e>
   8bf3c:	6c3d      	ldr	r5, [r7, #64]	@ 0x40
   8bf3e:	2d00      	cmp	r5, #0
   8bf40:	d035      	beq.n	8bfae <__pow5mult+0x86>
   8bf42:	f004 0301 	and.w	r3, r4, #1
   8bf46:	f04f 0800 	mov.w	r8, #0
   8bf4a:	1064      	asrs	r4, r4, #1
   8bf4c:	b93b      	cbnz	r3, 8bf5e <__pow5mult+0x36>
   8bf4e:	6828      	ldr	r0, [r5, #0]
   8bf50:	b1b8      	cbz	r0, 8bf82 <__pow5mult+0x5a>
   8bf52:	4605      	mov	r5, r0
   8bf54:	f004 0301 	and.w	r3, r4, #1
   8bf58:	1064      	asrs	r4, r4, #1
   8bf5a:	2b00      	cmp	r3, #0
   8bf5c:	d0f7      	beq.n	8bf4e <__pow5mult+0x26>
   8bf5e:	462a      	mov	r2, r5
   8bf60:	4631      	mov	r1, r6
   8bf62:	4638      	mov	r0, r7
   8bf64:	f7ff ff2c 	bl	8bdc0 <__multiply>
   8bf68:	b136      	cbz	r6, 8bf78 <__pow5mult+0x50>
   8bf6a:	6c7b      	ldr	r3, [r7, #68]	@ 0x44
   8bf6c:	6871      	ldr	r1, [r6, #4]
   8bf6e:	f853 2021 	ldr.w	r2, [r3, r1, lsl #2]
   8bf72:	6032      	str	r2, [r6, #0]
   8bf74:	f843 6021 	str.w	r6, [r3, r1, lsl #2]
   8bf78:	b174      	cbz	r4, 8bf98 <__pow5mult+0x70>
   8bf7a:	4606      	mov	r6, r0
   8bf7c:	6828      	ldr	r0, [r5, #0]
   8bf7e:	2800      	cmp	r0, #0
   8bf80:	d1e7      	bne.n	8bf52 <__pow5mult+0x2a>
   8bf82:	462a      	mov	r2, r5
   8bf84:	4629      	mov	r1, r5
   8bf86:	4638      	mov	r0, r7
   8bf88:	f7ff ff1a 	bl	8bdc0 <__multiply>
   8bf8c:	6028      	str	r0, [r5, #0]
   8bf8e:	4605      	mov	r5, r0
   8bf90:	f8c0 8000 	str.w	r8, [r0]
   8bf94:	e7de      	b.n	8bf54 <__pow5mult+0x2c>
   8bf96:	4630      	mov	r0, r6
   8bf98:	e8bd 81f0 	ldmia.w	sp!, {r4, r5, r6, r7, r8, pc}
   8bf9c:	4a0f      	ldr	r2, [pc, #60]	@ (8bfdc <__pow5mult+0xb4>)
   8bf9e:	3b01      	subs	r3, #1
   8bfa0:	f852 2023 	ldr.w	r2, [r2, r3, lsl #2]
   8bfa4:	2300      	movs	r3, #0
   8bfa6:	f7ff fe23 	bl	8bbf0 <__multadd>
   8bfaa:	4606      	mov	r6, r0
   8bfac:	e7c4      	b.n	8bf38 <__pow5mult+0x10>
   8bfae:	2101      	movs	r1, #1
   8bfb0:	4638      	mov	r0, r7
   8bfb2:	f7ff fded 	bl	8bb90 <_Balloc>
   8bfb6:	4605      	mov	r5, r0
   8bfb8:	b140      	cbz	r0, 8bfcc <__pow5mult+0xa4>
   8bfba:	f240 2371 	movw	r3, #625	@ 0x271
   8bfbe:	2201      	movs	r2, #1
   8bfc0:	e9c0 2304 	strd	r2, r3, [r0, #16]
   8bfc4:	2300      	movs	r3, #0
   8bfc6:	6438      	str	r0, [r7, #64]	@ 0x40
   8bfc8:	6003      	str	r3, [r0, #0]
   8bfca:	e7ba      	b.n	8bf42 <__pow5mult+0x1a>
   8bfcc:	4602      	mov	r2, r0
   8bfce:	f240 1145 	movw	r1, #325	@ 0x145
   8bfd2:	4b03      	ldr	r3, [pc, #12]	@ (8bfe0 <__pow5mult+0xb8>)
   8bfd4:	4803      	ldr	r0, [pc, #12]	@ (8bfe4 <__pow5mult+0xbc>)
   8bfd6:	f000 fa93 	bl	8c500 <__assert_func>
   8bfda:	bf00      	nop
   8bfdc:	0008ca54 	.word	0x0008ca54
   8bfe0:	0008c728 	.word	0x0008c728
   8bfe4:	0008c798 	.word	0x0008c798

0008bfe8 <__lshift>:
   8bfe8:	e92d 47f0 	stmdb	sp!, {r4, r5, r6, r7, r8, r9, sl, lr}
   8bfec:	460c      	mov	r4, r1
   8bfee:	6927      	ldr	r7, [r4, #16]
   8bff0:	68a3      	ldr	r3, [r4, #8]
   8bff2:	eb07 1762 	add.w	r7, r7, r2, asr #5
   8bff6:	1c7d      	adds	r5, r7, #1
   8bff8:	429d      	cmp	r5, r3
   8bffa:	4690      	mov	r8, r2
   8bffc:	4606      	mov	r6, r0
   8bffe:	6849      	ldr	r1, [r1, #4]
   8c000:	ea4f 1962 	mov.w	r9, r2, asr #5
   8c004:	dd04      	ble.n	8c010 <__lshift+0x28>
   8c006:	005b      	lsls	r3, r3, #1
   8c008:	429d      	cmp	r5, r3
   8c00a:	f101 0101 	add.w	r1, r1, #1
   8c00e:	dcfa      	bgt.n	8c006 <__lshift+0x1e>
   8c010:	4630      	mov	r0, r6
   8c012:	f7ff fdbd 	bl	8bb90 <_Balloc>
   8c016:	2800      	cmp	r0, #0
   8c018:	d04e      	beq.n	8c0b8 <__lshift+0xd0>
   8c01a:	f1b9 0f00 	cmp.w	r9, #0
   8c01e:	f100 0114 	add.w	r1, r0, #20
   8c022:	dd0c      	ble.n	8c03e <__lshift+0x56>
   8c024:	460b      	mov	r3, r1
   8c026:	f04f 0c00 	mov.w	ip, #0
   8c02a:	f109 0205 	add.w	r2, r9, #5
   8c02e:	eb00 0282 	add.w	r2, r0, r2, lsl #2
   8c032:	f843 cb04 	str.w	ip, [r3], #4
   8c036:	4293      	cmp	r3, r2
   8c038:	d1fb      	bne.n	8c032 <__lshift+0x4a>
   8c03a:	eb01 0189 	add.w	r1, r1, r9, lsl #2
   8c03e:	6922      	ldr	r2, [r4, #16]
   8c040:	f104 0314 	add.w	r3, r4, #20
   8c044:	f018 081f 	ands.w	r8, r8, #31
   8c048:	eb03 0c82 	add.w	ip, r3, r2, lsl #2
   8c04c:	d02c      	beq.n	8c0a8 <__lshift+0xc0>
   8c04e:	468e      	mov	lr, r1
   8c050:	f04f 0a00 	mov.w	sl, #0
   8c054:	f1c8 0920 	rsb	r9, r8, #32
   8c058:	681a      	ldr	r2, [r3, #0]
   8c05a:	fa02 f208 	lsl.w	r2, r2, r8
   8c05e:	ea42 020a 	orr.w	r2, r2, sl
   8c062:	f84e 2b04 	str.w	r2, [lr], #4
   8c066:	f853 2b04 	ldr.w	r2, [r3], #4
   8c06a:	459c      	cmp	ip, r3
   8c06c:	fa22 fa09 	lsr.w	sl, r2, r9
   8c070:	d8f2      	bhi.n	8c058 <__lshift+0x70>
   8c072:	ebac 0304 	sub.w	r3, ip, r4
   8c076:	3b15      	subs	r3, #21
   8c078:	f023 0303 	bic.w	r3, r3, #3
   8c07c:	f104 0215 	add.w	r2, r4, #21
   8c080:	4594      	cmp	ip, r2
   8c082:	bf38      	it	cc
   8c084:	2300      	movcc	r3, #0
   8c086:	3304      	adds	r3, #4
   8c088:	f841 a003 	str.w	sl, [r1, r3]
   8c08c:	f1ba 0f00 	cmp.w	sl, #0
   8c090:	d100      	bne.n	8c094 <__lshift+0xac>
   8c092:	463d      	mov	r5, r7
   8c094:	6c73      	ldr	r3, [r6, #68]	@ 0x44
   8c096:	6862      	ldr	r2, [r4, #4]
   8c098:	6105      	str	r5, [r0, #16]
   8c09a:	f853 1022 	ldr.w	r1, [r3, r2, lsl #2]
   8c09e:	6021      	str	r1, [r4, #0]
   8c0a0:	f843 4022 	str.w	r4, [r3, r2, lsl #2]
   8c0a4:	e8bd 87f0 	ldmia.w	sp!, {r4, r5, r6, r7, r8, r9, sl, pc}
   8c0a8:	3904      	subs	r1, #4
   8c0aa:	f853 2b04 	ldr.w	r2, [r3], #4
   8c0ae:	459c      	cmp	ip, r3
   8c0b0:	f841 2f04 	str.w	r2, [r1, #4]!
   8c0b4:	d8f9      	bhi.n	8c0aa <__lshift+0xc2>
   8c0b6:	e7ec      	b.n	8c092 <__lshift+0xaa>
   8c0b8:	4602      	mov	r2, r0
   8c0ba:	f44f 71ef 	mov.w	r1, #478	@ 0x1de
   8c0be:	4b02      	ldr	r3, [pc, #8]	@ (8c0c8 <__lshift+0xe0>)
   8c0c0:	4802      	ldr	r0, [pc, #8]	@ (8c0cc <__lshift+0xe4>)
   8c0c2:	f000 fa1d 	bl	8c500 <__assert_func>
   8c0c6:	bf00      	nop
   8c0c8:	0008c728 	.word	0x0008c728
   8c0cc:	0008c798 	.word	0x0008c798

0008c0d0 <__mcmp>:
   8c0d0:	4684      	mov	ip, r0
   8c0d2:	690b      	ldr	r3, [r1, #16]
   8c0d4:	6900      	ldr	r0, [r0, #16]
   8c0d6:	1ac0      	subs	r0, r0, r3
   8c0d8:	d115      	bne.n	8c106 <__mcmp+0x36>
   8c0da:	f10c 0c14 	add.w	ip, ip, #20
   8c0de:	3114      	adds	r1, #20
   8c0e0:	eb0c 0283 	add.w	r2, ip, r3, lsl #2
   8c0e4:	b410      	push	{r4}
   8c0e6:	eb01 0383 	add.w	r3, r1, r3, lsl #2
   8c0ea:	e001      	b.n	8c0f0 <__mcmp+0x20>
   8c0ec:	4594      	cmp	ip, r2
   8c0ee:	d208      	bcs.n	8c102 <__mcmp+0x32>
   8c0f0:	f852 4d04 	ldr.w	r4, [r2, #-4]!
   8c0f4:	f853 1d04 	ldr.w	r1, [r3, #-4]!
   8c0f8:	428c      	cmp	r4, r1
   8c0fa:	d0f7      	beq.n	8c0ec <__mcmp+0x1c>
   8c0fc:	d204      	bcs.n	8c108 <__mcmp+0x38>
   8c0fe:	f04f 30ff 	mov.w	r0, #4294967295	@ 0xffffffff
   8c102:	bc10      	pop	{r4}
   8c104:	4770      	bx	lr
   8c106:	4770      	bx	lr
   8c108:	2001      	movs	r0, #1
   8c10a:	bc10      	pop	{r4}
   8c10c:	4770      	bx	lr
   8c10e:	bf00      	nop

0008c110 <__mdiff>:
   8c110:	e92d 4ff0 	stmdb	sp!, {r4, r5, r6, r7, r8, r9, sl, fp, lr}
   8c114:	6913      	ldr	r3, [r2, #16]
   8c116:	690d      	ldr	r5, [r1, #16]
   8c118:	4689      	mov	r9, r1
   8c11a:	1aed      	subs	r5, r5, r3
   8c11c:	2d00      	cmp	r5, #0
   8c11e:	4614      	mov	r4, r2
   8c120:	b083      	sub	sp, #12
   8c122:	d112      	bne.n	8c14a <__mdiff+0x3a>
   8c124:	f101 0714 	add.w	r7, r1, #20
   8c128:	3214      	adds	r2, #20
   8c12a:	eb02 0283 	add.w	r2, r2, r3, lsl #2
   8c12e:	eb07 0383 	add.w	r3, r7, r3, lsl #2
   8c132:	e001      	b.n	8c138 <__mdiff+0x28>
   8c134:	429f      	cmp	r7, r3
   8c136:	d27b      	bcs.n	8c230 <__mdiff+0x120>
   8c138:	f853 6d04 	ldr.w	r6, [r3, #-4]!
   8c13c:	f852 1d04 	ldr.w	r1, [r2, #-4]!
   8c140:	428e      	cmp	r6, r1
   8c142:	d0f7      	beq.n	8c134 <__mdiff+0x24>
   8c144:	d27f      	bcs.n	8c246 <__mdiff+0x136>
   8c146:	2501      	movs	r5, #1
   8c148:	e003      	b.n	8c152 <__mdiff+0x42>
   8c14a:	dbfc      	blt.n	8c146 <__mdiff+0x36>
   8c14c:	2500      	movs	r5, #0
   8c14e:	460c      	mov	r4, r1
   8c150:	4691      	mov	r9, r2
   8c152:	6861      	ldr	r1, [r4, #4]
   8c154:	f7ff fd1c 	bl	8bb90 <_Balloc>
   8c158:	2800      	cmp	r0, #0
   8c15a:	d07f      	beq.n	8c25c <__mdiff+0x14c>
   8c15c:	f100 0114 	add.w	r1, r0, #20
   8c160:	4688      	mov	r8, r1
   8c162:	f04f 0c00 	mov.w	ip, #0
   8c166:	6927      	ldr	r7, [r4, #16]
   8c168:	f8d9 3010 	ldr.w	r3, [r9, #16]
   8c16c:	f104 0b14 	add.w	fp, r4, #20
   8c170:	60c5      	str	r5, [r0, #12]
   8c172:	f109 0514 	add.w	r5, r9, #20
   8c176:	f104 0210 	add.w	r2, r4, #16
   8c17a:	eb05 0a83 	add.w	sl, r5, r3, lsl #2
   8c17e:	eb0b 0e87 	add.w	lr, fp, r7, lsl #2
   8c182:	f8cd b004 	str.w	fp, [sp, #4]
   8c186:	f855 4b04 	ldr.w	r4, [r5], #4
   8c18a:	f852 6f04 	ldr.w	r6, [r2, #4]!
   8c18e:	fa1f fb84 	uxth.w	fp, r4
   8c192:	b2b3      	uxth	r3, r6
   8c194:	eba3 030b 	sub.w	r3, r3, fp
   8c198:	0c24      	lsrs	r4, r4, #16
   8c19a:	4463      	add	r3, ip
   8c19c:	ebc4 4416 	rsb	r4, r4, r6, lsr #16
   8c1a0:	eb04 4423 	add.w	r4, r4, r3, asr #16
   8c1a4:	b29b      	uxth	r3, r3
   8c1a6:	ea43 4304 	orr.w	r3, r3, r4, lsl #16
   8c1aa:	45aa      	cmp	sl, r5
   8c1ac:	f848 3b04 	str.w	r3, [r8], #4
   8c1b0:	ea4f 4c24 	mov.w	ip, r4, asr #16
   8c1b4:	d8e7      	bhi.n	8c186 <__mdiff+0x76>
   8c1b6:	ebaa 0209 	sub.w	r2, sl, r9
   8c1ba:	3a15      	subs	r2, #21
   8c1bc:	f022 0203 	bic.w	r2, r2, #3
   8c1c0:	f109 0915 	add.w	r9, r9, #21
   8c1c4:	45ca      	cmp	sl, r9
   8c1c6:	bf38      	it	cc
   8c1c8:	2200      	movcc	r2, #0
   8c1ca:	f8dd b004 	ldr.w	fp, [sp, #4]
   8c1ce:	eb0b 0502 	add.w	r5, fp, r2
   8c1d2:	3504      	adds	r5, #4
   8c1d4:	440a      	add	r2, r1
   8c1d6:	45ae      	cmp	lr, r5
   8c1d8:	462c      	mov	r4, r5
   8c1da:	f102 0604 	add.w	r6, r2, #4
   8c1de:	d91d      	bls.n	8c21c <__mdiff+0x10c>
   8c1e0:	eba1 010b 	sub.w	r1, r1, fp
   8c1e4:	46e2      	mov	sl, ip
   8c1e6:	eb04 0901 	add.w	r9, r4, r1
   8c1ea:	f854 2b04 	ldr.w	r2, [r4], #4
   8c1ee:	b293      	uxth	r3, r2
   8c1f0:	4463      	add	r3, ip
   8c1f2:	ea4f 4812 	mov.w	r8, r2, lsr #16
   8c1f6:	eb08 4823 	add.w	r8, r8, r3, asr #16
   8c1fa:	eb02 030a 	add.w	r3, r2, sl
   8c1fe:	b29b      	uxth	r3, r3
   8c200:	ea43 4308 	orr.w	r3, r3, r8, lsl #16
   8c204:	45a6      	cmp	lr, r4
   8c206:	ea4f 4c28 	mov.w	ip, r8, asr #16
   8c20a:	f8c9 3000 	str.w	r3, [r9]
   8c20e:	d8e9      	bhi.n	8c1e4 <__mdiff+0xd4>
   8c210:	f10e 32ff 	add.w	r2, lr, #4294967295	@ 0xffffffff
   8c214:	1b52      	subs	r2, r2, r5
   8c216:	f022 0203 	bic.w	r2, r2, #3
   8c21a:	4432      	add	r2, r6
   8c21c:	b923      	cbnz	r3, 8c228 <__mdiff+0x118>
   8c21e:	f852 3d04 	ldr.w	r3, [r2, #-4]!
   8c222:	3f01      	subs	r7, #1
   8c224:	2b00      	cmp	r3, #0
   8c226:	d0fa      	beq.n	8c21e <__mdiff+0x10e>
   8c228:	6107      	str	r7, [r0, #16]
   8c22a:	b003      	add	sp, #12
   8c22c:	e8bd 8ff0 	ldmia.w	sp!, {r4, r5, r6, r7, r8, r9, sl, fp, pc}
   8c230:	2100      	movs	r1, #0
   8c232:	f7ff fcad 	bl	8bb90 <_Balloc>
   8c236:	b150      	cbz	r0, 8c24e <__mdiff+0x13e>
   8c238:	2201      	movs	r2, #1
   8c23a:	2300      	movs	r3, #0
   8c23c:	e9c0 2304 	strd	r2, r3, [r0, #16]
   8c240:	b003      	add	sp, #12
   8c242:	e8bd 8ff0 	ldmia.w	sp!, {r4, r5, r6, r7, r8, r9, sl, fp, pc}
   8c246:	4623      	mov	r3, r4
   8c248:	464c      	mov	r4, r9
   8c24a:	4699      	mov	r9, r3
   8c24c:	e781      	b.n	8c152 <__mdiff+0x42>
   8c24e:	4602      	mov	r2, r0
   8c250:	f240 2137 	movw	r1, #567	@ 0x237
   8c254:	4b05      	ldr	r3, [pc, #20]	@ (8c26c <__mdiff+0x15c>)
   8c256:	4806      	ldr	r0, [pc, #24]	@ (8c270 <__mdiff+0x160>)
   8c258:	f000 f952 	bl	8c500 <__assert_func>
   8c25c:	4602      	mov	r2, r0
   8c25e:	f240 2145 	movw	r1, #581	@ 0x245
   8c262:	4b02      	ldr	r3, [pc, #8]	@ (8c26c <__mdiff+0x15c>)
   8c264:	4802      	ldr	r0, [pc, #8]	@ (8c270 <__mdiff+0x160>)
   8c266:	f000 f94b 	bl	8c500 <__assert_func>
   8c26a:	bf00      	nop
   8c26c:	0008c728 	.word	0x0008c728
   8c270:	0008c798 	.word	0x0008c798

0008c274 <__d2b>:
   8c274:	b5f0      	push	{r4, r5, r6, r7, lr}
   8c276:	2101      	movs	r1, #1
   8c278:	b083      	sub	sp, #12
   8c27a:	4616      	mov	r6, r2
   8c27c:	461f      	mov	r7, r3
   8c27e:	f7ff fc87 	bl	8bb90 <_Balloc>
   8c282:	4605      	mov	r5, r0
   8c284:	2800      	cmp	r0, #0
   8c286:	d045      	beq.n	8c314 <__d2b+0xa0>
   8c288:	f3c7 540a 	ubfx	r4, r7, #20, #11
   8c28c:	f3c7 0313 	ubfx	r3, r7, #0, #20
   8c290:	b10c      	cbz	r4, 8c296 <__d2b+0x22>
   8c292:	f443 1380 	orr.w	r3, r3, #1048576	@ 0x100000
   8c296:	2e00      	cmp	r6, #0
   8c298:	9301      	str	r3, [sp, #4]
   8c29a:	d114      	bne.n	8c2c6 <__d2b+0x52>
   8c29c:	a801      	add	r0, sp, #4
   8c29e:	f7ff fd23 	bl	8bce8 <__lo0bits>
   8c2a2:	2101      	movs	r1, #1
   8c2a4:	9b01      	ldr	r3, [sp, #4]
   8c2a6:	3020      	adds	r0, #32
   8c2a8:	616b      	str	r3, [r5, #20]
   8c2aa:	6129      	str	r1, [r5, #16]
   8c2ac:	b314      	cbz	r4, 8c2f4 <__d2b+0x80>
   8c2ae:	9b08      	ldr	r3, [sp, #32]
   8c2b0:	f2a4 4433 	subw	r4, r4, #1075	@ 0x433
   8c2b4:	4404      	add	r4, r0
   8c2b6:	601c      	str	r4, [r3, #0]
   8c2b8:	9b09      	ldr	r3, [sp, #36]	@ 0x24
   8c2ba:	f1c0 0035 	rsb	r0, r0, #53	@ 0x35
   8c2be:	6018      	str	r0, [r3, #0]
   8c2c0:	4628      	mov	r0, r5
   8c2c2:	b003      	add	sp, #12
   8c2c4:	bdf0      	pop	{r4, r5, r6, r7, pc}
   8c2c6:	4668      	mov	r0, sp
   8c2c8:	9600      	str	r6, [sp, #0]
   8c2ca:	f7ff fd0d 	bl	8bce8 <__lo0bits>
   8c2ce:	e9dd 2300 	ldrd	r2, r3, [sp]
   8c2d2:	b130      	cbz	r0, 8c2e2 <__d2b+0x6e>
   8c2d4:	f1c0 0120 	rsb	r1, r0, #32
   8c2d8:	fa03 f101 	lsl.w	r1, r3, r1
   8c2dc:	40c3      	lsrs	r3, r0
   8c2de:	430a      	orrs	r2, r1
   8c2e0:	9301      	str	r3, [sp, #4]
   8c2e2:	2b00      	cmp	r3, #0
   8c2e4:	bf0c      	ite	eq
   8c2e6:	2101      	moveq	r1, #1
   8c2e8:	2102      	movne	r1, #2
   8c2ea:	616a      	str	r2, [r5, #20]
   8c2ec:	61ab      	str	r3, [r5, #24]
   8c2ee:	6129      	str	r1, [r5, #16]
   8c2f0:	2c00      	cmp	r4, #0
   8c2f2:	d1dc      	bne.n	8c2ae <__d2b+0x3a>
   8c2f4:	eb05 0281 	add.w	r2, r5, r1, lsl #2
   8c2f8:	f2a0 4332 	subw	r3, r0, #1074	@ 0x432
   8c2fc:	6910      	ldr	r0, [r2, #16]
   8c2fe:	9a08      	ldr	r2, [sp, #32]
   8c300:	6013      	str	r3, [r2, #0]
   8c302:	f7ff fcc7 	bl	8bc94 <__hi0bits>
   8c306:	9b09      	ldr	r3, [sp, #36]	@ 0x24
   8c308:	ebc0 1041 	rsb	r0, r0, r1, lsl #5
   8c30c:	6018      	str	r0, [r3, #0]
   8c30e:	4628      	mov	r0, r5
   8c310:	b003      	add	sp, #12
   8c312:	bdf0      	pop	{r4, r5, r6, r7, pc}
   8c314:	4602      	mov	r2, r0
   8c316:	f240 310f 	movw	r1, #783	@ 0x30f
   8c31a:	4b02      	ldr	r3, [pc, #8]	@ (8c324 <__d2b+0xb0>)
   8c31c:	4802      	ldr	r0, [pc, #8]	@ (8c328 <__d2b+0xb4>)
   8c31e:	f000 f8ef 	bl	8c500 <__assert_func>
   8c322:	bf00      	nop
   8c324:	0008c728 	.word	0x0008c728
   8c328:	0008c798 	.word	0x0008c798

0008c32c <_wcsnrtombs_l>:
   8c32c:	e92d 4ff0 	stmdb	sp!, {r4, r5, r6, r7, r8, r9, sl, fp, lr}
   8c330:	b089      	sub	sp, #36	@ 0x24
   8c332:	461c      	mov	r4, r3
   8c334:	e9dd 7812 	ldrd	r7, r8, [sp, #72]	@ 0x48
   8c338:	4603      	mov	r3, r0
   8c33a:	f8dd 9050 	ldr.w	r9, [sp, #80]	@ 0x50
   8c33e:	f1b8 0f00 	cmp.w	r8, #0
   8c342:	d051      	beq.n	8c3e8 <_wcsnrtombs_l+0xbc>
   8c344:	2900      	cmp	r1, #0
   8c346:	46c3      	mov	fp, r8
   8c348:	bf08      	it	eq
   8c34a:	f04f 37ff 	moveq.w	r7, #4294967295	@ 0xffffffff
   8c34e:	2500      	movs	r5, #0
   8c350:	4692      	mov	sl, r2
   8c352:	4688      	mov	r8, r1
   8c354:	e9cd 3100 	strd	r3, r1, [sp]
   8c358:	6816      	ldr	r6, [r2, #0]
   8c35a:	e005      	b.n	8c368 <_wcsnrtombs_l+0x3c>
   8c35c:	f856 0b04 	ldr.w	r0, [r6], #4
   8c360:	3c01      	subs	r4, #1
   8c362:	2800      	cmp	r0, #0
   8c364:	d032      	beq.n	8c3cc <_wcsnrtombs_l+0xa0>
   8c366:	4665      	mov	r5, ip
   8c368:	42af      	cmp	r7, r5
   8c36a:	d939      	bls.n	8c3e0 <_wcsnrtombs_l+0xb4>
   8c36c:	2c00      	cmp	r4, #0
   8c36e:	d037      	beq.n	8c3e0 <_wcsnrtombs_l+0xb4>
   8c370:	f8db 3000 	ldr.w	r3, [fp]
   8c374:	9800      	ldr	r0, [sp, #0]
   8c376:	9302      	str	r3, [sp, #8]
   8c378:	f8db 3004 	ldr.w	r3, [fp, #4]
   8c37c:	6832      	ldr	r2, [r6, #0]
   8c37e:	9303      	str	r3, [sp, #12]
   8c380:	f8d9 c0e0 	ldr.w	ip, [r9, #224]	@ 0xe0
   8c384:	465b      	mov	r3, fp
   8c386:	a904      	add	r1, sp, #16
   8c388:	47e0      	blx	ip
   8c38a:	1c43      	adds	r3, r0, #1
   8c38c:	d02f      	beq.n	8c3ee <_wcsnrtombs_l+0xc2>
   8c38e:	eb00 0c05 	add.w	ip, r0, r5
   8c392:	45bc      	cmp	ip, r7
   8c394:	d836      	bhi.n	8c404 <_wcsnrtombs_l+0xd8>
   8c396:	9b01      	ldr	r3, [sp, #4]
   8c398:	2b00      	cmp	r3, #0
   8c39a:	d0df      	beq.n	8c35c <_wcsnrtombs_l+0x30>
   8c39c:	2800      	cmp	r0, #0
   8c39e:	dd0b      	ble.n	8c3b8 <_wcsnrtombs_l+0x8c>
   8c3a0:	f108 32ff 	add.w	r2, r8, #4294967295	@ 0xffffffff
   8c3a4:	a904      	add	r1, sp, #16
   8c3a6:	eb02 0e00 	add.w	lr, r2, r0
   8c3aa:	f811 3b01 	ldrb.w	r3, [r1], #1
   8c3ae:	f802 3f01 	strb.w	r3, [r2, #1]!
   8c3b2:	4572      	cmp	r2, lr
   8c3b4:	d1f9      	bne.n	8c3aa <_wcsnrtombs_l+0x7e>
   8c3b6:	4480      	add	r8, r0
   8c3b8:	f8da 2000 	ldr.w	r2, [sl]
   8c3bc:	f856 0b04 	ldr.w	r0, [r6], #4
   8c3c0:	3204      	adds	r2, #4
   8c3c2:	f8ca 2000 	str.w	r2, [sl]
   8c3c6:	3c01      	subs	r4, #1
   8c3c8:	2800      	cmp	r0, #0
   8c3ca:	d1cc      	bne.n	8c366 <_wcsnrtombs_l+0x3a>
   8c3cc:	9901      	ldr	r1, [sp, #4]
   8c3ce:	46d8      	mov	r8, fp
   8c3d0:	b109      	cbz	r1, 8c3d6 <_wcsnrtombs_l+0xaa>
   8c3d2:	f8ca 0000 	str.w	r0, [sl]
   8c3d6:	2200      	movs	r2, #0
   8c3d8:	f10c 35ff 	add.w	r5, ip, #4294967295	@ 0xffffffff
   8c3dc:	f8c8 2000 	str.w	r2, [r8]
   8c3e0:	4628      	mov	r0, r5
   8c3e2:	b009      	add	sp, #36	@ 0x24
   8c3e4:	e8bd 8ff0 	ldmia.w	sp!, {r4, r5, r6, r7, r8, r9, sl, fp, pc}
   8c3e8:	f500 7886 	add.w	r8, r0, #268	@ 0x10c
   8c3ec:	e7aa      	b.n	8c344 <_wcsnrtombs_l+0x18>
   8c3ee:	4605      	mov	r5, r0
   8c3f0:	218a      	movs	r1, #138	@ 0x8a
   8c3f2:	2200      	movs	r2, #0
   8c3f4:	4628      	mov	r0, r5
   8c3f6:	9b00      	ldr	r3, [sp, #0]
   8c3f8:	6019      	str	r1, [r3, #0]
   8c3fa:	f8cb 2000 	str.w	r2, [fp]
   8c3fe:	b009      	add	sp, #36	@ 0x24
   8c400:	e8bd 8ff0 	ldmia.w	sp!, {r4, r5, r6, r7, r8, r9, sl, fp, pc}
   8c404:	46d8      	mov	r8, fp
   8c406:	4628      	mov	r0, r5
   8c408:	f8dd a008 	ldr.w	sl, [sp, #8]
   8c40c:	f8dd b00c 	ldr.w	fp, [sp, #12]
   8c410:	e9c8 ab00 	strd	sl, fp, [r8]
   8c414:	b009      	add	sp, #36	@ 0x24
   8c416:	e8bd 8ff0 	ldmia.w	sp!, {r4, r5, r6, r7, r8, r9, sl, fp, pc}
   8c41a:	bf00      	nop

0008c41c <_wcsnrtombs_r>:
   8c41c:	b510      	push	{r4, lr}
   8c41e:	b084      	sub	sp, #16
   8c420:	9806      	ldr	r0, [sp, #24]
   8c422:	4c05      	ldr	r4, [pc, #20]	@ (8c438 <_wcsnrtombs_r+0x1c>)
   8c424:	9000      	str	r0, [sp, #0]
   8c426:	9807      	ldr	r0, [sp, #28]
   8c428:	9001      	str	r0, [sp, #4]
   8c42a:	4804      	ldr	r0, [pc, #16]	@ (8c43c <_wcsnrtombs_r+0x20>)
   8c42c:	6800      	ldr	r0, [r0, #0]
   8c42e:	9402      	str	r4, [sp, #8]
   8c430:	f7ff ff7c 	bl	8c32c <_wcsnrtombs_l>
   8c434:	b004      	add	sp, #16
   8c436:	bd10      	pop	{r4, pc}
   8c438:	200003b8 	.word	0x200003b8
   8c43c:	20000524 	.word	0x20000524

0008c440 <__ssputs_r>:
   8c440:	e92d 47f0 	stmdb	sp!, {r4, r5, r6, r7, r8, r9, sl, lr}
   8c444:	461d      	mov	r5, r3
   8c446:	688f      	ldr	r7, [r1, #8]
   8c448:	460c      	mov	r4, r1
   8c44a:	42af      	cmp	r7, r5
   8c44c:	4616      	mov	r6, r2
   8c44e:	680b      	ldr	r3, [r1, #0]
   8c450:	d836      	bhi.n	8c4c0 <__ssputs_r+0x80>
   8c452:	f9b1 c00c 	ldrsh.w	ip, [r1, #12]
   8c456:	f41c 6f90 	tst.w	ip, #1152	@ 0x480
   8c45a:	d10e      	bne.n	8c47a <__ssputs_r+0x3a>
   8c45c:	463d      	mov	r5, r7
   8c45e:	4618      	mov	r0, r3
   8c460:	4631      	mov	r1, r6
   8c462:	462a      	mov	r2, r5
   8c464:	f7fa ff18 	bl	87298 <memmove>
   8c468:	2000      	movs	r0, #0
   8c46a:	68a3      	ldr	r3, [r4, #8]
   8c46c:	1bdf      	subs	r7, r3, r7
   8c46e:	6823      	ldr	r3, [r4, #0]
   8c470:	60a7      	str	r7, [r4, #8]
   8c472:	442b      	add	r3, r5
   8c474:	6023      	str	r3, [r4, #0]
   8c476:	e8bd 87f0 	ldmia.w	sp!, {r4, r5, r6, r7, r8, r9, sl, pc}
   8c47a:	694a      	ldr	r2, [r1, #20]
   8c47c:	6909      	ldr	r1, [r1, #16]
   8c47e:	eb02 0242 	add.w	r2, r2, r2, lsl #1
   8c482:	1a5f      	subs	r7, r3, r1
   8c484:	eb02 72d2 	add.w	r2, r2, r2, lsr #31
   8c488:	1c6b      	adds	r3, r5, #1
   8c48a:	1052      	asrs	r2, r2, #1
   8c48c:	443b      	add	r3, r7
   8c48e:	4293      	cmp	r3, r2
   8c490:	bf92      	itee	ls
   8c492:	4691      	movls	r9, r2
   8c494:	4699      	movhi	r9, r3
   8c496:	461a      	movhi	r2, r3
   8c498:	f41c 6f80 	tst.w	ip, #1024	@ 0x400
   8c49c:	4680      	mov	r8, r0
   8c49e:	d011      	beq.n	8c4c4 <__ssputs_r+0x84>
   8c4a0:	4611      	mov	r1, r2
   8c4a2:	f7fb fadb 	bl	87a5c <_malloc_r>
   8c4a6:	4682      	mov	sl, r0
   8c4a8:	b300      	cbz	r0, 8c4ec <__ssputs_r+0xac>
   8c4aa:	463a      	mov	r2, r7
   8c4ac:	6921      	ldr	r1, [r4, #16]
   8c4ae:	f7fb f8c9 	bl	87644 <memcpy>
   8c4b2:	89a3      	ldrh	r3, [r4, #12]
   8c4b4:	f423 6390 	bic.w	r3, r3, #1152	@ 0x480
   8c4b8:	f043 0380 	orr.w	r3, r3, #128	@ 0x80
   8c4bc:	81a3      	strh	r3, [r4, #12]
   8c4be:	e005      	b.n	8c4cc <__ssputs_r+0x8c>
   8c4c0:	462f      	mov	r7, r5
   8c4c2:	e7cc      	b.n	8c45e <__ssputs_r+0x1e>
   8c4c4:	f7fb fdaa 	bl	8801c <_realloc_r>
   8c4c8:	4682      	mov	sl, r0
   8c4ca:	b158      	cbz	r0, 8c4e4 <__ssputs_r+0xa4>
   8c4cc:	eb0a 0307 	add.w	r3, sl, r7
   8c4d0:	eba9 0707 	sub.w	r7, r9, r7
   8c4d4:	60a7      	str	r7, [r4, #8]
   8c4d6:	f8c4 a010 	str.w	sl, [r4, #16]
   8c4da:	462f      	mov	r7, r5
   8c4dc:	f8c4 9014 	str.w	r9, [r4, #20]
   8c4e0:	6023      	str	r3, [r4, #0]
   8c4e2:	e7bc      	b.n	8c45e <__ssputs_r+0x1e>
   8c4e4:	4640      	mov	r0, r8
   8c4e6:	6921      	ldr	r1, [r4, #16]
   8c4e8:	f7fb f9bc 	bl	87864 <_free_r>
   8c4ec:	220c      	movs	r2, #12
   8c4ee:	89a3      	ldrh	r3, [r4, #12]
   8c4f0:	f04f 30ff 	mov.w	r0, #4294967295	@ 0xffffffff
   8c4f4:	f043 0340 	orr.w	r3, r3, #64	@ 0x40
   8c4f8:	f8c8 2000 	str.w	r2, [r8]
   8c4fc:	81a3      	strh	r3, [r4, #12]
   8c4fe:	e7ba      	b.n	8c476 <__ssputs_r+0x36>

0008c500 <__assert_func>:
   8c500:	4614      	mov	r4, r2
   8c502:	b500      	push	{lr}
   8c504:	461a      	mov	r2, r3
   8c506:	4b0a      	ldr	r3, [pc, #40]	@ (8c530 <__assert_func+0x30>)
   8c508:	460d      	mov	r5, r1
   8c50a:	681b      	ldr	r3, [r3, #0]
   8c50c:	b085      	sub	sp, #20
   8c50e:	68de      	ldr	r6, [r3, #12]
   8c510:	4603      	mov	r3, r0
   8c512:	b14c      	cbz	r4, 8c528 <__assert_func+0x28>
   8c514:	4907      	ldr	r1, [pc, #28]	@ (8c534 <__assert_func+0x34>)
   8c516:	9101      	str	r1, [sp, #4]
   8c518:	4630      	mov	r0, r6
   8c51a:	4907      	ldr	r1, [pc, #28]	@ (8c538 <__assert_func+0x38>)
   8c51c:	9402      	str	r4, [sp, #8]
   8c51e:	9500      	str	r5, [sp, #0]
   8c520:	f000 f844 	bl	8c5ac <fiprintf>
   8c524:	f000 f856 	bl	8c5d4 <abort>
   8c528:	4904      	ldr	r1, [pc, #16]	@ (8c53c <__assert_func+0x3c>)
   8c52a:	460c      	mov	r4, r1
   8c52c:	e7f3      	b.n	8c516 <__assert_func+0x16>
   8c52e:	bf00      	nop
   8c530:	20000524 	.word	0x20000524
   8c534:	0008c7f4 	.word	0x0008c7f4
   8c538:	0008c804 	.word	0x0008c804
   8c53c:	0008c688 	.word	0x0008c688

0008c540 <_calloc_r>:
   8c540:	b538      	push	{r3, r4, r5, lr}
   8c542:	fba1 1402 	umull	r1, r4, r1, r2
   8c546:	bb54      	cbnz	r4, 8c59e <_calloc_r+0x5e>
   8c548:	f7fb fa88 	bl	87a5c <_malloc_r>
   8c54c:	4605      	mov	r5, r0
   8c54e:	b350      	cbz	r0, 8c5a6 <_calloc_r+0x66>
   8c550:	f850 2c04 	ldr.w	r2, [r0, #-4]
   8c554:	f022 0203 	bic.w	r2, r2, #3
   8c558:	3a04      	subs	r2, #4
   8c55a:	2a24      	cmp	r2, #36	@ 0x24
   8c55c:	d810      	bhi.n	8c580 <_calloc_r+0x40>
   8c55e:	2a13      	cmp	r2, #19
   8c560:	d913      	bls.n	8c58a <_calloc_r+0x4a>
   8c562:	2a1b      	cmp	r2, #27
   8c564:	e9c0 4400 	strd	r4, r4, [r0]
   8c568:	d916      	bls.n	8c598 <_calloc_r+0x58>
   8c56a:	2a24      	cmp	r2, #36	@ 0x24
   8c56c:	e9c0 4402 	strd	r4, r4, [r0, #8]
   8c570:	bf0a      	itet	eq
   8c572:	e9c0 4404 	strdeq	r4, r4, [r0, #16]
   8c576:	f100 0210 	addne.w	r2, r0, #16
   8c57a:	f100 0218 	addeq.w	r2, r0, #24
   8c57e:	e005      	b.n	8c58c <_calloc_r+0x4c>
   8c580:	4621      	mov	r1, r4
   8c582:	f7fa ff07 	bl	87394 <memset>
   8c586:	4628      	mov	r0, r5
   8c588:	bd38      	pop	{r3, r4, r5, pc}
   8c58a:	4602      	mov	r2, r0
   8c58c:	2300      	movs	r3, #0
   8c58e:	4628      	mov	r0, r5
   8c590:	e9c2 3300 	strd	r3, r3, [r2]
   8c594:	6093      	str	r3, [r2, #8]
   8c596:	bd38      	pop	{r3, r4, r5, pc}
   8c598:	f100 0208 	add.w	r2, r0, #8
   8c59c:	e7f6      	b.n	8c58c <_calloc_r+0x4c>
   8c59e:	f7fa ffdb 	bl	87558 <__errno>
   8c5a2:	230c      	movs	r3, #12
   8c5a4:	6003      	str	r3, [r0, #0]
   8c5a6:	2500      	movs	r5, #0
   8c5a8:	4628      	mov	r0, r5
   8c5aa:	bd38      	pop	{r3, r4, r5, pc}

0008c5ac <fiprintf>:
   8c5ac:	b40e      	push	{r1, r2, r3}
   8c5ae:	b500      	push	{lr}
   8c5b0:	4a07      	ldr	r2, [pc, #28]	@ (8c5d0 <fiprintf+0x24>)
   8c5b2:	b082      	sub	sp, #8
   8c5b4:	ab03      	add	r3, sp, #12
   8c5b6:	4601      	mov	r1, r0
   8c5b8:	6810      	ldr	r0, [r2, #0]
   8c5ba:	f853 2b04 	ldr.w	r2, [r3], #4
   8c5be:	9301      	str	r3, [sp, #4]
   8c5c0:	f7f9 f822 	bl	85608 <_vfiprintf_r>
   8c5c4:	b002      	add	sp, #8
   8c5c6:	f85d eb04 	ldr.w	lr, [sp], #4
   8c5ca:	b003      	add	sp, #12
   8c5cc:	4770      	bx	lr
   8c5ce:	bf00      	nop
   8c5d0:	20000524 	.word	0x20000524

0008c5d4 <abort>:
   8c5d4:	2006      	movs	r0, #6
   8c5d6:	b508      	push	{r3, lr}
   8c5d8:	f000 f804 	bl	8c5e4 <raise>
   8c5dc:	2001      	movs	r0, #1
   8c5de:	f7f6 fbed 	bl	82dbc <_exit>
   8c5e2:	bf00      	nop

0008c5e4 <raise>:
   8c5e4:	b538      	push	{r3, r4, r5, lr}
   8c5e6:	4b14      	ldr	r3, [pc, #80]	@ (8c638 <raise+0x54>)
   8c5e8:	281f      	cmp	r0, #31
   8c5ea:	681d      	ldr	r5, [r3, #0]
   8c5ec:	d81e      	bhi.n	8c62c <raise+0x48>
   8c5ee:	f8d5 2138 	ldr.w	r2, [r5, #312]	@ 0x138
   8c5f2:	4604      	mov	r4, r0
   8c5f4:	b162      	cbz	r2, 8c610 <raise+0x2c>
   8c5f6:	f852 3020 	ldr.w	r3, [r2, r0, lsl #2]
   8c5fa:	b14b      	cbz	r3, 8c610 <raise+0x2c>
   8c5fc:	2b01      	cmp	r3, #1
   8c5fe:	d005      	beq.n	8c60c <raise+0x28>
   8c600:	1c59      	adds	r1, r3, #1
   8c602:	d00f      	beq.n	8c624 <raise+0x40>
   8c604:	2100      	movs	r1, #0
   8c606:	f842 1020 	str.w	r1, [r2, r0, lsl #2]
   8c60a:	4798      	blx	r3
   8c60c:	2000      	movs	r0, #0
   8c60e:	bd38      	pop	{r3, r4, r5, pc}
   8c610:	4628      	mov	r0, r5
   8c612:	f000 f827 	bl	8c664 <_getpid_r>
   8c616:	4622      	mov	r2, r4
   8c618:	4601      	mov	r1, r0
   8c61a:	4628      	mov	r0, r5
   8c61c:	e8bd 4038 	ldmia.w	sp!, {r3, r4, r5, lr}
   8c620:	f000 b80c 	b.w	8c63c <_kill_r>
   8c624:	2316      	movs	r3, #22
   8c626:	2001      	movs	r0, #1
   8c628:	602b      	str	r3, [r5, #0]
   8c62a:	bd38      	pop	{r3, r4, r5, pc}
   8c62c:	2316      	movs	r3, #22
   8c62e:	f04f 30ff 	mov.w	r0, #4294967295	@ 0xffffffff
   8c632:	602b      	str	r3, [r5, #0]
   8c634:	bd38      	pop	{r3, r4, r5, pc}
   8c636:	bf00      	nop
   8c638:	20000524 	.word	0x20000524

0008c63c <_kill_r>:
   8c63c:	b570      	push	{r4, r5, r6, lr}
   8c63e:	2600      	movs	r6, #0
   8c640:	4d07      	ldr	r5, [pc, #28]	@ (8c660 <_kill_r+0x24>)
   8c642:	4604      	mov	r4, r0
   8c644:	4608      	mov	r0, r1
   8c646:	4611      	mov	r1, r2
   8c648:	602e      	str	r6, [r5, #0]
   8c64a:	f7f6 fbc1 	bl	82dd0 <_kill>
   8c64e:	1c43      	adds	r3, r0, #1
   8c650:	d000      	beq.n	8c654 <_kill_r+0x18>
   8c652:	bd70      	pop	{r4, r5, r6, pc}
   8c654:	682b      	ldr	r3, [r5, #0]
   8c656:	2b00      	cmp	r3, #0
   8c658:	d0fb      	beq.n	8c652 <_kill_r+0x16>
   8c65a:	6023      	str	r3, [r4, #0]
   8c65c:	bd70      	pop	{r4, r5, r6, pc}
   8c65e:	bf00      	nop
   8c660:	20003540 	.word	0x20003540

0008c664 <_getpid_r>:
   8c664:	f7f6 bbb6 	b.w	82dd4 <_getpid>
   8c668:	78383025 	.word	0x78383025
   8c66c:	00000000 	.word	0x00000000
   8c670:	74697845 	.word	0x74697845
   8c674:	20676e69 	.word	0x20676e69
   8c678:	68746977 	.word	0x68746977
   8c67c:	61747320 	.word	0x61747320
   8c680:	20737574 	.word	0x20737574
   8c684:	0a2e6425 	.word	0x0a2e6425
   8c688:	00000000 	.word	0x00000000
   8c68c:	33323130 	.word	0x33323130
   8c690:	37363534 	.word	0x37363534
   8c694:	42413938 	.word	0x42413938
   8c698:	46454443 	.word	0x46454443
   8c69c:	00000000 	.word	0x00000000
   8c6a0:	33323130 	.word	0x33323130
   8c6a4:	37363534 	.word	0x37363534
   8c6a8:	62613938 	.word	0x62613938
   8c6ac:	66656463 	.word	0x66656463
   8c6b0:	00000000 	.word	0x00000000
   8c6b4:	6c756e28 	.word	0x6c756e28
   8c6b8:	0000296c 	.word	0x0000296c
   8c6bc:	0000002e 	.word	0x0000002e
   8c6c0:	435f434c 	.word	0x435f434c
   8c6c4:	414c4c4f 	.word	0x414c4c4f
   8c6c8:	00004554 	.word	0x00004554
   8c6cc:	435f434c 	.word	0x435f434c
   8c6d0:	45505954 	.word	0x45505954
   8c6d4:	00000000 	.word	0x00000000
   8c6d8:	4d5f434c 	.word	0x4d5f434c
   8c6dc:	54454e4f 	.word	0x54454e4f
   8c6e0:	00595241 	.word	0x00595241
   8c6e4:	4e5f434c 	.word	0x4e5f434c
   8c6e8:	52454d55 	.word	0x52454d55
   8c6ec:	00004349 	.word	0x00004349
   8c6f0:	545f434c 	.word	0x545f434c
   8c6f4:	00454d49 	.word	0x00454d49
   8c6f8:	4d5f434c 	.word	0x4d5f434c
   8c6fc:	41535345 	.word	0x41535345
   8c700:	00534547 	.word	0x00534547
   8c704:	00464e49 	.word	0x00464e49
   8c708:	00666e69 	.word	0x00666e69
   8c70c:	004e414e 	.word	0x004e414e
   8c710:	006e616e 	.word	0x006e616e
   8c714:	00000030 	.word	0x00000030
   8c718:	69666e49 	.word	0x69666e49
   8c71c:	7974696e 	.word	0x7974696e
   8c720:	00000000 	.word	0x00000000
   8c724:	004e614e 	.word	0x004e614e
   8c728:	6c6c6142 	.word	0x6c6c6142
   8c72c:	7320636f 	.word	0x7320636f
   8c730:	65636375 	.word	0x65636375
   8c734:	64656465 	.word	0x64656465
   8c738:	00000000 	.word	0x00000000
   8c73c:	7461642f 	.word	0x7461642f
   8c740:	656a2f61 	.word	0x656a2f61
   8c744:	6e696b6e 	.word	0x6e696b6e
   8c748:	6f772f73 	.word	0x6f772f73
   8c74c:	70736b72 	.word	0x70736b72
   8c750:	2f656361 	.word	0x2f656361
   8c754:	2d554e47 	.word	0x2d554e47
   8c758:	6c6f6f74 	.word	0x6c6f6f74
   8c75c:	69616863 	.word	0x69616863
   8c760:	72612f6e 	.word	0x72612f6e
   8c764:	34312d6d 	.word	0x34312d6d
   8c768:	6372732f 	.word	0x6372732f
   8c76c:	77656e2f 	.word	0x77656e2f
   8c770:	2d62696c 	.word	0x2d62696c
   8c774:	77677963 	.word	0x77677963
   8c778:	6e2f6e69 	.word	0x6e2f6e69
   8c77c:	696c7765 	.word	0x696c7765
   8c780:	696c2f62 	.word	0x696c2f62
   8c784:	732f6362 	.word	0x732f6362
   8c788:	696c6474 	.word	0x696c6474
   8c78c:	74642f62 	.word	0x74642f62
   8c790:	632e616f 	.word	0x632e616f
   8c794:	00000000 	.word	0x00000000
   8c798:	7461642f 	.word	0x7461642f
   8c79c:	656a2f61 	.word	0x656a2f61
   8c7a0:	6e696b6e 	.word	0x6e696b6e
   8c7a4:	6f772f73 	.word	0x6f772f73
   8c7a8:	70736b72 	.word	0x70736b72
   8c7ac:	2f656361 	.word	0x2f656361
   8c7b0:	2d554e47 	.word	0x2d554e47
   8c7b4:	6c6f6f74 	.word	0x6c6f6f74
   8c7b8:	69616863 	.word	0x69616863
   8c7bc:	72612f6e 	.word	0x72612f6e
   8c7c0:	34312d6d 	.word	0x34312d6d
   8c7c4:	6372732f 	.word	0x6372732f
   8c7c8:	77656e2f 	.word	0x77656e2f
   8c7cc:	2d62696c 	.word	0x2d62696c
   8c7d0:	77677963 	.word	0x77677963
   8c7d4:	6e2f6e69 	.word	0x6e2f6e69
   8c7d8:	696c7765 	.word	0x696c7765
   8c7dc:	696c2f62 	.word	0x696c2f62
   8c7e0:	732f6362 	.word	0x732f6362
   8c7e4:	696c6474 	.word	0x696c6474
   8c7e8:	706d2f62 	.word	0x706d2f62
   8c7ec:	2e636572 	.word	0x2e636572
   8c7f0:	00000063 	.word	0x00000063
   8c7f4:	7566202c 	.word	0x7566202c
   8c7f8:	6974636e 	.word	0x6974636e
   8c7fc:	203a6e6f 	.word	0x203a6e6f
   8c800:	00000000 	.word	0x00000000
   8c804:	65737361 	.word	0x65737361
   8c808:	6f697472 	.word	0x6f697472
   8c80c:	2522206e 	.word	0x2522206e
   8c810:	66202273 	.word	0x66202273
   8c814:	656c6961 	.word	0x656c6961
   8c818:	66203a64 	.word	0x66203a64
   8c81c:	20656c69 	.word	0x20656c69
   8c820:	22732522 	.word	0x22732522
   8c824:	696c202c 	.word	0x696c202c
   8c828:	2520656e 	.word	0x2520656e
   8c82c:	25732564 	.word	0x25732564
   8c830:	00000a73 	.word	0x00000a73
   8c834:	eaebeced 	.word	0xeaebeced
   8c838:	eeeff0f1 	.word	0xeeeff0f1
   8c83c:	f2f3f4f5 	.word	0xf2f3f4f5
   8c840:	f6f7f8f9 	.word	0xf6f7f8f9
   8c844:	fafbfcfd 	.word	0xfafbfcfd
   8c848:	feff0001 	.word	0xfeff0001
   8c84c:	02030405 	.word	0x02030405
   8c850:	06070809 	.word	0x06070809
   8c854:	12345678 	.word	0x12345678
   8c858:	abcdef90 	.word	0xabcdef90
   8c85c:	87654321 	.word	0x87654321
   8c860:	09fedcba 	.word	0x09fedcba
   8c864:	ffffffff 	.word	0xffffffff
   8c868:	ffffffff 	.word	0xffffffff
   8c86c:	ffffffff 	.word	0xffffffff
   8c870:	ffffffff 	.word	0xffffffff

0008c874 <BUILD_TIME>:
   8c874:	323a3031 34303a35 00000000              10:25:04....

0008c880 <BUILD_DATE>:
   8c880:	2072614d 32203931 00353230              Mar 19 2025.

0008c88c <IRREDUCIBLE_POLYNOMIAL_128>:
   8c88c:	00000000 00000000 00000000 00000087     ................
   8c89c:	ffffffff ffffffff ffffffff fffffffe     ................

0008c8ac <BLOCKSIZE>:
   8c8ac:	00000004                                ....

0008c8b0 <LED_DESCRIPTOR>:
   8c8b0:	00000011 00000001 00000010 00000001     ................
   8c8c0:	0000004c 00000001 00000000 00000000     L...............
   8c8d0:	aaaaaa00 aaaaaaaa eeeeeeaa eeeeeeee     ................
   8c8e0:	fffffeee ffffffff ffffffff dfbf7fff     ................
   8c8f0:	fdfbf7ef dfbf7efc fdfbf7ef 0000007e     .....~......~...

0008c900 <tiny>:
   8c900:	c2f8f359 01a56e1f                       Y....n..

0008c908 <one>:
   8c908:	00000000 3ff00000                       .......?

0008c910 <zeroes.0>:
   8c910:	30303030 30303030 30303030 30303030     0000000000000000

0008c920 <blanks.1>:
   8c920:	20202020 20202020 20202020 20202020                     

0008c930 <_ctype_>:
   8c930:	20202000 20202020 28282020 20282828     .         ((((( 
   8c940:	20202020 20202020 20202020 20202020                     
   8c950:	10108820 10101010 10101010 10101010      ...............
   8c960:	04040410 04040404 10040404 10101010     ................
   8c970:	41411010 41414141 01010101 01010101     ..AAAAAA........
   8c980:	01010101 01010101 01010101 10101010     ................
   8c990:	42421010 42424242 02020202 02020202     ..BBBBBB........
   8c9a0:	02020202 02020202 02020202 10101010     ................
   8c9b0:	00000020 00000000 00000000 00000000      ...............
   8c9c0:	00000000 00000000 00000000 00000000     ................
   8c9d0:	00000000 00000000 00000000 00000000     ................
   8c9e0:	00000000 00000000 00000000 00000000     ................
   8c9f0:	00000000 00000000 00000000 00000000     ................
   8ca00:	00000000 00000000 00000000 00000000     ................
   8ca10:	00000000 00000000 00000000 00000000     ................
   8ca20:	00000000 00000000 00000000 00000000     ................
   8ca30:	00000000                                ....

0008ca34 <zeroes.0>:
   8ca34:	30303030 30303030 30303030 30303030     0000000000000000

0008ca44 <blanks.1>:
   8ca44:	20202020 20202020 20202020 20202020                     

0008ca54 <p05.0>:
   8ca54:	00000005 00000019 0000007d              ........}...

0008ca60 <__mprec_bigtens>:
   8ca60:	37e08000 4341c379 b5056e17 4693b8b5     ...7y.AC.n.....F
   8ca70:	e93ff9f5 4d384f03 f9301d32 5a827748     ..?..O8M2.0.Hw.Z
   8ca80:	7f73bf3c 75154fdd                       <.s..O.u

0008ca88 <__mprec_tens>:
   8ca88:	00000000 3ff00000 00000000 40240000     .......?......$@
   8ca98:	00000000 40590000 00000000 408f4000     ......Y@.....@.@
   8caa8:	00000000 40c38800 00000000 40f86a00     .......@.....j.@
   8cab8:	00000000 412e8480 00000000 416312d0     .......A......cA
   8cac8:	00000000 4197d784 00000000 41cdcd65     .......A....e..A
   8cad8:	20000000 4202a05f e8000000 42374876     ... _..B....vH7B
   8cae8:	a2000000 426d1a94 e5400000 42a2309c     ......mB..@..0.B
   8caf8:	1e900000 42d6bcc4 26340000 430c6bf5     .......B..4&.k.C
   8cb08:	37e08000 4341c379 85d8a000 43763457     ...7y.AC....W4vC
   8cb18:	674ec800 43abc16d 60913d00 43e158e4     ..Ngm..C.=.`.X.C
   8cb28:	78b58c40 4415af1d d6e2ef50 444b1ae4     @..x...DP.....KD
   8cb38:	064dd592 4480f0cf c7e14af6 44b52d02     ..M....D.J...-.D
   8cb48:	79d99db4 44ea7843                       ...yCx.D

0008cb50 <_init>:
   8cb50:	b5f8      	push	{r3, r4, r5, r6, r7, lr}
   8cb52:	bf00      	nop
   8cb54:	bcf8      	pop	{r3, r4, r5, r6, r7}
   8cb56:	bc08      	pop	{r3}
   8cb58:	469e      	mov	lr, r3
   8cb5a:	4770      	bx	lr

0008cb5c <__init_array_start>:
   8cb5c:	0008778d 	.word	0x0008778d

0008cb60 <__frame_dummy_init_array_entry>:
   8cb60:	00080125                                %...

0008cb64 <_fini>:
   8cb64:	b5f8      	push	{r3, r4, r5, r6, r7, lr}
   8cb66:	bf00      	nop
   8cb68:	bcf8      	pop	{r3, r4, r5, r6, r7}
   8cb6a:	bc08      	pop	{r3}
   8cb6c:	469e      	mov	lr, r3
   8cb6e:	4770      	bx	lr

0008cb70 <__do_global_dtors_aux_fini_array_entry>:
   8cb70:	00fd 0008                                   ....

Disassembly of section .relocate:

20000000 <efc_perform_read_sequence>:
__no_inline
RAMFUNC
uint32_t efc_perform_read_sequence(Efc *p_efc,
		uint32_t ul_cmd_st, uint32_t ul_cmd_sp,
		uint32_t *p_ul_buf, uint32_t ul_size)
{
20000000:	b530      	push	{r4, r5, lr}
	volatile uint32_t ul_status;
	uint32_t ul_cnt;

#if (SAM3U4 || SAM3XA || SAM4SD16 || SAM4SD32 || SAM4C32)
	uint32_t *p_ul_data =
			(uint32_t *) ((p_efc == EFC0) ?
20000002:	4c20      	ldr	r4, [pc, #128]	@ (20000084 <efc_perform_read_sequence+0x84>)
{
20000004:	b083      	sub	sp, #12
			(uint32_t *) ((p_efc == EFC0) ?
20000006:	42a0      	cmp	r0, r4
20000008:	bf14      	ite	ne
2000000a:	f44f 1c80 	movne.w	ip, #1048576	@ 0x100000
2000000e:	f44f 2c00 	moveq.w	ip, #524288	@ 0x80000
{
20000012:	9d06      	ldr	r5, [sp, #24]
	uint32_t *p_ul_data = (uint32_t *) READ_BUFF_ADDR;
#else
	return EFC_RC_NOT_SUPPORT;
#endif

	if (p_ul_buf == NULL) {
20000014:	b393      	cbz	r3, 2000007c <efc_perform_read_sequence+0x7c>
20000016:	4686      	mov	lr, r0
		return EFC_RC_INVALID;
	}

	p_efc->EEFC_FMR |= (0x1u << 16);
20000018:	6800      	ldr	r0, [r0, #0]
#if (SAM4S || SAM4E || SAM4N || SAM4C || SAMG || SAM4CP || SAM4CM)
	p_efc->EEFC_FCR = EEFC_FCR_FKEY_PASSWD | EEFC_FCR_FARG(0)
			| EEFC_FCR_FCMD(ul_cmd_st);
#else
	p_efc->EEFC_FCR = EEFC_FCR_FKEY(FWP_KEY) | EEFC_FCR_FARG(0)
			| EEFC_FCR_FCMD(ul_cmd_st);
2000001a:	b2c9      	uxtb	r1, r1
2000001c:	f041 41b4 	orr.w	r1, r1, #1509949440	@ 0x5a000000
	p_efc->EEFC_FMR |= (0x1u << 16);
20000020:	f440 3080 	orr.w	r0, r0, #65536	@ 0x10000
20000024:	f8ce 0000 	str.w	r0, [lr]
	p_efc->EEFC_FCR = EEFC_FCR_FKEY(FWP_KEY) | EEFC_FCR_FARG(0)
20000028:	f8ce 1004 	str.w	r1, [lr, #4]
#endif
	/* Wait for the FRDY bit in the Flash Programming Status Register
	 * (EEFC_FSR) falls.
	 */
	do {
		ul_status = p_efc->EEFC_FSR;
2000002c:	f8de 1008 	ldr.w	r1, [lr, #8]
20000030:	9101      	str	r1, [sp, #4]
	} while ((ul_status & EEFC_FSR_FRDY) == EEFC_FSR_FRDY);
20000032:	9801      	ldr	r0, [sp, #4]
20000034:	f010 0001 	ands.w	r0, r0, #1
20000038:	d1f8      	bne.n	2000002c <efc_perform_read_sequence+0x2c>

	/* The data is located in the first address of the Flash
	 * memory mapping.
	 */
	for (ul_cnt = 0; ul_cnt < ul_size; ul_cnt++) {
2000003a:	b165      	cbz	r5, 20000056 <efc_perform_read_sequence+0x56>
2000003c:	eb0c 0585 	add.w	r5, ip, r5, lsl #2
20000040:	f1ac 0104 	sub.w	r1, ip, #4
20000044:	3b04      	subs	r3, #4
20000046:	f1a5 0c04 	sub.w	ip, r5, #4
		p_ul_buf[ul_cnt] = p_ul_data[ul_cnt];
2000004a:	f851 4f04 	ldr.w	r4, [r1, #4]!
	for (ul_cnt = 0; ul_cnt < ul_size; ul_cnt++) {
2000004e:	4561      	cmp	r1, ip
		p_ul_buf[ul_cnt] = p_ul_data[ul_cnt];
20000050:	f843 4f04 	str.w	r4, [r3, #4]!
	for (ul_cnt = 0; ul_cnt < ul_size; ul_cnt++) {
20000054:	d1f9      	bne.n	2000004a <efc_perform_read_sequence+0x4a>
#if (SAM4S || SAM4E || SAM4N || SAM4C || SAMG || SAM4CP || SAM4CM)
			EEFC_FCR_FKEY_PASSWD | EEFC_FCR_FARG(0) |
			EEFC_FCR_FCMD(ul_cmd_sp);
#else
			EEFC_FCR_FKEY(FWP_KEY) | EEFC_FCR_FARG(0) |
			EEFC_FCR_FCMD(ul_cmd_sp);
20000056:	b2d2      	uxtb	r2, r2
			EEFC_FCR_FKEY(FWP_KEY) | EEFC_FCR_FARG(0) |
20000058:	f042 42b4 	orr.w	r2, r2, #1509949440	@ 0x5a000000
	p_efc->EEFC_FCR =
2000005c:	f8ce 2004 	str.w	r2, [lr, #4]
#endif
	/* Wait for the FRDY bit in the Flash Programming Status Register (EEFC_FSR)
	 * rises.
	 */
	do {
		ul_status = p_efc->EEFC_FSR;
20000060:	f8de 3008 	ldr.w	r3, [lr, #8]
20000064:	9301      	str	r3, [sp, #4]
	} while ((ul_status & EEFC_FSR_FRDY) != EEFC_FSR_FRDY);
20000066:	9b01      	ldr	r3, [sp, #4]
20000068:	07db      	lsls	r3, r3, #31
2000006a:	d5f9      	bpl.n	20000060 <efc_perform_read_sequence+0x60>

	p_efc->EEFC_FMR &= ~(0x1u << 16);
2000006c:	f8de 3000 	ldr.w	r3, [lr]
20000070:	f423 3380 	bic.w	r3, r3, #65536	@ 0x10000
20000074:	f8ce 3000 	str.w	r3, [lr]

	return EFC_RC_OK;
}
20000078:	b003      	add	sp, #12
2000007a:	bd30      	pop	{r4, r5, pc}
		return EFC_RC_INVALID;
2000007c:	2002      	movs	r0, #2
}
2000007e:	b003      	add	sp, #12
20000080:	bd30      	pop	{r4, r5, pc}
20000082:	bf00      	nop
20000084:	400e0800 	.word	0x400e0800

20000088 <efc_write_fmr>:
 */
__no_inline
RAMFUNC
void efc_write_fmr(Efc *p_efc, uint32_t ul_fmr)
{
	p_efc->EEFC_FMR = ul_fmr;
20000088:	6001      	str	r1, [r0, #0]
}
2000008a:	4770      	bx	lr

2000008c <efc_perform_fcr>:
 * \return The current status.
 */
__no_inline
RAMFUNC
uint32_t efc_perform_fcr(Efc *p_efc, uint32_t ul_fcr)
{
2000008c:	b082      	sub	sp, #8
	volatile uint32_t ul_status;

	p_efc->EEFC_FCR = ul_fcr;
2000008e:	6041      	str	r1, [r0, #4]
	do {
		ul_status = p_efc->EEFC_FSR;
20000090:	6883      	ldr	r3, [r0, #8]
20000092:	9301      	str	r3, [sp, #4]
	} while ((ul_status & EEFC_FSR_FRDY) != EEFC_FSR_FRDY);
20000094:	9b01      	ldr	r3, [sp, #4]
20000096:	07db      	lsls	r3, r3, #31
20000098:	d5fa      	bpl.n	20000090 <efc_perform_fcr+0x4>

	return (ul_status & EEFC_ERROR_FLAGS);
2000009a:	9801      	ldr	r0, [sp, #4]
}
2000009c:	f000 0006 	and.w	r0, r0, #6
200000a0:	b002      	add	sp, #8
200000a2:	4770      	bx	lr

200000a4 <SystemInit>:
	EFC0->EEFC_FMR = EEFC_FMR_FWS(4);
200000a4:	f44f 6380 	mov.w	r3, #1024	@ 0x400
200000a8:	4819      	ldr	r0, [pc, #100]	@ (20000110 <SystemInit+0x6c>)
	EFC1->EEFC_FMR = EEFC_FMR_FWS(4);
200000aa:	491a      	ldr	r1, [pc, #104]	@ (20000114 <SystemInit+0x70>)
	if (!(PMC->CKGR_MOR & CKGR_MOR_MOSCSEL)) {
200000ac:	4a1a      	ldr	r2, [pc, #104]	@ (20000118 <SystemInit+0x74>)
	EFC0->EEFC_FMR = EEFC_FMR_FWS(4);
200000ae:	6003      	str	r3, [r0, #0]
	EFC1->EEFC_FMR = EEFC_FMR_FWS(4);
200000b0:	600b      	str	r3, [r1, #0]
	if (!(PMC->CKGR_MOR & CKGR_MOR_MOSCSEL)) {
200000b2:	6a13      	ldr	r3, [r2, #32]
200000b4:	01db      	lsls	r3, r3, #7
200000b6:	d404      	bmi.n	200000c2 <SystemInit+0x1e>
		PMC->CKGR_MOR = SYS_CKGR_MOR_KEY_VALUE | SYS_BOARD_OSCOUNT | 
200000b8:	4b18      	ldr	r3, [pc, #96]	@ (2000011c <SystemInit+0x78>)
200000ba:	6213      	str	r3, [r2, #32]
		while (!(PMC->PMC_SR & PMC_SR_MOSCXTS)) {
200000bc:	6e93      	ldr	r3, [r2, #104]	@ 0x68
200000be:	07d8      	lsls	r0, r3, #31
200000c0:	d5fc      	bpl.n	200000bc <SystemInit+0x18>
	PMC->CKGR_MOR = SYS_CKGR_MOR_KEY_VALUE | SYS_BOARD_OSCOUNT | 
200000c2:	4a15      	ldr	r2, [pc, #84]	@ (20000118 <SystemInit+0x74>)
200000c4:	4b16      	ldr	r3, [pc, #88]	@ (20000120 <SystemInit+0x7c>)
200000c6:	6213      	str	r3, [r2, #32]
	while (!(PMC->PMC_SR & PMC_SR_MOSCSELS)) {
200000c8:	6e93      	ldr	r3, [r2, #104]	@ 0x68
200000ca:	03d9      	lsls	r1, r3, #15
200000cc:	d5fc      	bpl.n	200000c8 <SystemInit+0x24>
	PMC->PMC_MCKR = (PMC->PMC_MCKR & ~(uint32_t)PMC_MCKR_CSS_Msk) | 
200000ce:	6b13      	ldr	r3, [r2, #48]	@ 0x30
	while (!(PMC->PMC_SR & PMC_SR_MCKRDY)) {
200000d0:	4811      	ldr	r0, [pc, #68]	@ (20000118 <SystemInit+0x74>)
	PMC->PMC_MCKR = (PMC->PMC_MCKR & ~(uint32_t)PMC_MCKR_CSS_Msk) | 
200000d2:	f023 0303 	bic.w	r3, r3, #3
200000d6:	f043 0301 	orr.w	r3, r3, #1
200000da:	6313      	str	r3, [r2, #48]	@ 0x30
	while (!(PMC->PMC_SR & PMC_SR_MCKRDY)) {
200000dc:	6e83      	ldr	r3, [r0, #104]	@ 0x68
200000de:	071b      	lsls	r3, r3, #28
200000e0:	d5fc      	bpl.n	200000dc <SystemInit+0x38>
	PMC->CKGR_PLLAR = SYS_BOARD_PLLAR;
200000e2:	4b10      	ldr	r3, [pc, #64]	@ (20000124 <SystemInit+0x80>)
	while (!(PMC->PMC_SR & PMC_SR_LOCKA)) {
200000e4:	490c      	ldr	r1, [pc, #48]	@ (20000118 <SystemInit+0x74>)
	PMC->CKGR_PLLAR = SYS_BOARD_PLLAR;
200000e6:	6283      	str	r3, [r0, #40]	@ 0x28
	while (!(PMC->PMC_SR & PMC_SR_LOCKA)) {
200000e8:	6e8b      	ldr	r3, [r1, #104]	@ 0x68
200000ea:	0798      	lsls	r0, r3, #30
200000ec:	d5fc      	bpl.n	200000e8 <SystemInit+0x44>
	PMC->PMC_MCKR = (SYS_BOARD_MCKR & ~PMC_MCKR_CSS_Msk) | PMC_MCKR_CSS_MAIN_CLK;
200000ee:	2311      	movs	r3, #17
	while (!(PMC->PMC_SR & PMC_SR_MCKRDY)) {
200000f0:	4a09      	ldr	r2, [pc, #36]	@ (20000118 <SystemInit+0x74>)
	PMC->PMC_MCKR = (SYS_BOARD_MCKR & ~PMC_MCKR_CSS_Msk) | PMC_MCKR_CSS_MAIN_CLK;
200000f2:	630b      	str	r3, [r1, #48]	@ 0x30
	while (!(PMC->PMC_SR & PMC_SR_MCKRDY)) {
200000f4:	6e93      	ldr	r3, [r2, #104]	@ 0x68
200000f6:	0719      	lsls	r1, r3, #28
200000f8:	d5fc      	bpl.n	200000f4 <SystemInit+0x50>
	PMC->PMC_MCKR = SYS_BOARD_MCKR;
200000fa:	2312      	movs	r3, #18
	while (!(PMC->PMC_SR & PMC_SR_MCKRDY)) {
200000fc:	4906      	ldr	r1, [pc, #24]	@ (20000118 <SystemInit+0x74>)
	PMC->PMC_MCKR = SYS_BOARD_MCKR;
200000fe:	6313      	str	r3, [r2, #48]	@ 0x30
	while (!(PMC->PMC_SR & PMC_SR_MCKRDY)) {
20000100:	6e8b      	ldr	r3, [r1, #104]	@ 0x68
20000102:	071b      	lsls	r3, r3, #28
20000104:	d5fc      	bpl.n	20000100 <SystemInit+0x5c>
	SystemCoreClock = CHIP_FREQ_CPU_MAX;
20000106:	4b08      	ldr	r3, [pc, #32]	@ (20000128 <SystemInit+0x84>)
20000108:	4a08      	ldr	r2, [pc, #32]	@ (2000012c <SystemInit+0x88>)
2000010a:	601a      	str	r2, [r3, #0]
}
2000010c:	4770      	bx	lr
2000010e:	bf00      	nop
20000110:	400e0800 	.word	0x400e0800
20000114:	400e0a00 	.word	0x400e0a00
20000118:	400e0400 	.word	0x400e0400
2000011c:	00370809 	.word	0x00370809
20000120:	01370809 	.word	0x01370809
20000124:	200f3f01 	.word	0x200f3f01
20000128:	20000308 	.word	0x20000308
2000012c:	05b8d800 	.word	0x05b8d800

20000130 <system_init_flash>:
__no_inline
RAMFUNC
void system_init_flash(uint32_t ul_clk)
{
	/* Set FWS for embedded Flash access according to operating frequency */
	if (ul_clk < CHIP_FREQ_FWS_0) {
20000130:	4b14      	ldr	r3, [pc, #80]	@ (20000184 <system_init_flash+0x54>)
20000132:	4298      	cmp	r0, r3
20000134:	d205      	bcs.n	20000142 <system_init_flash+0x12>
		EFC0->EEFC_FMR = EEFC_FMR_FWS(0);
20000136:	2300      	movs	r3, #0
20000138:	4913      	ldr	r1, [pc, #76]	@ (20000188 <system_init_flash+0x58>)
		EFC1->EEFC_FMR = EEFC_FMR_FWS(0);
2000013a:	4a14      	ldr	r2, [pc, #80]	@ (2000018c <system_init_flash+0x5c>)
		EFC0->EEFC_FMR = EEFC_FMR_FWS(0);
2000013c:	600b      	str	r3, [r1, #0]
		EFC1->EEFC_FMR = EEFC_FMR_FWS(0);
2000013e:	6013      	str	r3, [r2, #0]
20000140:	4770      	bx	lr
	} else if (ul_clk < CHIP_FREQ_FWS_1) {
20000142:	4b13      	ldr	r3, [pc, #76]	@ (20000190 <system_init_flash+0x60>)
20000144:	4298      	cmp	r0, r3
20000146:	d206      	bcs.n	20000156 <system_init_flash+0x26>
		EFC0->EEFC_FMR = EEFC_FMR_FWS(1);
20000148:	f44f 7380 	mov.w	r3, #256	@ 0x100
2000014c:	490e      	ldr	r1, [pc, #56]	@ (20000188 <system_init_flash+0x58>)
		EFC1->EEFC_FMR = EEFC_FMR_FWS(1);
2000014e:	4a0f      	ldr	r2, [pc, #60]	@ (2000018c <system_init_flash+0x5c>)
		EFC0->EEFC_FMR = EEFC_FMR_FWS(1);
20000150:	600b      	str	r3, [r1, #0]
		EFC1->EEFC_FMR = EEFC_FMR_FWS(1);
20000152:	6013      	str	r3, [r2, #0]
20000154:	4770      	bx	lr
	} else if (ul_clk < CHIP_FREQ_FWS_2) {
20000156:	4b0f      	ldr	r3, [pc, #60]	@ (20000194 <system_init_flash+0x64>)
20000158:	4298      	cmp	r0, r3
2000015a:	d806      	bhi.n	2000016a <system_init_flash+0x3a>
		EFC0->EEFC_FMR = EEFC_FMR_FWS(2);
2000015c:	f44f 7300 	mov.w	r3, #512	@ 0x200
20000160:	4909      	ldr	r1, [pc, #36]	@ (20000188 <system_init_flash+0x58>)
		EFC1->EEFC_FMR = EEFC_FMR_FWS(2);
20000162:	4a0a      	ldr	r2, [pc, #40]	@ (2000018c <system_init_flash+0x5c>)
		EFC0->EEFC_FMR = EEFC_FMR_FWS(2);
20000164:	600b      	str	r3, [r1, #0]
		EFC1->EEFC_FMR = EEFC_FMR_FWS(2);
20000166:	6013      	str	r3, [r2, #0]
20000168:	4770      	bx	lr
	} else if (ul_clk < CHIP_FREQ_FWS_3) {
2000016a:	4b0b      	ldr	r3, [pc, #44]	@ (20000198 <system_init_flash+0x68>)
		EFC0->EEFC_FMR = EEFC_FMR_FWS(3);
		EFC1->EEFC_FMR = EEFC_FMR_FWS(3);
	} else {
		EFC0->EEFC_FMR = EEFC_FMR_FWS(4);
2000016c:	4906      	ldr	r1, [pc, #24]	@ (20000188 <system_init_flash+0x58>)
	} else if (ul_clk < CHIP_FREQ_FWS_3) {
2000016e:	4298      	cmp	r0, r3
		EFC0->EEFC_FMR = EEFC_FMR_FWS(3);
20000170:	bf94      	ite	ls
20000172:	f44f 7340 	movls.w	r3, #768	@ 0x300
		EFC0->EEFC_FMR = EEFC_FMR_FWS(4);
20000176:	f44f 6380 	movhi.w	r3, #1024	@ 0x400
		EFC1->EEFC_FMR = EEFC_FMR_FWS(4);
2000017a:	4a04      	ldr	r2, [pc, #16]	@ (2000018c <system_init_flash+0x5c>)
		EFC0->EEFC_FMR = EEFC_FMR_FWS(4);
2000017c:	600b      	str	r3, [r1, #0]
		EFC1->EEFC_FMR = EEFC_FMR_FWS(4);
2000017e:	6013      	str	r3, [r2, #0]
	}
}
20000180:	4770      	bx	lr
20000182:	bf00      	nop
20000184:	016e3600 	.word	0x016e3600
20000188:	400e0800 	.word	0x400e0800
2000018c:	400e0a00 	.word	0x400e0a00
20000190:	02625a00 	.word	0x02625a00
20000194:	044aa1ff 	.word	0x044aa1ff
20000198:	0501bcff 	.word	0x0501bcff

2000019c <usb_serial_number>:
2000019c:	30303030 30303030 30303030 44414544     000000000000DEAD
200001ac:	46454542 00000000 00000000 00000000     BEEF............
200001bc:	00000000                                ....

200001c0 <sram_size>:
200001c0:	00400000                                ..@.

200001c4 <main_b_vendor_enable>:
200001c4:	00000001                                ....

200001c8 <udc_string_desc>:
200001c8:	00000300 00000000 00000000 00000000     ................
200001d8:	00000000 00000000 00000000 00000000     ................
200001e8:	00000000 00000000 00000000 00000000     ................
200001f8:	00000000 00000000 00000000 00000000     ................
20000208:	00000000                                ....

2000020c <udc_string_product_name>:
2000020c:	6c6c6142 69747369 65472063 5743206c     Ballistic Gel CW
2000021c:	00313235                                521.

20000220 <udc_string_manufacturer_name>:
20000220:	4177654e 65542045 6f6e6863 79676f6c     NewAE Technology
20000230:	636e4920 0000002e                        Inc....

20000238 <udc_string_desc_languageid>:
20000238:	04090304                                ....

2000023c <MS_BOS_PACKET>:
2000023c:	00210f05 05101c01 dd60df00 c74589d8     ..!.......`...E.
2000024c:	65d29c4c 8a649e9d 0300009f 01009e06     L..e..d.........
2000025c:	00000000                                ....

20000260 <MS_OS_DESC>:
20000260:	0000000a 06030000 0014009e 49570003     ..............WI
20000270:	4253554e 00000000 00000000 00800000     NUSB............
20000280:	00070004 00440028 00760065 00630069     ....(.D.e.v.i.c.
20000290:	00490065 0074006e 00720065 00610066     e.I.n.t.e.r.f.a.
200002a0:	00650063 00550047 00440049 004e0000     c.e.G.U.I.D...N.
200002b0:	0030007b 00430041 00320045 00330042     {.0.A.C.E.2.B.3.
200002c0:	002d0045 00420032 00450033 0032002d     E.-.2.B.3.E.-.2.
200002d0:	00330042 002d0045 00420032 00450033     B.3.E.-.2.B.3.E.
200002e0:	0034002d 00320035 00300031 00430041     -.4.5.2.1.0.A.C.
200002f0:	00320045 00330042 007d0045 00000000     E.2.B.3.E.}.....

20000300 <xram>:
20000300:	60000000                                ...`

20000304 <g_interrupt_enabled>:
20000304:	00000001                                ....

20000308 <SystemCoreClock>:
20000308:	003d0900                                ..=.

2000030c <udi_api_vendor>:
2000030c:	00082fe1 00083009 0008301d 00082fd5     ./...0...0.../..
2000031c:	00000000                                ....

20000320 <udc_config>:
20000320:	20000398 20000340 20000398 2000038c     ... @.. ... ... 
20000330:	20000338 00000000                       8.. ....

20000338 <udc_config_hs>:
20000338:	2000034c 20000348                       L.. H.. 

20000340 <udc_config_lsfs>:
20000340:	2000036c 20000348                       l.. H.. 

20000348 <udi_apis>:
20000348:	2000030c                                ... 

2000034c <udc_desc_hs>:
2000034c:	00200209 80000101 000409fa ffff0200     .. .............
2000035c:	050700ff 02000281 02050700 00020002     ................

2000036c <udc_desc_fs>:
2000036c:	00200209 80000101 000409fa ffff0200     .. .............
2000037c:	050700ff 00400281 02050700 00004002     ......@......@..

2000038c <udc_device_qual>:
2000038c:	0200060a 40000000 00000001              .......@....

20000398 <udc_device_desc>:
20000398:	02000112 40000000 c5212b3e 02010200     .......@>+!.....
200003a8:	00000103                                ....

200003ac <__sglue>:
200003ac:	00000000 00000003 20003404              .........4. 

200003b8 <__global_locale>:
200003b8:	00000043 00000000 00000000 00000000     C...............
200003c8:	00000000 00000000 00000000 00000000     ................
200003d8:	00000043 00000000 00000000 00000000     C...............
200003e8:	00000000 00000000 00000000 00000000     ................
200003f8:	00000043 00000000 00000000 00000000     C...............
20000408:	00000000 00000000 00000000 00000000     ................
20000418:	00000043 00000000 00000000 00000000     C...............
20000428:	00000000 00000000 00000000 00000000     ................
20000438:	00000043 00000000 00000000 00000000     C...............
20000448:	00000000 00000000 00000000 00000000     ................
20000458:	00000043 00000000 00000000 00000000     C...............
20000468:	00000000 00000000 00000000 00000000     ................
20000478:	00000043 00000000 00000000 00000000     C...............
20000488:	00000000 00000000 00000000 00000000     ................
20000498:	0008836d 00087fd9 00000000 0008c930     m...........0...
200004a8:	0008c6bc 0008c688 0008c688 0008c688     ................
200004b8:	0008c688 0008c688 0008c688 0008c688     ................
200004c8:	0008c688 0008c688 ffffffff ffffffff     ................
200004d8:	ffffffff 0000ffff 53410001 00494943     ..........ASCII.
200004e8:	00000000 00000000 00000000 00000000     ................
200004f8:	00000000 00000000 53410000 00494943     ..........ASCII.
20000508:	00000000 00000000 00000000 00000000     ................
20000518:	00000000 00000000 00000000              ............

20000524 <_impure_ptr>:
20000524:	20000528                                (.. 

20000528 <_impure_data>:
20000528:	00000000 20003404 2000346c 200034d4     .....4. l4. .4. 
20000538:	00000000 00000000 00000000 00000000     ................
20000548:	00000000 00000000 00000000 00000000     ................
20000558:	00000000 00000000 00000000 00000000     ................
20000568:	00000000 00000000 00000000 00000000     ................
20000578:	00000000 00000000 00000000 00000000     ................
20000588:	00000000 00000000 00000000 00000000     ................
20000598:	00000000 00000000 00000000 00000000     ................
200005a8:	00000000 00000000 00000000 00000000     ................
200005b8:	00000000 00000000 00000001 00000000     ................
200005c8:	abcd330e e66d1234 0005deec 0000000b     .3..4.m.........
200005d8:	00000000 00000000 00000000 00000000     ................
200005e8:	00000000 00000000 00000000 00000000     ................
200005f8:	00000000 00000000 00000000 00000000     ................
20000608:	00000000 00000000 00000000 00000000     ................
20000618:	00000000 00000000 00000000 00000000     ................
20000628:	00000000 00000000 00000000 00000000     ................
20000638:	00000000 00000000 00000000 00000000     ................
20000648:	00000000 00000000 00000000 00000000     ................
20000658:	00000000 00000000 00000000 00000000     ................

20000668 <__atexit_recursive_mutex>:
20000668:	20003548                                H5. 

2000066c <__malloc_sbrk_base>:
2000066c:	ffffffff                                ....

20000670 <__malloc_trim_threshold>:
20000670:	00020000 00000000                       ........

20000678 <__malloc_av_>:
20000678:	00000000 00000000 20000678 20000678     ........x.. x.. 
20000688:	20000680 20000680 20000688 20000688     ... ... ... ... 
20000698:	20000690 20000690 20000698 20000698     ... ... ... ... 
200006a8:	200006a0 200006a0 200006a8 200006a8     ... ... ... ... 
200006b8:	200006b0 200006b0 200006b8 200006b8     ... ... ... ... 
200006c8:	200006c0 200006c0 200006c8 200006c8     ... ... ... ... 
200006d8:	200006d0 200006d0 200006d8 200006d8     ... ... ... ... 
200006e8:	200006e0 200006e0 200006e8 200006e8     ... ... ... ... 
200006f8:	200006f0 200006f0 200006f8 200006f8     ... ... ... ... 
20000708:	20000700 20000700 20000708 20000708     ... ... ... ... 
20000718:	20000710 20000710 20000718 20000718     ... ... ... ... 
20000728:	20000720 20000720 20000728 20000728      ..  .. (.. (.. 
20000738:	20000730 20000730 20000738 20000738     0.. 0.. 8.. 8.. 
20000748:	20000740 20000740 20000748 20000748     @.. @.. H.. H.. 
20000758:	20000750 20000750 20000758 20000758     P.. P.. X.. X.. 
20000768:	20000760 20000760 20000768 20000768     `.. `.. h.. h.. 
20000778:	20000770 20000770 20000778 20000778     p.. p.. x.. x.. 
20000788:	20000780 20000780 20000788 20000788     ... ... ... ... 
20000798:	20000790 20000790 20000798 20000798     ... ... ... ... 
200007a8:	200007a0 200007a0 200007a8 200007a8     ... ... ... ... 
200007b8:	200007b0 200007b0 200007b8 200007b8     ... ... ... ... 
200007c8:	200007c0 200007c0 200007c8 200007c8     ... ... ... ... 
200007d8:	200007d0 200007d0 200007d8 200007d8     ... ... ... ... 
200007e8:	200007e0 200007e0 200007e8 200007e8     ... ... ... ... 
200007f8:	200007f0 200007f0 200007f8 200007f8     ... ... ... ... 
20000808:	20000800 20000800 20000808 20000808     ... ... ... ... 
20000818:	20000810 20000810 20000818 20000818     ... ... ... ... 
20000828:	20000820 20000820 20000828 20000828      ..  .. (.. (.. 
20000838:	20000830 20000830 20000838 20000838     0.. 0.. 8.. 8.. 
20000848:	20000840 20000840 20000848 20000848     @.. @.. H.. H.. 
20000858:	20000850 20000850 20000858 20000858     P.. P.. X.. X.. 
20000868:	20000860 20000860 20000868 20000868     `.. `.. h.. h.. 
20000878:	20000870 20000870 20000878 20000878     p.. p.. x.. x.. 
20000888:	20000880 20000880 20000888 20000888     ... ... ... ... 
20000898:	20000890 20000890 20000898 20000898     ... ... ... ... 
200008a8:	200008a0 200008a0 200008a8 200008a8     ... ... ... ... 
200008b8:	200008b0 200008b0 200008b8 200008b8     ... ... ... ... 
200008c8:	200008c0 200008c0 200008c8 200008c8     ... ... ... ... 
200008d8:	200008d0 200008d0 200008d8 200008d8     ... ... ... ... 
200008e8:	200008e0 200008e0 200008e8 200008e8     ... ... ... ... 
200008f8:	200008f0 200008f0 200008f8 200008f8     ... ... ... ... 
20000908:	20000900 20000900 20000908 20000908     ... ... ... ... 
20000918:	20000910 20000910 20000918 20000918     ... ... ... ... 
20000928:	20000920 20000920 20000928 20000928      ..  .. (.. (.. 
20000938:	20000930 20000930 20000938 20000938     0.. 0.. 8.. 8.. 
20000948:	20000940 20000940 20000948 20000948     @.. @.. H.. H.. 
20000958:	20000950 20000950 20000958 20000958     P.. P.. X.. X.. 
20000968:	20000960 20000960 20000968 20000968     `.. `.. h.. h.. 
20000978:	20000970 20000970 20000978 20000978     p.. p.. x.. x.. 
20000988:	20000980 20000980 20000988 20000988     ... ... ... ... 
20000998:	20000990 20000990 20000998 20000998     ... ... ... ... 
200009a8:	200009a0 200009a0 200009a8 200009a8     ... ... ... ... 
200009b8:	200009b0 200009b0 200009b8 200009b8     ... ... ... ... 
200009c8:	200009c0 200009c0 200009c8 200009c8     ... ... ... ... 
200009d8:	200009d0 200009d0 200009d8 200009d8     ... ... ... ... 
200009e8:	200009e0 200009e0 200009e8 200009e8     ... ... ... ... 
200009f8:	200009f0 200009f0 200009f8 200009f8     ... ... ... ... 
20000a08:	20000a00 20000a00 20000a08 20000a08     ... ... ... ... 
20000a18:	20000a10 20000a10 20000a18 20000a18     ... ... ... ... 
20000a28:	20000a20 20000a20 20000a28 20000a28      ..  .. (.. (.. 
20000a38:	20000a30 20000a30 20000a38 20000a38     0.. 0.. 8.. 8.. 
20000a48:	20000a40 20000a40 20000a48 20000a48     @.. @.. H.. H.. 
20000a58:	20000a50 20000a50 20000a58 20000a58     P.. P.. X.. X.. 
20000a68:	20000a60 20000a60 20000a68 20000a68     `.. `.. h.. h.. 
20000a78:	20000a70 20000a70                       p.. p.. 
